{"type":"FeatureCollection","name":"bf_rivers_perennial","features":[{"type":"Feature","geometry":{"type":"LineString","coordinates":[[-2.78608,11.13852],[-2.78548,11.13493],[-2.78564,11.13251],[-2.78681,11.12654],[-2.78704,11.12579],[-2.78758,11.12506],[-2.78801,11.12289],[-2.78888,11.121],[-2.7933,11.11649],[-2.7952,11.11531],[-2.79714,11.11357],[-2.79771,11.11326],[-2.79867,11.11303],[-2.79995,11.11315],[-2.80167,11.11427],[-2.80304,11.11488],[-2.80362,11.11505],[-2.80454,11.11499],[-2.8057,11.11445],[-2.80987,11.11107],[-2.81133,11.10924],[-2.81461,11.10613],[-2.81621,11.10438],[-2.81683,11.10323],[-2.81778,11.10052],[-2.81973,11.09695],[-2.82039,11.09479],[-2.82106,11.09364],[-2.82274,11.09141],[-2.82276,11.0904],[-2.82358,11.08934],[-2.82347,11.08783],[-2.82364,11.08706],[-2.82449,11.08603],[-2.82664,11.08472],[-2.82722,11.08421],[-2.82908,11.0817],[-2.82969,11.08038],[-2.8296,11.0767],[-2.83002,11.07592],[-2.83135,11.07443],[-2.83172,11.07368],[-2.83211,11.0709],[-2.83207,11.06919],[-2.83152,11.06688],[-2.83106,11.06565],[-2.83075,11.0652],[-2.82966,11.06451],[-2.82908,11.0634],[-2.82894,11.06154],[-2.82839,11.05951],[-2.82806,11.05674],[-2.82742,11.05409],[-2.82715,11.05213],[-2.82595,11.04831],[-2.82489,11.0442],[-2.82401,11.03906],[-2.82361,11.03535],[-2.82368,11.03365],[-2.82347,11.0315],[-2.8241,11.02986],[-2.82408,11.02683],[-2.82429,11.02409],[-2.82513,11.02136]]},"properties":{"name":"Le Mouhoun","type":"River","flow_regime":"perennial","label":"Le Mouhoun"}},{"type":"Feature","geometry":{"type":"LineString","coordinates":[[-3.54584,11.07897],[-3.54422,11.07821],[-3.54374,11.07723],[-3.54213,11.0761],[-3.54029,11.07615],[-3.53524,11.07501],[-3.53418,11.07697],[-3.53242,11.07689],[-3.52838,11.07724],[-3.52451,11.07593],[-3.52267,11.07411],[-3.51238,11.07298],[-3.51231,11.07429],[-3.5112,11.07418],[-3.51038,11.07128],[-3.50642,11.07165],[-3.50437,11.07056]]},"properties":{"name":"Bougouriba","type":"River","flow_regime":"perennial","label":"Bougouriba"}},{"type":"Feature","geometry":{"type":"LineString","coordinates":[[-0.39112,12.19736],[-0.39056,12.19709],[-0.39038,12.19639],[-0.38934,12.19588],[-0.38905,12.19554],[-0.38863,12.19567],[-0.38787,12.19529],[-0.38794,12.19483],[-0.3885,12.19476],[-0.38814,12.19436],[-0.38784,12.19321],[-0.38687,12.19226],[-0.38725,12.19167],[-0.38727,12.19115],[-0.38756,12.19051],[-0.38727,12.18997],[-0.38735,12.18824],[-0.38744,12.18795],[-0.38807,12.18758],[-0.38832,12.18659],[-0.38819,12.18629],[-0.38839,12.185],[-0.38815,12.18491],[-0.38765,12.18505],[-0.38767,12.18447],[-0.38726,12.1847],[-0.38657,12.18386],[-0.3863,12.18372],[-0.38573,12.18381],[-0.38511,12.1831],[-0.38363,12.18256],[-0.38344,12.18158],[-0.38315,12.18114],[-0.38305,12.18073],[-0.38322,12.17983],[-0.38388,12.17939],[-0.38397,12.17871],[-0.38438,12.17865],[-0.38425,12.1783],[-0.3844,12.17713],[-0.38397,12.17619],[-0.38348,12.1757],[-0.38307,12.17463],[-0.38261,12.17437],[-0.38248,12.17321],[-0.38218,12.17322],[-0.38206,12.17266],[-0.38214,12.17244],[-0.38248,12.17259],[-0.38269,12.17231],[-0.38296,12.16996],[-0.3832,12.16916],[-0.38226,12.16819],[-0.38206,12.16767],[-0.38162,12.16744],[-0.3808,12.16617],[-0.38147,12.16465],[-0.38223,12.16429],[-0.38262,12.16359],[-0.38374,12.16304],[-0.38407,12.16306],[-0.3842,12.16262],[-0.38452,12.16234],[-0.38613,12.16151],[-0.38663,12.16103],[-0.38646,12.16022],[-0.38716,12.15985],[-0.38755,12.16001],[-0.3877,12.15949],[-0.38816,12.15935],[-0.38838,12.15883],[-0.38879,12.1586],[-0.38877,12.15843],[-0.3902,12.15761],[-0.3905,12.15599],[-0.38992,12.15502],[-0.38971,12.15423],[-0.38992,12.15388],[-0.39029,12.15371],[-0.39031,12.15337],[-0.38985,12.15336],[-0.38982,12.15297],[-0.38943,12.15216],[-0.38913,12.15215],[-0.38905,12.15242],[-0.38844,12.15252],[-0.38787,12.15235],[-0.38756,12.15182],[-0.38771,12.1514],[-0.38759,12.15125],[-0.3877,12.15114],[-0.38765,12.1503],[-0.38788,12.15003],[-0.38841,12.15011],[-0.38911,12.14972],[-0.38946,12.14998],[-0.39,12.15],[-0.39001,12.14969],[-0.39047,12.14966],[-0.39055,12.14988],[-0.39068,12.14988],[-0.39069,12.14971],[-0.3907,12.14882],[-0.39042,12.14833],[-0.39046,12.14788],[-0.39015,12.14782],[-0.39003,12.14753],[-0.39041,12.14717],[-0.39007,12.14701],[-0.38975,12.14642],[-0.38991,12.14574],[-0.38901,12.1453],[-0.389,12.14508],[-0.38934,12.14484],[-0.3899,12.14485],[-0.38942,12.14409],[-0.38898,12.14293],[-0.38882,12.14277],[-0.38823,12.14291],[-0.3881,12.14196],[-0.3882,12.14121],[-0.38793,12.14087],[-0.38807,12.14074],[-0.38826,12.14104],[-0.38843,12.14099],[-0.38844,12.14033],[-0.38826,12.14007],[-0.38867,12.14019],[-0.38886,12.13935],[-0.38928,12.13911],[-0.38909,12.13869],[-0.38948,12.13813],[-0.38931,12.13757],[-0.38962,12.13715],[-0.38918,12.13719],[-0.38877,12.13687],[-0.38861,12.13658],[-0.38869,12.13604],[-0.38844,12.13588],[-0.38853,12.13561],[-0.3882,12.13513],[-0.3885,12.13482],[-0.38841,12.13442],[-0.38874,12.134],[-0.38875,12.13384],[-0.3885,12.13371],[-0.38848,12.13339],[-0.3887,12.13341],[-0.38895,12.13278],[-0.38862,12.1323],[-0.38916,12.13209],[-0.38935,12.13156],[-0.38955,12.13147],[-0.3895,12.13111],[-0.39039,12.13069],[-0.39067,12.1302],[-0.39114,12.12991],[-0.39151,12.13008],[-0.39181,12.12939],[-0.39273,12.1293],[-0.39395,12.12889],[-0.3947,12.12843],[-0.39518,12.1279],[-0.39508,12.12728],[-0.39465,12.12686],[-0.39475,12.12571],[-0.39456,12.12449],[-0.3947,12.12402],[-0.3946,12.12379],[-0.39501,12.12368],[-0.3951,12.1234],[-0.39477,12.12353],[-0.39467,12.12328],[-0.39516,12.12303],[-0.39527,12.12279],[-0.39555,12.12296],[-0.39567,12.12272],[-0.3954,12.12224],[-0.39569,12.12234],[-0.39581,12.12262],[-0.39626,12.12277],[-0.39758,12.12273],[-0.39814,12.12234],[-0.39807,12.12199],[-0.39858,12.12177],[-0.39857,12.1215],[-0.39876,12.12128],[-0.39852,12.12048],[-0.39884,12.1205],[-0.39894,12.12043],[-0.39875,12.12019],[-0.39922,12.11997],[-0.3988,12.11952],[-0.39899,12.11914],[-0.39938,12.119],[-0.39923,12.1188],[-0.39968,12.11851],[-0.39963,12.11785],[-0.40056,12.11692],[-0.40051,12.11641],[-0.4012,12.11525],[-0.40129,12.11358],[-0.40146,12.113],[-0.40104,12.11201],[-0.40157,12.11211],[-0.40182,12.11193],[-0.402,12.11152],[-0.40176,12.11133],[-0.40095,12.11137],[-0.40049,12.11193],[-0.40026,12.11193],[-0.39981,12.11134],[-0.39982,12.1111],[-0.40014,12.11084],[-0.39972,12.11028],[-0.39976,12.1095],[-0.3995,12.10929],[-0.39947,12.10886],[-0.39928,12.10875],[-0.39905,12.10905],[-0.39889,12.10903],[-0.39871,12.10877]]},"properties":{"name":"Dougoula Mondi","type":"River","flow_regime":"perennial","label":"Dougoula Mondi"}},{"type":"Feature","geometry":{"type":"LineString","coordinates":[[-1.53911,12.31949],[-1.53876,12.32051],[-1.53916,12.32366],[-1.53902,12.32395],[-1.53914,12.32412],[-1.53895,12.32461],[-1.53885,12.32613],[-1.54002,12.32766],[-1.5401,12.32795],[-1.53992,12.32879],[-1.5405,12.33128],[-1.54109,12.33263],[-1.5418,12.33369],[-1.54268,12.33788],[-1.54279,12.3396],[-1.54355,12.34307],[-1.54317,12.34444],[-1.54335,12.34556],[-1.54205,12.34827],[-1.53778,12.35238],[-1.53757,12.35302]]},"properties":{"name":"","type":"River","flow_regime":"perennial","label":"River"}},{"type":"Feature","geometry":{"type":"LineString","coordinates":[[-3.36463,11.69513],[-3.36532,11.6936],[-3.36649,11.6928],[-3.36663,11.69248],[-3.36622,11.69046],[-3.36482,11.69051],[-3.36458,11.69015]]},"properties":{"name":"","type":"River","flow_regime":"perennial","label":"River"}},{"type":"Feature","geometry":{"type":"LineString","coordinates":[[-2.84911,11.29685],[-2.85132,11.29456],[-2.85655,11.28865],[-2.85736,11.28731],[-2.86154,11.27897],[-2.86388,11.27575],[-2.86504,11.27476],[-2.86588,11.27439],[-2.87017,11.27136],[-2.87264,11.26928],[-2.8768,11.26665],[-2.87788,11.26556],[-2.8794,11.26365],[-2.88066,11.2614],[-2.88221,11.25572],[-2.88225,11.25458],[-2.88202,11.25342],[-2.8806,11.25119],[-2.88005,11.24986],[-2.87839,11.24888],[-2.87691,11.24763],[-2.8748,11.24659],[-2.87388,11.24636],[-2.87185,11.24679],[-2.87078,11.24665],[-2.86585,11.24467],[-2.86491,11.24445],[-2.86219,11.24429],[-2.86022,11.24479],[-2.85867,11.24472]]},"properties":{"name":"Le Mouhoun","type":"River","flow_regime":"perennial","label":"Le Mouhoun"}},{"type":"Feature","geometry":{"type":"LineString","coordinates":[[-4.18796,11.60728],[-4.18633,11.6073],[-4.1857,11.60777],[-4.18529,11.60871],[-4.18514,11.61014],[-4.18539,11.6118],[-4.18509,11.61219],[-4.18429,11.61261],[-4.18496,11.61461],[-4.18604,11.6162],[-4.18758,11.6174],[-4.18812,11.61751],[-4.18902,11.61819],[-4.19029,11.61805],[-4.19287,11.61709],[-4.19324,11.61659],[-4.19444,11.61593],[-4.19476,11.61553],[-4.19531,11.61549],[-4.19592,11.6158],[-4.19638,11.61632],[-4.197,11.61798],[-4.19713,11.6191],[-4.19647,11.62041],[-4.19651,11.62078],[-4.19707,11.62148],[-4.19713,11.62177],[-4.19686,11.62223],[-4.19673,11.62297],[-4.19592,11.62377],[-4.19604,11.6248],[-4.19532,11.62546],[-4.19392,11.62614],[-4.19332,11.6262],[-4.19326,11.62642],[-4.19313,11.62743],[-4.1933,11.62806],[-4.19488,11.63217],[-4.19579,11.6334],[-4.19557,11.63414],[-4.19519,11.63471],[-4.19431,11.6353],[-4.19405,11.63612],[-4.19412,11.63682],[-4.1935,11.6376],[-4.19368,11.64021],[-4.19359,11.64164],[-4.19327,11.64192],[-4.19233,11.64219],[-4.18978,11.64183],[-4.18908,11.64215],[-4.18859,11.64216],[-4.18838,11.6421],[-4.18793,11.64145],[-4.18727,11.64095],[-4.18678,11.64083],[-4.18567,11.64207],[-4.18544,11.64276],[-4.18444,11.64415],[-4.18333,11.64848],[-4.1832,11.64979],[-4.18266,11.65121],[-4.18216,11.65193],[-4.18134,11.65236],[-4.18076,11.65332],[-4.18017,11.65369],[-4.17873,11.65515],[-4.17792,11.65704],[-4.1775,11.65946],[-4.17724,11.66002],[-4.17455,11.66307],[-4.1742,11.6637],[-4.17406,11.66492],[-4.17276,11.6669],[-4.17183,11.66742],[-4.17143,11.66746],[-4.16893,11.66851],[-4.16851,11.66927],[-4.16845,11.66988],[-4.1681,11.67038],[-4.16637,11.67076],[-4.1655,11.67323],[-4.16554,11.67392],[-4.16534,11.67458],[-4.16379,11.67589],[-4.16242,11.67635],[-4.16216,11.67657],[-4.16024,11.68127],[-4.15949,11.68239],[-4.15885,11.68281],[-4.15692,11.68319],[-4.15584,11.68457],[-4.1553,11.68557],[-4.15453,11.6864],[-4.15431,11.68698],[-4.15386,11.69011],[-4.15306,11.69151],[-4.15269,11.69433],[-4.15209,11.69606],[-4.15126,11.6967],[-4.15007,11.69707],[-4.14904,11.69765],[-4.14754,11.69782],[-4.14686,11.69837],[-4.14557,11.7003],[-4.14514,11.70052],[-4.14375,11.70077],[-4.14323,11.70118],[-4.14279,11.70469],[-4.14211,11.70589],[-4.14197,11.70648],[-4.14214,11.70813],[-4.14173,11.70903],[-4.14071,11.71006],[-4.14091,11.71058],[-4.14185,11.7117],[-4.14198,11.7129],[-4.14101,11.71372],[-4.1399,11.71414],[-4.13897,11.7141],[-4.13702,11.71352],[-4.13603,11.71367],[-4.1346,11.71421],[-4.13471,11.71477],[-4.13519,11.71558],[-4.13649,11.71687],[-4.13658,11.71721],[-4.13635,11.71797],[-4.13575,11.71901],[-4.13545,11.72001],[-4.13565,11.72087],[-4.13653,11.72179],[-4.13677,11.72262],[-4.1365,11.72347],[-4.13585,11.72436],[-4.13547,11.72535],[-4.13578,11.72759],[-4.13409,11.72894],[-4.13332,11.72922],[-4.13111,11.73092],[-4.13025,11.7319],[-4.12951,11.73319],[-4.12884,11.73368],[-4.12824,11.73442],[-4.12805,11.73505],[-4.12819,11.73689],[-4.12773,11.73734],[-4.12702,11.73766],[-4.12681,11.73909],[-4.12578,11.73939],[-4.12544,11.74009],[-4.12547,11.74267],[-4.12486,11.74389],[-4.1247,11.746],[-4.12375,11.74739],[-4.1238,11.74796],[-4.12424,11.7488],[-4.12422,11.74939],[-4.12379,11.74977],[-4.12247,11.75014],[-4.12166,11.75061],[-4.12021,11.75083],[-4.11848,11.75076],[-4.1165,11.74964],[-4.11469,11.74835],[-4.11371,11.74719],[-4.1126,11.74677],[-4.11157,11.74681],[-4.10873,11.74763],[-4.10764,11.74752],[-4.10647,11.74769],[-4.10507,11.74847],[-4.10307,11.74795],[-4.10067,11.74929],[-4.09917,11.74939],[-4.09631,11.74821],[-4.09523,11.74792],[-4.09443,11.74742],[-4.09237,11.74536],[-4.09075,11.74322],[-4.09045,11.74232],[-4.08973,11.74177],[-4.08953,11.74169],[-4.08873,11.74199],[-4.088,11.74259],[-4.08781,11.74456],[-4.08831,11.74654],[-4.08963,11.75024],[-4.08983,11.75145],[-4.09022,11.75187],[-4.09041,11.75245],[-4.09013,11.75347],[-4.08922,11.75484],[-4.08625,11.75707],[-4.08545,11.75735],[-4.08447,11.75744],[-4.08292,11.75846],[-4.08253,11.75857],[-4.08123,11.75833],[-4.08056,11.75896],[-4.07967,11.76032],[-4.07966,11.762],[-4.07925,11.76357],[-4.07742,11.76613],[-4.07669,11.77009],[-4.07562,11.77313],[-4.07506,11.77429],[-4.07362,11.77604],[-4.0728,11.7799],[-4.07248,11.78041],[-4.06939,11.78285],[-4.06884,11.78307],[-4.06721,11.78301],[-4.06666,11.78322],[-4.0647,11.78543],[-4.06338,11.7864],[-4.0604,11.78662],[-4.05742,11.78825],[-4.05622,11.7896],[-4.05608,11.79019],[-4.05609,11.79332],[-4.05719,11.79673],[-4.05861,11.79863],[-4.05908,11.80044],[-4.06025,11.80224],[-4.06127,11.80543],[-4.06187,11.80593],[-4.06412,11.80677],[-4.06435,11.80709],[-4.06458,11.80803],[-4.06469,11.80966],[-4.06404,11.8109],[-4.06417,11.81149],[-4.06399,11.8137],[-4.06427,11.81449],[-4.06589,11.81723],[-4.06584,11.8188],[-4.06292,11.82165],[-4.06024,11.82271],[-4.05992,11.82309],[-4.05947,11.82411],[-4.05846,11.82513],[-4.05706,11.82547],[-4.05601,11.82594],[-4.05457,11.82849],[-4.05354,11.82984],[-4.0528,11.83116],[-4.05126,11.83479],[-4.05058,11.8358],[-4.0487,11.83699],[-4.04677,11.83965],[-4.04565,11.84093],[-4.04494,11.84134],[-4.04413,11.84137],[-4.04248,11.8408],[-4.04089,11.83992],[-4.03913,11.83958],[-4.03809,11.84002],[-4.03711,11.84089],[-4.03628,11.84135],[-4.03521,11.84148],[-4.03483,11.84171],[-4.03295,11.84347],[-4.03244,11.84371],[-4.03214,11.84364],[-4.03113,11.84284],[-4.03038,11.84151],[-4.02893,11.84035],[-4.02729,11.8386],[-4.02485,11.83683],[-4.02365,11.8368],[-4.02328,11.83661],[-4.02227,11.83557],[-4.02129,11.83361],[-4.02062,11.83376],[-4.01922,11.83524],[-4.0175,11.83778],[-4.01683,11.83949],[-4.01656,11.84139],[-4.01658,11.84269],[-4.01579,11.84522],[-4.01576,11.84587],[-4.01615,11.84694],[-4.01577,11.84804],[-4.01502,11.84924],[-4.01489,11.85005],[-4.01539,11.85175],[-4.01637,11.85377],[-4.0166,11.85485],[-4.01649,11.8584],[-4.01632,11.85968],[-4.01684,11.86267],[-4.01784,11.86565],[-4.01677,11.86712],[-4.01598,11.86781],[-4.01486,11.86826],[-4.0145,11.86826],[-4.01365,11.86784],[-4.01272,11.86779],[-4.01072,11.86824],[-4.00998,11.86813],[-4.00941,11.86842],[-4.00819,11.86952],[-4.00766,11.8705],[-4.00748,11.8712],[-4.00714,11.87484],[-4.008,11.87636],[-4.00759,11.87801],[-4.00698,11.87908],[-4.00718,11.87968],[-4.00787,11.8806],[-4.01183,11.88334],[-4.01379,11.88399],[-4.01469,11.88512],[-4.01491,11.88563],[-4.01497,11.88664],[-4.01602,11.88808],[-4.01672,11.88858],[-4.01765,11.88884],[-4.01768,11.8891],[-4.01656,11.89064],[-4.0161,11.89085],[-4.01461,11.89036],[-4.01411,11.88978],[-4.01403,11.88928],[-4.01497,11.88903],[-4.01513,11.88885],[-4.01511,11.88831],[-4.01464,11.88808],[-4.01266,11.88825],[-4.01045,11.88888],[-4.00971,11.88894],[-4.00894,11.88869],[-4.00649,11.88732],[-4.00329,11.88613],[-4.00062,11.88632],[-3.99886,11.88683],[-3.998,11.88732],[-3.99686,11.88894],[-3.99596,11.89139],[-3.99599,11.89222],[-3.9965,11.89385],[-3.99726,11.89499],[-3.99707,11.89601],[-3.99735,11.89645],[-3.99892,11.89758],[-3.99935,11.89762],[-4.00034,11.89737],[-4.00068,11.89754],[-4.00137,11.89963],[-4.00129,11.90128],[-4.00285,11.9031],[-4.00315,11.90374],[-4.00316,11.90462],[-4.00342,11.90538],[-4.00317,11.90696],[-4.00352,11.90845],[-4.00451,11.90979],[-4.00458,11.91024],[-4.0043,11.91113],[-4.00433,11.91147],[-4.00358,11.91244],[-4.0029,11.91261],[-4.00213,11.91256],[-4.00169,11.91293],[-4.00043,11.91534],[-4.00013,11.91718],[-3.99968,11.91799],[-3.99875,11.91895],[-3.99649,11.92025],[-3.99531,11.92122],[-3.99441,11.92283],[-3.99361,11.92354],[-3.99312,11.92451],[-3.98874,11.92614],[-3.98707,11.92645],[-3.98327,11.92643],[-3.98276,11.92631],[-3.98236,11.92598]]},"properties":{"name":"Le Mouhoun","type":"River","flow_regime":"perennial","label":"Le Mouhoun"}},{"type":"Feature","geometry":{"type":"LineString","coordinates":[[-1.37295,12.83627],[-1.36772,12.83741],[-1.36474,12.83481],[-1.36147,12.83388],[-1.35632,12.83339],[-1.35238,12.83465],[-1.34458,12.83791],[-1.34045,12.83936],[-1.3382,12.83972],[-1.33577,12.83961],[-1.33194,12.83895],[-1.32427,12.8356],[-1.31615,12.83159],[-1.30934,12.8277],[-1.29655,12.8222],[-1.29149,12.82033],[-1.28728,12.82032],[-1.27576,12.8219],[-1.26169,12.82522],[-1.25297,12.82617],[-1.24595,12.82614],[-1.23724,12.82553],[-1.22948,12.823],[-1.22248,12.81983],[-1.21623,12.81649],[-1.21035,12.81232],[-1.20392,12.8075],[-1.1944,12.80386],[-1.18656,12.80022],[-1.17797,12.7953],[-1.17126,12.79094],[-1.16379,12.78759],[-1.15642,12.78478],[-1.15306,12.78283],[-1.1521,12.78198],[-1.15334,12.7805],[-1.15378,12.77868],[-1.15273,12.77308],[-1.15336,12.76868],[-1.15612,12.76139],[-1.15405,12.75439],[-1.14996,12.74629],[-1.14906,12.7428],[-1.14975,12.73825],[-1.14926,12.73255],[-1.15081,12.73023],[-1.15116,12.72799],[-1.1494,12.72441],[-1.14976,12.72308],[-1.14961,12.72083],[-1.14818,12.71924],[-1.15032,12.71526],[-1.15168,12.71461],[-1.15642,12.71364],[-1.15872,12.7125],[-1.15959,12.71003],[-1.15977,12.70741],[-1.15643,12.70306],[-1.15389,12.70213],[-1.15281,12.70063],[-1.15291,12.69738],[-1.15328,12.69448],[-1.15339,12.69049],[-1.15245,12.68787],[-1.15075,12.68699],[-1.14856,12.68648],[-1.1466,12.68655],[-1.14263,12.68694],[-1.14051,12.68775],[-1.13831,12.68782],[-1.13535,12.68879],[-1.1339,12.68886],[-1.13171,12.68835],[-1.12819,12.68978],[-1.12763,12.68975],[-1.12711,12.68955],[-1.12585,12.68943],[-1.12397,12.68774],[-1.12324,12.6867],[-1.12237,12.68581],[-1.121,12.68368],[-1.12077,12.68237],[-1.12093,12.68108],[-1.12182,12.68008],[-1.12204,12.67913],[-1.12178,12.67868],[-1.1214,12.67855],[-1.12138,12.67798],[-1.12196,12.67705],[-1.12291,12.67637],[-1.12381,12.67638],[-1.12424,12.67486],[-1.12484,12.67373],[-1.126,12.67265],[-1.12629,12.67185],[-1.12587,12.6708],[-1.12865,12.66884],[-1.13094,12.66778],[-1.13141,12.6678],[-1.13219,12.66731],[-1.13272,12.66689],[-1.13249,12.66605],[-1.1328,12.66574],[-1.13496,12.66485],[-1.13547,12.66499],[-1.13746,12.66351],[-1.13792,12.66261],[-1.13941,12.66258],[-1.14048,12.66364],[-1.14112,12.6637],[-1.14169,12.66342],[-1.14175,12.66226],[-1.1428,12.66155],[-1.14359,12.6607],[-1.14431,12.6604],[-1.14477,12.6604],[-1.14559,12.65995],[-1.1463,12.66004],[-1.147,12.66057],[-1.14728,12.66053],[-1.1482,12.65965],[-1.14878,12.65933],[-1.14945,12.65932]]},"properties":{"name":"Centre-Nord - Plateau-Central","type":"River","flow_regime":"perennial","label":"Centre-Nord - Plateau-Central"}},{"type":"Feature","geometry":{"type":"LineString","coordinates":[[-1.2269,11.14436],[-1.23001,11.1438],[-1.23134,11.14252],[-1.23547,11.14026],[-1.23652,11.1391],[-1.23744,11.1388],[-1.23815,11.13876],[-1.23839,11.13826],[-1.23993,11.13821],[-1.241,11.13845],[-1.24375,11.13727],[-1.24725,11.13777],[-1.24841,11.13746],[-1.24944,11.13767],[-1.25208,11.13746],[-1.25298,11.13672],[-1.25439,11.13699],[-1.25508,11.13765],[-1.25564,11.13752],[-1.25708,11.13845],[-1.25759,11.13834],[-1.2586,11.13864],[-1.2594,11.13921],[-1.26229,11.13983],[-1.26324,11.1403],[-1.26471,11.1371],[-1.26617,11.13695],[-1.26725,11.13656],[-1.26857,11.13702],[-1.26969,11.13713],[-1.26988,11.1373],[-1.27027,11.1367],[-1.27119,11.13607],[-1.2717,11.13624],[-1.27345,11.1361],[-1.27609,11.13623],[-1.27707,11.1357],[-1.27824,11.13536],[-1.28006,11.13649],[-1.28094,11.13847],[-1.28261,11.13912],[-1.28491,11.14162],[-1.29091,11.14687],[-1.29297,11.14689],[-1.29428,11.14712],[-1.29654,11.14981],[-1.29815,11.15095],[-1.30027,11.15135],[-1.30427,11.15427],[-1.31098,11.15491],[-1.31758,11.1579],[-1.32418,11.16017]]},"properties":{"name":"","type":"River","flow_regime":"perennial","label":"River"}},{"type":"Feature","geometry":{"type":"LineString","coordinates":[[-3.20234,10.98998],[-3.20246,10.9878],[-3.20135,10.98722],[-3.2,10.98528],[-3.19935,10.98381],[-3.19847,10.98276],[-3.19747,10.98264],[-3.19665,10.98299],[-3.19653,10.98381],[-3.1953,10.9837],[-3.19466,10.98399],[-3.19196,10.98387],[-3.18979,10.9827],[-3.18891,10.98246],[-3.18585,10.98305],[-3.1845,10.9837],[-3.18092,10.98434],[-3.18069,10.9861],[-3.1791,10.98651],[-3.17828,10.98634],[-3.17705,10.98552],[-3.17594,10.98505],[-3.17435,10.98557],[-3.17388,10.98598],[-3.17335,10.98757],[-3.17265,10.98763],[-3.17148,10.98733],[-3.17095,10.9864],[-3.16989,10.98575],[-3.16825,10.98598],[-3.16291,10.98604],[-3.1625,10.98657],[-3.16144,10.9861],[-3.16109,10.98499],[-3.16162,10.98464],[-3.16156,10.98346],[-3.16038,10.9827],[-3.15956,10.98381],[-3.15874,10.98411],[-3.15821,10.9834],[-3.15786,10.98111],[-3.1568,10.981],[-3.15545,10.98135],[-3.15452,10.98182],[-3.15369,10.9817],[-3.15129,10.97883],[-3.15029,10.97695],[-3.15,10.97472],[-3.15192,10.96992],[-3.15204,10.96905],[-3.15193,10.96814],[-3.14982,10.96656],[-3.1497,10.96521],[-3.15111,10.96333],[-3.15129,10.96081],[-3.15334,10.95975],[-3.1534,10.95741],[-3.15287,10.95682],[-3.15293,10.9557],[-3.15669,10.95336],[-3.15739,10.95236],[-3.15798,10.95095],[-3.15827,10.94942],[-3.15874,10.94878],[-3.15997,10.94884],[-3.16062,10.94942],[-3.16076,10.95029],[-3.16156,10.95025],[-3.16191,10.94966],[-3.16185,10.94719],[-3.16238,10.94655],[-3.16467,10.94626],[-3.16643,10.94555]]},"properties":{"name":"Le Bougouriba","type":"River","flow_regime":"perennial","label":"Le Bougouriba"}},{"type":"Feature","geometry":{"type":"LineString","coordinates":[[-3.71602,10.83904],[-3.71557,10.83976],[-3.71408,10.8408],[-3.71396,10.84111],[-3.71442,10.84244],[-3.71503,10.84518],[-3.71615,10.8461],[-3.71751,10.84641],[-3.71833,10.84717],[-3.71957,10.84793],[-3.71969,10.84896],[-3.72117,10.85366],[-3.72156,10.8556],[-3.72256,10.85706],[-3.7228,10.85729],[-3.72636,10.8582],[-3.72803,10.85832],[-3.72972,10.85968],[-3.73137,10.86027],[-3.73182,10.86059],[-3.732,10.86096],[-3.73197,10.86127],[-3.73151,10.86147],[-3.73127,10.86213],[-3.7314,10.86287],[-3.73247,10.86418],[-3.733,10.8645],[-3.73544,10.86533],[-3.73564,10.86565],[-3.73487,10.86658],[-3.73427,10.86774],[-3.73343,10.86815],[-3.7332,10.86897],[-3.73203,10.86996],[-3.73162,10.87005],[-3.73089,10.86986],[-3.72913,10.86896],[-3.72806,10.86808],[-3.72439,10.86706],[-3.72409,10.86718],[-3.72388,10.86769],[-3.72312,10.86821],[-3.72236,10.86785],[-3.72197,10.86826],[-3.72186,10.86902],[-3.71996,10.87122],[-3.71833,10.87194],[-3.71763,10.8734],[-3.71806,10.87476],[-3.71808,10.87593],[-3.71773,10.87723],[-3.71711,10.87819],[-3.71713,10.87893],[-3.71794,10.88016],[-3.71914,10.88109],[-3.72324,10.8835],[-3.72175,10.88695],[-3.72135,10.8873],[-3.72069,10.88752],[-3.71969,10.88758],[-3.71953,10.88843],[-3.71928,10.88846],[-3.71861,10.88802],[-3.7179,10.88779],[-3.71741,10.88827],[-3.71713,10.88881],[-3.71664,10.8888],[-3.71623,10.88867],[-3.71421,10.88717],[-3.71274,10.88564],[-3.71224,10.88489],[-3.71127,10.88424],[-3.70959,10.884],[-3.70924,10.88337],[-3.70804,10.88198],[-3.70671,10.8799],[-3.70468,10.87792],[-3.70308,10.87552],[-3.70296,10.8728],[-3.70275,10.87272],[-3.70198,10.87274],[-3.70149,10.87317],[-3.70044,10.87276],[-3.70009,10.87288],[-3.69979,10.87444],[-3.69951,10.87878],[-3.69829,10.88074],[-3.69805,10.88142],[-3.69752,10.88365],[-3.69747,10.88542],[-3.69694,10.88647],[-3.69572,10.88733],[-3.69485,10.89043],[-3.69329,10.89281],[-3.69169,10.89458],[-3.68887,10.89529],[-3.6863,10.89439],[-3.68285,10.89253],[-3.68294,10.89143],[-3.68397,10.88952],[-3.6844,10.88776],[-3.68435,10.8857],[-3.68406,10.88423],[-3.68241,10.88403],[-3.67998,10.8817],[-3.67862,10.88127],[-3.67775,10.88036],[-3.67527,10.87931],[-3.67357,10.87946],[-3.67182,10.8847],[-3.67211,10.88718],[-3.67138,10.88833],[-3.67245,10.89067],[-3.6709,10.891],[-3.66881,10.89062],[-3.66711,10.89157],[-3.66531,10.89224],[-3.66303,10.89172],[-3.66084,10.88933],[-3.65875,10.88671],[-3.65423,10.8857],[-3.65006,10.88628],[-3.64891,10.88664],[-3.64739,10.88925],[-3.64654,10.89158],[-3.65081,10.89521],[-3.6528,10.89763],[-3.65385,10.8995],[-3.6528,10.90108],[-3.65091,10.90313],[-3.65176,10.90509],[-3.6529,10.90639],[-3.65185,10.9103],[-3.6528,10.91096],[-3.65309,10.91217],[-3.65309,10.91366],[-3.65233,10.91534],[-3.65138,10.91692],[-3.65034,10.91785],[-3.65119,10.91888],[-3.65271,10.91999],[-3.65428,10.91942],[-3.65475,10.91737],[-3.65491,10.91447],[-3.656,10.91128],[-3.65771,10.91047],[-3.66122,10.90986],[-3.66095,10.91148],[-3.66087,10.91331],[-3.66307,10.91576],[-3.66593,10.91751],[-3.66713,10.91896],[-3.66723,10.91958],[-3.66712,10.91987],[-3.66737,10.92097],[-3.66675,10.92316],[-3.66686,10.92379],[-3.66788,10.92541],[-3.66771,10.92636],[-3.66731,10.92677],[-3.667,10.92759],[-3.66664,10.92782],[-3.66593,10.92781],[-3.66525,10.92746],[-3.66427,10.92774],[-3.66353,10.92826],[-3.66314,10.92827],[-3.66311,10.92802],[-3.66269,10.92754],[-3.65984,10.92463],[-3.65839,10.92423],[-3.65744,10.92459],[-3.65679,10.9261],[-3.65847,10.92777],[-3.65916,10.92987],[-3.65826,10.93049],[-3.65746,10.93165],[-3.65676,10.93385],[-3.65719,10.93625],[-3.6589,10.93777],[-3.66086,10.93864],[-3.65986,10.9406],[-3.65719,10.94297],[-3.65361,10.94502],[-3.65069,10.94633],[-3.64977,10.94845],[-3.64998,10.95205]]},"properties":{"name":"Bougouriba","type":"River","flow_regime":"perennial","label":"Bougouriba"}},{"type":"Feature","geometry":{"type":"LineString","coordinates":[[-3.26966,11.06128],[-3.26901,11.06116],[-3.26901,11.06022],[-3.2676,11.05934],[-3.26619,11.0577],[-3.26619,11.05476],[-3.26654,11.05212],[-3.26449,11.04719],[-3.26449,11.04514],[-3.26408,11.04397],[-3.26361,11.04367],[-3.26173,11.04361],[-3.25944,11.04297],[-3.25792,11.04203],[-3.25704,11.04115],[-3.25528,11.04115],[-3.2541,11.04091],[-3.25293,11.04103],[-3.24912,11.04661],[-3.24782,11.04755],[-3.24665,11.04866],[-3.24612,11.04866],[-3.24366,11.04978],[-3.24254,11.05001],[-3.24125,11.05089],[-3.23996,11.05095],[-3.23885,11.05001],[-3.2375,11.05019],[-3.2355,11.04948],[-3.23433,11.04819],[-3.23392,11.04631],[-3.23386,11.04443],[-3.23544,11.04303],[-3.23626,11.04185],[-3.2372,11.04086],[-3.23873,11.04039],[-3.23873,11.03874],[-3.23679,11.03158],[-3.23585,11.03047],[-3.23574,11.028],[-3.23468,11.02748],[-3.23356,11.02748],[-3.23221,11.02777],[-3.22946,11.02618],[-3.22834,11.02571],[-3.22828,11.02466],[-3.22922,11.02337],[-3.2294,11.0219],[-3.22905,11.02073],[-3.2274,11.01979],[-3.22324,11.01803],[-3.2181,11.01821],[-3.21611,11.0181],[-3.21514,11.0175],[-3.21467,11.01644],[-3.21385,11.01544],[-3.20727,11.01198],[-3.20575,11.01081],[-3.20393,11.00975],[-3.20311,11.00823],[-3.20223,11.00799],[-3.20099,11.00958],[-3.20023,11.00934],[-3.20006,11.00793],[-3.19941,11.006],[-3.19788,11.00594],[-3.19724,11.00529],[-3.198,11.00406],[-3.19976,11.00218],[-3.1997,11.00107],[-3.197,11.00101],[-3.19642,11.00001],[-3.19665,10.9986],[-3.19716,10.99836],[-3.19753,10.9979],[-3.19741,10.99672],[-3.19694,10.9959],[-3.19747,10.99432],[-3.19771,10.99179],[-3.20146,10.99103],[-3.20234,10.98998]]},"properties":{"name":"Le Bougouriba","type":"River","flow_regime":"perennial","label":"Le Bougouriba"}},{"type":"Feature","geometry":{"type":"LineString","coordinates":[[-3.35395,11.09443],[-3.35351,11.09355],[-3.35681,11.09215],[-3.35703,11.09105],[-3.35637,11.08951],[-3.35534,11.08746],[-3.35417,11.08577],[-3.35204,11.08364],[-3.34969,11.0821],[-3.34786,11.08064],[-3.34625,11.0802],[-3.345,11.07961],[-3.34302,11.08108],[-3.34148,11.08108],[-3.33979,11.08071],[-3.33363,11.0813],[-3.33361,11.08278],[-3.33319,11.08452],[-3.3325,11.08448],[-3.33216,11.08394],[-3.33194,11.08218],[-3.33275,11.07983],[-3.33165,11.07961],[-3.33099,11.07917],[-3.33018,11.0802],[-3.3304,11.0813],[-3.32938,11.08152],[-3.32791,11.07785],[-3.3282,11.07602],[-3.33033,11.07477],[-3.33209,11.0744],[-3.33407,11.07558],[-3.33493,11.0771],[-3.33605,11.07748],[-3.33642,11.07631],[-3.3362,11.0744],[-3.3348,11.07257],[-3.33414,11.07103],[-3.33458,11.06883],[-3.33341,11.06736],[-3.33348,11.06362],[-3.3337,11.06208],[-3.33319,11.06083],[-3.33158,11.05988],[-3.33121,11.05694],[-3.33194,11.05496],[-3.33143,11.0543],[-3.33004,11.05467],[-3.32842,11.05533],[-3.32842,11.05687],[-3.32732,11.05731],[-3.32585,11.05753],[-3.32461,11.05885],[-3.32314,11.05944],[-3.32065,11.0601],[-3.3183,11.06002],[-3.3185,11.05888],[-3.31749,11.05892],[-3.31727,11.06024],[-3.3158,11.06134],[-3.31441,11.06296],[-3.31382,11.06222],[-3.31199,11.06266],[-3.3114,11.06355],[-3.31038,11.06347],[-3.30972,11.06303],[-3.30862,11.06347],[-3.30803,11.06435],[-3.30685,11.06472],[-3.30568,11.06288],[-3.30495,11.06252],[-3.30385,11.06288],[-3.30363,11.06443],[-3.30282,11.06487],[-3.30179,11.06391],[-3.3015,11.06259],[-3.30099,11.06156],[-3.29937,11.06112],[-3.29688,11.06208],[-3.29629,11.06112],[-3.29475,11.06076],[-3.29365,11.06171],[-3.29226,11.06134],[-3.29211,11.0601],[-3.29284,11.05768],[-3.2916,11.05731],[-3.29006,11.05738],[-3.28932,11.05628],[-3.28932,11.05489],[-3.28913,11.05399],[-3.28815,11.0535],[-3.28744,11.05276],[-3.28771,11.05159],[-3.28705,11.05019],[-3.28536,11.05012],[-3.28331,11.04873],[-3.28169,11.04902],[-3.28059,11.0499],[-3.28125,11.05144],[-3.28137,11.05238],[-3.28067,11.05254],[-3.27876,11.04953],[-3.27793,11.04929],[-3.27658,11.0503],[-3.27623,11.05107],[-3.27617,11.05259],[-3.27564,11.05341],[-3.27464,11.05412],[-3.27376,11.05394],[-3.27318,11.05312],[-3.27235,11.05283],[-3.2713,11.05412],[-3.2723,11.05664],[-3.27265,11.0587],[-3.27206,11.05934],[-3.2713,11.06081],[-3.26966,11.06128]]},"properties":{"name":"Le Bougouriba","type":"River","flow_regime":"perennial","label":"Le Bougouriba"}},{"type":"Feature","geometry":{"type":"LineString","coordinates":[[-1.48549,11.20648],[-1.48575,11.20498],[-1.48755,11.20331],[-1.48891,11.20158],[-1.4898,11.20113],[-1.49071,11.20112],[-1.49301,11.19868],[-1.4945,11.19823],[-1.49719,11.19654],[-1.49979,11.19439],[-1.50089,11.19397],[-1.50205,11.19401],[-1.5026,11.19426],[-1.50329,11.19464],[-1.50572,11.19658],[-1.50659,11.19681],[-1.50715,11.1968],[-1.50781,11.19708],[-1.50805,11.19675],[-1.51035,11.19692],[-1.51083,11.19716],[-1.51135,11.19704],[-1.51157,11.19678],[-1.51149,11.19662],[-1.51185,11.19644],[-1.51217,11.19686],[-1.51229,11.19734],[-1.51248,11.19732],[-1.51268,11.19763],[-1.5127,11.19865],[-1.51324,11.19986],[-1.51433,11.2006],[-1.51462,11.20102],[-1.51509,11.20115],[-1.51527,11.20144],[-1.5157,11.20167],[-1.51599,11.20119],[-1.5158,11.20077],[-1.51606,11.2004],[-1.51693,11.19995],[-1.51719,11.19743],[-1.51782,11.19653],[-1.51895,11.19551],[-1.51952,11.19345],[-1.52124,11.19191],[-1.52157,11.19128],[-1.52312,11.19061],[-1.52378,11.19011],[-1.52492,11.19034],[-1.52684,11.18932],[-1.52791,11.18915],[-1.52814,11.18882],[-1.52785,11.18842],[-1.52845,11.18781],[-1.52884,11.18795],[-1.52898,11.18781],[-1.52972,11.18786],[-1.53017,11.18767],[-1.53014,11.18712],[-1.53057,11.18541],[-1.53118,11.18406],[-1.53077,11.18336],[-1.53031,11.1833],[-1.52978,11.18259],[-1.52996,11.18221],[-1.53057,11.18197],[-1.53043,11.18179],[-1.53058,11.18174],[-1.53095,11.18099],[-1.53137,11.17949],[-1.53205,11.17935],[-1.53223,11.17945],[-1.53245,11.17895],[-1.53217,11.17802],[-1.5317,11.17737],[-1.53164,11.17659],[-1.53143,11.17628],[-1.53066,11.17599],[-1.53047,11.17577],[-1.53062,11.17545],[-1.53374,11.17439],[-1.5338,11.17367],[-1.53291,11.17332],[-1.5329,11.1728],[-1.53315,11.17247],[-1.53368,11.17221],[-1.53371,11.17165],[-1.53411,11.17153],[-1.53515,11.1719],[-1.53558,11.1715],[-1.53553,11.17109],[-1.53579,11.17023],[-1.53548,11.16991],[-1.53474,11.16987],[-1.53447,11.17025],[-1.53377,11.17023],[-1.53308,11.17083],[-1.53267,11.1706],[-1.53243,11.16934],[-1.53173,11.16897],[-1.53175,11.16856],[-1.5311,11.16817],[-1.53079,11.16763],[-1.53072,11.16684],[-1.53042,11.16608],[-1.53005,11.16586],[-1.52902,11.16598],[-1.52869,11.16581],[-1.52849,11.16505],[-1.52765,11.16494],[-1.52708,11.16429],[-1.52644,11.163],[-1.52645,11.16251],[-1.52676,11.16207],[-1.52636,11.16114],[-1.52705,11.16013],[-1.5283,11.15893],[-1.52828,11.15874],[-1.52933,11.15878],[-1.52963,11.15864],[-1.52975,11.15819],[-1.52961,11.15764],[-1.52969,11.15708],[-1.52939,11.15611],[-1.52948,11.15578],[-1.53004,11.15554],[-1.53036,11.1557],[-1.53076,11.15566],[-1.53095,11.1555],[-1.53113,11.1549],[-1.53118,11.1542],[-1.53097,11.15393],[-1.53038,11.15372],[-1.53023,11.15308],[-1.53047,11.15282],[-1.53067,11.15304],[-1.53074,11.15281],[-1.53045,11.15249],[-1.53041,11.1522],[-1.53016,11.15211],[-1.52974,11.15149],[-1.52877,11.15123],[-1.52782,11.15065],[-1.52787,11.15004],[-1.52827,11.1496],[-1.52793,11.14826],[-1.5282,11.14595],[-1.52768,11.14572],[-1.52745,11.14586],[-1.52739,11.14559],[-1.52775,11.14492],[-1.52899,11.14493],[-1.53007,11.14335],[-1.52981,11.14293],[-1.5293,11.14276],[-1.5294,11.14237],[-1.52975,11.14208],[-1.52989,11.14175],[-1.52951,11.14139],[-1.52904,11.14133],[-1.52848,11.14153],[-1.52812,11.14137],[-1.5284,11.14098],[-1.5284,11.14046],[-1.52875,11.13997],[-1.5292,11.13976],[-1.5295,11.1389],[-1.5308,11.13829],[-1.53142,11.13833],[-1.53166,11.13809],[-1.53081,11.13707],[-1.53043,11.13627],[-1.52952,11.1353],[-1.52984,11.13398],[-1.52815,11.13235],[-1.52131,11.12972],[-1.52092,11.12877],[-1.52209,11.12666],[-1.52015,11.12332],[-1.51903,11.12282],[-1.51842,11.12036],[-1.51794,11.11705],[-1.51937,11.11605],[-1.51978,11.11535],[-1.51958,11.11393],[-1.51878,11.1136],[-1.51697,11.11321],[-1.51478,11.11322],[-1.5137,11.11254],[-1.5121,11.11076],[-1.51164,11.11045],[-1.5117,11.10983],[-1.51144,11.10927],[-1.51156,11.1081],[-1.51147,11.1079],[-1.511,11.10766],[-1.51082,11.1072],[-1.51076,11.10617],[-1.51109,11.10568],[-1.51113,11.10529],[-1.51049,11.1043],[-1.5108,11.10329],[-1.51072,11.10305],[-1.51119,11.10278],[-1.511,11.10232],[-1.51124,11.10197],[-1.511,11.10151],[-1.51055,11.10139],[-1.51014,11.10047],[-1.511,11.10016],[-1.51117,11.09947],[-1.51157,11.09887],[-1.51058,11.09736]]},"properties":{"name":"Dawevele","type":"River","flow_regime":"perennial","label":"Dawevele"}},{"type":"Feature","geometry":{"type":"LineString","coordinates":[[0.05946,14.15362],[0.06044,14.15368],[0.0613,14.1544],[0.06159,14.15491],[0.06186,14.15621],[0.06136,14.15779],[0.06143,14.1586],[0.06664,14.17254],[0.07108,14.18076],[0.0739,14.19152],[0.07047,14.20208],[0.06966,14.21089],[0.07007,14.21735],[0.07188,14.22928],[0.06845,14.23652],[0.06664,14.25001],[0.06774,14.25691]]},"properties":{"name":"","type":"River","flow_regime":"perennial","label":"River"}},{"type":"Feature","geometry":{"type":"LineString","coordinates":[[-0.43635,13.85514],[-0.43757,13.86167],[-0.43781,13.87136],[-0.43757,13.87797],[-0.43562,13.88182],[-0.43011,13.88718]]},"properties":{"name":"","type":"River","flow_regime":"perennial","label":"River"}},{"type":"Feature","geometry":{"type":"LineString","coordinates":[[-0.27121,14.03733],[-0.26739,14.0374],[-0.26665,14.03665],[-0.26585,14.03629],[-0.2647,14.03646],[-0.26424,14.0368],[-0.26352,14.0368],[-0.26261,14.03727],[-0.26265,14.0375],[-0.26225,14.03754],[-0.26213,14.03778],[-0.25869,14.03879],[-0.25486,14.03897],[-0.24845,14.04019],[-0.24298,14.03941],[-0.24095,14.03874],[-0.23748,14.03721],[-0.2308,14.03557],[-0.22695,14.03359],[-0.22513,14.0316],[-0.22354,14.03146],[-0.22159,14.03156],[-0.21908,14.03357],[-0.21722,14.03553],[-0.21541,14.03787],[-0.20893,14.03977],[-0.20548,14.04203],[-0.20206,14.04148],[-0.20076,14.0388],[-0.19994,14.03798],[-0.19878,14.0381],[-0.196,14.03898],[-0.19542,14.0396],[-0.19521,14.041],[-0.19434,14.04273],[-0.19305,14.0447],[-0.18871,14.04498],[-0.1841,14.04424],[-0.18024,14.04392],[-0.17512,14.04307],[-0.17223,14.04196],[-0.17105,14.04072],[-0.16921,14.04259],[-0.16754,14.0452],[-0.16644,14.04824],[-0.16463,14.0519],[-0.16233,14.05719],[-0.16111,14.05885],[-0.15671,14.06251],[-0.15025,14.06651],[-0.14577,14.06874],[-0.14381,14.07017],[-0.1424,14.07202],[-0.14217,14.07329]]},"properties":{"name":"","type":"River","flow_regime":"perennial","label":"River"}},{"type":"Feature","geometry":{"type":"LineString","coordinates":[[-0.36059,12.2538],[-0.36096,12.25323],[-0.36126,12.25326],[-0.36141,12.25302],[-0.3617,12.25162],[-0.36196,12.25118],[-0.36173,12.25009],[-0.36233,12.24941],[-0.36348,12.24926],[-0.36387,12.24895],[-0.36468,12.2474],[-0.36507,12.24698],[-0.3652,12.24635],[-0.36689,12.2448],[-0.36709,12.24399],[-0.36768,12.24394],[-0.36793,12.24375],[-0.36781,12.2426],[-0.36746,12.24194],[-0.36763,12.24104],[-0.36783,12.24063],[-0.36852,12.2402],[-0.36884,12.23959],[-0.3691,12.23822],[-0.36874,12.23652],[-0.36813,12.23573],[-0.36809,12.23534],[-0.36833,12.23498],[-0.36918,12.2345],[-0.37071,12.23407],[-0.37098,12.23382],[-0.37252,12.2337],[-0.37321,12.23342],[-0.37535,12.2316],[-0.37649,12.23082],[-0.37802,12.2306],[-0.37939,12.23009],[-0.37976,12.22981],[-0.38055,12.22819],[-0.381,12.22799],[-0.38226,12.22797],[-0.38364,12.22742],[-0.38479,12.22654],[-0.38565,12.22635],[-0.38715,12.22523],[-0.38747,12.22494],[-0.3876,12.22454],[-0.38798,12.2224],[-0.38845,12.22234],[-0.38898,12.22171],[-0.38977,12.22002],[-0.38976,12.21959],[-0.39021,12.2193],[-0.39104,12.21808],[-0.39141,12.21808],[-0.39197,12.21659],[-0.39266,12.21617],[-0.39384,12.21489],[-0.39448,12.21448],[-0.39465,12.21364],[-0.39503,12.21316],[-0.3957,12.21135]]},"properties":{"name":"","type":"River","flow_regime":"perennial","label":"River"}},{"type":"Feature","geometry":{"type":"LineString","coordinates":[[-0.45471,12.22785],[-0.45304,12.2265],[-0.4513,12.22604],[-0.4472,12.2265],[-0.44634,12.22718],[-0.44598,12.22712],[-0.4451,12.22657],[-0.44453,12.22686],[-0.44411,12.22688],[-0.44359,12.22753],[-0.44306,12.22727],[-0.44161,12.22765],[-0.44033,12.2277],[-0.4403,12.22805],[-0.44015,12.22815],[-0.43935,12.22807],[-0.42964,12.2304],[-0.42689,12.23023],[-0.4252,12.22768],[-0.42341,12.22674],[-0.42326,12.22688],[-0.42292,12.22674],[-0.4221,12.22537],[-0.42159,12.22551],[-0.4215,12.2251],[-0.42116,12.22485],[-0.42086,12.22469],[-0.42007,12.22464],[-0.41983,12.22403],[-0.4192,12.22347],[-0.41857,12.22347],[-0.41875,12.22306],[-0.41831,12.22313],[-0.41815,12.22365],[-0.41774,12.22368],[-0.41748,12.22354],[-0.41757,12.22313],[-0.41714,12.22295],[-0.41687,12.2231],[-0.41646,12.22285],[-0.41663,12.22237],[-0.41598,12.22217],[-0.41534,12.22236],[-0.41514,12.22207],[-0.41403,12.22159],[-0.41344,12.22173],[-0.41347,12.22212],[-0.41334,12.22214],[-0.41282,12.22147],[-0.41246,12.22126],[-0.41161,12.2214],[-0.41125,12.22165],[-0.41095,12.22132],[-0.41028,12.22109],[-0.40952,12.22144],[-0.40914,12.22139],[-0.40902,12.2209],[-0.40733,12.22043],[-0.40709,12.22008],[-0.40631,12.22014],[-0.40583,12.21984],[-0.40565,12.2194],[-0.40521,12.21916],[-0.40521,12.21874],[-0.40421,12.21785],[-0.40384,12.21786],[-0.40335,12.21748],[-0.40267,12.2173],[-0.4024,12.21738],[-0.40193,12.2171],[-0.40142,12.21613],[-0.40038,12.21542],[-0.40028,12.21526],[-0.40038,12.21511],[-0.40008,12.21473],[-0.39979,12.21369],[-0.39669,12.21192],[-0.39599,12.21013],[-0.39325,12.2059],[-0.3925,12.1985]]},"properties":{"name":"","type":"River","flow_regime":"perennial","label":"River"}},{"type":"Feature","geometry":{"type":"LineString","coordinates":[[-0.62339,12.24881],[-0.61964,12.24939],[-0.61935,12.24956],[-0.61897,12.25014],[-0.61753,12.25002],[-0.61668,12.25066],[-0.61625,12.25139],[-0.61541,12.25178],[-0.61522,12.25203],[-0.61419,12.25179],[-0.61398,12.25222],[-0.61357,12.25235],[-0.61342,12.25286],[-0.61303,12.25336],[-0.61237,12.25301],[-0.61116,12.25284],[-0.60977,12.25331],[-0.60926,12.25329],[-0.60878,12.25302],[-0.60865,12.25275],[-0.60626,12.25229],[-0.6057,12.25186],[-0.60465,12.25139],[-0.60407,12.25149],[-0.60239,12.25128],[-0.60214,12.25149],[-0.60166,12.25092],[-0.60166,12.25068],[-0.60086,12.25034],[-0.60059,12.25041],[-0.6001,12.25094],[-0.60027,12.25129],[-0.59878,12.25144],[-0.59781,12.25194],[-0.59718,12.25193],[-0.59697,12.25163],[-0.59631,12.25193],[-0.5955,12.25189],[-0.59538,12.25192],[-0.59535,12.2525],[-0.5945,12.25217],[-0.59427,12.2519],[-0.59378,12.25179],[-0.5938,12.25146],[-0.59328,12.25104]]},"properties":{"name":"","type":"River","flow_regime":"perennial","label":"River"}},{"type":"Feature","geometry":{"type":"LineString","coordinates":[[-3.60057,11.81289],[-3.59954,11.81249],[-3.59664,11.81073],[-3.59556,11.80905],[-3.5939,11.80878],[-3.59293,11.80936],[-3.59148,11.80868],[-3.59003,11.80905],[-3.58976,11.80857],[-3.58869,11.80773],[-3.58783,11.80768],[-3.58713,11.80721],[-3.58638,11.80579],[-3.5853,11.80526],[-3.58466,11.80447],[-3.58471,11.80274],[-3.58407,11.80074],[-3.58208,11.8],[-3.58111,11.79858],[-3.5816,11.79695],[-3.58052,11.79637],[-3.57955,11.79427],[-3.57746,11.79385],[-3.57638,11.79206],[-3.57671,11.79043],[-3.57649,11.78922],[-3.57585,11.78912],[-3.57509,11.78843],[-3.57418,11.78806],[-3.57358,11.78734],[-3.57246,11.78719],[-3.57219,11.78666],[-3.57259,11.78574],[-3.57221,11.78433],[-3.57225,11.78385],[-3.57187,11.7832],[-3.57147,11.78294],[-3.57056,11.78274],[-3.57,11.78237],[-3.56921,11.78228],[-3.56833,11.78079],[-3.56617,11.77929],[-3.5653,11.779],[-3.56502,11.77855],[-3.56474,11.77745],[-3.56465,11.77563],[-3.56481,11.77496],[-3.56501,11.7747],[-3.56502,11.7743],[-3.5647,11.77366],[-3.56484,11.77333],[-3.56542,11.77306],[-3.56568,11.77311],[-3.56601,11.77359],[-3.56641,11.77363],[-3.5682,11.77293]]},"properties":{"name":"","type":"River","flow_regime":"perennial","label":"River"}},{"type":"Feature","geometry":{"type":"LineString","coordinates":[[-3.52201,11.73415],[-3.5215,11.73464],[-3.52126,11.73464],[-3.52013,11.73395],[-3.51881,11.73411],[-3.51867,11.73481],[-3.51739,11.73558],[-3.51569,11.73805],[-3.5153,11.73825],[-3.51494,11.73823],[-3.51216,11.73699],[-3.51156,11.73623],[-3.51122,11.73606],[-3.51139,11.73566],[-3.51211,11.73564],[-3.51283,11.73535],[-3.51314,11.73454],[-3.51262,11.73306],[-3.51195,11.73245],[-3.51112,11.73232],[-3.50965,11.73239],[-3.50824,11.73303],[-3.50756,11.73355],[-3.50532,11.73383],[-3.50413,11.73457],[-3.50329,11.73382],[-3.50238,11.732],[-3.502,11.73168],[-3.50141,11.73154],[-3.50058,11.73159],[-3.50023,11.73174],[-3.49996,11.73218],[-3.49967,11.73231],[-3.49822,11.73153],[-3.49644,11.73161],[-3.49544,11.73178],[-3.49498,11.7321],[-3.49465,11.73211],[-3.49304,11.73135],[-3.49156,11.73105],[-3.49142,11.73095],[-3.49144,11.73044],[-3.49167,11.7302],[-3.49417,11.72804],[-3.49521,11.7275],[-3.49531,11.72716],[-3.49512,11.7267],[-3.49456,11.72615],[-3.49359,11.72675],[-3.49295,11.72632],[-3.4927,11.72632],[-3.4921,11.72579],[-3.49099,11.72582],[-3.49048,11.72567],[-3.4894,11.72492],[-3.48665,11.72548],[-3.48519,11.72497],[-3.48418,11.72492],[-3.4825,11.72673],[-3.48213,11.72693],[-3.48105,11.72685],[-3.47983,11.72738],[-3.47914,11.72801],[-3.47935,11.72826],[-3.47913,11.72844],[-3.47797,11.72872],[-3.47732,11.72914],[-3.47578,11.73068],[-3.4748,11.73103],[-3.47419,11.73105],[-3.47401,11.73075],[-3.47339,11.73056],[-3.47316,11.72975],[-3.47295,11.72959],[-3.47259,11.72947],[-3.47141,11.72964],[-3.47081,11.72922],[-3.47059,11.72846],[-3.4703,11.72831],[-3.46887,11.72841],[-3.46808,11.72761],[-3.46732,11.72751],[-3.46667,11.72763],[-3.46572,11.72735],[-3.46416,11.72473],[-3.46392,11.72461],[-3.46324,11.7249],[-3.4622,11.72486],[-3.4609,11.72533],[-3.46031,11.72538],[-3.45891,11.72496],[-3.45861,11.72472],[-3.45726,11.72452],[-3.45666,11.72367],[-3.45613,11.72358],[-3.45488,11.72294],[-3.45336,11.72319],[-3.45238,11.72364],[-3.4512,11.72262],[-3.45016,11.72226],[-3.44931,11.72231],[-3.44851,11.72206],[-3.44793,11.72157],[-3.44808,11.72037],[-3.44825,11.72005],[-3.44901,11.71996],[-3.44985,11.72032],[-3.45019,11.72019],[-3.45058,11.71838],[-3.45032,11.71825],[-3.45004,11.71837],[-3.44962,11.71816],[-3.44924,11.71855],[-3.44876,11.7182],[-3.4479,11.71819],[-3.44622,11.7162],[-3.44483,11.71625],[-3.44457,11.71641],[-3.44509,11.71721],[-3.44477,11.71867],[-3.44357,11.71913],[-3.44273,11.71912],[-3.44224,11.71894],[-3.44215,11.71819],[-3.44151,11.71761],[-3.44144,11.71717],[-3.44058,11.71672],[-3.44,11.71619],[-3.43931,11.71603],[-3.43898,11.71576],[-3.43895,11.71555],[-3.4381,11.71517],[-3.43701,11.71542],[-3.43551,11.71506],[-3.43415,11.71522],[-3.43221,11.71444],[-3.43167,11.71437],[-3.43072,11.71467],[-3.42877,11.71422],[-3.42832,11.71392],[-3.42714,11.71192],[-3.42681,11.71185],[-3.42657,11.71206],[-3.42544,11.71217],[-3.4245,11.71212],[-3.42338,11.71087],[-3.423,11.71016],[-3.42256,11.70985],[-3.42008,11.70928],[-3.41997,11.70813],[-3.41804,11.7077],[-3.41633,11.70878],[-3.41518,11.70714],[-3.41373,11.70693],[-3.41163,11.70723],[-3.40972,11.71095],[-3.40846,11.71145]]},"properties":{"name":"","type":"River","flow_regime":"perennial","label":"River"}},{"type":"Feature","geometry":{"type":"LineString","coordinates":[[-3.75953,11.69841],[-3.75689,11.70213],[-3.75332,11.70445],[-3.7497,11.70622],[-3.74664,11.70826],[-3.74534,11.70894],[-3.74307,11.70981],[-3.7413,11.71103],[-3.74079,11.71439],[-3.73894,11.71694],[-3.73634,11.71898],[-3.73472,11.7228],[-3.73254,11.72507],[-3.73003,11.72541]]},"properties":{"name":"","type":"River","flow_regime":"perennial","label":"River"}},{"type":"Feature","geometry":{"type":"LineString","coordinates":[[-3.73003,11.72541],[-3.72802,11.72554],[-3.72521,11.72867],[-3.72431,11.73044],[-3.72307,11.73179],[-3.72135,11.7326],[-3.7193,11.73328],[-3.71791,11.73417],[-3.71667,11.73548],[-3.71525,11.73739],[-3.71421,11.73921],[-3.7134,11.74162],[-3.71172,11.74431],[-3.71052,11.74539],[-3.70704,11.74701],[-3.70532,11.748],[-3.70459,11.74935],[-3.70363,11.75047],[-3.70272,11.75205],[-3.70138,11.75332],[-3.69967,11.75454],[-3.69643,11.75643],[-3.69029,11.76173],[-3.68747,11.76966],[-3.68687,11.77055],[-3.68475,11.772],[-3.68346,11.77308],[-3.68263,11.77401],[-3.68209,11.77522],[-3.68174,11.77675],[-3.68102,11.77837],[-3.67983,11.78009],[-3.67836,11.78097]]},"properties":{"name":"","type":"River","flow_regime":"perennial","label":"River"}},{"type":"Feature","geometry":{"type":"LineString","coordinates":[[-3.36458,11.69015],[-3.3658,11.68988],[-3.36655,11.69003],[-3.36634,11.68967],[-3.36645,11.68945],[-3.36676,11.68938],[-3.36676,11.6891],[-3.36733,11.68925],[-3.36749,11.68916],[-3.36759,11.689],[-3.36748,11.68886],[-3.3684,11.6881],[-3.36818,11.6872],[-3.3685,11.68655],[-3.37035,11.68503],[-3.37342,11.68056],[-3.37531,11.67864],[-3.38239,11.67394],[-3.38345,11.67282],[-3.38348,11.67129],[-3.38411,11.66976],[-3.38706,11.66677],[-3.38896,11.66541],[-3.38998,11.66445],[-3.39037,11.66318],[-3.39062,11.66096],[-3.3915,11.66008],[-3.39218,11.65868],[-3.393,11.65761],[-3.39409,11.65525],[-3.39426,11.654],[-3.39392,11.6528],[-3.39305,11.65097],[-3.39307,11.64963],[-3.39349,11.6459],[-3.39462,11.64035],[-3.39473,11.63896],[-3.39494,11.63834],[-3.39623,11.63645],[-3.39884,11.63462],[-3.39986,11.63355]]},"properties":{"name":"","type":"River","flow_regime":"perennial","label":"River"}},{"type":"Feature","geometry":{"type":"LineString","coordinates":[[-0.52047,12.3338],[-0.51876,12.34135],[-0.51258,12.34906],[-0.50541,12.35685],[-0.50056,12.36382],[-0.49592,12.3717],[-0.48133,12.38562],[-0.47481,12.39115],[-0.4676,12.39786],[-0.46503,12.40473],[-0.45576,12.40943],[-0.44477,12.41613],[-0.4391,12.422],[-0.43189,12.42552],[-0.42451,12.42703]]},"properties":{"name":"","type":"River","flow_regime":"perennial","label":"River"}},{"type":"Feature","geometry":{"type":"LineString","coordinates":[[-0.6329,12.24084],[-0.63321,12.24055],[-0.63468,12.24132],[-0.636,12.24179],[-0.63635,12.24163],[-0.63708,12.24167],[-0.63736,12.24186],[-0.63751,12.24223],[-0.63848,12.24215],[-0.63989,12.24267],[-0.64294,12.24242],[-0.64352,12.24223],[-0.64331,12.24189],[-0.6438,12.24156],[-0.64495,12.24195],[-0.64529,12.24174],[-0.64501,12.24157],[-0.64505,12.24121],[-0.64547,12.24089],[-0.64591,12.24075],[-0.64705,12.24121],[-0.64711,12.24089],[-0.64699,12.24079],[-0.64747,12.24049],[-0.64766,12.23981],[-0.64896,12.23821],[-0.65014,12.23787],[-0.65076,12.23727],[-0.65149,12.23617],[-0.65182,12.23611],[-0.65215,12.23633],[-0.65236,12.23611],[-0.65257,12.23615],[-0.65305,12.23559],[-0.65299,12.23446],[-0.65318,12.23391],[-0.65306,12.23354],[-0.65327,12.23351],[-0.65402,12.23264],[-0.65442,12.23259],[-0.65472,12.23218],[-0.65406,12.22804],[-0.65492,12.22384],[-0.65543,12.21831],[-0.65612,12.21411],[-0.65659,12.207],[-0.65831,12.20415],[-0.66174,12.2013],[-0.66569,12.19844],[-0.66771,12.19487],[-0.66782,12.19401],[-0.66826,12.19354],[-0.66826,12.19268],[-0.66885,12.19262],[-0.66947,12.19226],[-0.67007,12.19236],[-0.67046,12.19188],[-0.67068,12.19184],[-0.67085,12.19065],[-0.67054,12.19002],[-0.67076,12.19006],[-0.6708,12.18948],[-0.67175,12.18816],[-0.67242,12.18767],[-0.67254,12.18562],[-0.67294,12.18521],[-0.67334,12.18511],[-0.67319,12.18487],[-0.67385,12.18411],[-0.67356,12.1831],[-0.67393,12.18306],[-0.67398,12.18265],[-0.67423,12.18239],[-0.67498,12.1828],[-0.67623,12.18218],[-0.67667,12.18106],[-0.67664,12.18044],[-0.67615,12.17956],[-0.67561,12.17931],[-0.67525,12.17851],[-0.67493,12.17836],[-0.67494,12.17787],[-0.67457,12.17729],[-0.6744,12.1764],[-0.67456,12.17625],[-0.6746,12.1756],[-0.67441,12.17427],[-0.6753,12.17314],[-0.67497,12.17283],[-0.67536,12.17207],[-0.67523,12.17152],[-0.6745,12.17116],[-0.67444,12.17074],[-0.67463,12.17069],[-0.67458,12.1704],[-0.6744,12.17034],[-0.67465,12.16989],[-0.67459,12.16964],[-0.67503,12.16823],[-0.67528,12.16817],[-0.67539,12.16789],[-0.6752,12.16748],[-0.67524,12.16696],[-0.67466,12.16641],[-0.67429,12.16572],[-0.67448,12.16514],[-0.67484,12.16508],[-0.67489,12.16471],[-0.67513,12.16473],[-0.67523,12.16369],[-0.67488,12.1634],[-0.6749,12.16303],[-0.6757,12.16259],[-0.67563,12.16283],[-0.67587,12.16261],[-0.67592,12.16288],[-0.67613,12.16287],[-0.67614,12.1625],[-0.67634,12.16235],[-0.67602,12.16226],[-0.67598,12.162],[-0.67625,12.1621],[-0.67643,12.16196],[-0.67689,12.16226],[-0.67723,12.16218],[-0.67726,12.162],[-0.67702,12.16202],[-0.67775,12.16099],[-0.67804,12.1608],[-0.67791,12.16057],[-0.67815,12.16047],[-0.67811,12.16019],[-0.67876,12.16001],[-0.67896,12.16016],[-0.67886,12.16057],[-0.67901,12.16063],[-0.67945,12.16055],[-0.67988,12.16026],[-0.67991,12.15985],[-0.67968,12.15986],[-0.67937,12.1594],[-0.67988,12.15868],[-0.68061,12.15827],[-0.68034,12.15777],[-0.68116,12.15759],[-0.68113,12.15728],[-0.68161,12.15713],[-0.68152,12.15672],[-0.68176,12.15667],[-0.68182,12.15635],[-0.6824,12.15615],[-0.68256,12.15631],[-0.68265,12.15578],[-0.68319,12.1555],[-0.68356,12.15499],[-0.68362,12.1546],[-0.68415,12.15397],[-0.68431,12.15364],[-0.68422,12.15353],[-0.68405,12.15355],[-0.68381,12.15328],[-0.68347,12.15334],[-0.684,12.15228],[-0.68481,12.15208],[-0.6853,12.15239],[-0.68567,12.15193],[-0.68633,12.15207],[-0.6867,12.15167],[-0.68643,12.15154],[-0.68638,12.15171],[-0.68595,12.15166],[-0.6859,12.15137],[-0.686,12.15119],[-0.68631,12.1512],[-0.68631,12.15074],[-0.68653,12.15053],[-0.68668,12.15073],[-0.68703,12.15071],[-0.68719,12.15052],[-0.68729,12.15066],[-0.68756,12.15058],[-0.68741,12.15025],[-0.68811,12.15037],[-0.68812,12.14991],[-0.68751,12.14913],[-0.68735,12.14921],[-0.68729,12.14972],[-0.68712,12.14982],[-0.68668,12.1494],[-0.68667,12.14916],[-0.68707,12.14901],[-0.68729,12.14834],[-0.68698,12.14803],[-0.68682,12.1483],[-0.68661,12.14815],[-0.68639,12.14823],[-0.68636,12.1481],[-0.68654,12.14802],[-0.68693,12.14722],[-0.68733,12.14733],[-0.68742,12.14721],[-0.68719,12.14672],[-0.68609,12.14655],[-0.68623,12.14605],[-0.68637,12.14604],[-0.68632,12.14626],[-0.6867,12.1464],[-0.68689,12.14625],[-0.6867,12.14605],[-0.68678,12.14583],[-0.68717,12.1459],[-0.68707,12.14613],[-0.68721,12.14619],[-0.68733,12.1459],[-0.68755,12.14585],[-0.68787,12.14613],[-0.68817,12.14577],[-0.68805,12.14567],[-0.68811,12.14536],[-0.68798,12.14532],[-0.68763,12.14564],[-0.68755,12.14535],[-0.68787,12.14485],[-0.68801,12.14505],[-0.68824,12.14484],[-0.68867,12.14486],[-0.68872,12.14464],[-0.68927,12.14471],[-0.68933,12.14434],[-0.68919,12.14442],[-0.68905,12.14428],[-0.6892,12.14413],[-0.68989,12.14412],[-0.69003,12.14389],[-0.69104,12.14405],[-0.69149,12.14311],[-0.69133,12.143],[-0.6911,12.14316],[-0.69098,12.14296],[-0.69086,12.14309],[-0.69046,12.14289],[-0.69033,12.14307],[-0.69022,12.14281],[-0.68981,12.14278],[-0.68975,12.14263],[-0.69029,12.14224],[-0.69046,12.14231],[-0.69092,12.14102],[-0.6905,12.14064],[-0.69038,12.14087],[-0.69008,12.14085],[-0.68998,12.14055],[-0.6904,12.14046],[-0.69021,12.13968],[-0.69036,12.13967],[-0.69047,12.1399],[-0.69065,12.13979],[-0.69062,12.14012],[-0.69096,12.13973],[-0.691,12.13997],[-0.69125,12.13993],[-0.69088,12.1393],[-0.69055,12.13932],[-0.6905,12.13915],[-0.69072,12.13907],[-0.69057,12.13867],[-0.69034,12.13874],[-0.69017,12.13851],[-0.69068,12.13837],[-0.69042,12.13822],[-0.69005,12.13837],[-0.68978,12.13818],[-0.6896,12.13841],[-0.68907,12.13843],[-0.68903,12.13827],[-0.68932,12.13799],[-0.68956,12.13797],[-0.68888,12.13752],[-0.68935,12.13736],[-0.68933,12.13752],[-0.68974,12.1376],[-0.6899,12.13742],[-0.68984,12.13717],[-0.69009,12.13714],[-0.69019,12.13742],[-0.69051,12.13739],[-0.69071,12.13715],[-0.69053,12.13677],[-0.69083,12.13652],[-0.69039,12.13637],[-0.69089,12.13613],[-0.69109,12.13588],[-0.69099,12.13574],[-0.69108,12.1355],[-0.69166,12.13603],[-0.69198,12.13603],[-0.69198,12.13531],[-0.69176,12.13523],[-0.69153,12.13556],[-0.69143,12.13522],[-0.69112,12.13516],[-0.69094,12.13488],[-0.69107,12.13475],[-0.69123,12.13485],[-0.69135,12.13467],[-0.69137,12.13497],[-0.6917,12.1348],[-0.69195,12.13498],[-0.69192,12.13449],[-0.69236,12.13452],[-0.69227,12.1338],[-0.69251,12.13394],[-0.69305,12.13384],[-0.6932,12.13415],[-0.6934,12.13401],[-0.69332,12.1343],[-0.69368,12.13453],[-0.69471,12.13398],[-0.69482,12.13351],[-0.69513,12.13325],[-0.69601,12.13344],[-0.69638,12.13317],[-0.69702,12.13338],[-0.69748,12.13285],[-0.69731,12.13267],[-0.69767,12.13188],[-0.69757,12.13159],[-0.69736,12.13172],[-0.69739,12.13118],[-0.69762,12.13132],[-0.69815,12.13087],[-0.69811,12.13116],[-0.69843,12.13122],[-0.69837,12.13085],[-0.6988,12.13036],[-0.69798,12.13009],[-0.69986,12.12705],[-0.69933,12.12495],[-0.69914,12.12341],[-0.69988,12.12313],[-0.7,12.12287],[-0.69947,12.12251],[-0.69943,12.12212],[-0.70243,12.11737],[-0.70467,12.11475],[-0.70433,12.1117],[-0.70446,12.10938],[-0.70269,12.11016],[-0.70253,12.10903],[-0.70334,12.10519],[-0.70399,12.10425],[-0.70373,12.10327],[-0.70618,12.10154],[-0.70901,12.09923],[-0.70912,12.09816],[-0.70855,12.09789],[-0.70853,12.09765],[-0.70874,12.09659],[-0.70917,12.09638]]},"properties":{"name":"Guibga","type":"River","flow_regime":"perennial","label":"Guibga"}},{"type":"Feature","geometry":{"type":"LineString","coordinates":[[-1.18054,12.29918],[-1.1802,12.29953],[-1.1804,12.30077],[-1.18013,12.30159],[-1.17979,12.30214],[-1.1794,12.3022],[-1.17917,12.30275],[-1.17817,12.30285],[-1.17803,12.30299],[-1.17819,12.30362],[-1.17796,12.30389],[-1.17758,12.30398],[-1.17653,12.30473],[-1.17568,12.30457],[-1.17547,12.3049],[-1.17562,12.30535],[-1.17527,12.30552],[-1.17441,12.30539],[-1.17402,12.30549],[-1.17369,12.30597],[-1.17312,12.30638],[-1.17277,12.30648],[-1.17227,12.30633],[-1.1722,12.30567],[-1.17105,12.30475],[-1.17075,12.30431],[-1.17031,12.30183],[-1.17055,12.30177],[-1.17067,12.3021],[-1.17118,12.30222],[-1.17134,12.30205],[-1.17095,12.30148],[-1.17091,12.30111],[-1.17026,12.30037],[-1.16972,12.29919],[-1.16937,12.29899],[-1.16897,12.29827],[-1.16847,12.2979],[-1.16818,12.29565],[-1.16775,12.29447],[-1.16637,12.29395],[-1.16568,12.29279],[-1.16545,12.29265],[-1.16427,12.29236],[-1.163,12.29263],[-1.16262,12.2925],[-1.16243,12.29214],[-1.16247,12.29133],[-1.1623,12.29086],[-1.16196,12.29036],[-1.16159,12.29015],[-1.16155,12.28896],[-1.16131,12.2888],[-1.16042,12.28883],[-1.16001,12.28802],[-1.16026,12.28707],[-1.1609,12.28672],[-1.16122,12.28635],[-1.16178,12.28527],[-1.16199,12.28513],[-1.16277,12.28512],[-1.16281,12.28481],[-1.16331,12.28461],[-1.16352,12.28481],[-1.16483,12.28379],[-1.1644,12.28327],[-1.16443,12.28223],[-1.16469,12.28195],[-1.16532,12.28201],[-1.16551,12.28144],[-1.16549,12.28102],[-1.16518,12.28045],[-1.16518,12.27944],[-1.16407,12.27865],[-1.16289,12.27832],[-1.16232,12.27755],[-1.16153,12.27724],[-1.16091,12.27654],[-1.16011,12.27647],[-1.15821,12.27694],[-1.15722,12.2776],[-1.15657,12.27842],[-1.15616,12.27862],[-1.15539,12.27849],[-1.15473,12.27862],[-1.1539,12.2797],[-1.15291,12.28023],[-1.15086,12.28053],[-1.14927,12.28111],[-1.14712,12.28062],[-1.14695,12.27981],[-1.14656,12.27956],[-1.14653,12.27938],[-1.14681,12.2788],[-1.14681,12.27815],[-1.14612,12.27783],[-1.14528,12.27659],[-1.14351,12.27594],[-1.14367,12.27532],[-1.14313,12.27452],[-1.14262,12.27323],[-1.14264,12.27235],[-1.14302,12.27166],[-1.14313,12.27107],[-1.14296,12.27051],[-1.14339,12.26859],[-1.14315,12.26831],[-1.14347,12.26722],[-1.14369,12.2672],[-1.14367,12.26742],[-1.14381,12.26744],[-1.14486,12.26682],[-1.14526,12.26516],[-1.14512,12.26463],[-1.14486,12.26444],[-1.14479,12.26362],[-1.14448,12.26358],[-1.14365,12.264],[-1.14328,12.26374],[-1.1438,12.26218],[-1.14374,12.26201],[-1.14295,12.26199],[-1.14267,12.26135],[-1.14299,12.26103],[-1.14303,12.26077],[-1.14251,12.26076],[-1.14246,12.2606],[-1.14195,12.26043],[-1.14177,12.25967],[-1.14135,12.25908],[-1.14092,12.25907],[-1.14074,12.25922],[-1.13982,12.25883],[-1.13888,12.25884],[-1.13839,12.25825],[-1.13783,12.25809],[-1.1374,12.25828],[-1.13728,12.25882],[-1.13704,12.25899],[-1.13661,12.25979],[-1.13632,12.25993],[-1.13552,12.25952],[-1.13372,12.25995],[-1.13274,12.25989],[-1.13246,12.2595],[-1.13199,12.25962],[-1.13123,12.2602],[-1.13086,12.26073],[-1.13022,12.26084],[-1.12996,12.26108],[-1.1289,12.26309],[-1.12824,12.26329],[-1.12802,12.2638],[-1.1275,12.26407],[-1.12753,12.26485],[-1.12728,12.26523],[-1.12606,12.26554],[-1.12606,12.26572],[-1.12564,12.26609],[-1.12566,12.2664],[-1.12456,12.26697],[-1.12375,12.26679],[-1.12293,12.26724],[-1.12252,12.26725],[-1.12054,12.26852],[-1.12044,12.26893],[-1.11938,12.26898],[-1.11775,12.26947],[-1.11717,12.26997],[-1.1171,12.27037],[-1.11611,12.27125],[-1.11542,12.27116],[-1.11316,12.27144],[-1.1127,12.27132],[-1.11212,12.27043],[-1.11182,12.27018],[-1.11158,12.27018],[-1.11128,12.27073],[-1.11019,12.27132],[-1.10906,12.2714],[-1.10816,12.27167],[-1.10712,12.27135],[-1.1067,12.27157],[-1.10635,12.27154],[-1.1054,12.27103],[-1.10457,12.27111],[-1.10328,12.27071],[-1.10232,12.27017],[-1.10047,12.26992],[-1.10038,12.26955],[-1.0991,12.26864],[-1.09706,12.26768],[-1.09685,12.26733]]},"properties":{"name":"","type":"River","flow_regime":"perennial","label":"River"}},{"type":"Feature","geometry":{"type":"LineString","coordinates":[[-0.82467,12.30597],[-0.83013,12.29783],[-0.84239,12.29151],[-0.84258,12.29115],[-0.84301,12.29097],[-0.84473,12.28957],[-0.84585,12.28907],[-0.84647,12.28921],[-0.8468,12.28879],[-0.84765,12.28873],[-0.84792,12.28851],[-0.84795,12.28807],[-0.84816,12.28802],[-0.84804,12.2874],[-0.84772,12.28726],[-0.84784,12.28678],[-0.84835,12.28683],[-0.8494,12.28645],[-0.84938,12.28607],[-0.84955,12.2859],[-0.84991,12.28609],[-0.85017,12.28557],[-0.85058,12.2857],[-0.85086,12.2862],[-0.85105,12.28599],[-0.85072,12.28569],[-0.85123,12.28557],[-0.85107,12.28543],[-0.85131,12.28525],[-0.85154,12.28536],[-0.85135,12.28504],[-0.85155,12.28479],[-0.85192,12.28479],[-0.85229,12.28499],[-0.85244,12.2849],[-0.85288,12.28512],[-0.85321,12.28457],[-0.85359,12.28449],[-0.85373,12.28457],[-0.85359,12.28488],[-0.85404,12.2852],[-0.8537,12.28539],[-0.8543,12.28569],[-0.85365,12.2857],[-0.85364,12.28609],[-0.8541,12.28592],[-0.85447,12.28605],[-0.85468,12.2858],[-0.85506,12.28575],[-0.85537,12.28556],[-0.85569,12.28504],[-0.85559,12.28456],[-0.85624,12.28424],[-0.85668,12.28309],[-0.85697,12.2832],[-0.85716,12.28284],[-0.85791,12.28273],[-0.85776,12.28246],[-0.85787,12.28234],[-0.85817,12.28259],[-0.85845,12.28228],[-0.85896,12.28228],[-0.85909,12.28149],[-0.85897,12.28121],[-0.85931,12.28116],[-0.85949,12.28137],[-0.85952,12.28112],[-0.85988,12.28089],[-0.85983,12.28074],[-0.86024,12.28026],[-0.86039,12.28047],[-0.86087,12.28036],[-0.861,12.27994],[-0.86123,12.27975],[-0.86162,12.27964],[-0.8616,12.27999],[-0.86178,12.28005],[-0.86204,12.2793],[-0.8624,12.27923],[-0.86264,12.27951],[-0.86296,12.27912],[-0.86277,12.27896],[-0.8631,12.27903],[-0.8631,12.27935],[-0.8633,12.27942],[-0.86346,12.27906],[-0.86339,12.27834],[-0.8636,12.27826],[-0.86407,12.27851],[-0.86467,12.27812],[-0.86474,12.27777],[-0.86456,12.2773],[-0.86473,12.27665],[-0.86498,12.27627],[-0.86521,12.27627],[-0.86514,12.27601],[-0.86537,12.27586],[-0.86447,12.2753],[-0.86483,12.27447],[-0.86488,12.27362],[-0.86416,12.2709],[-0.8636,12.27068],[-0.86338,12.26998],[-0.86288,12.26952],[-0.86278,12.26913],[-0.86291,12.26828],[-0.86228,12.26802],[-0.86261,12.26777],[-0.863,12.26784],[-0.86307,12.26762],[-0.86191,12.26753],[-0.86221,12.26639],[-0.86188,12.26647],[-0.86175,12.2667],[-0.86161,12.26663],[-0.86165,12.26555],[-0.86148,12.26553],[-0.86138,12.26582],[-0.86098,12.26574],[-0.86087,12.26486],[-0.86113,12.26431],[-0.86145,12.26424],[-0.86132,12.26382],[-0.86152,12.26344],[-0.86145,12.26268],[-0.86169,12.26204],[-0.86232,12.26221],[-0.86243,12.26208],[-0.86254,12.26136],[-0.86219,12.2605],[-0.86228,12.2599],[-0.86199,12.25977],[-0.86217,12.25953],[-0.86258,12.25972],[-0.86267,12.25941],[-0.8622,12.2592],[-0.86215,12.25848],[-0.8627,12.25833],[-0.86281,12.25798],[-0.86364,12.25761],[-0.86424,12.25763],[-0.86478,12.25733],[-0.865,12.25704],[-0.86495,12.25677],[-0.86545,12.25661],[-0.86532,12.25608],[-0.86572,12.25553],[-0.86479,12.25462],[-0.86435,12.25478],[-0.86403,12.2543],[-0.86432,12.25397],[-0.86408,12.25361],[-0.86414,12.25323],[-0.86401,12.25307],[-0.86353,12.2532],[-0.86353,12.25372],[-0.86316,12.25424],[-0.86288,12.25416],[-0.86282,12.25371],[-0.86246,12.25382],[-0.86236,12.25324],[-0.86277,12.25214],[-0.86231,12.25068],[-0.86191,12.25054],[-0.86181,12.25105],[-0.86152,12.25113],[-0.86158,12.25076],[-0.86128,12.25039],[-0.86099,12.25045],[-0.86055,12.24957],[-0.86074,12.24925],[-0.86096,12.24929],[-0.86072,12.24886],[-0.86077,12.24807],[-0.86057,12.2478],[-0.86079,12.2476],[-0.86102,12.24771],[-0.8612,12.24755],[-0.86109,12.24721],[-0.86143,12.2464],[-0.86146,12.24568],[-0.86108,12.24534],[-0.86128,12.24484],[-0.86096,12.24364],[-0.86113,12.24168],[-0.86085,12.24141],[-0.8603,12.24173],[-0.86019,12.24124],[-0.86076,12.24034],[-0.8611,12.24027],[-0.86129,12.24045],[-0.86163,12.24017],[-0.86228,12.24017],[-0.86265,12.23974],[-0.86279,12.23926],[-0.86215,12.23883],[-0.86219,12.23865],[-0.86401,12.23824],[-0.8643,12.23703],[-0.86523,12.23606],[-0.86559,12.23598],[-0.86577,12.23565],[-0.8657,12.2355],[-0.86522,12.23547],[-0.86478,12.23514],[-0.86502,12.23466],[-0.86548,12.23498],[-0.86578,12.23481],[-0.86581,12.23458],[-0.86637,12.23431],[-0.86655,12.2343],[-0.86658,12.23471],[-0.86679,12.23491],[-0.86718,12.2346],[-0.86724,12.2344],[-0.86657,12.23328],[-0.86669,12.23303],[-0.86704,12.23319],[-0.86727,12.23299],[-0.86755,12.23239],[-0.86706,12.23228],[-0.86698,12.23186],[-0.8672,12.23152],[-0.86643,12.23114],[-0.86624,12.23072],[-0.86581,12.23049],[-0.86568,12.23024],[-0.86586,12.22987],[-0.866,12.22867],[-0.86636,12.22812],[-0.86657,12.22799],[-0.86745,12.22808],[-0.86773,12.2279],[-0.86703,12.2274],[-0.86707,12.22715],[-0.86812,12.22679],[-0.8682,12.22634],[-0.86852,12.22611],[-0.86908,12.22649],[-0.86935,12.22641],[-0.86935,12.22623],[-0.86899,12.22596],[-0.86908,12.22556],[-0.86927,12.22544],[-0.87004,12.22542],[-0.87021,12.22524],[-0.87013,12.22571],[-0.87031,12.22587],[-0.87075,12.22566],[-0.87061,12.22519],[-0.87081,12.22512],[-0.87104,12.22569],[-0.87198,12.22617],[-0.87243,12.22552],[-0.87242,12.22416],[-0.87145,12.22342],[-0.87162,12.22305],[-0.87219,12.22271],[-0.87185,12.22246],[-0.87193,12.22233],[-0.87241,12.22204],[-0.87201,12.22187],[-0.87153,12.222],[-0.87136,12.22184],[-0.872,12.22132],[-0.87186,12.22101],[-0.87199,12.22091],[-0.87232,12.22102],[-0.87298,12.22043],[-0.87307,12.22011],[-0.87256,12.21978],[-0.87293,12.21959],[-0.873,12.21939],[-0.8704,12.21796],[-0.87043,12.21775],[-0.87048,12.21756],[-0.87079,12.21747],[-0.87072,12.21727],[-0.87089,12.21704],[-0.87099,12.21629],[-0.87128,12.2163],[-0.8715,12.21609],[-0.87201,12.21618],[-0.87221,12.21607],[-0.87252,12.21562],[-0.8727,12.21487],[-0.87361,12.21409],[-0.87368,12.21336],[-0.87421,12.21296],[-0.87432,12.21259],[-0.87323,12.21049],[-0.87285,12.21028],[-0.87266,12.20944],[-0.87328,12.20806],[-0.8732,12.20655],[-0.87291,12.20633],[-0.87277,12.20594],[-0.87305,12.2055],[-0.87301,12.2049],[-0.87313,12.20475],[-0.8738,12.2049],[-0.87395,12.20529],[-0.87415,12.20544],[-0.8745,12.2053],[-0.87456,12.20566],[-0.87504,12.20596],[-0.87591,12.2056],[-0.87606,12.20587],[-0.87622,12.20563]]},"properties":{"name":"Bombor\u00e9","type":"River","flow_regime":"perennial","label":"Bombor\u00e9"}},{"type":"Feature","geometry":{"type":"LineString","coordinates":[[-1.26886,11.08061],[-1.26915,11.0802],[-1.26915,11.0795],[-1.26868,11.0788],[-1.26919,11.07881],[-1.26923,11.07833],[-1.26918,11.07794],[-1.26879,11.07744],[-1.26889,11.07713],[-1.26914,11.07719],[-1.26919,11.07679],[-1.26959,11.07651],[-1.27046,11.07644],[-1.27086,11.07566],[-1.27059,11.07486],[-1.2708,11.07422],[-1.27133,11.07443],[-1.27163,11.07429],[-1.27158,11.07378],[-1.27175,11.07354],[-1.27158,11.07284],[-1.27191,11.07215],[-1.27141,11.07075],[-1.27195,11.07025],[-1.27215,11.06943],[-1.27187,11.06649],[-1.27132,11.06606],[-1.27123,11.06569],[-1.27144,11.06552],[-1.27213,11.06412],[-1.27284,11.06327],[-1.27263,11.06253],[-1.27271,11.06234],[-1.27394,11.06219],[-1.27397,11.06101],[-1.27336,11.06047],[-1.27324,11.05945],[-1.27395,11.05751],[-1.27554,11.05607],[-1.27521,11.0555],[-1.27575,11.05483],[-1.27562,11.0537],[-1.27616,11.0528],[-1.27595,11.05172],[-1.27499,11.05121],[-1.27481,11.05022],[-1.27483,11.04905],[-1.27455,11.04863],[-1.27439,11.04797],[-1.27378,11.04715],[-1.27369,11.04666],[-1.27454,11.04577],[-1.27438,11.04463],[-1.27456,11.04422],[-1.27432,11.04357],[-1.27448,11.04263],[-1.27411,11.04136],[-1.27454,11.0406],[-1.27459,11.03998],[-1.27508,11.03941],[-1.27645,11.03898],[-1.27678,11.03867],[-1.27695,11.03809],[-1.27589,11.03465],[-1.27638,11.03327],[-1.27666,11.03068],[-1.27665,11.02943],[-1.2764,11.0279],[-1.27668,11.02688],[-1.27791,11.02631],[-1.2781,11.02351],[-1.27744,11.0211],[-1.27684,11.02025],[-1.2774,11.01902],[-1.27758,11.01707],[-1.27887,11.01542],[-1.2791,11.01439],[-1.27901,11.01397],[-1.27839,11.01318],[-1.27743,11.01259],[-1.2757,11.01233],[-1.27556,11.01208],[-1.27581,11.00855],[-1.27549,11.00761],[-1.27451,11.00587],[-1.27399,11.00536],[-1.27345,11.00509],[-1.27306,11.00499],[-1.27211,11.00524],[-1.27146,11.00511],[-1.27087,11.00477],[-1.26978,11.00288],[-1.2678,11.00149],[-1.26772,11.00098],[-1.2683,10.9998],[-1.26867,10.99951],[-1.26918,10.99949],[-1.26901,10.99901],[-1.26929,10.99812],[-1.26885,10.99771],[-1.26789,10.99754],[-1.26674,10.99699],[-1.26636,10.99599],[-1.26659,10.99535],[-1.26665,10.99427],[-1.26622,10.99285],[-1.26532,10.99159],[-1.26328,10.9899],[-1.26325,10.98928],[-1.26365,10.98896],[-1.26404,10.98898],[-1.26428,10.98945],[-1.26456,10.98959],[-1.26486,10.98946],[-1.26533,10.98872],[-1.26587,10.98858],[-1.26588,10.98735],[-1.26559,10.98671],[-1.26446,10.98619],[-1.26343,10.98518],[-1.26351,10.98457],[-1.26408,10.98352],[-1.26395,10.98252],[-1.26255,10.97999],[-1.26175,10.97953],[-1.26072,10.97985],[-1.25881,10.97979],[-1.25671,10.97956],[-1.25479,10.97958],[-1.2542,10.97926],[-1.25307,10.97546],[-1.25083,10.97409],[-1.2492,10.9733],[-1.24858,10.97279],[-1.24827,10.9723],[-1.24815,10.97174],[-1.24841,10.97005],[-1.24816,10.96935],[-1.2476,10.96905],[-1.24648,10.96993],[-1.24609,10.97001],[-1.24571,10.9698],[-1.24545,10.96925],[-1.24562,10.96833],[-1.24605,10.96765],[-1.24609,10.96698],[-1.24566,10.96656],[-1.24506,10.96656],[-1.2448,10.96681],[-1.24468,10.96727],[-1.24433,10.96761],[-1.24399,10.96761],[-1.24236,10.96576],[-1.24098,10.96491],[-1.23931,10.96344],[-1.23862,10.96163],[-1.23834,10.96036],[-1.23946,10.95907],[-1.2404,10.95885],[-1.24221,10.95792],[-1.24263,10.9575],[-1.24274,10.95685],[-1.24186,10.95465],[-1.24139,10.95395],[-1.24075,10.95347],[-1.24031,10.9529],[-1.24006,10.95174],[-1.24072,10.95119],[-1.24139,10.9497],[-1.24205,10.94748],[-1.24202,10.94669],[-1.24145,10.94618],[-1.23899,10.94593],[-1.23843,10.94541],[-1.23871,10.94435],[-1.23858,10.94385],[-1.23748,10.94283],[-1.23725,10.94218],[-1.23716,10.94048],[-1.23643,10.93951],[-1.2357,10.93929],[-1.2356,10.93778],[-1.23613,10.93638],[-1.23583,10.93584],[-1.23512,10.93561],[-1.23403,10.93357],[-1.23285,10.9319],[-1.23094,10.93057],[-1.23058,10.9307],[-1.22976,10.93059],[-1.22879,10.93103],[-1.22781,10.93064],[-1.22714,10.92941],[-1.2265,10.92733],[-1.22607,10.92703],[-1.22547,10.92722],[-1.22455,10.92807],[-1.22384,10.92781],[-1.22358,10.92792],[-1.22294,10.92887],[-1.2221,10.92935],[-1.2188,10.92969]]},"properties":{"name":"","type":"River","flow_regime":"perennial","label":"River"}},{"type":"Feature","geometry":{"type":"LineString","coordinates":[[1.76658,12.1281],[1.76899,12.12839],[1.76911,12.13017],[1.77079,12.13077],[1.77216,12.13293],[1.77418,12.13566],[1.77454,12.13608],[1.77506,12.1363],[1.77517,12.13689],[1.77468,12.13744],[1.7748,12.13807],[1.77589,12.13922],[1.77903,12.14338],[1.77991,12.14369],[1.7804,12.14404],[1.78038,12.14453],[1.77994,12.14534],[1.7803,12.14581],[1.7809,12.1459],[1.78146,12.14632],[1.78275,12.14918],[1.78432,12.15006],[1.78559,12.15145],[1.7894,12.15157],[1.79003,12.15097],[1.79025,12.15023],[1.7905,12.14898],[1.79017,12.14839],[1.79043,12.14793],[1.79091,12.14781],[1.7911,12.14829],[1.79163,12.14878],[1.79178,12.1501],[1.79357,12.15152],[1.79559,12.15225],[1.79615,12.15297],[1.79654,12.15382],[1.79629,12.15473],[1.79664,12.15499],[1.79727,12.15487],[1.79853,12.1551],[1.79876,12.15535],[1.80126,12.16539],[1.80158,12.1659],[1.80296,12.16636],[1.80322,12.16705],[1.80232,12.16768],[1.80275,12.1681],[1.80281,12.16972],[1.80352,12.1698],[1.8042,12.16967],[1.80468,12.1703],[1.80418,12.17118],[1.80461,12.17156],[1.80515,12.17135],[1.8055,12.17158],[1.80563,12.17213],[1.80688,12.17197],[1.80717,12.17262],[1.8086,12.17245],[1.80859,12.17298],[1.80949,12.17317],[1.81029,12.17266],[1.81093,12.17255],[1.81146,12.17204],[1.8123,12.17281],[1.81218,12.1736],[1.81147,12.17367],[1.81109,12.17387],[1.81031,12.1738],[1.81013,12.17515],[1.80935,12.17547],[1.80886,12.17484],[1.8086,12.17516],[1.80767,12.17512],[1.80765,12.17527],[1.80681,12.17544],[1.80685,12.17588],[1.80762,12.17654],[1.80883,12.17666],[1.80885,12.17722],[1.80965,12.17719],[1.81007,12.17782],[1.8114,12.17846],[1.81248,12.17847],[1.81384,12.17811],[1.81421,12.17816],[1.81525,12.17754],[1.81798,12.1775],[1.81833,12.17783],[1.81869,12.1794],[1.81934,12.18028],[1.81961,12.18113],[1.81992,12.1814],[1.82028,12.18126],[1.82118,12.18164],[1.82172,12.1822],[1.82228,12.18312],[1.82305,12.18364],[1.82496,12.18452],[1.82691,12.18741],[1.82665,12.18795],[1.82701,12.18827],[1.82681,12.19069],[1.82755,12.1916],[1.82756,12.1924],[1.82815,12.19313],[1.82917,12.19541],[1.82873,12.1958],[1.82878,12.19629],[1.82864,12.19649],[1.82804,12.19624],[1.82742,12.19627],[1.82746,12.19684],[1.82694,12.19699],[1.82638,12.1967],[1.82568,12.19691],[1.82503,12.19645],[1.82473,12.19692],[1.82486,12.19805],[1.8253,12.19856],[1.82602,12.19835],[1.82648,12.19855],[1.82593,12.19897],[1.82587,12.19951],[1.82711,12.20026],[1.82831,12.20051],[1.82875,12.20109],[1.82856,12.20148],[1.82881,12.20225],[1.82938,12.20239],[1.83108,12.20493],[1.83167,12.20496],[1.83212,12.20549],[1.83312,12.20566],[1.83352,12.20605],[1.83373,12.20605],[1.83436,12.20493],[1.83407,12.20458],[1.83396,12.20346],[1.83455,12.20278],[1.83404,12.20225],[1.83422,12.20189],[1.83478,12.20151],[1.83464,12.20108],[1.83508,12.20044],[1.83561,12.20066],[1.83588,12.20036],[1.83586,12.19954],[1.83948,12.19716],[1.84033,12.19734],[1.84047,12.19809],[1.8417,12.19829],[1.84191,12.19789],[1.84224,12.19843],[1.84296,12.19879],[1.84261,12.19982],[1.84283,12.20014],[1.84726,12.20229],[1.84753,12.20324],[1.84798,12.20338],[1.84783,12.20465],[1.84847,12.20495],[1.84981,12.20473],[1.84915,12.20378],[1.84912,12.20314],[1.84974,12.20166],[1.85073,12.20166],[1.85184,12.20086],[1.85229,12.20117],[1.85241,12.20199],[1.85274,12.20281],[1.85267,12.20395],[1.85285,12.20463],[1.85446,12.20575],[1.85522,12.20591],[1.85448,12.20765],[1.85478,12.20814],[1.85464,12.20914],[1.85691,12.2138],[1.85829,12.21601],[1.85862,12.21596],[1.859,12.21643],[1.85904,12.21708],[1.85834,12.21742],[1.85868,12.21816],[1.8587,12.21871],[1.85747,12.22108],[1.85724,12.22404],[1.85776,12.22447],[1.85868,12.22445],[1.85965,12.2238],[1.86109,12.22325],[1.86457,12.22308],[1.86543,12.22316],[1.86571,12.22364],[1.86613,12.22332],[1.86622,12.22286],[1.86658,12.22275],[1.86687,12.22343],[1.86765,12.22393],[1.86903,12.22402],[1.8701,12.22341],[1.87145,12.22373],[1.87264,12.2238],[1.87311,12.22339],[1.8729,12.22237],[1.87463,12.22077],[1.87617,12.21968],[1.87687,12.22103],[1.87696,12.22207],[1.87746,12.22209],[1.87776,12.22343],[1.87975,12.22583],[1.88107,12.22645],[1.88462,12.22696],[1.88691,12.2263],[1.88701,12.22589],[1.88552,12.2251],[1.88535,12.22459],[1.88599,12.22427],[1.88639,12.22429],[1.8871,12.22526],[1.88871,12.22575],[1.8914,12.22696],[1.89171,12.22763],[1.89103,12.23316],[1.8936,12.23769],[1.89592,12.238],[1.89933,12.23761],[1.90155,12.23674],[1.90403,12.23796],[1.90415,12.23832],[1.90368,12.23978],[1.90267,12.24034],[1.90271,12.24103],[1.90325,12.24133],[1.904,12.24097],[1.90471,12.24101],[1.90606,12.24248],[1.90709,12.24297],[1.90872,12.24303],[1.90926,12.24239],[1.9092,12.24182],[1.9099,12.24125],[1.9118,12.24139],[1.91258,12.24217],[1.91231,12.24273],[1.91134,12.24372],[1.91054,12.24556],[1.91072,12.24597],[1.91145,12.24642],[1.91128,12.24979],[1.90905,12.25063],[1.90579,12.24776],[1.9027,12.25028],[1.90407,12.25447],[1.90888,12.26017],[1.91351,12.26017],[1.9142,12.26185],[1.91266,12.2642],[1.91677,12.26755],[1.92124,12.26789],[1.92295,12.27007],[1.92639,12.27663],[1.92433,12.27963],[1.93108,12.28544],[1.93176,12.28637],[1.93267,12.28669],[1.93309,12.28713],[1.93436,12.28956]]},"properties":{"name":"Tapoa","type":"River","flow_regime":"perennial","label":"Tapoa"}},{"type":"Feature","geometry":{"type":"LineString","coordinates":[[-2.18898,13.09154],[-2.1883,13.09162],[-2.18651,13.09327],[-2.18505,13.09406],[-2.18323,13.09479],[-2.1806,13.09393],[-2.17657,13.09409],[-2.1753,13.09314],[-2.17251,13.0921],[-2.17029,13.09276],[-2.16853,13.09293],[-2.16665,13.09231],[-2.16348,13.08949],[-2.15888,13.08613],[-2.14877,13.08102],[-2.13739,13.07484],[-2.12983,13.07055],[-2.1142,13.06097],[-2.10253,13.04682],[-2.09342,13.03902],[-2.08861,13.03412],[-2.07748,13.03049],[-2.07029,13.02969],[-2.06581,13.0295],[-2.06309,13.03008],[-2.06127,13.02995]]},"properties":{"name":"Nakemb\u00e9","type":"River","flow_regime":"perennial","label":"Nakemb\u00e9"}},{"type":"Feature","geometry":{"type":"LineString","coordinates":[[-3.44287,13.15761],[-3.4438,13.15326],[-3.44356,13.1518],[-3.4428,13.15036],[-3.44101,13.14774],[-3.44066,13.14623],[-3.44074,13.14496],[-3.44107,13.14441],[-3.44163,13.1439],[-3.44239,13.14346],[-3.44331,13.14327],[-3.44439,13.14327],[-3.44765,13.14393],[-3.45204,13.14342],[-3.45399,13.1427],[-3.45493,13.14175],[-3.4554,13.1407],[-3.45764,13.13005],[-3.46026,13.11983],[-3.46213,13.11646],[-3.46569,13.11208],[-3.4672,13.10912],[-3.46847,13.10394],[-3.47296,13.09832],[-3.47638,13.09022],[-3.47728,13.08541],[-3.47845,13.08177],[-3.48267,13.07396],[-3.48333,13.0699],[-3.48312,13.06671],[-3.48244,13.06405],[-3.47992,13.05878],[-3.4758,13.0513],[-3.47423,13.04692],[-3.47399,13.04272]]},"properties":{"name":"Le Sourou","type":"River","flow_regime":"perennial","label":"Le Sourou"}},{"type":"Feature","geometry":{"type":"LineString","coordinates":[[-2.79795,11.22299],[-2.79736,11.21955],[-2.79827,11.21604],[-2.79845,11.21432],[-2.79825,11.20971],[-2.79889,11.2037],[-2.79888,11.2019],[-2.79839,11.19955],[-2.79716,11.19667],[-2.79682,11.19438],[-2.79583,11.19111],[-2.79511,11.18542],[-2.7942,11.18074],[-2.79417,11.17805],[-2.79442,11.17525],[-2.79411,11.17242],[-2.79306,11.1682],[-2.79194,11.16661],[-2.79106,11.16473],[-2.79037,11.16198],[-2.78934,11.15878],[-2.78826,11.15352],[-2.78772,11.152],[-2.78736,11.14966],[-2.78735,11.14463],[-2.78712,11.1427],[-2.78608,11.13852]]},"properties":{"name":"Le Mouhoun","type":"River","flow_regime":"perennial","label":"Le Mouhoun"}},{"type":"Feature","geometry":{"type":"LineString","coordinates":[[-2.83258,11.52164],[-2.83169,11.52077],[-2.8311,11.51975],[-2.83076,11.51851],[-2.83067,11.51738],[-2.83078,11.51701],[-2.83137,11.51656],[-2.83182,11.5157],[-2.83262,11.51216],[-2.83368,11.50984],[-2.83462,11.50376],[-2.83604,11.50056],[-2.83707,11.49731],[-2.83784,11.49606],[-2.84047,11.49305],[-2.8424,11.48977],[-2.84301,11.48915],[-2.84654,11.48666],[-2.84825,11.48583],[-2.85188,11.48332],[-2.85447,11.482],[-2.8555,11.48112],[-2.85625,11.47985],[-2.85712,11.47679],[-2.85704,11.47522],[-2.8566,11.47336],[-2.85518,11.47107],[-2.85358,11.47034],[-2.85291,11.4692],[-2.8525,11.46914],[-2.85111,11.46982],[-2.85055,11.46987],[-2.84818,11.46888],[-2.84612,11.46957],[-2.84266,11.46993],[-2.84117,11.46971],[-2.83964,11.46919],[-2.83702,11.46655],[-2.8346,11.46445],[-2.83265,11.46243],[-2.8323,11.46186],[-2.83208,11.45883],[-2.83217,11.45823],[-2.83281,11.4569],[-2.83248,11.45459],[-2.83243,11.44993],[-2.83339,11.44654],[-2.83356,11.44473],[-2.83441,11.4427],[-2.83504,11.4396],[-2.8351,11.43827],[-2.8348,11.43627],[-2.83435,11.435],[-2.83327,11.4332],[-2.83234,11.43069],[-2.83098,11.42337],[-2.82949,11.42067],[-2.8298,11.41235],[-2.82967,11.41138],[-2.82878,11.40889],[-2.82925,11.40723],[-2.83002,11.40606],[-2.83063,11.40449],[-2.83152,11.40286],[-2.83227,11.40001],[-2.83273,11.39727],[-2.83381,11.39396],[-2.83458,11.39203],[-2.83619,11.38936],[-2.83693,11.38751],[-2.8372,11.386],[-2.83704,11.38263],[-2.83666,11.3799],[-2.8367,11.37794],[-2.83759,11.37561],[-2.83816,11.3734],[-2.83879,11.36803],[-2.83908,11.36668],[-2.83971,11.3651],[-2.84117,11.36233],[-2.84297,11.35553],[-2.84454,11.34496],[-2.84435,11.3417],[-2.84285,11.33618],[-2.84216,11.33433],[-2.84182,11.32919],[-2.84059,11.32577],[-2.84066,11.32417],[-2.84018,11.32169],[-2.84021,11.32032],[-2.84063,11.31949],[-2.8406,11.31886],[-2.83962,11.31205],[-2.8396,11.31067],[-2.84027,11.30832],[-2.84194,11.30516],[-2.84324,11.30388],[-2.84405,11.3015],[-2.84487,11.3002],[-2.84549,11.29952],[-2.84642,11.29922],[-2.84911,11.29685]]},"properties":{"name":"Le Mouhoun","type":"River","flow_regime":"perennial","label":"Le Mouhoun"}},{"type":"Feature","geometry":{"type":"LineString","coordinates":[[-2.75535,11.71928],[-2.75531,11.71767],[-2.75478,11.71563],[-2.75505,11.71429],[-2.75544,11.71342],[-2.75751,11.71095],[-2.75833,11.70888],[-2.75987,11.70705],[-2.76151,11.70576],[-2.76262,11.70523],[-2.76385,11.70402],[-2.76506,11.7025],[-2.76656,11.70159],[-2.76703,11.70106],[-2.76803,11.69918],[-2.77031,11.69571],[-2.77173,11.69235],[-2.77265,11.68874],[-2.77408,11.6843],[-2.77458,11.67975],[-2.77374,11.67716],[-2.77161,11.67399],[-2.77056,11.67167],[-2.77028,11.67132],[-2.76745,11.66988],[-2.76366,11.66722],[-2.76182,11.66665],[-2.76133,11.66622],[-2.76095,11.66613],[-2.75907,11.66658],[-2.75846,11.66647],[-2.75602,11.6651],[-2.75495,11.66431],[-2.75422,11.66345],[-2.75351,11.66236],[-2.75303,11.66114],[-2.75286,11.6583],[-2.7527,11.65769],[-2.75116,11.65504],[-2.75075,11.65394],[-2.75058,11.65297],[-2.75059,11.65132],[-2.75086,11.65008],[-2.75161,11.64899],[-2.75256,11.64821],[-2.75337,11.6481],[-2.75445,11.64829],[-2.75539,11.6479],[-2.75636,11.64644],[-2.75907,11.64491],[-2.76081,11.64238],[-2.76312,11.64015],[-2.76494,11.63958],[-2.76776,11.63987],[-2.76819,11.63974],[-2.77183,11.63667],[-2.77484,11.63535],[-2.77833,11.63433],[-2.77984,11.63405],[-2.7812,11.63416],[-2.78211,11.63376],[-2.78469,11.63196],[-2.78673,11.63028],[-2.78913,11.62896],[-2.79236,11.62768],[-2.79509,11.62615],[-2.7965,11.62514],[-2.79869,11.62402],[-2.79916,11.62346]]},"properties":{"name":"Le Mouhoun","type":"River","flow_regime":"perennial","label":"Le Mouhoun"}},{"type":"Feature","geometry":{"type":"LineString","coordinates":[[-2.43772,12.10961],[-2.43748,12.10918],[-2.43758,12.10875],[-2.43772,12.10854],[-2.43788,12.10865],[-2.43811,12.10848],[-2.43815,12.10814],[-2.43793,12.10802],[-2.43798,12.10787],[-2.43843,12.10773],[-2.439,12.10723],[-2.4389,12.10668],[-2.43925,12.10657],[-2.43938,12.10626],[-2.43979,12.10646],[-2.44027,12.10635]]},"properties":{"name":"","type":"River","flow_regime":"perennial","label":"River"}},{"type":"Feature","geometry":{"type":"LineString","coordinates":[[-2.8354,12.33559],[-2.83631,12.33583],[-2.83689,12.33678],[-2.83736,12.33716],[-2.841,12.33926],[-2.8431,12.34003],[-2.84472,12.34027],[-2.8467,12.34086],[-2.84967,12.3407],[-2.85164,12.34086],[-2.8524,12.34071]]},"properties":{"name":"Le Mouhoun","type":"River","flow_regime":"perennial","label":"Le Mouhoun"}},{"type":"Feature","geometry":{"type":"LineString","coordinates":[[-2.79325,12.12724],[-2.79239,12.12507],[-2.79213,12.12228],[-2.79289,12.11582],[-2.79376,12.11431],[-2.79416,12.11266],[-2.79516,12.11023],[-2.79774,12.10586],[-2.79833,12.10408],[-2.80072,12.1007],[-2.8013,12.09961],[-2.80241,12.09612],[-2.8035,12.09337],[-2.80387,12.0901],[-2.80379,12.08751],[-2.804,12.08107],[-2.80502,12.07661],[-2.80483,12.07118],[-2.8051,12.06975],[-2.80571,12.06846],[-2.8066,12.06736],[-2.80808,12.06634],[-2.80932,12.06521],[-2.81129,12.06404],[-2.81435,12.06398],[-2.81843,12.06279],[-2.81965,12.06289],[-2.82019,12.06312],[-2.82314,12.0655],[-2.82378,12.06635],[-2.8263,12.06859],[-2.82669,12.06933],[-2.82877,12.07157],[-2.82931,12.07282],[-2.82924,12.07324],[-2.82902,12.0735],[-2.82903,12.07405],[-2.82994,12.07524],[-2.83064,12.07566],[-2.83133,12.07576],[-2.83231,12.07616],[-2.83417,12.07738],[-2.83496,12.0782],[-2.83663,12.07949],[-2.83734,12.08103],[-2.83764,12.08294],[-2.8379,12.08349],[-2.83984,12.08506],[-2.84083,12.08632],[-2.84219,12.0888],[-2.8457,12.09176],[-2.84701,12.09268],[-2.85304,12.09502],[-2.85562,12.09654],[-2.85685,12.09699],[-2.86155,12.09779],[-2.86323,12.09845],[-2.86532,12.09964],[-2.86764,12.10051],[-2.87028,12.10096],[-2.87276,12.10086],[-2.87515,12.10016],[-2.87998,12.09918],[-2.88283,12.09739],[-2.88601,12.09601],[-2.89018,12.09511],[-2.89332,12.09385],[-2.89687,12.09303],[-2.90253,12.09084],[-2.90667,12.08865],[-2.90789,12.08773],[-2.91315,12.08451],[-2.91391,12.08388],[-2.91657,12.08093],[-2.919,12.07877],[-2.92141,12.0775],[-2.92331,12.07602],[-2.92725,12.07372],[-2.92795,12.07309],[-2.92865,12.07214],[-2.93013,12.06841],[-2.93147,12.06265],[-2.93166,12.05872],[-2.93087,12.05734],[-2.92971,12.05585],[-2.92913,12.05545],[-2.92676,12.05448],[-2.92505,12.0532],[-2.92368,12.05109],[-2.92063,12.04776],[-2.91811,12.04672],[-2.91627,12.04566],[-2.91549,12.04454],[-2.91136,12.03692],[-2.91055,12.03387],[-2.91072,12.0299],[-2.91047,12.02896],[-2.91014,12.02843]]},"properties":{"name":"Le Mouhoun","type":"River","flow_regime":"perennial","label":"Le Mouhoun"}},{"type":"Feature","geometry":{"type":"LineString","coordinates":[[-2.71154,12.23747],[-2.71201,12.23735],[-2.71249,12.23673],[-2.71401,12.23542],[-2.71464,12.23511],[-2.71556,12.23372],[-2.71591,12.23375],[-2.71748,12.23328],[-2.71869,12.23265],[-2.72065,12.2327],[-2.72087,12.23341],[-2.72113,12.23352],[-2.72108,12.23405],[-2.72121,12.23419],[-2.72246,12.2343],[-2.72272,12.23476],[-2.72386,12.23411],[-2.72468,12.23416],[-2.72514,12.23438],[-2.72558,12.23432],[-2.72605,12.23453],[-2.72712,12.23435],[-2.72792,12.23388],[-2.72822,12.23386],[-2.72839,12.23359],[-2.72922,12.23304],[-2.73078,12.23253],[-2.73088,12.23227],[-2.73256,12.23145],[-2.73508,12.22973],[-2.73617,12.2298],[-2.73707,12.22966],[-2.73798,12.22914],[-2.7398,12.22772],[-2.74048,12.2276],[-2.74117,12.22721],[-2.74245,12.22609],[-2.74463,12.22312],[-2.74553,12.22276],[-2.74775,12.22394],[-2.75439,12.22523],[-2.75461,12.22519],[-2.75518,12.22438],[-2.75551,12.22419],[-2.75614,12.22412],[-2.75879,12.22307],[-2.76065,12.22325],[-2.76236,12.22314],[-2.76377,12.22269],[-2.76474,12.22203],[-2.76498,12.22209],[-2.76604,12.22425],[-2.76657,12.22477],[-2.76661,12.22524],[-2.76645,12.22563],[-2.76666,12.22707],[-2.76693,12.2275],[-2.76732,12.22769],[-2.7686,12.22902],[-2.76919,12.22887],[-2.76962,12.22899],[-2.76967,12.22941],[-2.77023,12.23038],[-2.77158,12.23061],[-2.77262,12.23225],[-2.77379,12.23241],[-2.77446,12.23221],[-2.7763,12.23083],[-2.77642,12.23005],[-2.77631,12.22976],[-2.77541,12.2296],[-2.77533,12.22942],[-2.77489,12.22931],[-2.77454,12.22951],[-2.77438,12.22942],[-2.7741,12.22887],[-2.77337,12.22832],[-2.77334,12.22787],[-2.77427,12.22649],[-2.77453,12.22633],[-2.77508,12.22669],[-2.77541,12.2266],[-2.77576,12.22603],[-2.77648,12.2254],[-2.77741,12.22515],[-2.77939,12.22527],[-2.78105,12.226],[-2.78187,12.22683],[-2.78217,12.22695],[-2.7825,12.22684],[-2.78325,12.22723],[-2.78372,12.22719],[-2.78506,12.22752],[-2.78626,12.22725],[-2.78743,12.22671],[-2.78839,12.22521],[-2.78875,12.22546],[-2.78984,12.22477],[-2.79076,12.22457],[-2.79135,12.22412],[-2.79179,12.224],[-2.79427,12.22415],[-2.79473,12.22405],[-2.79624,12.22431],[-2.79652,12.22457],[-2.797,12.22458],[-2.79719,12.22428],[-2.7979,12.22416],[-2.79809,12.22365],[-2.79868,12.22378],[-2.79901,12.22366],[-2.79989,12.22237],[-2.80009,12.22169],[-2.80059,12.22129],[-2.80076,12.22127],[-2.80092,12.2215],[-2.80122,12.22141],[-2.80179,12.22039],[-2.80297,12.22047],[-2.8032,12.22022],[-2.80398,12.21999],[-2.80423,12.21977],[-2.80455,12.2188],[-2.80493,12.21845],[-2.80572,12.21824],[-2.80613,12.21846],[-2.8065,12.21804],[-2.80702,12.21794],[-2.80834,12.21682],[-2.80848,12.21658],[-2.80827,12.21585],[-2.80834,12.21553],[-2.80862,12.21539],[-2.80929,12.21571],[-2.80987,12.2155],[-2.81108,12.21615],[-2.81151,12.21696],[-2.8117,12.21697],[-2.81183,12.21679],[-2.81178,12.216],[-2.81239,12.21575],[-2.81374,12.21624],[-2.81447,12.21617],[-2.81498,12.2165],[-2.81538,12.21654],[-2.81643,12.21608],[-2.81679,12.21612],[-2.81673,12.21649],[-2.81693,12.21669],[-2.81761,12.21686],[-2.81826,12.21736],[-2.81849,12.21737],[-2.81881,12.21695],[-2.81965,12.21652],[-2.81959,12.21616],[-2.81899,12.21586],[-2.81911,12.21502],[-2.82011,12.21456],[-2.82021,12.21429],[-2.82071,12.21388],[-2.82194,12.21362],[-2.8224,12.21371],[-2.82239,12.21404],[-2.82184,12.21441],[-2.8219,12.21531],[-2.82212,12.21562],[-2.8227,12.21544],[-2.82308,12.21487],[-2.82336,12.213],[-2.82398,12.21317],[-2.82547,12.21145],[-2.82561,12.21073],[-2.8254,12.21023],[-2.82539,12.20885],[-2.82599,12.20866]]},"properties":{"name":"","type":"River","flow_regime":"perennial","label":"River"}},{"type":"Feature","geometry":{"type":"LineString","coordinates":[[-2.76978,12.38591],[-2.77015,12.3857],[-2.77055,12.38499],[-2.77108,12.38466],[-2.7716,12.3826],[-2.77161,12.3794],[-2.77147,12.3792],[-2.77104,12.37911],[-2.77098,12.37519],[-2.77076,12.37471],[-2.77087,12.37419],[-2.76968,12.37051],[-2.77031,12.36899],[-2.76887,12.36646],[-2.76658,12.36365],[-2.7662,12.36274],[-2.76632,12.36171],[-2.76724,12.36036],[-2.76876,12.35865],[-2.76943,12.35828],[-2.77125,12.35771],[-2.77201,12.35724],[-2.7725,12.35576],[-2.77307,12.35512],[-2.77313,12.35486],[-2.77358,12.35472],[-2.77409,12.35399],[-2.77398,12.35356],[-2.77437,12.35294],[-2.77435,12.35256],[-2.77452,12.35251],[-2.7748,12.35192],[-2.77461,12.35168],[-2.7746,12.3497],[-2.77512,12.34908],[-2.77646,12.3492],[-2.77948,12.35085],[-2.77938,12.35111],[-2.78126,12.35101],[-2.78182,12.35125],[-2.7822,12.35102],[-2.78357,12.34897],[-2.78359,12.3477],[-2.7847,12.34561],[-2.78509,12.34526],[-2.78557,12.34369],[-2.78584,12.34327],[-2.78672,12.34242],[-2.78718,12.34221],[-2.78823,12.34209],[-2.78876,12.34147],[-2.78871,12.34085],[-2.78908,12.34015],[-2.78917,12.33835],[-2.78933,12.33795],[-2.79029,12.33708],[-2.7914,12.33716],[-2.7917,12.33753],[-2.79158,12.33812],[-2.79181,12.33856],[-2.79233,12.33851],[-2.79275,12.33827],[-2.79326,12.33755],[-2.79344,12.33518],[-2.79362,12.33456],[-2.79492,12.33286],[-2.7952,12.33289],[-2.79552,12.33322],[-2.79596,12.33317],[-2.79632,12.33241],[-2.79825,12.3302],[-2.79901,12.3299],[-2.79949,12.32995],[-2.80014,12.32978],[-2.80086,12.32945],[-2.80285,12.33012],[-2.80369,12.32992],[-2.80495,12.32919],[-2.80609,12.32792],[-2.80678,12.32754],[-2.80796,12.32647],[-2.80851,12.32668],[-2.80935,12.32661],[-2.81089,12.32722],[-2.81197,12.32717],[-2.81261,12.328],[-2.81435,12.32843],[-2.81462,12.32911],[-2.8154,12.32957],[-2.81619,12.32955],[-2.81665,12.3292],[-2.81766,12.32949],[-2.818,12.32944],[-2.81878,12.32918],[-2.81898,12.32895],[-2.81888,12.32851],[-2.8192,12.328],[-2.8192,12.32769],[-2.81895,12.32739],[-2.81905,12.32692],[-2.81959,12.32619],[-2.82016,12.32581],[-2.8209,12.32496],[-2.8213,12.32409],[-2.82232,12.32377],[-2.8233,12.32309],[-2.82453,12.32338],[-2.8252,12.32268],[-2.8263,12.32218],[-2.82788,12.32156],[-2.82853,12.32157],[-2.82917,12.32211],[-2.82916,12.32231],[-2.82959,12.32282],[-2.83016,12.32409],[-2.83041,12.32418],[-2.83074,12.324],[-2.83093,12.32407],[-2.83286,12.32533],[-2.8331,12.32568],[-2.83295,12.32603],[-2.8333,12.32652],[-2.83333,12.3268],[-2.83315,12.32709],[-2.83344,12.32909],[-2.83382,12.32988],[-2.83387,12.33069],[-2.83306,12.33134],[-2.83306,12.3325],[-2.83329,12.3336],[-2.8354,12.33559]]},"properties":{"name":"","type":"River","flow_regime":"perennial","label":"River"}},{"type":"Feature","geometry":{"type":"LineString","coordinates":[[-2.6804,12.26033],[-2.68042,12.25976],[-2.68084,12.25971],[-2.68069,12.25924],[-2.68126,12.25804],[-2.68159,12.25776],[-2.6825,12.25775],[-2.6829,12.2572],[-2.68329,12.25727],[-2.68431,12.25653],[-2.68466,12.25518],[-2.68534,12.25442],[-2.68579,12.25327],[-2.68662,12.25306],[-2.68704,12.25245],[-2.68854,12.25167],[-2.68985,12.25007],[-2.68971,12.24915],[-2.68896,12.24786],[-2.68825,12.24592],[-2.68761,12.24506],[-2.68718,12.24334],[-2.68659,12.24245],[-2.68684,12.24088],[-2.68762,12.23992],[-2.68879,12.23805],[-2.68997,12.23758],[-2.6909,12.23689],[-2.69145,12.23746],[-2.69184,12.23753],[-2.69225,12.23736],[-2.69345,12.23626],[-2.69401,12.23611],[-2.69607,12.23639],[-2.69711,12.23614],[-2.69787,12.23499],[-2.6984,12.23486],[-2.69875,12.23322],[-2.69985,12.23185],[-2.70144,12.23128],[-2.70263,12.23107],[-2.70317,12.23076],[-2.70422,12.23069],[-2.70469,12.23089],[-2.70506,12.23075],[-2.70587,12.23099],[-2.70675,12.23102],[-2.70764,12.23156],[-2.70775,12.23237],[-2.70823,12.23364],[-2.70783,12.23459],[-2.70832,12.23462],[-2.70817,12.23501],[-2.70835,12.23559],[-2.70892,12.23609],[-2.70862,12.2371],[-2.70898,12.2376],[-2.70897,12.23813],[-2.70925,12.23823],[-2.70955,12.23805],[-2.71032,12.23803],[-2.71154,12.23747]]},"properties":{"name":"","type":"River","flow_regime":"perennial","label":"River"}},{"type":"Feature","geometry":{"type":"LineString","coordinates":[[-3.54644,12.5131],[-3.5466,12.51487],[-3.54651,12.51566],[-3.54621,12.51632],[-3.5436,12.51935],[-3.54321,12.52079],[-3.54339,12.52245],[-3.54332,12.52342],[-3.5436,12.52414],[-3.54452,12.52535],[-3.54586,12.52617],[-3.54601,12.52652],[-3.54593,12.52929],[-3.54538,12.53064],[-3.54527,12.53143],[-3.54608,12.53422],[-3.54655,12.53725],[-3.54653,12.53799],[-3.54633,12.53849],[-3.54401,12.54151],[-3.54366,12.54209],[-3.54355,12.54261],[-3.5438,12.54342],[-3.54448,12.54452],[-3.5452,12.54757],[-3.54572,12.54867],[-3.54498,12.55073],[-3.54404,12.55227],[-3.54213,12.55363],[-3.53867,12.55891],[-3.5354,12.56212],[-3.53497,12.56282],[-3.53428,12.56522],[-3.53424,12.56643],[-3.53504,12.56923],[-3.53564,12.56994],[-3.53798,12.57061],[-3.53996,12.5714],[-3.54116,12.57217],[-3.54352,12.57322],[-3.54461,12.57395],[-3.54504,12.57447],[-3.54559,12.57614],[-3.54565,12.57694],[-3.54547,12.57767],[-3.54472,12.57903],[-3.54458,12.57964],[-3.54496,12.58098],[-3.54499,12.58184],[-3.54458,12.58271],[-3.54393,12.58328],[-3.5431,12.58364],[-3.5402,12.58451],[-3.53897,12.5847],[-3.53795,12.58462],[-3.53718,12.58437],[-3.53667,12.58396],[-3.53592,12.58218],[-3.53511,12.58111],[-3.53435,12.58042],[-3.53378,12.58025],[-3.5334,12.58036],[-3.53219,12.58264],[-3.5317,12.58401],[-3.53115,12.58646],[-3.53061,12.58716],[-3.52977,12.58786],[-3.52934,12.58854],[-3.52911,12.58902],[-3.52905,12.58985],[-3.52905,12.5913],[-3.5295,12.59275],[-3.53133,12.59651],[-3.5318,12.59704],[-3.53488,12.59808],[-3.53597,12.59815],[-3.53884,12.59615],[-3.53952,12.59586],[-3.54028,12.5958],[-3.54171,12.59619],[-3.54204,12.59678],[-3.54217,12.59828],[-3.542,12.59891],[-3.54143,12.59971],[-3.53935,12.6016],[-3.53901,12.60215],[-3.53864,12.60307],[-3.53855,12.60468],[-3.5383,12.60541],[-3.53715,12.60676],[-3.53623,12.60821],[-3.53557,12.60869],[-3.53314,12.60914],[-3.53237,12.6096],[-3.5306,12.61119],[-3.52964,12.61161],[-3.52889,12.61167],[-3.5262,12.61111],[-3.52511,12.61136],[-3.52438,12.61209],[-3.52393,12.61293],[-3.52368,12.61464],[-3.52397,12.61573],[-3.52603,12.61951],[-3.52661,12.62253],[-3.52719,12.62445],[-3.5272,12.62571],[-3.52698,12.62639],[-3.52591,12.62809],[-3.5262,12.62945],[-3.52661,12.63033],[-3.52699,12.63069],[-3.52926,12.63175],[-3.53006,12.63267],[-3.53058,12.63474],[-3.53071,12.6362],[-3.53039,12.63711],[-3.52865,12.63999],[-3.52816,12.64054],[-3.52672,12.64158],[-3.5221,12.64394],[-3.51924,12.64579],[-3.51854,12.64641],[-3.51809,12.64721],[-3.51772,12.64854],[-3.51825,12.65419],[-3.51873,12.65542],[-3.51983,12.65742],[-3.52009,12.65836],[-3.52005,12.6592],[-3.51952,12.66101],[-3.51802,12.66329],[-3.51781,12.66443],[-3.51811,12.66536],[-3.51905,12.66589],[-3.51996,12.666],[-3.52062,12.66647],[-3.52114,12.66728],[-3.52195,12.66942],[-3.5239,12.67162],[-3.52463,12.67272],[-3.52538,12.6745],[-3.52598,12.67522],[-3.52826,12.67694],[-3.53023,12.6778],[-3.53117,12.67875],[-3.53254,12.68056],[-3.5333,12.68106],[-3.53434,12.68134],[-3.53618,12.6815],[-3.53978,12.68248],[-3.54114,12.683],[-3.54223,12.68379],[-3.54259,12.68452],[-3.54241,12.68625],[-3.54183,12.68701],[-3.54007,12.68792],[-3.53903,12.68915],[-3.53618,12.69332],[-3.5357,12.69416],[-3.53545,12.69522],[-3.53387,12.69826],[-3.53273,12.70128],[-3.5321,12.70224],[-3.53102,12.70296],[-3.52998,12.70304],[-3.52856,12.70266],[-3.52771,12.70276],[-3.5269,12.70328],[-3.52607,12.70418],[-3.52517,12.70555],[-3.52434,12.70769],[-3.52387,12.70839],[-3.52267,12.70913],[-3.52045,12.70949],[-3.51959,12.70988],[-3.5189,12.71062],[-3.51869,12.71117],[-3.51875,12.71252],[-3.51812,12.71537],[-3.51801,12.71813],[-3.51821,12.71943],[-3.51923,12.72125],[-3.51942,12.7225],[-3.51904,12.72566],[-3.51865,12.72707],[-3.51717,12.72947],[-3.51616,12.7316],[-3.51532,12.73258],[-3.51478,12.73262],[-3.51385,12.7312],[-3.51291,12.7303],[-3.51141,12.72926],[-3.50597,12.72736],[-3.50278,12.72675],[-3.50161,12.72637],[-3.50077,12.72591],[-3.49883,12.72424],[-3.49796,12.72304],[-3.49587,12.72126],[-3.4937,12.72018],[-3.48733,12.7163],[-3.48465,12.71516],[-3.4821,12.71364],[-3.47983,12.71183],[-3.4714,12.70914],[-3.46968,12.7092],[-3.46814,12.70953],[-3.46489,12.7113],[-3.46053,12.71477],[-3.45777,12.7174],[-3.45686,12.71872],[-3.45561,12.7214],[-3.45481,12.72458],[-3.45428,12.72837],[-3.45401,12.7327],[-3.4532,12.73553],[-3.45235,12.73769],[-3.45137,12.73911],[-3.44956,12.74083],[-3.44543,12.74585],[-3.44386,12.74722],[-3.44211,12.74789],[-3.44058,12.74791],[-3.43972,12.74757]]},"properties":{"name":"Le Mouhoun","type":"River","flow_regime":"perennial","label":"Le Mouhoun"}},{"type":"Feature","geometry":{"type":"LineString","coordinates":[[-4.23353,12.72661],[-4.23209,12.72594],[-4.23158,12.72537],[-4.23099,12.72532],[-4.22992,12.72421],[-4.22886,12.72128],[-4.22878,12.71997],[-4.22833,12.71969],[-4.22814,12.71907],[-4.22648,12.7186],[-4.22483,12.71687],[-4.22264,12.71536],[-4.22127,12.71497],[-4.22054,12.71503],[-4.21977,12.71478],[-4.21876,12.71497],[-4.2182,12.71475],[-4.2181,12.71449],[-4.21823,12.71423],[-4.2179,12.71407],[-4.21774,12.71427],[-4.21772,12.71494],[-4.21738,12.71494],[-4.21686,12.7144],[-4.2163,12.71462],[-4.21559,12.71523],[-4.21464,12.71532],[-4.21259,12.71753],[-4.21064,12.71914],[-4.20841,12.71989],[-4.20757,12.71998],[-4.20708,12.71973],[-4.20639,12.71869],[-4.20455,12.71793],[-4.20377,12.71741],[-4.20277,12.71627],[-4.20223,12.7152],[-4.20142,12.71435],[-4.2011,12.71359],[-4.20078,12.7119],[-4.20101,12.71097],[-4.20071,12.71063],[-4.20053,12.71008],[-4.20052,12.70934],[-4.19999,12.70859],[-4.20061,12.70811],[-4.20026,12.70728],[-4.19976,12.70685],[-4.19983,12.70627],[-4.19941,12.70583],[-4.19927,12.70521],[-4.19851,12.70506],[-4.19807,12.70448],[-4.197,12.70447],[-4.19637,12.70486],[-4.19581,12.70493],[-4.195,12.70593],[-4.19434,12.70604],[-4.19374,12.7065],[-4.19332,12.70648],[-4.19298,12.70626],[-4.1927,12.70574],[-4.19287,12.70402],[-4.19189,12.70357],[-4.19157,12.70364],[-4.19135,12.70404],[-4.19062,12.7041],[-4.18945,12.70365],[-4.18877,12.70307],[-4.18857,12.70156],[-4.18858,12.69956],[-4.18885,12.69903],[-4.1899,12.69812],[-4.18996,12.69772],[-4.18935,12.69521],[-4.18939,12.6939],[-4.1892,12.69305],[-4.1885,12.6925],[-4.1884,12.69212],[-4.18754,12.6914],[-4.18442,12.69083],[-4.18062,12.68972],[-4.17015,12.68801],[-4.16778,12.68818],[-4.16331,12.68884],[-4.16132,12.68955],[-4.16083,12.68918],[-4.16066,12.68594],[-4.15997,12.68498],[-4.15919,12.68493],[-4.1589,12.68455],[-4.15792,12.68455],[-4.15748,12.68489],[-4.15762,12.68554],[-4.1574,12.68567],[-4.15601,12.68502],[-4.15648,12.68408],[-4.15618,12.68378],[-4.15624,12.68299],[-4.156,12.68224],[-4.15605,12.68192],[-4.15667,12.68165],[-4.15621,12.68056],[-4.15565,12.68062],[-4.15545,12.68099],[-4.15503,12.68109],[-4.15435,12.68065],[-4.15388,12.68067],[-4.15206,12.68149],[-4.15076,12.68183],[-4.15018,12.68155],[-4.15037,12.68111],[-4.15022,12.6809],[-4.14915,12.6808],[-4.14864,12.68028],[-4.14823,12.68009],[-4.14674,12.68014],[-4.14625,12.68],[-4.14586,12.67904],[-4.14608,12.67641],[-4.14553,12.67614],[-4.145,12.67554],[-4.14508,12.67396],[-4.14544,12.673],[-4.14568,12.67275],[-4.1458,12.67216],[-4.14517,12.67164],[-4.14474,12.67057],[-4.14342,12.66975],[-4.14297,12.66967],[-4.14221,12.66984],[-4.14148,12.67077],[-4.14109,12.67102],[-4.14065,12.67092],[-4.1403,12.67048],[-4.14128,12.66573],[-4.14254,12.66448],[-4.1434,12.66316],[-4.14384,12.65994],[-4.1443,12.65815]]},"properties":{"name":"","type":"River","flow_regime":"perennial","label":"River"}},{"type":"Feature","geometry":{"type":"LineString","coordinates":[[-3.43595,12.75203],[-3.43365,12.75044],[-3.43164,12.75058],[-3.42999,12.74988],[-3.42849,12.74967],[-3.42741,12.74864],[-3.42673,12.74823],[-3.4256,12.74691],[-3.42425,12.74576],[-3.42242,12.74456],[-3.42149,12.74449],[-3.42048,12.74563],[-3.41984,12.74597],[-3.41921,12.74566],[-3.4184,12.74487],[-3.41677,12.74392],[-3.41513,12.74338],[-3.41457,12.7434],[-3.4139,12.7443],[-3.41185,12.74491],[-3.41129,12.74465],[-3.41114,12.74412]]},"properties":{"name":"Le Sourou","type":"River","flow_regime":"perennial","label":"Le Sourou"}},{"type":"Feature","geometry":{"type":"LineString","coordinates":[[-2.91014,12.02843],[-2.90785,12.02626],[-2.9057,12.02461],[-2.90267,12.02306],[-2.90187,12.02251],[-2.89938,12.02014],[-2.89736,12.01892],[-2.89691,12.01855],[-2.89542,12.01643],[-2.8948,12.0159],[-2.89226,12.01515],[-2.89092,12.01406],[-2.88935,12.01354],[-2.88826,12.01289],[-2.88715,12.01307],[-2.88593,12.01359],[-2.88501,12.01365],[-2.88305,12.01312],[-2.88149,12.01295],[-2.88035,12.01241],[-2.87884,12.01111],[-2.87684,12.01048],[-2.87402,12.01064],[-2.87065,12.00985],[-2.8658,12.00816],[-2.86283,12.00636],[-2.86031,12.00441],[-2.85848,12.00268],[-2.85547,12.00111],[-2.8546,12.00013],[-2.85265,11.99664],[-2.85131,11.99546],[-2.85049,11.99418],[-2.84981,11.99297],[-2.84909,11.99064],[-2.84853,11.98942],[-2.84664,11.98713],[-2.84588,11.98513],[-2.84583,11.98453],[-2.84627,11.9834],[-2.84638,11.9795],[-2.8474,11.9782],[-2.84759,11.97655],[-2.84735,11.97524],[-2.84744,11.9745],[-2.84923,11.97168],[-2.8505,11.96934],[-2.85142,11.96858],[-2.8544,11.96785],[-2.85534,11.96721],[-2.85828,11.96317],[-2.85896,11.96252],[-2.86312,11.95979],[-2.86561,11.95788],[-2.86864,11.95373],[-2.87658,11.94551],[-2.87789,11.94379],[-2.8794,11.94054],[-2.88009,11.93755]]},"properties":{"name":"Le Mouhoun","type":"River","flow_regime":"perennial","label":"Le Mouhoun"}},{"type":"Feature","geometry":{"type":"LineString","coordinates":[[-2.8524,12.34071],[-2.85356,12.3392],[-2.85381,12.33731],[-2.85444,12.33489],[-2.85524,12.3336],[-2.85967,12.33019],[-2.86193,12.32808],[-2.86546,12.32596],[-2.86733,12.32383],[-2.86982,12.32149],[-2.87131,12.31969],[-2.87371,12.31511],[-2.87504,12.31218],[-2.87955,12.30391],[-2.88078,12.30058],[-2.88169,12.29688],[-2.88248,12.29223],[-2.88562,12.27961],[-2.88609,12.2772],[-2.8871,12.27474],[-2.88726,12.27374],[-2.88701,12.27277],[-2.88702,12.2705],[-2.88665,12.26983],[-2.88575,12.26934],[-2.88543,12.26895],[-2.88512,12.2662],[-2.8848,12.26536],[-2.88362,12.26409],[-2.88164,12.26096],[-2.87837,12.25736],[-2.87678,12.25479],[-2.87569,12.25397],[-2.87412,12.25344],[-2.86991,12.2509],[-2.86934,12.2508],[-2.86777,12.25107],[-2.86646,12.25075],[-2.86593,12.25016],[-2.86532,12.24857],[-2.86246,12.24595],[-2.86126,12.24556],[-2.85899,12.24522],[-2.8574,12.24465],[-2.85565,12.2439],[-2.8528,12.2423],[-2.85145,12.24107],[-2.84668,12.23515],[-2.84475,12.23307],[-2.84094,12.23078],[-2.83895,12.22821],[-2.8368,12.22635],[-2.83419,12.22363],[-2.8334,12.22259],[-2.83274,12.22109],[-2.83111,12.21609],[-2.82876,12.21314],[-2.827,12.21186],[-2.82645,12.21122],[-2.82581,12.20979],[-2.82599,12.20866]]},"properties":{"name":"Le Mouhoun","type":"River","flow_regime":"perennial","label":"Le Mouhoun"}},{"type":"Feature","geometry":{"type":"LineString","coordinates":[[-2.84882,12.38707],[-2.84575,12.38576],[-2.84417,12.38536],[-2.84052,12.38537],[-2.83916,12.38509],[-2.83702,12.384],[-2.83378,12.38119],[-2.83105,12.37781],[-2.83056,12.37699],[-2.82892,12.37229],[-2.82571,12.36428],[-2.82557,12.36277],[-2.82564,12.35984],[-2.8238,12.35592],[-2.82381,12.35228],[-2.82443,12.34922],[-2.82591,12.34588],[-2.82573,12.34375],[-2.82578,12.34252],[-2.82609,12.34117],[-2.82747,12.33923],[-2.82881,12.33805],[-2.83062,12.33702],[-2.83316,12.33591],[-2.83411,12.33567],[-2.8354,12.33559]]},"properties":{"name":"Le Mouhoun","type":"River","flow_regime":"perennial","label":"Le Mouhoun"}},{"type":"Feature","geometry":{"type":"LineString","coordinates":[[-0.00995,12.54009],[-0.00817,12.54053],[-0.00818,12.54145],[-0.005,12.54502],[0.00118,12.55272],[0.0005,12.5601],[0.00496,12.56814],[0.00498,12.57802],[0.00789,12.59041],[0.01457,12.60165],[0.01522,12.60514],[0.01559,12.60569],[0.01547,12.60623],[0.01491,12.60626],[0.01478,12.60658],[0.01528,12.60675],[0.01468,12.60743],[0.01531,12.60812],[0.01508,12.60879],[0.01517,12.60976],[0.0149,12.61058],[0.01397,12.6109],[0.01385,12.61181],[0.01345,12.61203],[0.01324,12.61255],[0.01285,12.61276],[0.01239,12.61273],[0.01147,12.61343],[0.01169,12.61464],[0.01147,12.61501],[0.01217,12.61511],[0.01238,12.61553],[0.01235,12.61664],[0.01193,12.6169],[0.01204,12.61752],[0.01139,12.61787],[0.01071,12.6175],[0.01064,12.61767],[0.0097,12.61804],[0.00976,12.61835],[0.01003,12.61848],[0.00974,12.61922],[0.01002,12.61958],[0.00966,12.62129],[0.00981,12.62269],[0.00871,12.62317],[0.00859,12.62373],[0.00895,12.62439],[0.00877,12.62527],[0.00969,12.62565],[0.00976,12.62617],[0.00953,12.62655],[0.00912,12.62682],[0.00899,12.62796],[0.00863,12.6281],[0.00815,12.62885],[0.00817,12.62899],[0.00848,12.62907],[0.00847,12.62926],[0.00802,12.62956],[0.00764,12.63047],[0.00644,12.63114],[0.00654,12.63286],[0.00642,12.63325],[0.00575,12.63328],[0.00542,12.63294],[0.00517,12.63296],[0.00513,12.63326],[0.00547,12.63381],[0.00557,12.63445],[0.00626,12.63473]]},"properties":{"name":"","type":"River","flow_regime":"perennial","label":"River"}},{"type":"Feature","geometry":{"type":"LineString","coordinates":[[-0.42236,11.6995],[-0.42348,11.69292],[-0.42674,11.68435],[-0.43705,11.67233],[-0.44598,11.66459],[-0.45387,11.65602],[-0.45747,11.6509],[-0.45901,11.64182],[-0.46331,11.63795],[-0.47017,11.62659]]},"properties":{"name":"","type":"River","flow_regime":"perennial","label":"River"}},{"type":"Feature","geometry":{"type":"LineString","coordinates":[[-3.61965,10.29145],[-3.58343,10.29246],[-3.56575,10.29466],[-3.55849,10.2951],[-3.55754,10.29525],[-3.55709,10.29549],[-3.55585,10.29554],[-3.55509,10.29575],[-3.55405,10.29566],[-3.55289,10.29597],[-3.55265,10.29617],[-3.55123,10.2962],[-3.55028,10.29659],[-3.54916,10.29631],[-3.5487,10.29632],[-3.54856,10.29659],[-3.54789,10.29657],[-3.5471,10.29609],[-3.54569,10.29612],[-3.5455,10.29582],[-3.54448,10.29564],[-3.54403,10.29583],[-3.54328,10.29582],[-3.54282,10.29649],[-3.54212,10.29666],[-3.54171,10.29694],[-3.53944,10.29693],[-3.53902,10.29653],[-3.53776,10.29635],[-3.53707,10.29645],[-3.53591,10.29698],[-3.53494,10.29696],[-3.53419,10.29729],[-3.53402,10.29723],[-3.53417,10.29754],[-3.53373,10.2977],[-3.53368,10.2982],[-3.5333,10.29818],[-3.53351,10.2987],[-3.53353,10.2994],[-3.53326,10.29992],[-3.53301,10.30017],[-3.53226,10.30025],[-3.5321,10.30048],[-3.53248,10.30097],[-3.53225,10.30161],[-3.53239,10.30245],[-3.53227,10.30276],[-3.53187,10.3029],[-3.53217,10.30324],[-3.5317,10.30358],[-3.5315,10.30394],[-3.53161,10.30469],[-3.53103,10.30557],[-3.53054,10.31106],[-3.53175,10.31538],[-3.53341,10.31586],[-3.53359,10.31606],[-3.53334,10.31725],[-3.53292,10.31744],[-3.53177,10.3172],[-3.53073,10.31746],[-3.52975,10.31738],[-3.52935,10.3181],[-3.52992,10.3183],[-3.52985,10.31865],[-3.52964,10.31878],[-3.5287,10.31879],[-3.52794,10.31947],[-3.52767,10.32029],[-3.52855,10.32065],[-3.5287,10.32123],[-3.52818,10.32159],[-3.5283,10.32223],[-3.5278,10.32257],[-3.52831,10.32317],[-3.52809,10.32335],[-3.52751,10.32321],[-3.52744,10.32343],[-3.5277,10.32384],[-3.52743,10.3241],[-3.52735,10.32453],[-3.52706,10.32477],[-3.52646,10.32488],[-3.52632,10.32549],[-3.52574,10.32588],[-3.52588,10.32615],[-3.52572,10.3263],[-3.52574,10.32682],[-3.52557,10.32721],[-3.52607,10.32795],[-3.5254,10.32816],[-3.5255,10.32906],[-3.52592,10.32969],[-3.52558,10.32994],[-3.52542,10.33047],[-3.52505,10.33083],[-3.52502,10.33128],[-3.52466,10.33157],[-3.52475,10.33204],[-3.52501,10.33239],[-3.52446,10.33282],[-3.52465,10.33342],[-3.52436,10.33358],[-3.51974,10.34362],[-3.51339,10.35308],[-3.51077,10.36376],[-3.5091,10.37419],[-3.50477,10.38385],[-3.49949,10.39175],[-3.49584,10.39683]]},"properties":{"name":"","type":"River","flow_regime":"perennial","label":"River"}},{"type":"Feature","geometry":{"type":"LineString","coordinates":[[-3.49584,10.39683],[-3.49535,10.39734],[-3.49522,10.39795],[-3.49471,10.39796],[-3.49455,10.39814],[-3.49439,10.39945],[-3.49357,10.39927],[-3.4931,10.39853],[-3.49288,10.3985],[-3.49257,10.39902],[-3.49207,10.39935],[-3.49103,10.39921],[-3.49064,10.39952],[-3.49051,10.40004],[-3.48995,10.40028],[-3.48953,10.39988],[-3.48898,10.39987],[-3.48854,10.39935],[-3.48838,10.39943],[-3.48825,10.40004],[-3.48802,10.40024],[-3.48732,10.40035],[-3.48706,10.40062],[-3.48676,10.40027],[-3.4867,10.39981],[-3.48603,10.39984],[-3.48559,10.39939],[-3.4852,10.39938],[-3.47799,10.39618],[-3.46769,10.39365],[-3.45533,10.38943],[-3.44559,10.38837],[-3.43799,10.38537],[-3.41876,10.38487],[-3.40782,10.38719],[-3.40589,10.3928],[-3.39902,10.40479],[-3.39439,10.40648],[-3.38735,10.40727],[-3.38276,10.41117],[-3.37739,10.41104],[-3.37036,10.41408],[-3.36521,10.41965],[-3.35885,10.41982],[-3.35323,10.41893],[-3.34911,10.41859],[-3.34461,10.41897],[-3.34345,10.42231],[-3.33727,10.42281],[-3.33298,10.41961],[-3.32916,10.41847],[-3.32834,10.41691],[-3.32469,10.4129],[-3.31903,10.41256],[-3.31611,10.41729],[-3.31375,10.42214],[-3.30362,10.42265],[-3.29568,10.42151],[-3.28967,10.42725],[-3.28113,10.42687],[-3.27577,10.43164],[-3.27083,10.43565],[-3.26461,10.42691],[-3.25586,10.42134],[-3.24354,10.41252],[-3.23547,10.41302],[-3.22685,10.40986],[-3.22157,10.40948],[-3.21625,10.40779],[-3.20869,10.40813],[-3.20337,10.40627],[-3.19942,10.4088],[-3.19942,10.41099],[-3.20064,10.41148],[-3.20091,10.4119],[-3.2001,10.41279],[-3.20056,10.41477],[-3.20145,10.41538],[-3.20133,10.41619],[-3.20059,10.41662],[-3.20012,10.41848],[-3.19805,10.41809],[-3.19708,10.41755],[-3.19668,10.41623],[-3.19539,10.41589],[-3.19509,10.41515],[-3.19299,10.41386],[-3.19221,10.41455],[-3.19174,10.41418],[-3.19188,10.41325],[-3.18871,10.41263],[-3.17775,10.40158],[-3.17415,10.39912]]},"properties":{"name":"Poni","type":"River","flow_regime":"perennial","label":"Poni"}},{"type":"Feature","geometry":{"type":"LineString","coordinates":[[-3.18923,9.93552],[-3.18329,9.9396],[-3.17706,9.93778],[-3.17264,9.93791],[-3.16818,9.94214],[-3.16561,9.9489],[-3.15385,9.95243],[-3.14876,9.95087],[-3.14038,9.9472],[-3.13859,9.94776],[-3.13559,9.94752],[-3.1346,9.94803],[-3.13353,9.94802],[-3.13297,9.94735],[-3.13128,9.94823],[-3.12964,9.94869],[-3.12728,9.94843],[-3.12608,9.94761],[-3.12579,9.9466],[-3.12508,9.94604],[-3.12389,9.94644],[-3.12066,9.94386],[-3.11874,9.94483],[-3.11661,9.94528],[-3.1162,9.94597],[-3.11733,9.94699],[-3.11686,9.94777],[-3.11675,9.94857],[-3.11609,9.94953],[-3.11545,9.94949],[-3.11365,9.95101],[-3.11234,9.95077],[-3.11157,9.95142],[-3.11053,9.95171],[-3.10967,9.95094],[-3.10788,9.95121],[-3.10779,9.95084],[-3.10734,9.95056],[-3.10672,9.95146],[-3.10623,9.95106],[-3.10548,9.95139],[-3.10403,9.95042],[-3.10303,9.95095],[-3.10256,9.95045],[-3.10173,9.95046],[-3.10043,9.95004],[-3.09969,9.9514],[-3.09799,9.95269],[-3.09605,9.95375],[-3.09548,9.9538],[-3.0951,9.95469],[-3.09334,9.95542],[-3.09271,9.9566],[-3.09305,9.95764],[-3.09263,9.95799],[-3.09294,9.95936],[-3.09247,9.96034],[-3.09259,9.96155],[-3.09211,9.96197],[-3.09266,9.96322],[-3.09183,9.9642],[-3.09051,9.96479],[-3.08971,9.9657],[-3.088,9.96664],[-3.08571,9.96624],[-3.08492,9.96637],[-3.08303,9.96728],[-3.08236,9.96824],[-3.08058,9.96686],[-3.07942,9.96765],[-3.07951,9.96838],[-3.07696,9.97137],[-3.07736,9.97275],[-3.07672,9.97324],[-3.07626,9.97473],[-3.07614,9.97578],[-3.0755,9.97616],[-3.07448,9.97606],[-3.07358,9.97549],[-3.07255,9.97535],[-3.07122,9.97565],[-3.06963,9.97535],[-3.06894,9.97557],[-3.06844,9.97635],[-3.06737,9.97559],[-3.06634,9.97551],[-3.06543,9.97496],[-3.06456,9.97514],[-3.06291,9.97447],[-3.06154,9.97478],[-3.06052,9.97472],[-3.05906,9.97554],[-3.05651,9.97604],[-3.05463,9.97594],[-3.05348,9.9767],[-3.05201,9.97698],[-3.05032,9.97597],[-3.04775,9.97536],[-3.04342,9.9756],[-3.03995,9.97535],[-3.03875,9.97644],[-3.03789,9.97794],[-3.03679,9.97763],[-3.03601,9.97629],[-3.03491,9.97523],[-3.03333,9.9748],[-3.0327,9.97396],[-3.03167,9.97409],[-3.02895,9.97283],[-3.02802,9.97207],[-3.02693,9.9719],[-3.02464,9.97256],[-3.02467,9.97335],[-3.02534,9.97446],[-3.02414,9.97454],[-3.02264,9.97499],[-3.0202,9.97679],[-3.01733,9.97725],[-3.016,9.9782],[-3.01445,9.97874],[-3.01426,9.97827],[-3.01375,9.97815],[-3.01214,9.97889],[-3.01185,9.97977],[-3.00859,9.97959],[-3.00685,9.98021],[-3.00607,9.97998],[-3.0056,9.9795],[-3.00486,9.97822],[-3.00345,9.9772],[-3.0017,9.97631],[-3.00122,9.97553],[-3.00003,9.97551],[-3.00003,9.97448],[-2.99963,9.97403],[-2.99896,9.97402],[-2.99888,9.9743],[-2.99906,9.97473],[-2.99861,9.97502],[-2.99811,9.97518],[-2.99747,9.97501],[-2.99706,9.97431],[-2.99739,9.9727],[-2.99715,9.97204],[-2.99676,9.97182],[-2.99562,9.97247],[-2.99523,9.97311],[-2.99416,9.97312],[-2.99301,9.9735],[-2.99258,9.97321],[-2.99175,9.97345],[-2.99138,9.97249],[-2.99072,9.97221],[-2.98811,9.97053],[-2.98668,9.96994],[-2.98521,9.9689],[-2.98528,9.96821],[-2.98468,9.96806],[-2.98413,9.96875],[-2.98336,9.96924],[-2.98191,9.96916],[-2.98086,9.9708],[-2.98097,9.97142],[-2.98136,9.97216],[-2.98222,9.97297],[-2.98365,9.97373],[-2.98431,9.97443],[-2.98372,9.97464],[-2.98134,9.9745],[-2.98067,9.97489],[-2.98055,9.97573],[-2.98113,9.97632],[-2.98136,9.97763],[-2.98082,9.97791],[-2.98017,9.978],[-2.97915,9.97749],[-2.97594,9.97495],[-2.97323,9.97423],[-2.97162,9.97345],[-2.97024,9.97353],[-2.9695,9.9729],[-2.96874,9.97389],[-2.96795,9.97376],[-2.96767,9.97311],[-2.96781,9.97214],[-2.96723,9.97169],[-2.96608,9.97165],[-2.96441,9.97418],[-2.96481,9.97499],[-2.96499,9.97594],[-2.96673,9.97653],[-2.96641,9.97756],[-2.96661,9.97907],[-2.96637,9.9794],[-2.96467,9.97872],[-2.96373,9.97933],[-2.96318,9.98109],[-2.96294,9.98248],[-2.9625,9.98279],[-2.96028,9.98224],[-2.95911,9.98251],[-2.95893,9.98349],[-2.95775,9.98361],[-2.95651,9.9834],[-2.95597,9.9839],[-2.95679,9.98487],[-2.95645,9.98508],[-2.95564,9.98492],[-2.95495,9.98506],[-2.95429,9.98541],[-2.95335,9.98538],[-2.95079,9.98486],[-2.94929,9.98504],[-2.94841,9.98472],[-2.94834,9.98412],[-2.94717,9.98375],[-2.9458,9.98399],[-2.94467,9.98337],[-2.94334,9.9835],[-2.94295,9.98384],[-2.94181,9.98337],[-2.9411,9.98272],[-2.94118,9.98206],[-2.94092,9.98156],[-2.94032,9.98114],[-2.94098,9.97977],[-2.93943,9.97963],[-2.9387,9.97849],[-2.93781,9.97811],[-2.93462,9.97847],[-2.93391,9.97891],[-2.93351,9.9795],[-2.9336,9.97972],[-2.93382,9.9798],[-2.93388,9.98012],[-2.93343,9.98029],[-2.93304,9.98023],[-2.93287,9.9799],[-2.93228,9.98124],[-2.93227,9.98181],[-2.93184,9.98201],[-2.93131,9.98288],[-2.93143,9.98356],[-2.93096,9.98464],[-2.9308,9.98634],[-2.93036,9.98674],[-2.93062,9.98719],[-2.93099,9.98731],[-2.93072,9.98796],[-2.93,9.98826],[-2.9294,9.98928],[-2.92939,9.99008],[-2.92897,9.99054],[-2.92798,9.99087],[-2.92727,9.99088],[-2.92749,9.99205],[-2.92675,9.99239],[-2.92604,9.99249],[-2.92578,9.99283],[-2.92374,9.99137],[-2.92158,9.99096],[-2.9213,9.99122],[-2.92056,9.99267],[-2.91989,9.99562],[-2.91961,9.99605],[-2.91839,9.99655],[-2.91719,9.99673],[-2.91394,9.99627],[-2.91211,9.99537],[-2.91179,9.99447],[-2.91156,9.99278],[-2.91163,9.99167],[-2.91044,9.9895],[-2.90987,9.98913],[-2.90919,9.98823],[-2.90898,9.98762],[-2.90692,9.98401],[-2.90642,9.98366],[-2.90526,9.9833],[-2.90476,9.98334],[-2.90417,9.98388],[-2.90385,9.98379],[-2.90254,9.98283],[-2.90061,9.98198],[-2.89925,9.9824],[-2.89755,9.98351],[-2.89749,9.98397],[-2.89786,9.98463],[-2.8975,9.98537],[-2.89831,9.98727],[-2.89837,9.9884],[-2.89802,9.98985],[-2.89713,9.99111],[-2.89636,9.99169],[-2.89588,9.99353],[-2.89595,9.99414],[-2.89618,9.9946],[-2.89538,9.99765],[-2.89367,10.00015],[-2.89299,10.00071],[-2.89254,10.0008],[-2.89214,10.00067],[-2.89075,10.00084],[-2.89003,10.00071],[-2.88959,9.99993],[-2.88935,9.99853],[-2.8891,9.99816],[-2.88831,9.99772],[-2.88649,9.99739],[-2.88425,9.9962],[-2.88359,9.99611],[-2.8831,9.99635],[-2.88281,9.99725],[-2.88273,9.99845],[-2.8831,10.00145],[-2.88277,10.00222],[-2.8824,10.00248],[-2.88184,10.00402],[-2.88112,10.00738],[-2.88144,10.00904],[-2.88183,10.0097],[-2.88174,10.00993],[-2.88088,10.00994],[-2.88052,10.01036],[-2.87956,10.01083],[-2.8793,10.01135],[-2.87937,10.01345],[-2.87919,10.01419],[-2.87863,10.01489],[-2.87824,10.01609],[-2.87818,10.01691],[-2.87832,10.01778],[-2.87792,10.01802],[-2.87606,10.01777],[-2.87224,10.0181],[-2.8711,10.01998],[-2.86994,10.02072],[-2.86916,10.02107],[-2.86816,10.02067],[-2.86788,10.01988],[-2.86715,10.02],[-2.86659,10.02055],[-2.86648,10.02119],[-2.86597,10.02152],[-2.86508,10.02118],[-2.8646,10.02135],[-2.86367,10.02275],[-2.86156,10.02388],[-2.85973,10.02442],[-2.85845,10.0251],[-2.85746,10.02603],[-2.85654,10.02748],[-2.85587,10.02869],[-2.85576,10.03025],[-2.85526,10.03084],[-2.8544,10.03116],[-2.85414,10.03153],[-2.85414,10.03236],[-2.8537,10.03298],[-2.8534,10.0331],[-2.85268,10.03421],[-2.85135,10.03538],[-2.85022,10.03663],[-2.84931,10.03697],[-2.84553,10.03706],[-2.8447,10.03674],[-2.84423,10.03635],[-2.844,10.0356],[-2.84402,10.03469],[-2.84487,10.03191],[-2.84547,10.02905],[-2.84589,10.026],[-2.8458,10.02434],[-2.84599,10.02377],[-2.84654,10.02316],[-2.84931,10.0217],[-2.8495,10.02113],[-2.84926,10.02035],[-2.84821,10.01881],[-2.84608,10.01666],[-2.84547,10.01395],[-2.84579,10.01311],[-2.8454,10.01165],[-2.8434,10.01067],[-2.84248,10.00953],[-2.84149,10.00877],[-2.84077,10.00839],[-2.83963,10.00833],[-2.83779,10.00761],[-2.83492,10.00629],[-2.83327,10.00518],[-2.83283,10.00518],[-2.83029,10.00685],[-2.82693,10.00935],[-2.82539,10.0096],[-2.82356,10.01013],[-2.82305,10.01061],[-2.82217,10.01283],[-2.822,10.01378],[-2.82245,10.01522],[-2.82283,10.01892],[-2.8232,10.02012],[-2.82319,10.02068],[-2.82292,10.02098],[-2.82057,10.01988],[-2.81958,10.01967],[-2.81753,10.02053],[-2.81654,10.02064],[-2.81538,10.02116],[-2.81436,10.02198],[-2.81261,10.02246],[-2.81237,10.02285],[-2.81251,10.02345],[-2.81364,10.02407],[-2.81481,10.02434],[-2.81569,10.02582],[-2.81564,10.02684],[-2.81536,10.02788],[-2.81544,10.0287],[-2.8163,10.02983],[-2.81736,10.03071],[-2.81807,10.03172],[-2.82274,10.03619],[-2.82337,10.03727],[-2.82333,10.03826],[-2.82255,10.03844],[-2.82121,10.0392],[-2.82108,10.04009],[-2.82064,10.04136],[-2.82003,10.04174],[-2.81938,10.04181],[-2.81546,10.04109],[-2.81344,10.04023],[-2.80487,10.03918],[-2.80405,10.0376],[-2.8004,10.03247],[-2.7967,10.03139],[-2.79328,10.03136],[-2.78889,10.0302],[-2.78556,10.02878],[-2.78171,10.02678]]},"properties":{"name":"Poni","type":"River","flow_regime":"perennial","label":"Poni"}},{"type":"Feature","geometry":{"type":"LineString","coordinates":[[-3.28302,10.2058],[-3.27783,10.20229],[-3.26499,10.2059],[-3.26214,10.2087],[-3.26079,10.2085],[-3.26001,10.20738],[-3.25861,10.20722],[-3.25787,10.2064],[-3.2575,10.20539],[-3.25709,10.20495],[-3.25708,10.20378],[-3.25647,10.20311],[-3.25585,10.20355],[-3.25525,10.2034],[-3.25425,10.20283],[-3.252,10.20384],[-3.25162,10.20447],[-3.25107,10.2047],[-3.25081,10.20524],[-3.2502,10.20492],[-3.25,10.20535],[-3.25008,10.20572],[-3.24966,10.20619],[-3.24987,10.20665],[-3.25113,10.20769],[-3.25115,10.20882],[-3.25187,10.20915],[-3.25168,10.20985],[-3.25219,10.2104],[-3.25216,10.21105],[-3.25299,10.21234],[-3.25228,10.21361],[-3.25171,10.2142],[-3.25068,10.21315],[-3.24911,10.21286],[-3.24848,10.21319],[-3.24823,10.21378],[-3.24866,10.21448],[-3.24816,10.21515],[-3.24858,10.21553],[-3.24853,10.21604],[-3.24764,10.21691],[-3.24773,10.21763],[-3.24824,10.21776],[-3.24851,10.21826],[-3.24922,10.21869],[-3.2491,10.21927],[-3.2486,10.21978],[-3.24899,10.22049],[-3.24994,10.22129],[-3.2495,10.22179],[-3.24945,10.22288],[-3.24885,10.22331],[-3.24749,10.22373],[-3.24726,10.22402],[-3.24689,10.22354],[-3.2463,10.22402],[-3.24527,10.22318],[-3.24451,10.22306],[-3.24379,10.22374],[-3.24254,10.22396],[-3.24178,10.22368],[-3.24122,10.22403],[-3.24055,10.22386],[-3.23904,10.22413],[-3.23777,10.22453],[-3.23706,10.22512],[-3.23604,10.2254],[-3.23548,10.22649],[-3.23513,10.22614],[-3.23437,10.22632],[-3.23362,10.22729],[-3.23223,10.22705],[-3.23113,10.2274],[-3.23087,10.22791],[-3.23093,10.22862],[-3.23066,10.22867],[-3.2298,10.22821],[-3.22937,10.22778],[-3.22715,10.22818],[-3.22632,10.228],[-3.2251,10.22841],[-3.21941,10.22894],[-3.21863,10.2298],[-3.21803,10.23077],[-3.21712,10.2317],[-3.2166,10.23164],[-3.2164,10.23192],[-3.2152,10.23264],[-3.21305,10.23216],[-3.21236,10.23118],[-3.21144,10.23103],[-3.2111,10.23059],[-3.21044,10.23056],[-3.20985,10.2301],[-3.20895,10.2305],[-3.20889,10.22998],[-3.20837,10.22962],[-3.20847,10.22939],[-3.20815,10.22909],[-3.20771,10.22901],[-3.20621,10.22938],[-3.20621,10.23006],[-3.20597,10.2306],[-3.20606,10.23115],[-3.20476,10.23157],[-3.20381,10.23211],[-3.20295,10.23202],[-3.20243,10.23248],[-3.20237,10.23306],[-3.20194,10.23297],[-3.20173,10.23223],[-3.20008,10.23187],[-3.19975,10.23201],[-3.19955,10.23182],[-3.19954,10.2312],[-3.19885,10.23106],[-3.1986,10.23162],[-3.19813,10.23196],[-3.19764,10.23126],[-3.19691,10.23149],[-3.19658,10.23092],[-3.19599,10.23088],[-3.19566,10.23111],[-3.19601,10.23134],[-3.1953,10.23133],[-3.1941,10.231],[-3.19407,10.2308],[-3.1944,10.23034],[-3.19431,10.22991],[-3.19384,10.22981],[-3.19297,10.23018],[-3.19237,10.23026],[-3.19091,10.22971],[-3.1902,10.22968],[-3.19001,10.22984],[-3.18991,10.2303],[-3.1897,10.23042],[-3.18901,10.2306],[-3.18877,10.23024],[-3.18837,10.23024],[-3.1881,10.23033],[-3.18793,10.23083],[-3.18756,10.23094],[-3.18706,10.23073],[-3.18693,10.23202],[-3.18772,10.23218],[-3.18744,10.23347],[-3.18644,10.23384],[-3.18644,10.23439],[-3.18602,10.23474],[-3.18602,10.23568],[-3.18567,10.23615],[-3.1856,10.23691],[-3.18527,10.23715],[-3.18477,10.23674],[-3.18438,10.23752],[-3.18478,10.23819],[-3.18412,10.23938],[-3.18213,10.23951],[-3.18177,10.23879],[-3.18093,10.23927],[-3.1795,10.23899],[-3.17859,10.23935],[-3.17916,10.24025],[-3.17608,10.23978],[-3.1752,10.24014],[-3.17528,10.24094],[-3.1743,10.24205],[-3.17315,10.24193],[-3.17243,10.24264],[-3.17196,10.24281],[-3.17133,10.24244],[-3.17086,10.2424]]},"properties":{"name":"","type":"River","flow_regime":"perennial","label":"River"}},{"type":"Feature","geometry":{"type":"LineString","coordinates":[[-3.53348,10.21412],[-3.54257,10.21932],[-3.55322,10.2183],[-3.55764,10.21648],[-3.56485,10.21192],[-3.57073,10.20867],[-3.57674,10.20867],[-3.58652,10.21138],[-3.59373,10.21543],[-3.59527,10.22388],[-3.59785,10.23216],[-3.59991,10.2357],[-3.60708,10.23996],[-3.61862,10.24196],[-3.63132,10.24466],[-3.63677,10.24418],[-3.64227,10.24418]]},"properties":{"name":"","type":"River","flow_regime":"perennial","label":"River"}},{"type":"Feature","geometry":{"type":"LineString","coordinates":[[-2.98983,10.20361],[-2.98074,10.19752],[-2.97279,10.19333],[-2.96752,10.18485],[-2.9642,10.17728],[-2.96472,10.16715],[-2.96661,10.15025],[-2.96935,10.14112],[-2.97335,10.13551],[-2.97571,10.13048],[-2.97399,10.12727],[-2.97224,10.12175],[-2.97132,10.12085],[-2.97147,10.12019],[-2.97102,10.11965],[-2.96975,10.11907],[-2.9694,10.11848],[-2.96966,10.11788],[-2.96894,10.1176],[-2.96828,10.11778],[-2.96792,10.11717],[-2.96774,10.11421],[-2.96799,10.11394],[-2.96786,10.11337],[-2.9682,10.11299],[-2.96829,10.11224],[-2.96881,10.11147],[-2.97083,10.11005],[-2.97181,10.10902],[-2.9717,10.10833],[-2.97209,10.10674],[-2.97323,10.1045],[-2.97256,10.1039],[-2.97323,10.10386],[-2.97328,10.10222],[-2.9725,10.10102],[-2.97243,10.10001],[-2.97512,10.09769],[-2.97563,10.09564],[-2.9758,10.09366],[-2.97519,10.09237],[-2.97515,10.09044],[-2.9757,10.08896],[-2.9755,10.08698],[-2.97605,10.08503],[-2.97548,10.08245],[-2.97605,10.0819],[-2.97652,10.08064],[-2.97573,10.07936],[-2.97605,10.07809],[-2.97496,10.07697],[-2.97656,10.07454],[-2.97609,10.07421],[-2.97665,10.07326],[-2.97633,10.07191],[-2.9771,10.07142],[-2.97664,10.07032],[-2.97769,10.0694],[-2.97616,10.0681],[-2.97761,10.06503],[-2.97699,10.06475],[-2.97722,10.06437],[-2.97849,10.06356],[-2.97989,10.06486],[-2.98118,10.06302],[-2.97811,10.05982],[-2.97795,10.05846],[-2.97823,10.05639],[-2.97779,10.05423]]},"properties":{"name":"","type":"River","flow_regime":"perennial","label":"River"}},{"type":"Feature","geometry":{"type":"LineString","coordinates":[[-4.98916,10.42957],[-4.98831,10.44189],[-4.97968,10.44531],[-4.97801,10.45354],[-4.97056,10.45786],[-4.9653,10.46772],[-4.94707,10.47435],[-4.93943,10.47992],[-4.92788,10.48072],[-4.91243,10.48139],[-4.90329,10.48549],[-4.88565,10.48308],[-4.87226,10.48527],[-4.86008,10.48426],[-4.83621,10.48291],[-4.82265,10.48426],[-4.81356,10.48899],[-4.80652,10.48949],[-4.79703,10.4811],[-4.78963,10.47553],[-4.78765,10.47487],[-4.78557,10.47532],[-4.78387,10.47622],[-4.78175,10.47643],[-4.77911,10.47624],[-4.77652,10.47695]]},"properties":{"name":"Kandiagou","type":"River","flow_regime":"perennial","label":"Kandiagou"}},{"type":"Feature","geometry":{"type":"LineString","coordinates":[[-4.86111,10.21324],[-4.85887,10.20969],[-4.84493,10.20465],[-4.84085,10.20175],[-4.82931,10.20111],[-4.81901,10.19722],[-4.79892,10.19435],[-4.79723,10.19366],[-4.7961,10.19253],[-4.79556,10.19229],[-4.79531,10.19186],[-4.79473,10.19154],[-4.79403,10.19174],[-4.7938,10.19215],[-4.79362,10.19217],[-4.79332,10.19195],[-4.79321,10.19129],[-4.79295,10.19106],[-4.78911,10.18915],[-4.78867,10.18909],[-4.78743,10.18804],[-4.78601,10.18759],[-4.78526,10.18779],[-4.7849,10.18771],[-4.78408,10.18823],[-4.78351,10.18833],[-4.78238,10.18774],[-4.78213,10.18737],[-4.7815,10.18702],[-4.78017,10.18672],[-4.77932,10.1868],[-4.77899,10.1871],[-4.77859,10.18686],[-4.77752,10.18665],[-4.77737,10.18642],[-4.77703,10.18694],[-4.77663,10.18682],[-4.77583,10.18693],[-4.77551,10.18741],[-4.77519,10.18716],[-4.77503,10.18631],[-4.77436,10.18609],[-4.77295,10.1867],[-4.77297,10.18714],[-4.7727,10.18759],[-4.77281,10.18799],[-4.77272,10.18834],[-4.77152,10.18943],[-4.7705,10.18995],[-4.76995,10.18979],[-4.77012,10.18918],[-4.7699,10.18872],[-4.76938,10.18837],[-4.76911,10.18789],[-4.76855,10.18777],[-4.76802,10.18862],[-4.76776,10.1887],[-4.76723,10.18969],[-4.76677,10.18992],[-4.76677,10.19032],[-4.76665,10.19012],[-4.76623,10.19087],[-4.76586,10.19073],[-4.76567,10.19105],[-4.76535,10.19107],[-4.7649,10.19148],[-4.76379,10.1919],[-4.76314,10.19171],[-4.76283,10.19206],[-4.75794,10.19296],[-4.75313,10.19904],[-4.74884,10.2004],[-4.74266,10.20361],[-4.73747,10.20449],[-4.7291,10.20428],[-4.72893,10.19972],[-4.72442,10.19401],[-4.71601,10.19266],[-4.7061,10.19296],[-4.6958,10.18671],[-4.6858,10.18269],[-4.67224,10.17999],[-4.66829,10.17796],[-4.65181,10.17745],[-4.64739,10.17522],[-4.64168,10.17661],[-4.63344,10.17762],[-4.62576,10.17607],[-4.62108,10.17644],[-4.61439,10.17999],[-4.60876,10.17911],[-4.60173,10.17657]]},"properties":{"name":"","type":"River","flow_regime":"perennial","label":"River"}},{"type":"Feature","geometry":{"type":"LineString","coordinates":[[-4.20347,10.11287],[-4.21703,10.10645],[-4.22218,10.10543],[-4.22613,10.10628],[-4.23793,10.11128],[-4.2397,10.11226],[-4.24108,10.1123],[-4.24134,10.11248],[-4.24289,10.11238],[-4.24343,10.11267],[-4.24415,10.1128],[-4.24453,10.11244],[-4.24558,10.11231],[-4.24573,10.11164],[-4.24652,10.11081],[-4.24725,10.11085],[-4.24762,10.1107],[-4.24881,10.1108],[-4.24935,10.11104],[-4.24969,10.11196],[-4.25074,10.11244],[-4.25119,10.11221],[-4.25142,10.11227],[-4.25148,10.11333],[-4.25214,10.11405],[-4.25232,10.11461],[-4.25272,10.11491],[-4.25255,10.11503],[-4.25264,10.11564],[-4.25343,10.11565],[-4.25362,10.11609],[-4.25443,10.11612],[-4.25481,10.1159],[-4.25513,10.11515],[-4.25581,10.11525],[-4.25619,10.11475],[-4.25653,10.11469],[-4.25679,10.11537],[-4.25704,10.11536],[-4.25758,10.11498],[-4.25793,10.11524],[-4.25823,10.11498],[-4.25846,10.11535],[-4.25939,10.11531],[-4.25964,10.11526],[-4.26007,10.11481],[-4.26045,10.11495],[-4.26107,10.11462],[-4.26242,10.11459],[-4.26261,10.11413],[-4.26296,10.11396],[-4.26355,10.11428],[-4.2639,10.11429],[-4.26434,10.11385],[-4.26454,10.11303],[-4.265,10.11307],[-4.26497,10.1123],[-4.26466,10.11202],[-4.26553,10.111],[-4.26607,10.11093],[-4.26599,10.11029],[-4.2668,10.1102],[-4.26733,10.11069],[-4.26757,10.11044],[-4.26758,10.11008],[-4.26795,10.10993],[-4.26869,10.10921],[-4.27162,10.10949],[-4.27759,10.10293],[-4.28806,10.10513],[-4.29904,10.11138],[-4.30612,10.11017],[-4.31106,10.11189],[-4.31505,10.11659],[-4.31917,10.11845],[-4.32415,10.1149],[-4.32896,10.11591],[-4.33441,10.11341],[-4.33938,10.11645],[-4.3432,10.11202],[-4.34749,10.11355],[-4.35402,10.11135],[-4.36204,10.11189],[-4.36844,10.1105],[-4.37015,10.10763],[-4.37359,10.10848],[-4.37955,10.10952],[-4.382,10.10577],[-4.38642,10.1053],[-4.39002,10.10868],[-4.39311,10.10834],[-4.39741,10.10462],[-4.40067,10.10427],[-4.401,10.10376],[-4.40133,10.10368],[-4.40318,10.10431],[-4.40689,10.11338],[-4.41685,10.11371],[-4.42303,10.11355],[-4.43054,10.1102],[-4.43539,10.10611],[-4.44174,10.10459],[-4.45101,10.10712],[-4.45804,10.10864],[-4.46199,10.10408],[-4.46852,10.10476],[-4.47349,10.10138],[-4.48156,10.09512],[-4.48723,10.0936],[-4.49324,10.09259],[-4.50285,10.09056],[-4.50916,10.09262],[-4.51452,10.09022],[-4.51825,10.08772],[-4.52495,10.08536],[-4.5313,10.07809],[-4.53958,10.08363],[-4.53851,10.08738],[-4.53993,10.09293],[-4.54542,10.09174],[-4.54778,10.08688],[-4.55053,10.0835],[-4.55829,10.08211],[-4.56117,10.08722],[-4.56787,10.08975],[-4.57186,10.0882],[-4.57387,10.08689]]},"properties":{"name":"Badolo","type":"River","flow_regime":"perennial","label":"Badolo"}},{"type":"Feature","geometry":{"type":"LineString","coordinates":[[-2.27795,12.88845],[-2.28499,12.88661],[-2.28962,12.87958],[-2.29151,12.87373],[-2.29477,12.87055],[-2.30078,12.86684],[-2.3019,12.8657],[-2.30208,12.8652],[-2.30254,12.86521],[-2.30273,12.8647],[-2.30315,12.86479],[-2.30327,12.86421],[-2.30369,12.86404],[-2.30424,12.86347],[-2.30524,12.86366],[-2.30601,12.86322],[-2.30624,12.86273],[-2.30709,12.86245],[-2.30726,12.86266],[-2.30785,12.86242],[-2.30888,12.86148],[-2.32275,12.85565],[-2.33168,12.85281],[-2.33786,12.85111],[-2.34164,12.8441],[-2.35005,12.84056],[-2.3564,12.83004],[-2.36876,12.8277],[-2.3742,12.82549],[-2.37715,12.82513],[-2.37783,12.82563],[-2.37806,12.82621],[-2.37835,12.82636],[-2.38011,12.82603],[-2.38158,12.82517],[-2.3818,12.82468],[-2.38169,12.82306],[-2.38188,12.82271],[-2.38253,12.82254],[-2.38328,12.82275],[-2.38392,12.82223],[-2.38402,12.82157],[-2.38358,12.82117],[-2.38327,12.82043],[-2.38325,12.81969],[-2.3834,12.81927],[-2.38415,12.81933],[-2.38467,12.81884],[-2.38495,12.81742],[-2.3846,12.81653],[-2.38405,12.81596],[-2.38394,12.81535],[-2.38433,12.8151],[-2.38486,12.81511],[-2.38631,12.81471],[-2.38704,12.81409],[-2.38748,12.81336],[-2.38736,12.81261],[-2.38703,12.81213],[-2.38646,12.812],[-2.38624,12.81157],[-2.3869,12.81054],[-2.38669,12.81023],[-2.38571,12.80983],[-2.38515,12.80929],[-2.38574,12.80746],[-2.3863,12.80706],[-2.38677,12.80643],[-2.38663,12.80601],[-2.38618,12.8055],[-2.38572,12.80524],[-2.38561,12.80486],[-2.38624,12.80456],[-2.38646,12.80408],[-2.38654,12.8038],[-2.38631,12.80283],[-2.38651,12.80239],[-2.38684,12.80222],[-2.38849,12.8024],[-2.38952,12.80202],[-2.38992,12.80159],[-2.38942,12.80101],[-2.38942,12.80047],[-2.38879,12.80023],[-2.38751,12.80064],[-2.387,12.80057],[-2.38702,12.79996],[-2.38912,12.7986],[-2.38916,12.79805],[-2.38953,12.79756],[-2.38928,12.79707],[-2.38777,12.79635],[-2.38752,12.79608],[-2.38782,12.79578],[-2.38804,12.79489],[-2.38657,12.79317],[-2.38596,12.79279],[-2.38597,12.7925],[-2.38747,12.79185],[-2.38752,12.79156],[-2.38736,12.79135],[-2.38692,12.79129],[-2.3858,12.79006],[-2.38765,12.78959],[-2.38741,12.78912],[-2.38648,12.789],[-2.38607,12.78873],[-2.38624,12.78828],[-2.38807,12.78826],[-2.38928,12.78783],[-2.39084,12.7876],[-2.39095,12.78719],[-2.39081,12.78578],[-2.39092,12.78544],[-2.39148,12.7853],[-2.39224,12.78537],[-2.39319,12.78572],[-2.39454,12.7865],[-2.39503,12.78633],[-2.39488,12.78598],[-2.39506,12.78561],[-2.39592,12.78512],[-2.39669,12.78399],[-2.39678,12.78354],[-2.39708,12.78331],[-2.39829,12.78472],[-2.39886,12.78512],[-2.39901,12.78546],[-2.39942,12.78571],[-2.40153,12.78557],[-2.40189,12.78594],[-2.40165,12.78655],[-2.40056,12.78679],[-2.40051,12.78724],[-2.40099,12.7876],[-2.40174,12.7874],[-2.4033,12.78492],[-2.40369,12.78377],[-2.40426,12.78326],[-2.40482,12.78321],[-2.40523,12.78358],[-2.40598,12.78484],[-2.40689,12.78533],[-2.40847,12.78518],[-2.41053,12.7845],[-2.41092,12.7841],[-2.41045,12.7825],[-2.41048,12.78219],[-2.41114,12.7817],[-2.4114,12.78178],[-2.41185,12.7815],[-2.41257,12.781],[-2.41269,12.78069],[-2.41209,12.77975],[-2.41276,12.77939],[-2.41458,12.7794],[-2.41579,12.77914],[-2.41617,12.77835],[-2.41624,12.77679],[-2.41645,12.77591],[-2.41672,12.77542],[-2.41698,12.77526]]},"properties":{"name":"","type":"River","flow_regime":"perennial","label":"River"}},{"type":"Feature","geometry":{"type":"LineString","coordinates":[[-2.44008,12.42614],[-2.4401,12.42597],[-2.44084,12.42535],[-2.44097,12.42473],[-2.44144,12.42402],[-2.44283,12.42363],[-2.44354,12.42327],[-2.44585,12.42272],[-2.4471,12.42202],[-2.44765,12.42195],[-2.44772,12.42163],[-2.44842,12.42143],[-2.44861,12.42167],[-2.44895,12.42146],[-2.44979,12.42157],[-2.45032,12.42131],[-2.45115,12.42139],[-2.45216,12.42088],[-2.45304,12.42084],[-2.45468,12.42017],[-2.4553,12.42025],[-2.45604,12.42005],[-2.45723,12.42025],[-2.4594,12.4189],[-2.46116,12.41857],[-2.46152,12.41919],[-2.46367,12.41929],[-2.46443,12.41915],[-2.46473,12.41935],[-2.46474,12.41971],[-2.46955,12.42093],[-2.4708,12.421],[-2.47156,12.42122],[-2.4729,12.42076],[-2.4737,12.42084],[-2.47464,12.4212],[-2.47486,12.42163],[-2.4747,12.42213],[-2.47731,12.42468],[-2.47847,12.4253],[-2.48045,12.42523],[-2.48039,12.4248],[-2.48078,12.42492],[-2.48102,12.42526],[-2.4813,12.4247],[-2.4816,12.42539],[-2.48299,12.42516],[-2.48508,12.42599],[-2.48738,12.42836],[-2.49098,12.4292],[-2.49373,12.43071],[-2.49441,12.43165],[-2.49467,12.43329],[-2.49586,12.43418],[-2.49695,12.4346],[-2.49773,12.4344],[-2.49816,12.43522],[-2.49876,12.43421],[-2.50102,12.43475],[-2.50415,12.43471],[-2.50582,12.4325],[-2.5078,12.43227],[-2.5094,12.43092],[-2.51156,12.42849],[-2.51229,12.42632],[-2.5148,12.42778],[-2.51674,12.42693],[-2.52401,12.42678],[-2.52789,12.42551],[-2.52868,12.42586],[-2.53033,12.42448],[-2.53299,12.42536],[-2.53905,12.42668],[-2.53952,12.42912],[-2.53942,12.43042],[-2.54167,12.43294],[-2.54332,12.43433],[-2.54249,12.43711],[-2.54174,12.43727],[-2.54085,12.44291],[-2.54087,12.44311],[-2.54116,12.4431],[-2.54131,12.44335],[-2.5412,12.444],[-2.54244,12.44453],[-2.54262,12.44565],[-2.54226,12.44683],[-2.54238,12.44721],[-2.5422,12.44785],[-2.54247,12.44791],[-2.54263,12.44823],[-2.54342,12.44853],[-2.54397,12.44817]]},"properties":{"name":"","type":"River","flow_regime":"perennial","label":"River"}},{"type":"Feature","geometry":{"type":"LineString","coordinates":[[-0.54601,11.47681],[-0.54535,11.4752],[-0.54378,11.47395],[-0.54363,11.47355],[-0.54442,11.47174],[-0.54539,11.46796],[-0.54521,11.46703],[-0.54479,11.46612],[-0.54409,11.46538],[-0.54376,11.46532],[-0.54331,11.46488],[-0.54299,11.46363]]},"properties":{"name":"","type":"River","flow_regime":"perennial","label":"River"}},{"type":"Feature","geometry":{"type":"LineString","coordinates":[[-0.54662,11.47775],[-0.54601,11.47681]]},"properties":{"name":"","type":"River","flow_regime":"perennial","label":"River"}},{"type":"Feature","geometry":{"type":"LineString","coordinates":[[-4.78681,10.59681],[-4.78689,10.59608],[-4.78637,10.59499],[-4.78538,10.59424],[-4.78527,10.59364],[-4.78568,10.59323],[-4.78673,10.5854],[-4.79257,10.5805],[-4.7963,10.57668],[-4.79537,10.57358],[-4.79608,10.5729],[-4.79661,10.57101],[-4.79597,10.57041],[-4.79771,10.57067],[-4.79788,10.56962],[-4.79664,10.56925],[-4.79668,10.56864],[-4.79645,10.56775],[-4.79677,10.56617],[-4.79664,10.56339],[-4.79715,10.56267],[-4.79679,10.56171],[-4.79623,10.56123],[-4.7957,10.56004],[-4.7961,10.55887],[-4.79626,10.5576],[-4.79765,10.55738],[-4.79773,10.55672],[-4.79683,10.55647],[-4.79619,10.55548],[-4.79642,10.55385],[-4.79433,10.55196],[-4.79331,10.55191],[-4.79336,10.55077],[-4.7924,10.55002],[-4.79115,10.55098],[-4.78975,10.55134],[-4.78887,10.55198],[-4.78645,10.55255],[-4.78569,10.55141],[-4.78594,10.551],[-4.78679,10.55064],[-4.78674,10.55033],[-4.7861,10.55013],[-4.7855,10.54972],[-4.78476,10.55001],[-4.7844,10.54937],[-4.78475,10.54885],[-4.78391,10.54842],[-4.78288,10.5481],[-4.78237,10.54833],[-4.78197,10.54828],[-4.78164,10.5476],[-4.7808,10.54691],[-4.78058,10.54646],[-4.78062,10.5461],[-4.78129,10.54556],[-4.78136,10.5452],[-4.78107,10.54466],[-4.78122,10.54419],[-4.78212,10.54342],[-4.7815,10.54301],[-4.78064,10.5433],[-4.78028,10.5433],[-4.7798,10.543],[-4.77963,10.54248],[-4.77976,10.54182],[-4.77985,10.54169],[-4.78038,10.54174],[-4.78091,10.54136],[-4.78044,10.54105],[-4.78012,10.54058],[-4.77955,10.54079],[-4.77928,10.54071],[-4.7794,10.53969],[-4.7797,10.53926],[-4.78007,10.53907],[-4.78088,10.53924],[-4.78096,10.53832],[-4.78175,10.53802],[-4.78278,10.53823],[-4.78282,10.53875],[-4.78315,10.53896],[-4.78354,10.53885],[-4.78368,10.53819],[-4.78351,10.53778],[-4.78359,10.53757],[-4.78423,10.53755],[-4.78479,10.53718],[-4.78425,10.53664],[-4.7842,10.53626],[-4.7845,10.53571],[-4.78502,10.53515],[-4.78596,10.53466],[-4.78589,10.53435],[-4.78556,10.53427],[-4.78547,10.53383],[-4.78557,10.53355],[-4.78639,10.53301],[-4.78675,10.53194],[-4.78727,10.53117],[-4.78723,10.53076],[-4.78704,10.53059],[-4.78721,10.53017],[-4.78874,10.52933],[-4.78969,10.52919],[-4.78986,10.52892],[-4.78933,10.5282],[-4.78858,10.52838],[-4.78788,10.52819],[-4.78778,10.52781],[-4.78844,10.52743],[-4.78825,10.52713],[-4.78743,10.52728],[-4.7871,10.52792],[-4.78677,10.52797],[-4.78638,10.52734],[-4.78639,10.52657],[-4.78591,10.52646],[-4.78527,10.52671],[-4.78492,10.52592],[-4.78395,10.5262],[-4.78292,10.52551],[-4.78313,10.52507],[-4.78402,10.52502],[-4.78426,10.52487],[-4.78442,10.52424],[-4.7842,10.52021],[-4.78288,10.51959],[-4.78104,10.51943],[-4.77997,10.52044],[-4.77847,10.51599],[-4.77707,10.51362],[-4.77746,10.51282],[-4.77737,10.51204],[-4.77655,10.51189],[-4.77701,10.51052],[-4.77718,10.50909],[-4.77754,10.50799],[-4.77771,10.50683],[-4.77882,10.5042],[-4.77932,10.50077],[-4.77804,10.49786],[-4.77709,10.49461],[-4.77508,10.49055],[-4.77516,10.48907],[-4.77658,10.48651],[-4.77698,10.48318],[-4.7768,10.48068],[-4.77724,10.4786],[-4.77652,10.47695],[-4.77322,10.47663],[-4.77064,10.47706],[-4.76858,10.4777],[-4.767,10.47555],[-4.76493,10.47435],[-4.76,10.47346],[-4.75124,10.46401],[-4.75073,10.45793],[-4.74747,10.45759],[-4.74352,10.45759],[-4.74347,10.45409],[-4.74489,10.44696],[-4.74811,10.44548],[-4.75377,10.44514],[-4.75618,10.44328],[-4.75274,10.44058],[-4.7485,10.43818],[-4.74313,10.43265],[-4.7397,10.434],[-4.73455,10.43906],[-4.73043,10.43349],[-4.72961,10.42839],[-4.72545,10.41762],[-4.7215,10.4156],[-4.71279,10.41404],[-4.71361,10.40378],[-4.70949,10.39736],[-4.70056,10.39162],[-4.69884,10.3847],[-4.69116,10.38415],[-4.6867,10.38803],[-4.6791,10.38909],[-4.67206,10.3923],[-4.66421,10.38297],[-4.66816,10.37689],[-4.65649,10.36271],[-4.65837,10.35629],[-4.65696,10.35177],[-4.64722,10.35004],[-4.63228,10.34548],[-4.62387,10.34092],[-4.61472,10.33632],[-4.61258,10.33274],[-4.61081,10.33072],[-4.60892,10.32912],[-4.60756,10.32915],[-4.61068,10.32419],[-4.61357,10.32418],[-4.62022,10.32813],[-4.62564,10.33112],[-4.63018,10.33117],[-4.631,10.32757],[-4.62735,10.32202],[-4.62709,10.31698],[-4.62953,10.31019],[-4.63567,10.30584],[-4.63468,10.30006],[-4.62765,10.29702],[-4.62147,10.29195],[-4.61408,10.29347],[-4.60155,10.28858],[-4.59688,10.2903],[-4.60018,10.29516],[-4.59653,10.29874],[-4.59143,10.29972],[-4.58336,10.29634],[-4.57941,10.29178],[-4.58005,10.28709],[-4.57885,10.2832],[-4.57254,10.27743],[-4.57392,10.27439],[-4.56855,10.27239],[-4.56619,10.27473],[-4.56254,10.27391],[-4.55739,10.27172],[-4.55658,10.26662],[-4.55757,10.26446],[-4.56392,10.26327],[-4.56653,10.2651],[-4.57546,10.26425],[-4.57542,10.25871],[-4.57319,10.25432],[-4.5655,10.25175],[-4.5622,10.25449],[-4.55774,10.25483],[-4.55435,10.25462],[-4.55156,10.25229],[-4.55057,10.24922],[-4.55173,10.24587],[-4.55636,10.24469],[-4.55915,10.24685],[-4.5631,10.24584],[-4.56632,10.24114],[-4.56581,10.23557],[-4.5698,10.2232],[-4.58216,10.22371],[-4.58658,10.22138],[-4.58816,10.21628],[-4.58731,10.21104],[-4.58915,10.20955],[-4.5916,10.20563],[-4.60117,10.2028],[-4.6034,10.20026],[-4.60443,10.19823],[-4.6019,10.196],[-4.59417,10.19161],[-4.59293,10.18962],[-4.5904,10.19009],[-4.58645,10.18773],[-4.5837,10.18688],[-4.58314,10.18489],[-4.58559,10.18401],[-4.58799,10.18164],[-4.59263,10.18063],[-4.59846,10.1813],[-4.60138,10.17962],[-4.60173,10.17657],[-4.59894,10.17745],[-4.59314,10.17404],[-4.5837,10.16982],[-4.58387,10.16711],[-4.58572,10.16613],[-4.59074,10.16475],[-4.58971,10.16171],[-4.59052,10.15819],[-4.58937,10.15376],[-4.58709,10.15092],[-4.58198,10.15157],[-4.57769,10.15089],[-4.57387,10.14771],[-4.57095,10.14552],[-4.56688,10.14616],[-4.56598,10.144],[-4.56718,10.13994],[-4.56533,10.13737],[-4.56615,10.13048],[-4.56842,10.12774],[-4.57164,10.12642],[-4.57336,10.1178],[-4.57306,10.11321],[-4.57546,10.10628],[-4.57117,10.09935],[-4.5689,10.09414],[-4.5701,10.09347],[-4.5746,10.09242],[-4.57645,10.0911],[-4.57387,10.08689],[-4.57409,10.0767],[-4.57598,10.07417],[-4.58061,10.07383],[-4.58301,10.07552],[-4.58331,10.07285],[-4.58748,10.07045],[-4.58799,10.06741],[-4.58319,10.06301],[-4.57971,10.06271],[-4.5746,10.06149],[-4.56962,10.06065],[-4.5701,10.05848],[-4.57306,10.0571],[-4.57799,10.05865],[-4.58005,10.05831],[-4.57713,10.05409],[-4.57044,10.05172],[-4.56941,10.04834],[-4.57065,10.04594],[-4.57593,10.04445],[-4.57885,10.04445],[-4.58331,10.04276],[-4.58696,10.04053],[-4.59366,10.04138],[-4.59585,10.04073],[-4.59636,10.03735],[-4.59825,10.03634],[-4.59928,10.03364],[-4.59911,10.03093],[-4.59675,10.02481],[-4.59808,10.01927],[-4.60173,10.01653],[-4.60597,10.01403],[-4.61065,10.01636],[-4.61357,10.01805],[-4.6137,10.01318],[-4.61237,10.00824],[-4.60666,10.00439],[-4.60121,10.00148],[-4.60151,9.99814],[-4.59795,9.99506],[-4.59537,9.99489],[-4.59537,9.99354],[-4.59705,9.99188],[-4.59962,9.99019],[-4.60288,9.99205],[-4.60975,9.9907],[-4.60979,9.9888],[-4.6122,9.98559],[-4.61305,9.98035],[-4.60121,9.97815],[-4.59383,9.97731],[-4.59224,9.97497],[-4.59452,9.97257],[-4.59417,9.96784],[-4.58881,9.96432],[-4.59022,9.9604],[-4.59297,9.95651],[-4.59211,9.95059],[-4.59898,9.94823],[-4.60203,9.94809],[-4.60288,9.95164],[-4.60786,9.95266],[-4.61305,9.95668],[-4.6146,9.96108],[-4.61353,9.96534],[-4.61748,9.96652],[-4.62061,9.96699],[-4.62108,9.96365],[-4.62417,9.95841],[-4.62164,9.95161],[-4.61494,9.95228],[-4.61061,9.94775],[-4.61112,9.9437],[-4.60718,9.9371],[-4.60878,9.93298],[-4.60735,9.92966],[-4.60941,9.92882],[-4.61134,9.92709],[-4.61529,9.92591],[-4.61421,9.92154],[-4.60872,9.91985],[-4.60344,9.92067],[-4.59949,9.9183],[-4.59842,9.91478],[-4.59984,9.91187],[-4.60482,9.90984],[-4.60958,9.91072],[-4.61305,9.91255],[-4.61576,9.91377],[-4.61698,9.91045],[-4.617,9.908],[-4.61632,9.90736],[-4.61504,9.90669],[-4.60917,9.89903],[-4.60883,9.89772],[-4.607,9.89669],[-4.60505,9.89679],[-4.60483,9.89653],[-4.60551,9.89497],[-4.60496,9.89435],[-4.60343,9.89364],[-4.60223,9.89238],[-4.5988,9.89158],[-4.59839,9.88942],[-4.59559,9.88726],[-4.59517,9.88574],[-4.59596,9.88438],[-4.59854,9.88256],[-4.60214,9.87779],[-4.6033,9.87505],[-4.60324,9.87381],[-4.60187,9.87076],[-4.60239,9.86941],[-4.60015,9.86447],[-4.59815,9.86206],[-4.59802,9.86142],[-4.59934,9.85783],[-4.6,9.85543],[-4.60007,9.85234],[-4.60245,9.84985],[-4.60889,9.84832],[-4.61286,9.8477],[-4.61507,9.84396],[-4.61493,9.83776],[-4.61715,9.8311],[-4.61794,9.82385],[-4.61788,9.82274],[-4.61444,9.82016],[-4.60771,9.8186],[-4.60693,9.81783],[-4.60703,9.81545],[-4.60857,9.81446],[-4.60959,9.81284],[-4.60996,9.81194],[-4.6098,9.8087],[-4.60927,9.80725],[-4.60756,9.80625],[-4.60391,9.80367],[-4.60104,9.80092],[-4.59658,9.80076],[-4.59125,9.80008],[-4.5846,9.79715],[-4.58247,9.7944],[-4.58141,9.79412],[-4.58059,9.79305],[-4.58059,9.79182],[-4.5819,9.78903],[-4.58239,9.78714],[-4.58255,9.78571],[-4.58296,9.78505],[-4.58387,9.7846],[-4.5862,9.78386],[-4.58768,9.78276],[-4.58875,9.78058],[-4.58932,9.7798],[-4.59088,9.77894],[-4.59387,9.77611],[-4.594,9.77525],[-4.59404,9.77353],[-4.59236,9.77189],[-4.59211,9.77135],[-4.59219,9.77074],[-4.59272,9.76984],[-4.59272,9.76926],[-4.59227,9.76857],[-4.58899,9.7657],[-4.58801,9.76299],[-4.58756,9.76229],[-4.586,9.76155],[-4.58563,9.76106],[-4.58526,9.75766],[-4.58538,9.75647],[-4.5862,9.75593],[-4.58661,9.75593],[-4.58797,9.757],[-4.58924,9.75729],[-4.5903,9.75688],[-4.59154,9.75581],[-4.59379,9.75487],[-4.59445,9.75421],[-4.59555,9.75179],[-4.59555,9.75105],[-4.59281,9.74466],[-4.59111,9.74307],[-4.59075,9.74239],[-4.59053,9.74155],[-4.59069,9.73964],[-4.58977,9.73605],[-4.58928,9.73537],[-4.58832,9.73545],[-4.58674,9.73532],[-4.58644,9.73489],[-4.5863,9.73397],[-4.58511,9.73094],[-4.58484,9.72564],[-4.58446,9.72437],[-4.58243,9.72173],[-4.58216,9.72047],[-4.58245,9.71927],[-4.58352,9.71791],[-4.58413,9.71659],[-4.5847,9.7163],[-4.58551,9.71483],[-4.58695,9.71349],[-4.58758,9.71217],[-4.58781,9.71089],[-4.58752,9.70956],[-4.58653,9.70866],[-4.5857,9.70744],[-4.58548,9.70622],[-4.58553,9.70412],[-4.58626,9.70259]]},"properties":{"name":"Como\u00e9","type":"River","flow_regime":"perennial","label":"Como\u00e9"}},{"type":"Feature","geometry":{"type":"LineString","coordinates":[[-2.03037,12.6755],[-2.03078,12.67587],[-2.0322,12.67655],[-2.03304,12.67726],[-2.0334,12.67725],[-2.0341,12.67692],[-2.03636,12.67737],[-2.03692,12.67788],[-2.03742,12.678],[-2.0375,12.67833],[-2.0381,12.67858],[-2.03991,12.6784],[-2.04064,12.67782],[-2.04103,12.67807],[-2.04142,12.67904],[-2.04165,12.67922],[-2.0429,12.67836],[-2.04346,12.67851],[-2.04381,12.67908],[-2.04377,12.67936],[-2.04413,12.67958],[-2.04464,12.67953],[-2.04466,12.67982],[-2.04507,12.68004],[-2.04505,12.68072],[-2.04526,12.68095],[-2.0459,12.68094],[-2.04632,12.68043],[-2.04654,12.68067],[-2.04665,12.68034],[-2.04647,12.68003],[-2.0466,12.67979],[-2.04699,12.67986],[-2.04741,12.68042],[-2.0479,12.68034],[-2.04815,12.68058],[-2.04834,12.68005],[-2.04871,12.67983],[-2.0489,12.67936],[-2.04921,12.67949],[-2.04984,12.6793],[-2.05011,12.67976],[-2.05094,12.67992],[-2.0511,12.68075],[-2.05201,12.68175],[-2.05213,12.68228],[-2.05284,12.68285],[-2.05302,12.68218],[-2.05337,12.68187],[-2.05434,12.68204],[-2.05413,12.68242],[-2.05496,12.68255],[-2.05537,12.68216],[-2.05521,12.68153],[-2.05538,12.68116],[-2.05733,12.68052],[-2.05772,12.68118],[-2.06081,12.68147],[-2.06225,12.68129],[-2.06239,12.68173],[-2.06185,12.68182],[-2.06176,12.68232],[-2.06216,12.68229],[-2.06265,12.68261],[-2.06289,12.68258],[-2.06315,12.68184],[-2.06284,12.68157],[-2.06296,12.68136],[-2.06353,12.68111],[-2.06373,12.68128],[-2.06396,12.68118],[-2.06392,12.68162],[-2.06405,12.68177],[-2.06451,12.68175],[-2.06469,12.68206],[-2.06526,12.68248],[-2.06475,12.68269],[-2.06493,12.68299],[-2.06481,12.68319],[-2.06527,12.68353],[-2.06468,12.68368],[-2.0647,12.68383],[-2.06551,12.68407],[-2.06605,12.68386],[-2.06618,12.68434],[-2.06661,12.6843],[-2.06668,12.68485],[-2.06695,12.68494],[-2.0665,12.68512],[-2.06654,12.68547],[-2.06635,12.68567],[-2.06692,12.68629],[-2.06662,12.68646],[-2.06676,12.68694],[-2.06751,12.68711],[-2.06819,12.68758],[-2.06865,12.68761],[-2.06875,12.68791],[-2.06953,12.68799],[-2.06992,12.68826],[-2.07096,12.68802],[-2.07126,12.68839],[-2.07222,12.68877],[-2.07266,12.68856],[-2.07278,12.68879],[-2.07214,12.6895],[-2.07211,12.68977],[-2.07279,12.68996],[-2.07382,12.69071],[-2.0746,12.6909],[-2.07468,12.69075],[-2.07527,12.69058],[-2.07516,12.69078]]},"properties":{"name":"Vranso","type":"River","flow_regime":"perennial","label":"Vranso"}},{"type":"Feature","geometry":{"type":"LineString","coordinates":[[-2.03029,12.67542],[-2.03037,12.6755]]},"properties":{"name":"Vranso","type":"River","flow_regime":"perennial","label":"Vranso"}},{"type":"Feature","geometry":{"type":"LineString","coordinates":[[-1.95317,12.66333],[-1.95325,12.66321]]},"properties":{"name":"Vranso","type":"River","flow_regime":"perennial","label":"Vranso"}},{"type":"Feature","geometry":{"type":"LineString","coordinates":[[-2.12794,12.67528],[-2.1281,12.67526]]},"properties":{"name":"Vranso","type":"River","flow_regime":"perennial","label":"Vranso"}},{"type":"Feature","geometry":{"type":"LineString","coordinates":[[-2.1281,12.67526],[-2.12968,12.67562],[-2.13016,12.67534],[-2.13146,12.67509],[-2.13198,12.67568],[-2.13237,12.6752],[-2.13239,12.67406],[-2.13334,12.67364],[-2.13439,12.67405],[-2.13561,12.67382],[-2.13627,12.6742],[-2.13755,12.67413],[-2.13909,12.67375],[-2.13954,12.67411],[-2.14025,12.67437],[-2.14049,12.67483],[-2.14096,12.67523],[-2.14227,12.67559],[-2.1427,12.67543],[-2.14302,12.67501],[-2.14307,12.67418],[-2.14284,12.67391],[-2.14343,12.67302],[-2.14395,12.67256],[-2.14393,12.67219],[-2.14365,12.67218],[-2.14385,12.67192],[-2.14441,12.67163],[-2.1447,12.67105],[-2.14587,12.67083],[-2.14593,12.67032],[-2.14612,12.67014],[-2.14868,12.66891],[-2.14937,12.6691],[-2.14963,12.66865],[-2.15001,12.66855],[-2.15189,12.66818],[-2.15237,12.66833],[-2.15385,12.66734],[-2.15416,12.66733],[-2.1544,12.66759],[-2.1539,12.66825],[-2.15404,12.66861],[-2.15482,12.66891],[-2.15522,12.66821],[-2.15559,12.66805],[-2.15546,12.66706],[-2.15636,12.66567],[-2.15659,12.66545],[-2.15705,12.66535],[-2.15765,12.66536],[-2.15805,12.66569],[-2.15939,12.6674],[-2.15913,12.66799],[-2.15923,12.66829],[-2.15951,12.66839],[-2.16005,12.66798],[-2.16117,12.66781],[-2.1615,12.66808],[-2.16171,12.66806],[-2.162,12.66784],[-2.16191,12.66694],[-2.1623,12.66698],[-2.16272,12.66738],[-2.16301,12.66719],[-2.16311,12.66697],[-2.16288,12.66637],[-2.16247,12.66619],[-2.16275,12.66592],[-2.16313,12.66592],[-2.16312,12.6662],[-2.16388,12.66626],[-2.16467,12.66548],[-2.16521,12.66541],[-2.16542,12.6651],[-2.1667,12.66481],[-2.16683,12.6647],[-2.16669,12.66445],[-2.1668,12.66413],[-2.16786,12.66343],[-2.16791,12.66225],[-2.16888,12.65772],[-2.16885,12.65683],[-2.16927,12.65643],[-2.16953,12.65581],[-2.17066,12.65485],[-2.17137,12.65552],[-2.17348,12.65475],[-2.1736,12.65432],[-2.17401,12.65403],[-2.1745,12.65488],[-2.17497,12.65429],[-2.17519,12.65468],[-2.175,12.6556],[-2.17542,12.65553],[-2.17566,12.65538],[-2.17644,12.65416],[-2.17645,12.65367],[-2.17672,12.65305],[-2.1765,12.65273],[-2.17661,12.65256],[-2.17684,12.65249],[-2.17734,12.6529],[-2.1778,12.6522],[-2.17764,12.6515],[-2.17738,12.65135],[-2.17765,12.65127],[-2.17796,12.65089],[-2.17783,12.65055],[-2.17741,12.65092],[-2.17734,12.65068],[-2.17758,12.64981],[-2.17742,12.64953],[-2.17749,12.64865],[-2.17788,12.64851],[-2.17793,12.6481],[-2.17811,12.64797],[-2.17769,12.64758],[-2.17759,12.64641],[-2.17709,12.64655],[-2.17717,12.64544],[-2.17807,12.64383],[-2.17955,12.6418],[-2.18542,12.63246],[-2.19057,12.62825],[-2.20019,12.62124],[-2.20602,12.61971],[-2.21392,12.61957],[-2.2213,12.61904],[-2.22679,12.61722],[-2.23233,12.61343],[-2.23939,12.60923],[-2.24478,12.60272],[-2.24859,12.59863],[-2.25199,12.59973],[-2.25509,12.60127],[-2.26027,12.60449],[-2.2633,12.60483],[-2.26738,12.60329],[-2.27124,12.6002],[-2.27709,12.59592],[-2.27964,12.59084],[-2.28099,12.58897],[-2.28239,12.5884],[-2.28338,12.58848],[-2.28452,12.58936],[-2.28521,12.59059],[-2.28684,12.59164],[-2.28708,12.59158],[-2.28713,12.59102],[-2.28735,12.59074],[-2.28776,12.59057],[-2.28796,12.59027],[-2.28865,12.59044],[-2.28896,12.59023],[-2.2892,12.59051],[-2.28876,12.59098],[-2.28879,12.59119],[-2.2895,12.59094],[-2.29007,12.59098],[-2.29008,12.59043],[-2.29036,12.59025],[-2.29084,12.59054],[-2.29086,12.59111],[-2.29111,12.59137],[-2.29168,12.59152],[-2.29206,12.59141],[-2.2928,12.5917],[-2.29315,12.59103],[-2.29592,12.59017],[-2.297,12.58955],[-2.29926,12.58928],[-2.29967,12.58906],[-2.29972,12.58809],[-2.30132,12.58841],[-2.30134,12.58779],[-2.30161,12.58752],[-2.30111,12.58736],[-2.30112,12.58703],[-2.30201,12.58642],[-2.3026,12.58695],[-2.30296,12.58702],[-2.30483,12.58451],[-2.30503,12.58353],[-2.30497,12.58315],[-2.30365,12.58278],[-2.30353,12.58248],[-2.30472,12.581],[-2.30589,12.58037],[-2.30596,12.58007],[-2.30558,12.57912],[-2.30576,12.5784],[-2.30635,12.57814],[-2.30692,12.57834],[-2.30771,12.5783],[-2.30789,12.57845],[-2.30799,12.57917],[-2.30899,12.57847],[-2.30923,12.57851],[-2.30951,12.57887],[-2.31009,12.5788],[-2.3119,12.57907],[-2.3126,12.5787],[-2.31309,12.57805],[-2.31243,12.5773],[-2.31245,12.57701],[-2.31312,12.57662],[-2.31356,12.57655],[-2.31344,12.57572],[-2.31431,12.57454],[-2.3144,12.57407],[-2.31455,12.57403],[-2.3148,12.57347],[-2.31477,12.57308],[-2.31501,12.57296],[-2.31512,12.57311],[-2.31651,12.57317],[-2.31753,12.57296],[-2.31772,12.57243],[-2.3181,12.57219],[-2.31844,12.57132],[-2.31921,12.57131],[-2.31903,12.57068],[-2.31925,12.57057],[-2.32024,12.57066],[-2.32005,12.57022],[-2.3195,12.5698],[-2.31996,12.56915],[-2.32072,12.56916],[-2.32107,12.56871],[-2.32088,12.56782],[-2.32043,12.56761],[-2.32139,12.56695],[-2.32131,12.56659],[-2.32081,12.56657],[-2.3207,12.56635],[-2.32065,12.56509],[-2.32084,12.56484],[-2.32165,12.56479],[-2.32206,12.56446],[-2.32269,12.56441],[-2.32284,12.56416],[-2.3235,12.56395],[-2.32411,12.56402],[-2.32464,12.56438],[-2.3244,12.56475],[-2.32479,12.56499],[-2.32463,12.5655],[-2.32471,12.56576],[-2.325,12.56594],[-2.32519,12.56587],[-2.32619,12.56459],[-2.32594,12.56366],[-2.32625,12.56314],[-2.3261,12.5627],[-2.32632,12.56217],[-2.32611,12.56139],[-2.32579,12.56115],[-2.32564,12.56029],[-2.32594,12.55934],[-2.32587,12.55809],[-2.32615,12.55684],[-2.32662,12.55668],[-2.32697,12.55617],[-2.32742,12.556],[-2.32754,12.5562],[-2.32731,12.55654],[-2.32783,12.55661],[-2.32846,12.55535],[-2.32883,12.55504],[-2.32884,12.55543],[-2.32937,12.55539],[-2.32985,12.55611],[-2.33018,12.55607],[-2.33073,12.55554],[-2.33144,12.55535],[-2.33183,12.55554],[-2.33271,12.55519],[-2.33436,12.55577],[-2.33644,12.55586],[-2.33689,12.55545],[-2.33684,12.55483],[-2.33706,12.55429],[-2.33766,12.55396],[-2.33814,12.55325],[-2.33916,12.55233],[-2.34052,12.55176],[-2.34135,12.55201],[-2.34188,12.5524],[-2.34228,12.55226],[-2.34256,12.55196],[-2.34305,12.55194],[-2.3431,12.55165],[-2.34335,12.55152],[-2.34269,12.55145],[-2.34262,12.5513],[-2.34313,12.55053],[-2.3439,12.55068],[-2.34456,12.55041],[-2.3456,12.54988],[-2.34597,12.54932],[-2.347,12.54878],[-2.34698,12.54752],[-2.34737,12.54711],[-2.34722,12.54661],[-2.34737,12.54636],[-2.34722,12.54503],[-2.34748,12.54485],[-2.34742,12.54436],[-2.34754,12.54414],[-2.34807,12.54376],[-2.34868,12.54268],[-2.34923,12.54297],[-2.34933,12.54325],[-2.34919,12.54361],[-2.34941,12.54361],[-2.34978,12.54322],[-2.35036,12.54308],[-2.35137,12.54148],[-2.35185,12.53989],[-2.35302,12.539],[-2.35352,12.53801],[-2.35341,12.53751],[-2.35398,12.53705],[-2.35487,12.53695],[-2.35506,12.53714],[-2.35539,12.53644],[-2.35591,12.53605],[-2.35663,12.53591],[-2.35755,12.53508],[-2.3581,12.53484],[-2.35834,12.53533],[-2.35819,12.53587],[-2.35873,12.53647],[-2.35917,12.53657],[-2.35947,12.53717],[-2.3605,12.53783],[-2.36077,12.53768],[-2.36107,12.53704],[-2.36175,12.53742],[-2.36251,12.53676],[-2.3638,12.53662],[-2.36432,12.53602],[-2.36463,12.53616],[-2.36514,12.536],[-2.36565,12.53562],[-2.36727,12.53542],[-2.36768,12.53502],[-2.36773,12.5346],[-2.36825,12.53405],[-2.36934,12.53484],[-2.36947,12.5344],[-2.36981,12.5341],[-2.37035,12.53406],[-2.37182,12.53246],[-2.37237,12.53217],[-2.37334,12.53197],[-2.37481,12.53192],[-2.37554,12.53241],[-2.37603,12.533],[-2.37683,12.53321],[-2.37737,12.53309],[-2.37793,12.53266],[-2.37843,12.53251],[-2.37922,12.53267],[-2.37986,12.53255],[-2.38072,12.53165],[-2.38139,12.53015],[-2.38184,12.5297],[-2.3826,12.5278],[-2.38312,12.52542],[-2.38343,12.52471],[-2.38453,12.52408],[-2.38495,12.52302],[-2.38538,12.52305],[-2.38569,12.52388],[-2.38653,12.52263],[-2.38685,12.52113],[-2.38792,12.52116],[-2.38894,12.5205],[-2.39279,12.51942],[-2.39598,12.51919],[-2.39641,12.51972],[-2.39627,12.52009],[-2.39635,12.52035],[-2.39769,12.52079],[-2.39831,12.52124],[-2.39901,12.52123],[-2.40057,12.52074],[-2.4021,12.52072],[-2.40288,12.52085],[-2.40365,12.52123],[-2.40635,12.52199],[-2.40864,12.52337],[-2.40891,12.52391],[-2.40851,12.52424],[-2.40856,12.52442],[-2.40909,12.52457],[-2.40898,12.52493],[-2.40915,12.52506],[-2.40978,12.5243],[-2.41022,12.52432],[-2.41077,12.52406],[-2.41098,12.52421],[-2.41108,12.52435],[-2.41072,12.52462],[-2.41041,12.52568],[-2.41043,12.52613],[-2.41063,12.52621],[-2.41113,12.52544],[-2.41153,12.52594],[-2.41218,12.52616],[-2.4131,12.52536],[-2.41348,12.5256],[-2.41469,12.52536],[-2.41507,12.52508],[-2.41459,12.52441],[-2.41434,12.52461],[-2.41424,12.52435],[-2.41443,12.52402],[-2.41427,12.52357],[-2.4155,12.52348],[-2.4172,12.52464],[-2.41861,12.5253],[-2.41982,12.5262],[-2.42016,12.52619],[-2.42024,12.5257],[-2.42038,12.52569],[-2.42104,12.52636],[-2.42163,12.52643],[-2.42289,12.52692],[-2.42547,12.52687],[-2.42593,12.52608],[-2.42704,12.52546],[-2.42839,12.52419],[-2.4289,12.52328],[-2.42889,12.52288],[-2.4284,12.52185],[-2.42783,12.52176],[-2.42781,12.521],[-2.42722,12.5208],[-2.42714,12.52045],[-2.42731,12.52029],[-2.42696,12.51954],[-2.42725,12.51754],[-2.42787,12.51727],[-2.42779,12.51624],[-2.42801,12.51502],[-2.42939,12.51347],[-2.42883,12.51243],[-2.42816,12.51227],[-2.42728,12.51077],[-2.42743,12.51048],[-2.42709,12.50953],[-2.42712,12.50863],[-2.42691,12.5075],[-2.42715,12.5055],[-2.42757,12.50507],[-2.42793,12.50497],[-2.42916,12.506],[-2.429,12.50648],[-2.4291,12.50695],[-2.43022,12.50748],[-2.43048,12.50739],[-2.43069,12.50752],[-2.43162,12.50729],[-2.4322,12.5056],[-2.43301,12.5042],[-2.433,12.5036],[-2.43344,12.50277],[-2.43409,12.50222],[-2.43457,12.50012],[-2.43455,12.49842],[-2.43593,12.49794],[-2.43653,12.4979],[-2.43713,12.49837],[-2.43754,12.49847],[-2.43917,12.49846],[-2.43955,12.49828],[-2.43987,12.4978],[-2.43953,12.49673],[-2.43956,12.49627],[-2.43974,12.49618],[-2.43956,12.49506],[-2.44077,12.49438],[-2.44056,12.4941],[-2.44094,12.49402],[-2.44102,12.4938],[-2.44131,12.49411],[-2.44193,12.49381],[-2.44207,12.49398],[-2.44224,12.49384],[-2.44239,12.49418],[-2.44299,12.49389],[-2.44364,12.49411],[-2.44464,12.49403],[-2.44513,12.49424],[-2.44684,12.49391],[-2.44905,12.49298],[-2.44918,12.49274],[-2.44882,12.49239],[-2.44889,12.49212],[-2.44995,12.49179],[-2.45031,12.49122],[-2.45053,12.49125],[-2.45039,12.49212],[-2.45099,12.49245],[-2.45117,12.49218],[-2.45207,12.49165],[-2.45238,12.49123],[-2.45279,12.49116],[-2.45324,12.4906],[-2.45362,12.49064],[-2.45426,12.49104],[-2.45463,12.49084],[-2.45549,12.49085],[-2.45592,12.49062],[-2.45665,12.48971],[-2.45754,12.48922],[-2.45798,12.48964],[-2.45831,12.48933],[-2.45918,12.48947],[-2.45945,12.48918],[-2.46012,12.48903],[-2.46065,12.48914],[-2.46104,12.48947],[-2.4615,12.48893],[-2.46281,12.48946],[-2.46342,12.48923],[-2.46377,12.48928],[-2.46448,12.48965],[-2.46488,12.48965],[-2.46538,12.49048],[-2.46569,12.49061],[-2.46622,12.49026],[-2.46668,12.48934],[-2.46714,12.48931],[-2.46742,12.48901],[-2.46807,12.4893],[-2.46861,12.48923],[-2.46922,12.48854],[-2.4694,12.48865],[-2.46956,12.48924],[-2.46989,12.48928],[-2.47011,12.48902],[-2.47036,12.48909],[-2.47042,12.4893],[-2.47081,12.48921],[-2.47115,12.48936],[-2.47159,12.48896],[-2.47149,12.48833],[-2.47167,12.4878],[-2.47189,12.48767],[-2.47209,12.48772],[-2.47205,12.48795],[-2.47247,12.48822],[-2.47248,12.48868],[-2.47324,12.48904],[-2.47319,12.49001],[-2.47353,12.48991],[-2.47407,12.49036],[-2.47494,12.49056],[-2.47525,12.49036],[-2.47576,12.48961],[-2.47582,12.48928],[-2.47566,12.48893],[-2.47617,12.48869],[-2.47672,12.48816],[-2.4772,12.48809],[-2.47687,12.48766],[-2.47725,12.48735],[-2.47778,12.48734],[-2.47842,12.48676],[-2.47991,12.48603],[-2.48066,12.48606],[-2.481,12.48578],[-2.48163,12.48593],[-2.48191,12.48578],[-2.48215,12.48525],[-2.48259,12.48535],[-2.48313,12.4851],[-2.48341,12.48512],[-2.48342,12.48546],[-2.48499,12.48612],[-2.48616,12.48622],[-2.4867,12.48646],[-2.4877,12.48699],[-2.48801,12.48751],[-2.48858,12.48783],[-2.48888,12.48773],[-2.48867,12.48738],[-2.48888,12.4872],[-2.49043,12.48803],[-2.49076,12.48838],[-2.49143,12.48779],[-2.4918,12.48827],[-2.49194,12.48824],[-2.49196,12.48755],[-2.49226,12.4875],[-2.49235,12.48723],[-2.49283,12.48718],[-2.49314,12.48732],[-2.49451,12.48656],[-2.49462,12.48628],[-2.49543,12.48614],[-2.4958,12.48529],[-2.49599,12.48533],[-2.49616,12.48478],[-2.49581,12.48438],[-2.49563,12.48443],[-2.49563,12.48459],[-2.49589,12.48483],[-2.49562,12.4849],[-2.49546,12.48456],[-2.4952,12.48462],[-2.49477,12.48438],[-2.49481,12.48404]]},"properties":{"name":"Vranso","type":"River","flow_regime":"perennial","label":"Vranso"}},{"type":"Feature","geometry":{"type":"LineString","coordinates":[[-2.19171,12.51221],[-2.19176,12.51249]]},"properties":{"name":"","type":"River","flow_regime":"perennial","label":"River"}},{"type":"Feature","geometry":{"type":"LineString","coordinates":[[-2.19176,12.51249],[-2.19174,12.51416],[-2.19286,12.51745],[-2.1934,12.51817],[-2.19479,12.51883],[-2.19509,12.51919],[-2.19486,12.52095],[-2.19465,12.52128],[-2.19405,12.52165],[-2.19373,12.52234],[-2.19411,12.52279],[-2.19669,12.52422],[-2.19787,12.52368],[-2.19859,12.52265],[-2.19882,12.52243],[-2.199,12.52248],[-2.19971,12.52307],[-2.20069,12.52434],[-2.2011,12.52505],[-2.20114,12.52558],[-2.20259,12.52631],[-2.20314,12.52717],[-2.20266,12.52746],[-2.20279,12.52863],[-2.20332,12.5294],[-2.20367,12.5309],[-2.20423,12.53114],[-2.20445,12.53183],[-2.20435,12.53213],[-2.20452,12.5323],[-2.20503,12.53234],[-2.20549,12.53214],[-2.20651,12.53249],[-2.20696,12.53361],[-2.20698,12.53425],[-2.20772,12.53528],[-2.2081,12.53627],[-2.20812,12.53672],[-2.20926,12.53736],[-2.21007,12.53708],[-2.2108,12.53779],[-2.21156,12.53826],[-2.21178,12.53799],[-2.21224,12.53842],[-2.2122,12.53966],[-2.21256,12.54112],[-2.21406,12.54273],[-2.21486,12.54306],[-2.21531,12.54522],[-2.21598,12.54569],[-2.21723,12.54934],[-2.22147,12.55406],[-2.22233,12.57048],[-2.23297,12.58288],[-2.24739,12.59511],[-2.24859,12.59863]]},"properties":{"name":"","type":"River","flow_regime":"perennial","label":"River"}},{"type":"Feature","geometry":{"type":"LineString","coordinates":[[-2.17903,12.49982],[-2.17878,12.5002],[-2.1789,12.50068],[-2.17937,12.50091],[-2.17993,12.50091],[-2.18041,12.5007],[-2.18098,12.50075],[-2.18189,12.50127],[-2.18252,12.50121],[-2.18312,12.50179],[-2.18293,12.50211],[-2.18232,12.50251],[-2.18241,12.50336],[-2.18102,12.50393],[-2.18071,12.50421],[-2.181,12.50499],[-2.18129,12.50531],[-2.18359,12.50704],[-2.18663,12.50866],[-2.18929,12.51066],[-2.19171,12.51221]]},"properties":{"name":"","type":"River","flow_regime":"perennial","label":"River"}},{"type":"Feature","geometry":{"type":"LineString","coordinates":[[-0.68358,11.00891],[-0.68289,11.00825],[-0.68211,11.00781],[-0.6818,11.00711],[-0.68242,11.00555],[-0.68263,11.00374],[-0.68346,11.00195],[-0.68335,11.00063],[-0.68346,10.99985],[-0.68423,10.99905],[-0.68432,10.99808],[-0.68409,10.99777],[-0.6842,10.99736]]},"properties":{"name":"Nazinon","type":"River","flow_regime":"perennial","label":"Nazinon"}},{"type":"Feature","geometry":{"type":"LineString","coordinates":[[-0.7634,11.2075],[-0.76252,11.2058],[-0.76248,11.20546],[-0.76339,11.20457],[-0.76345,11.20363],[-0.764,11.2027],[-0.76484,11.20207],[-0.76567,11.20033],[-0.7658,11.19796],[-0.76555,11.19722],[-0.76494,11.19669],[-0.76271,11.19227],[-0.7628,11.19203],[-0.76334,11.19178],[-0.76334,11.19163],[-0.76181,11.19035],[-0.76101,11.19021],[-0.76082,11.18976],[-0.76072,11.18935],[-0.76084,11.18901],[-0.76169,11.18798],[-0.76153,11.18712],[-0.7614,11.18697],[-0.76084,11.18695],[-0.7606,11.18648],[-0.75971,11.18606],[-0.75927,11.18627],[-0.75916,11.18691],[-0.75997,11.18731],[-0.75996,11.18766],[-0.75971,11.18795],[-0.75921,11.18788],[-0.75882,11.18756],[-0.7583,11.1865],[-0.75839,11.1857],[-0.75946,11.18447],[-0.75946,11.18417],[-0.75927,11.18393],[-0.75933,11.18336],[-0.75921,11.18311],[-0.75847,11.18283],[-0.75789,11.18226],[-0.75787,11.18176],[-0.75837,11.18032],[-0.75946,11.17565],[-0.76047,11.17344],[-0.76164,11.17173],[-0.76197,11.16922],[-0.76191,11.16883],[-0.7603,11.16726],[-0.75937,11.16686],[-0.75894,11.1663],[-0.75869,11.16563],[-0.7587,11.16425],[-0.75847,11.16352],[-0.75708,11.16201],[-0.75668,11.16136],[-0.75637,11.16141],[-0.75612,11.16116],[-0.75593,11.16059],[-0.75609,11.16009],[-0.75581,11.15978],[-0.75535,11.15965],[-0.75491,11.15983],[-0.75447,11.15967],[-0.75378,11.15904],[-0.75222,11.15895],[-0.7513,11.15918],[-0.74921,11.15914],[-0.74897,11.15934],[-0.74901,11.1598],[-0.7488,11.16011],[-0.74752,11.16065],[-0.74637,11.16067],[-0.74584,11.16015],[-0.74584,11.15934],[-0.74574,11.1592],[-0.74535,11.15919],[-0.74203,11.16136],[-0.74109,11.16157],[-0.7402,11.16132],[-0.73834,11.16201],[-0.73661,11.16177],[-0.73599,11.16184],[-0.73497,11.16161],[-0.73401,11.16087],[-0.73335,11.1611],[-0.73298,11.16067],[-0.73258,11.15972],[-0.73227,11.15952],[-0.73157,11.15985],[-0.7307,11.15985],[-0.73018,11.15968],[-0.72904,11.15875],[-0.72736,11.15784],[-0.7272,11.15728],[-0.72737,11.15679],[-0.72732,11.15597],[-0.72827,11.15527],[-0.72898,11.15498],[-0.73001,11.15392],[-0.73021,11.15301],[-0.72984,11.15278],[-0.72953,11.153],[-0.72894,11.15287],[-0.72892,11.15204],[-0.72844,11.15079],[-0.7283,11.15072],[-0.7275,11.15089],[-0.72672,11.15086],[-0.72611,11.15111],[-0.72476,11.15091],[-0.72418,11.15047],[-0.72368,11.14983],[-0.72363,11.14681]]},"properties":{"name":"Nazinon","type":"River","flow_regime":"perennial","label":"Nazinon"}},{"type":"Feature","geometry":{"type":"LineString","coordinates":[[-0.72363,11.14681],[-0.72498,11.14608],[-0.72558,11.14631],[-0.72604,11.14628],[-0.72634,11.14604],[-0.72678,11.14525],[-0.72709,11.14513],[-0.7273,11.14532],[-0.72766,11.14531],[-0.728,11.14513],[-0.72817,11.14451],[-0.72803,11.14425],[-0.72757,11.14419],[-0.72734,11.14334],[-0.72662,11.14316],[-0.72671,11.14232],[-0.72718,11.14163],[-0.72789,11.1411],[-0.72877,11.14109],[-0.72898,11.14084],[-0.72997,11.14067],[-0.73111,11.13966],[-0.73112,11.13912],[-0.73086,11.13819],[-0.73028,11.13783],[-0.73018,11.13747],[-0.73039,11.13624],[-0.73137,11.13366],[-0.73307,11.13229],[-0.73355,11.13145],[-0.73416,11.13098],[-0.73456,11.13035],[-0.73494,11.13038],[-0.73521,11.13012],[-0.73523,11.12957],[-0.7346,11.12831],[-0.73474,11.12792],[-0.73501,11.12774],[-0.73568,11.12765],[-0.73554,11.12666],[-0.73595,11.12557],[-0.73582,11.12493],[-0.73599,11.12461],[-0.7367,11.12394],[-0.73836,11.12304],[-0.73926,11.12198],[-0.7398,11.12077],[-0.7405,11.12032],[-0.74113,11.12019],[-0.74233,11.1203],[-0.74273,11.12051],[-0.74299,11.12035],[-0.74348,11.11969],[-0.74343,11.11848],[-0.7431,11.11757],[-0.74253,11.11689],[-0.74163,11.11658],[-0.73951,11.11524],[-0.73902,11.11382],[-0.7384,11.11279],[-0.73822,11.1116],[-0.73741,11.1093],[-0.73617,11.10837],[-0.73561,11.10749],[-0.73456,11.10692],[-0.73282,11.10615],[-0.73231,11.10609],[-0.72895,11.10692],[-0.72774,11.10672],[-0.72743,11.10692],[-0.72708,11.10771],[-0.72669,11.10781],[-0.72553,11.10759],[-0.72503,11.10702],[-0.72453,11.10678],[-0.72416,11.10698],[-0.72352,11.10697],[-0.723,11.10668],[-0.72248,11.10667],[-0.72216,11.10686],[-0.72189,11.1074],[-0.72158,11.10731],[-0.7214,11.10692],[-0.72136,11.10577],[-0.72106,11.10549],[-0.71983,11.10537],[-0.71952,11.10581],[-0.71946,11.10662],[-0.71904,11.10667],[-0.71889,11.10638],[-0.71828,11.10602],[-0.71876,11.10463],[-0.71855,11.10437],[-0.71822,11.10434],[-0.7177,11.10473],[-0.71721,11.10572],[-0.71717,11.1062],[-0.71744,11.10667],[-0.71734,11.10706],[-0.71672,11.10751],[-0.71597,11.10851],[-0.71541,11.10862],[-0.7148,11.10826],[-0.71454,11.10778],[-0.71364,11.10764],[-0.71342,11.10743],[-0.71332,11.10683],[-0.7138,11.10556],[-0.71427,11.10504],[-0.71356,11.10439],[-0.71358,11.10399],[-0.71282,11.10365],[-0.71228,11.1038],[-0.71183,11.10345],[-0.71188,11.10319],[-0.71134,11.10249],[-0.71067,11.10253],[-0.71013,11.10179],[-0.7099,11.101],[-0.70917,11.10021],[-0.70916,11.09875],[-0.7073,11.09742],[-0.70573,11.09738],[-0.70467,11.09693],[-0.70412,11.09604],[-0.70464,11.09495],[-0.70213,11.09349],[-0.70102,11.09339],[-0.69844,11.09266],[-0.69734,11.09296]]},"properties":{"name":"Nazinon","type":"River","flow_regime":"perennial","label":"Nazinon"}},{"type":"Feature","geometry":{"type":"LineString","coordinates":[[-0.69734,11.09296],[-0.69667,11.09173],[-0.6973,11.09042],[-0.69724,11.0901],[-0.6969,11.08999],[-0.69581,11.09012],[-0.69553,11.08899],[-0.69575,11.08771],[-0.6966,11.08676],[-0.69718,11.0857],[-0.69749,11.08445],[-0.69722,11.08316],[-0.69722,11.08236],[-0.69789,11.08019],[-0.6985,11.07927],[-0.69856,11.07757],[-0.69894,11.07592],[-0.69898,11.07418],[-0.69837,11.07258],[-0.69758,11.07196],[-0.6966,11.07217],[-0.69629,11.07182],[-0.69626,11.07051],[-0.69652,11.06993],[-0.6978,11.06902],[-0.69771,11.06864],[-0.69532,11.06698],[-0.6942,11.0669],[-0.69302,11.06722],[-0.69172,11.0672],[-0.69058,11.06704],[-0.68997,11.06675],[-0.68888,11.06667],[-0.68783,11.06541],[-0.68696,11.06487],[-0.68598,11.06454],[-0.68388,11.06265],[-0.68257,11.05973],[-0.68354,11.05838],[-0.68386,11.05739],[-0.68403,11.05565],[-0.68321,11.0533],[-0.68326,11.05219],[-0.68307,11.05174],[-0.68261,11.05128],[-0.6834,11.04884],[-0.68397,11.04793],[-0.6849,11.04748],[-0.68603,11.04736],[-0.68678,11.04753],[-0.68739,11.04643],[-0.6882,11.04559],[-0.68928,11.0455],[-0.69025,11.04572],[-0.69087,11.04632],[-0.69105,11.04799],[-0.69142,11.04828],[-0.69318,11.04793],[-0.69429,11.04846],[-0.69492,11.04837],[-0.69572,11.0478],[-0.69644,11.04677],[-0.69654,11.04626],[-0.69694,11.04598],[-0.69675,11.04492],[-0.69722,11.04472],[-0.69834,11.04353],[-0.6984,11.04327],[-0.69806,11.0425],[-0.69838,11.0412],[-0.69929,11.04007],[-0.69981,11.03879],[-0.69926,11.03758],[-0.69925,11.03558],[-0.69985,11.0343],[-0.70081,11.03345],[-0.701,11.03287],[-0.70069,11.03203],[-0.70136,11.03071],[-0.70138,11.0302],[-0.70108,11.02945],[-0.70144,11.02862],[-0.70185,11.02821],[-0.70207,11.02753],[-0.70196,11.02703],[-0.70154,11.02673],[-0.70168,11.02578],[-0.70231,11.0256],[-0.7025,11.02464],[-0.70321,11.02311],[-0.70427,11.0227],[-0.70486,11.02212],[-0.70542,11.02029],[-0.7059,11.01969],[-0.7067,11.01909],[-0.70731,11.01779],[-0.70794,11.01716],[-0.70805,11.01671],[-0.70793,11.01605],[-0.70725,11.01553],[-0.70665,11.01399],[-0.70676,11.01298],[-0.70665,11.0125],[-0.70618,11.0116],[-0.70594,11.01012],[-0.70541,11.00886],[-0.70551,11.00746],[-0.70502,11.00658],[-0.70337,11.00474],[-0.70209,11.00394],[-0.70109,11.00394],[-0.69911,11.00424],[-0.69811,11.00481],[-0.69678,11.0052],[-0.69592,11.00585],[-0.69509,11.00691],[-0.69423,11.01142],[-0.69354,11.0123],[-0.69199,11.01339],[-0.69119,11.01454],[-0.6905,11.01481],[-0.68998,11.01483],[-0.68899,11.01437],[-0.68832,11.0138],[-0.6878,11.01284],[-0.6869,11.01228],[-0.68667,11.01095],[-0.68648,11.01072],[-0.68586,11.01058],[-0.68358,11.00891]]},"properties":{"name":"Nazinon","type":"River","flow_regime":"perennial","label":"Nazinon"}},{"type":"Feature","geometry":{"type":"LineString","coordinates":[[-0.77835,11.19031],[-0.77779,11.19054],[-0.7775,11.19112],[-0.77839,11.19365],[-0.77912,11.19412],[-0.77796,11.19514],[-0.77799,11.19621],[-0.77832,11.19659],[-0.77983,11.19723],[-0.78041,11.19876],[-0.77995,11.19984],[-0.77955,11.2],[-0.77908,11.20058],[-0.77832,11.20106],[-0.77839,11.20141],[-0.7786,11.20157],[-0.77914,11.20168],[-0.77956,11.20195],[-0.77978,11.20247],[-0.7793,11.20319],[-0.778,11.20362],[-0.77802,11.20381],[-0.77843,11.204],[-0.7785,11.20491],[-0.77802,11.20578],[-0.77644,11.20726],[-0.77538,11.20733],[-0.77338,11.20802],[-0.77269,11.20776],[-0.77161,11.20826],[-0.77092,11.20796],[-0.77026,11.20802],[-0.77009,11.20817],[-0.77045,11.20861],[-0.7704,11.20891],[-0.76991,11.20934],[-0.76888,11.20913],[-0.76846,11.20917],[-0.76818,11.2094],[-0.76744,11.20905],[-0.76594,11.20921],[-0.76463,11.20814],[-0.7634,11.2075]]},"properties":{"name":"Nazinon","type":"River","flow_regime":"perennial","label":"Nazinon"}},{"type":"Feature","geometry":{"type":"LineString","coordinates":[[-2.39035,12.42527],[-2.39307,12.42468],[-2.39403,12.42406],[-2.39464,12.4241],[-2.39511,12.42391],[-2.39538,12.42408],[-2.39634,12.42397],[-2.398,12.42299],[-2.3991,12.42294],[-2.39943,12.42265],[-2.40015,12.42237],[-2.40162,12.42237],[-2.40244,12.42257],[-2.40715,12.42248],[-2.40954,12.42269]]},"properties":{"name":"","type":"River","flow_regime":"perennial","label":"River"}},{"type":"Feature","geometry":{"type":"LineString","coordinates":[[-2.07516,12.69078],[-2.07597,12.69063],[-2.07568,12.69044],[-2.07608,12.69012],[-2.07648,12.69039],[-2.07685,12.69032],[-2.07689,12.68987],[-2.07715,12.68947],[-2.07701,12.68924],[-2.07725,12.68894],[-2.0775,12.68912],[-2.07755,12.68938],[-2.07812,12.68944],[-2.0783,12.68962],[-2.07917,12.68985],[-2.07925,12.68924],[-2.08021,12.68873],[-2.08015,12.68822],[-2.08061,12.6878],[-2.08074,12.68738],[-2.08127,12.68705],[-2.08285,12.68665],[-2.08346,12.68663],[-2.08468,12.68709],[-2.08511,12.68683],[-2.08523,12.68691],[-2.08459,12.68779],[-2.08469,12.6882],[-2.08539,12.68857],[-2.08569,12.6885],[-2.08588,12.68825],[-2.08748,12.68783],[-2.08719,12.68736],[-2.0871,12.68677],[-2.0872,12.68669],[-2.08785,12.68654],[-2.08882,12.68692],[-2.08906,12.68678],[-2.08901,12.68629],[-2.08984,12.68608],[-2.09043,12.68636],[-2.09115,12.68639],[-2.09124,12.68671],[-2.0921,12.68665],[-2.09223,12.68713],[-2.09258,12.68752],[-2.09369,12.68769],[-2.09456,12.68811],[-2.09483,12.68788],[-2.09466,12.68866],[-2.09504,12.68855],[-2.09624,12.68712],[-2.09719,12.68675],[-2.09919,12.68685],[-2.09935,12.68703],[-2.09944,12.68776],[-2.10022,12.68774],[-2.10065,12.68802],[-2.10085,12.6878],[-2.10079,12.68723],[-2.1011,12.68724],[-2.101,12.68659],[-2.10146,12.68555],[-2.10146,12.68494],[-2.10094,12.68456],[-2.10099,12.68435],[-2.10129,12.68433],[-2.10141,12.68412],[-2.10176,12.68329],[-2.10168,12.68303],[-2.10287,12.6826],[-2.10362,12.68294],[-2.10377,12.68326],[-2.10443,12.6829],[-2.10533,12.68282],[-2.10577,12.68142],[-2.1056,12.68062],[-2.10514,12.68012],[-2.10502,12.67963],[-2.10533,12.67881],[-2.10562,12.67897],[-2.10627,12.67864],[-2.10704,12.6786],[-2.10722,12.67871],[-2.10726,12.67932],[-2.10814,12.67954],[-2.10872,12.67946],[-2.10958,12.67988],[-2.11008,12.68035],[-2.11109,12.67997],[-2.11158,12.67994],[-2.11304,12.6803],[-2.11362,12.68017],[-2.11435,12.67933],[-2.11461,12.67784],[-2.11456,12.67734],[-2.11495,12.67714],[-2.11568,12.67719],[-2.11623,12.67747],[-2.11689,12.67817],[-2.11727,12.67962],[-2.11721,12.68008],[-2.1176,12.68035],[-2.11831,12.68018],[-2.11862,12.67982],[-2.11912,12.67986],[-2.1194,12.67965],[-2.11956,12.67888],[-2.11934,12.67814],[-2.11974,12.67777],[-2.11897,12.6767],[-2.11912,12.67633],[-2.11896,12.6759],[-2.1191,12.6758],[-2.11941,12.67591],[-2.12022,12.67563],[-2.12062,12.67568],[-2.12109,12.67536],[-2.12127,12.67565],[-2.1218,12.67566],[-2.12171,12.67527],[-2.12222,12.67504],[-2.12243,12.67467],[-2.12331,12.67477],[-2.12396,12.67515],[-2.12488,12.6754],[-2.12649,12.6752],[-2.12794,12.67528]]},"properties":{"name":"Vranso","type":"River","flow_regime":"perennial","label":"Vranso"}},{"type":"Feature","geometry":{"type":"LineString","coordinates":[[-2.44062,12.67832],[-2.44309,12.67249],[-2.44463,12.66697],[-2.44532,12.66228],[-2.4449,12.65972],[-2.44538,12.65894],[-2.44565,12.65893],[-2.44567,12.65873],[-2.44494,12.65834],[-2.44549,12.65792],[-2.44619,12.65777],[-2.45098,12.65809],[-2.45579,12.65505],[-2.46025,12.65122],[-2.46712,12.64235],[-2.47124,12.63816],[-2.47254,12.63767],[-2.47319,12.63819],[-2.47337,12.63819],[-2.47414,12.63786],[-2.47439,12.63743],[-2.47513,12.63775],[-2.47603,12.63721],[-2.47689,12.63707],[-2.47713,12.63708],[-2.47757,12.63748],[-2.47808,12.63702],[-2.47824,12.63729],[-2.47839,12.63708],[-2.47861,12.63744],[-2.47871,12.63715],[-2.47904,12.63731],[-2.47892,12.63705],[-2.47918,12.637],[-2.47937,12.63656],[-2.47954,12.63666],[-2.47948,12.63689],[-2.48002,12.63709],[-2.48062,12.63622],[-2.48116,12.63636],[-2.48163,12.6361],[-2.48259,12.6361],[-2.48306,12.63689],[-2.48374,12.63636],[-2.48382,12.63586],[-2.48462,12.63561],[-2.48537,12.63507],[-2.48527,12.63458],[-2.48542,12.63441],[-2.48612,12.63482],[-2.4866,12.63456],[-2.4864,12.63439],[-2.48645,12.63424],[-2.48712,12.63446],[-2.48711,12.63415],[-2.48747,12.63386],[-2.48723,12.63351],[-2.48777,12.63283],[-2.48821,12.6328],[-2.4887,12.63228],[-2.48944,12.63244],[-2.48959,12.63192],[-2.48932,12.63152],[-2.48953,12.63122],[-2.49012,12.63126],[-2.49052,12.63084],[-2.49104,12.63071],[-2.49116,12.63058],[-2.49103,12.63025],[-2.49163,12.63025],[-2.49176,12.62968],[-2.49229,12.62978],[-2.49291,12.6294],[-2.49342,12.62953],[-2.49355,12.62902],[-2.49337,12.62888],[-2.49351,12.62866],[-2.49339,12.62808],[-2.49431,12.62721],[-2.49444,12.62677],[-2.49436,12.62643],[-2.49492,12.6262],[-2.49536,12.6257],[-2.49522,12.6254],[-2.49492,12.62564],[-2.49483,12.62529],[-2.49523,12.62417],[-2.49514,12.62374],[-2.49617,12.62234],[-2.49619,12.62118],[-2.49726,12.6198],[-2.49733,12.61882],[-2.49827,12.61887],[-2.49859,12.61844],[-2.4989,12.61829],[-2.49893,12.61744],[-2.49876,12.61682],[-2.49936,12.61614],[-2.49949,12.61571],[-2.50015,12.61533],[-2.50001,12.61474],[-2.50079,12.61398],[-2.50133,12.61405],[-2.5013,12.61347],[-2.50154,12.61348],[-2.50155,12.61376],[-2.50178,12.61376],[-2.50191,12.61339],[-2.50182,12.61314],[-2.5021,12.61287],[-2.50244,12.613],[-2.50307,12.61267],[-2.50376,12.61265],[-2.50385,12.61208],[-2.50431,12.61229],[-2.50508,12.61182],[-2.50565,12.61173],[-2.50557,12.61115],[-2.5062,12.61127],[-2.50654,12.61085],[-2.50719,12.61047],[-2.50752,12.6099],[-2.5078,12.60982],[-2.50753,12.60934],[-2.50779,12.60913],[-2.50779,12.60867],[-2.50816,12.60841],[-2.50787,12.60772],[-2.5074,12.6075],[-2.50753,12.60673],[-2.50773,12.6067],[-2.50777,12.60582],[-2.50841,12.60597],[-2.50866,12.60565],[-2.50928,12.60556],[-2.50989,12.60572],[-2.51021,12.60556],[-2.51039,12.605],[-2.51117,12.60483],[-2.51136,12.60459],[-2.51203,12.60473],[-2.51236,12.60457],[-2.51231,12.60418],[-2.51265,12.60363],[-2.5128,12.60175],[-2.51338,12.60161],[-2.51378,12.60105],[-2.51402,12.60103],[-2.51426,12.60068],[-2.5149,12.60025],[-2.51522,12.59952],[-2.51573,12.599],[-2.51624,12.59875],[-2.51663,12.59779],[-2.51812,12.59732],[-2.51846,12.59675],[-2.51851,12.59585],[-2.51899,12.59567]]},"properties":{"name":"","type":"River","flow_regime":"perennial","label":"River"}},{"type":"Feature","geometry":{"type":"LineString","coordinates":[[-1.34575,12.66763],[-1.34551,12.66751],[-1.34502,12.66776],[-1.34405,12.66667],[-1.34412,12.66587],[-1.34435,12.66573],[-1.34394,12.6653],[-1.34411,12.66493],[-1.34375,12.66429],[-1.34395,12.66416],[-1.34382,12.66386],[-1.34405,12.66372],[-1.34382,12.66349],[-1.34405,12.66309],[-1.34336,12.66289],[-1.34309,12.66236],[-1.3428,12.66241],[-1.34282,12.66212],[-1.34253,12.66181],[-1.34211,12.66174],[-1.34233,12.66129],[-1.34212,12.66104],[-1.34235,12.6611],[-1.34272,12.66074],[-1.34262,12.66046],[-1.3423,12.66033],[-1.34243,12.65995],[-1.34197,12.65993]]},"properties":{"name":"Salt River","type":"River","flow_regime":"perennial","label":"Salt River"}},{"type":"Feature","geometry":{"type":"LineString","coordinates":[[-1.34262,12.66046],[-1.34271,12.66033],[-1.34248,12.66008]]},"properties":{"name":"","type":"River","flow_regime":"perennial","label":"River"}},{"type":"Feature","geometry":{"type":"LineString","coordinates":[[-2.34066,12.23252],[-2.34148,12.23114],[-2.34167,12.2301]]},"properties":{"name":"","type":"River","flow_regime":"perennial","label":"River"}},{"type":"Feature","geometry":{"type":"LineString","coordinates":[[-5.09628,10.67876],[-5.09622,10.67841],[-5.09639,10.67802],[-5.09735,10.67747],[-5.09783,10.67555],[-5.09775,10.67471],[-5.09713,10.67318],[-5.09629,10.67222],[-5.09585,10.67194],[-5.09652,10.67092],[-5.09794,10.67013],[-5.09947,10.66831],[-5.09962,10.66735],[-5.09925,10.66619],[-5.0993,10.66543],[-5.09953,10.6648],[-5.1002,10.66425],[-5.10038,10.66373],[-5.10007,10.66295],[-5.09915,10.66242],[-5.09903,10.66188],[-5.09923,10.66112],[-5.09916,10.6606],[-5.09879,10.66046],[-5.09798,10.66048],[-5.09676,10.65967],[-5.0956,10.65781],[-5.09505,10.65736],[-5.09553,10.65686],[-5.09619,10.65656],[-5.09713,10.65577],[-5.09879,10.65534],[-5.0998,10.6548],[-5.10051,10.6541],[-5.10126,10.653],[-5.1023,10.65264],[-5.10352,10.65308],[-5.10442,10.65303],[-5.10503,10.65274],[-5.10569,10.65215],[-5.10596,10.65148],[-5.10553,10.6509],[-5.10577,10.65027],[-5.10533,10.64978],[-5.10444,10.6495],[-5.1041,10.64899],[-5.10424,10.64851],[-5.10522,10.64803],[-5.10512,10.6472],[-5.10453,10.6468],[-5.10435,10.64707],[-5.10322,10.64742],[-5.10261,10.64649],[-5.10313,10.64595],[-5.10426,10.64567],[-5.10464,10.64523],[-5.1037,10.64395],[-5.10394,10.64303],[-5.10356,10.64198],[-5.10394,10.64136],[-5.10396,10.64102],[-5.10337,10.64057],[-5.10299,10.64056],[-5.10216,10.64108],[-5.1016,10.64109],[-5.10041,10.64163],[-5.09847,10.64102],[-5.09839,10.64023],[-5.09807,10.63974],[-5.09811,10.63827],[-5.09699,10.63686],[-5.09683,10.63579],[-5.09728,10.63476],[-5.09714,10.63385],[-5.09761,10.63343],[-5.09762,10.63281],[-5.09831,10.63198],[-5.09853,10.62972],[-5.09978,10.62848],[-5.09974,10.62739],[-5.1003,10.62637],[-5.10072,10.62616],[-5.10093,10.62576],[-5.10078,10.62495],[-5.10095,10.62489],[-5.10153,10.6252],[-5.10176,10.62494],[-5.10173,10.62429],[-5.10254,10.62407],[-5.10263,10.62387],[-5.10309,10.62396],[-5.10355,10.62333],[-5.10387,10.62339],[-5.10379,10.62415],[-5.10395,10.6244],[-5.10445,10.62432],[-5.10475,10.62386],[-5.10499,10.62385],[-5.10501,10.6245],[-5.10449,10.62469],[-5.10439,10.62517],[-5.10593,10.62453],[-5.10592,10.62487],[-5.1054,10.62544],[-5.10539,10.62581],[-5.1061,10.62577],[-5.10684,10.62482],[-5.10782,10.62497],[-5.10759,10.62558],[-5.10761,10.62578],[-5.10789,10.62588],[-5.1084,10.62529],[-5.10888,10.62531],[-5.10899,10.62437],[-5.10926,10.62437],[-5.10953,10.62471],[-5.10997,10.62479],[-5.11067,10.62442],[-5.1107,10.6236],[-5.11154,10.62326],[-5.11245,10.62341],[-5.11242,10.62294],[-5.11212,10.6227],[-5.11229,10.62231],[-5.1133,10.62152],[-5.11537,10.62064],[-5.11586,10.61994],[-5.11628,10.61966],[-5.1157,10.61919],[-5.11573,10.61901],[-5.11662,10.61795],[-5.11766,10.61733],[-5.11812,10.61566],[-5.11805,10.61523],[-5.11724,10.61449],[-5.11673,10.61439],[-5.11627,10.61353],[-5.11659,10.61239],[-5.11716,10.61184],[-5.11734,10.61135],[-5.11814,10.61109],[-5.11839,10.6106],[-5.1176,10.61023],[-5.11751,10.60937],[-5.11772,10.60655],[-5.11766,10.6062],[-5.1171,10.6057],[-5.11726,10.60494],[-5.11718,10.60418],[-5.11675,10.60345],[-5.11716,10.60236],[-5.11646,10.60241],[-5.11654,10.60286],[-5.11638,10.60313],[-5.11619,10.60277],[-5.11591,10.60273],[-5.11587,10.60244],[-5.11558,10.60249],[-5.11515,10.60199],[-5.11478,10.60189],[-5.11468,10.60165],[-5.11485,10.60131],[-5.1143,10.60094],[-5.11449,10.60027],[-5.11407,10.60004],[-5.11346,10.60016],[-5.11339,10.59996],[-5.11357,10.5995],[-5.11309,10.5987],[-5.11283,10.5986],[-5.11238,10.5987],[-5.11198,10.59913],[-5.11173,10.59882],[-5.1112,10.599],[-5.11068,10.59884],[-5.11018,10.59955],[-5.10982,10.59933],[-5.10979,10.59884],[-5.10945,10.59855],[-5.10939,10.5993],[-5.10914,10.59949],[-5.10885,10.59944],[-5.10879,10.59881],[-5.10844,10.59819],[-5.10919,10.59764],[-5.10917,10.59738],[-5.10789,10.59722],[-5.10783,10.5979],[-5.10761,10.59814],[-5.10746,10.59804],[-5.1074,10.59739],[-5.10678,10.59742],[-5.10628,10.59753],[-5.10611,10.59801],[-5.10582,10.5981],[-5.1057,10.59754],[-5.10609,10.59749],[-5.1058,10.59711],[-5.10613,10.59675],[-5.1054,10.59652],[-5.10553,10.5954],[-5.10577,10.59514],[-5.1053,10.59475],[-5.10529,10.59455],[-5.10546,10.5941],[-5.10587,10.59382],[-5.10499,10.59343],[-5.10491,10.59323],[-5.1053,10.59255],[-5.10567,10.59258],[-5.10578,10.59199],[-5.10579,10.59123],[-5.1053,10.59118],[-5.10536,10.59074]]},"properties":{"name":"","type":"River","flow_regime":"perennial","label":"River"}},{"type":"Feature","geometry":{"type":"LineString","coordinates":[[-4.75339,11.7481],[-4.75458,11.74792],[-4.75557,11.74874],[-4.75597,11.74877],[-4.75805,11.74878],[-4.75976,11.74849],[-4.7649,11.74661],[-4.76536,11.74626],[-4.76653,11.74474],[-4.76703,11.74447],[-4.76763,11.74453],[-4.77151,11.74608],[-4.77283,11.74695],[-4.77493,11.75196]]},"properties":{"name":"","type":"River","flow_regime":"perennial","label":"River"}},{"type":"Feature","geometry":{"type":"LineString","coordinates":[[-4.83046,10.64024],[-4.8301,10.63999],[-4.82965,10.64001],[-4.82953,10.63984],[-4.8294,10.63887],[-4.82886,10.63785],[-4.82906,10.63755],[-4.82719,10.63631],[-4.82706,10.63592],[-4.82629,10.63534],[-4.82508,10.63556],[-4.8248,10.6349],[-4.82408,10.63482],[-4.82376,10.6335],[-4.82376,10.63327],[-4.82402,10.63302],[-4.824,10.63273],[-4.82291,10.63248],[-4.82225,10.63205],[-4.82144,10.63186],[-4.82018,10.63039],[-4.82051,10.62961],[-4.82018,10.62896],[-4.82059,10.62829],[-4.82064,10.62756],[-4.82026,10.6264],[-4.8204,10.62581],[-4.82074,10.62525],[-4.82079,10.62473],[-4.82156,10.62425],[-4.82146,10.62384],[-4.82169,10.62363],[-4.82203,10.62262],[-4.82183,10.62216],[-4.82229,10.62184],[-4.82213,10.62103],[-4.82244,10.62066],[-4.82214,10.62029],[-4.82219,10.61996],[-4.82201,10.61976],[-4.82156,10.61968],[-4.8212,10.62005],[-4.82083,10.61999],[-4.82035,10.61923],[-4.81954,10.61887]]},"properties":{"name":"","type":"River","flow_regime":"perennial","label":"River"}},{"type":"Feature","geometry":{"type":"LineString","coordinates":[[0.32418,12.3623],[0.32718,12.36403],[0.32728,12.36445],[0.32715,12.36548],[0.32782,12.36593],[0.32841,12.36457],[0.32911,12.36458],[0.32988,12.36438],[0.33129,12.36498],[0.33146,12.36532],[0.3321,12.36535],[0.33258,12.36459],[0.33292,12.36511],[0.33409,12.36601],[0.33703,12.36771],[0.34002,12.36795],[0.34168,12.37029],[0.34342,12.37129],[0.34544,12.37036],[0.34773,12.36998],[0.35185,12.36898],[0.35459,12.36898],[0.35755,12.36964],[0.36016,12.36871],[0.36642,12.36748],[0.36932,12.36655],[0.37179,12.36642],[0.37259,12.36659],[0.37453,12.36623],[0.37646,12.36641],[0.37939,12.36594],[0.38007,12.36636],[0.3809,12.36591],[0.38246,12.36577],[0.38326,12.36639],[0.38541,12.36623],[0.38584,12.36668],[0.38736,12.36666],[0.38965,12.36733],[0.39018,12.36757],[0.39069,12.36858],[0.39306,12.36912],[0.39348,12.36822],[0.394,12.36832],[0.39404,12.36763],[0.39654,12.3676],[0.39692,12.36843],[0.39934,12.36786],[0.39937,12.36846],[0.401,12.36794],[0.40304,12.36996],[0.40488,12.37025],[0.4067,12.37217],[0.40717,12.37339],[0.40813,12.37392],[0.40947,12.37292],[0.41057,12.3717],[0.41159,12.37291],[0.41318,12.37413],[0.4165,12.37378],[0.41775,12.37456],[0.41898,12.37394],[0.42121,12.37546],[0.42363,12.37568],[0.42643,12.37498],[0.42867,12.37521],[0.43034,12.3746],[0.4308,12.37301],[0.43135,12.37245],[0.43305,12.37247],[0.43415,12.37289],[0.43411,12.37402],[0.43789,12.37321],[0.44012,12.37358],[0.44285,12.37372],[0.44974,12.37373],[0.45083,12.37515],[0.45254,12.3755],[0.45394,12.37731],[0.45501,12.37818],[0.45734,12.37853],[0.45855,12.37808],[0.46218,12.37809],[0.46475,12.37984],[0.46654,12.38054],[0.46726,12.37986],[0.46688,12.37844],[0.46806,12.37904],[0.46873,12.37991],[0.46954,12.38022],[0.47173,12.38163],[0.47311,12.38131],[0.47441,12.38153],[0.4745,12.38255],[0.47614,12.38276],[0.47669,12.38409],[0.48023,12.38417],[0.48118,12.38311],[0.48223,12.38297],[0.48298,12.38101],[0.48662,12.38041],[0.48806,12.37902],[0.48978,12.37933],[0.49316,12.37956],[0.49721,12.38054],[0.49926,12.38017],[0.50029,12.38176],[0.50009,12.38349],[0.50103,12.38359],[0.50136,12.38345],[0.5037,12.38346],[0.50414,12.38251],[0.50413,12.38181],[0.50466,12.38182],[0.50415,12.38069],[0.50327,12.3799],[0.50324,12.37907],[0.50554,12.37857],[0.50812,12.37869],[0.50855,12.38012],[0.50981,12.3806],[0.51228,12.38037],[0.51303,12.37911],[0.51816,12.37872],[0.52058,12.37942],[0.52168,12.38162],[0.52721,12.37857],[0.53179,12.37886],[0.53279,12.37913],[0.53245,12.38034],[0.53369,12.38119],[0.53642,12.37991],[0.53672,12.37727],[0.53796,12.3766],[0.5385,12.37356],[0.54105,12.37337],[0.54344,12.37297],[0.54758,12.37336],[0.55022,12.37144],[0.54974,12.36715],[0.55522,12.36069],[0.55878,12.35853],[0.56189,12.35755],[0.56461,12.35746],[0.56766,12.35486],[0.56916,12.35159],[0.57009,12.34763],[0.5727,12.34497],[0.57492,12.34333],[0.5768,12.34053],[0.57852,12.33861],[0.57998,12.33826],[0.58056,12.33679],[0.57926,12.33552],[0.57952,12.33371],[0.58453,12.33192],[0.59626,12.32868],[0.6015,12.32977],[0.60527,12.32759],[0.61165,12.32958],[0.61526,12.32782],[0.62029,12.32759],[0.62167,12.32541],[0.62725,12.32507],[0.62956,12.32281],[0.63394,12.32348],[0.63809,12.32086],[0.64201,12.32206]]},"properties":{"name":"","type":"River","flow_regime":"perennial","label":"River"}},{"type":"Feature","geometry":{"type":"LineString","coordinates":[[-0.89744,11.9568],[-0.89693,11.95639],[-0.89696,11.95562],[-0.89721,11.95481],[-0.89682,11.95389],[-0.89715,11.95326],[-0.89683,11.9528],[-0.89623,11.95236],[-0.89609,11.95201],[-0.89644,11.95122],[-0.89711,11.95068],[-0.89699,11.9483],[-0.8964,11.9456],[-0.89586,11.94498],[-0.89561,11.94434],[-0.89491,11.94393],[-0.89484,11.94374],[-0.89491,11.94353],[-0.89577,11.94312],[-0.89582,11.94282],[-0.89527,11.94225],[-0.89454,11.94203],[-0.89428,11.94148],[-0.89476,11.9406],[-0.89511,11.9386],[-0.8954,11.93811],[-0.89535,11.93777],[-0.89468,11.93718],[-0.89469,11.93614],[-0.89452,11.93536],[-0.89468,11.93522],[-0.89529,11.93548],[-0.89573,11.93547],[-0.89653,11.93481],[-0.89664,11.93452],[-0.89715,11.93422],[-0.89696,11.93349],[-0.89627,11.93281],[-0.89588,11.93296],[-0.89558,11.93343],[-0.8953,11.93337],[-0.89524,11.93208],[-0.89474,11.93179],[-0.89467,11.93158],[-0.89547,11.93132],[-0.89609,11.93091],[-0.89655,11.93033],[-0.89669,11.92966],[-0.8964,11.9289],[-0.89634,11.92822],[-0.89581,11.92745],[-0.89511,11.92725],[-0.89448,11.92752],[-0.89354,11.92693],[-0.89359,11.9266],[-0.89442,11.92597],[-0.89454,11.92572],[-0.89407,11.92538],[-0.89355,11.92453],[-0.89291,11.92429],[-0.8927,11.92387],[-0.89274,11.92352],[-0.89307,11.92291],[-0.89415,11.92237],[-0.89427,11.92175],[-0.89334,11.92054],[-0.89262,11.92055],[-0.89227,11.91933],[-0.89173,11.91864],[-0.89075,11.9183],[-0.89064,11.91773],[-0.89114,11.91712],[-0.89112,11.91674],[-0.89085,11.91653],[-0.89033,11.91649],[-0.89017,11.91631],[-0.89029,11.91497],[-0.89066,11.91344],[-0.89083,11.90597],[-0.89115,11.90406],[-0.89214,11.9028],[-0.89338,11.90194],[-0.89481,11.89988]]},"properties":{"name":"Nakemb\u00e9","type":"River","flow_regime":"perennial","label":"Nakemb\u00e9"}},{"type":"Feature","geometry":{"type":"LineString","coordinates":[[-0.77056,11.82269],[-0.77117,11.82088],[-0.77208,11.81928],[-0.77228,11.81848],[-0.77222,11.81804]]},"properties":{"name":"Dougoula Mondi","type":"River","flow_regime":"perennial","label":"Dougoula Mondi"}},{"type":"Feature","geometry":{"type":"LineString","coordinates":[[-0.82034,11.84644],[-0.81968,11.84667],[-0.81899,11.84787],[-0.81854,11.84797],[-0.81829,11.8478],[-0.81659,11.84576],[-0.81592,11.84459],[-0.81438,11.84408],[-0.81273,11.84284],[-0.8114,11.8407],[-0.80842,11.8377],[-0.80515,11.8351],[-0.80355,11.83417],[-0.80326,11.83321],[-0.80372,11.83201],[-0.80348,11.83153],[-0.80283,11.83134],[-0.8017,11.83131],[-0.80073,11.83092],[-0.79889,11.83081],[-0.79775,11.83037]]},"properties":{"name":"Nakemb\u00e9","type":"River","flow_regime":"perennial","label":"Nakemb\u00e9"}},{"type":"Feature","geometry":{"type":"LineString","coordinates":[[-0.82701,11.87382],[-0.82717,11.87267],[-0.82856,11.87054],[-0.8294,11.86805],[-0.83,11.86439],[-0.83028,11.86359],[-0.83079,11.86294],[-0.83259,11.86217],[-0.83369,11.86133],[-0.83493,11.8586],[-0.83492,11.85725],[-0.83415,11.85561],[-0.83369,11.85509],[-0.83191,11.85387],[-0.82921,11.85238],[-0.82764,11.85101],[-0.8256,11.85011],[-0.82476,11.84955],[-0.82228,11.84969],[-0.82151,11.8494],[-0.82077,11.84837],[-0.82068,11.84793],[-0.82082,11.84694],[-0.82034,11.84644]]},"properties":{"name":"Nakemb\u00e9","type":"River","flow_regime":"perennial","label":"Nakemb\u00e9"}},{"type":"Feature","geometry":{"type":"LineString","coordinates":[[-0.97791,12.02168],[-0.97768,12.0213],[-0.97558,12.01961],[-0.97434,12.01983],[-0.97395,12.01974],[-0.9737,12.01923],[-0.97422,12.01779],[-0.97404,12.01736],[-0.97326,12.01692],[-0.97314,12.01659],[-0.97283,12.01635],[-0.9727,12.01603],[-0.97297,12.01521],[-0.97172,12.01496],[-0.9704,12.01399],[-0.96918,12.01388],[-0.96855,12.01422],[-0.96778,12.01425],[-0.96604,12.01371],[-0.9657,12.01342],[-0.9656,12.01297],[-0.9657,12.0127],[-0.96642,12.01237],[-0.96747,12.01229],[-0.96756,12.01184],[-0.96566,12.01068],[-0.96531,12.01015],[-0.96443,12.00941],[-0.96369,12.00903],[-0.96343,12.00909],[-0.96337,12.00941],[-0.9636,12.00978],[-0.96362,12.0104],[-0.96287,12.01052],[-0.96233,12.01],[-0.96207,12.00925],[-0.9617,12.00877],[-0.96037,12.00848],[-0.9602,12.00758],[-0.9598,12.00669],[-0.95942,12.00631],[-0.95852,12.00579],[-0.95755,12.00566],[-0.95423,12.00388],[-0.95259,12.00335],[-0.9512,12.00319],[-0.95077,12.003],[-0.94832,12.00117],[-0.94539,11.99937],[-0.94478,11.99852],[-0.94495,11.99783],[-0.94489,11.99704],[-0.94416,11.99521],[-0.94367,11.99455],[-0.94219,11.99349],[-0.94195,11.99279],[-0.94159,11.99238],[-0.94034,11.99202],[-0.93965,11.99111],[-0.93884,11.99136],[-0.93783,11.99116],[-0.93598,11.99021],[-0.93453,11.98973],[-0.93421,11.98933],[-0.93431,11.98826],[-0.93418,11.98803],[-0.93296,11.98786],[-0.93094,11.9882],[-0.93043,11.98807],[-0.92858,11.98654],[-0.92667,11.98562],[-0.92571,11.98607],[-0.92459,11.98728],[-0.92403,11.98746],[-0.9212,11.98696],[-0.92101,11.98679],[-0.92178,11.98535],[-0.922,11.98377],[-0.92193,11.98341],[-0.92167,11.98314],[-0.92082,11.98293],[-0.91993,11.98162],[-0.92013,11.98001],[-0.91985,11.9798],[-0.91878,11.97969],[-0.9177,11.9793],[-0.91723,11.97827],[-0.91654,11.97753],[-0.91652,11.97728],[-0.91719,11.97609],[-0.91712,11.97571],[-0.91684,11.97541],[-0.9162,11.97522],[-0.91542,11.97456],[-0.9141,11.97398],[-0.91289,11.9742],[-0.91198,11.97324],[-0.91182,11.97242],[-0.91203,11.9717],[-0.9122,11.97152],[-0.91335,11.97147],[-0.91366,11.97123],[-0.91379,11.9706],[-0.91347,11.96946],[-0.91288,11.96867],[-0.91183,11.96841],[-0.91087,11.96769],[-0.91082,11.96717],[-0.91147,11.96651],[-0.91149,11.96605],[-0.91133,11.9658],[-0.90951,11.96551],[-0.90856,11.96595],[-0.90726,11.9661],[-0.90703,11.96643],[-0.90696,11.9673],[-0.90646,11.96727],[-0.90597,11.9666],[-0.90515,11.96588],[-0.90472,11.96486],[-0.90285,11.96303],[-0.90219,11.96282],[-0.9011,11.9628],[-0.90019,11.9621],[-0.89899,11.96171],[-0.89929,11.96028],[-0.89914,11.95888],[-0.89856,11.95825],[-0.89803,11.95713],[-0.89744,11.9568]]},"properties":{"name":"Nakemb\u00e9","type":"River","flow_regime":"perennial","label":"Nakemb\u00e9"}},{"type":"Feature","geometry":{"type":"LineString","coordinates":[[-0.98854,11.57459],[-0.98829,11.57532],[-0.98729,11.57602],[-0.98676,11.57678],[-0.98672,11.57793],[-0.98631,11.57855],[-0.98616,11.58048],[-0.98662,11.58139],[-0.98705,11.58187],[-0.98891,11.58242],[-0.98907,11.58312],[-0.98901,11.58409]]},"properties":{"name":"","type":"River","flow_regime":"perennial","label":"River"}},{"type":"Feature","geometry":{"type":"LineString","coordinates":[[-0.5569,11.46432],[-0.55677,11.46416]]},"properties":{"name":"Nakemb\u00e9","type":"River","flow_regime":"perennial","label":"Nakemb\u00e9"}},{"type":"Feature","geometry":{"type":"LineString","coordinates":[[-4.43486,11.3022],[-4.43507,11.3019],[-4.43456,11.30181]]},"properties":{"name":"","type":"River","flow_regime":"perennial","label":"River"}},{"type":"Feature","geometry":{"type":"LineString","coordinates":[[-4.43486,11.3022],[-4.43451,11.30243],[-4.43456,11.30181]]},"properties":{"name":"","type":"River","flow_regime":"perennial","label":"River"}},{"type":"Feature","geometry":{"type":"LineString","coordinates":[[-4.68322,11.04771],[-4.68351,11.04832],[-4.6829,11.0493],[-4.68202,11.04974],[-4.68163,11.05093],[-4.6816,11.05362],[-4.68176,11.05458],[-4.6813,11.05559],[-4.68123,11.05694],[-4.68152,11.05777],[-4.68165,11.05916],[-4.68224,11.06037],[-4.68133,11.06214],[-4.68174,11.06323],[-4.68232,11.06393],[-4.68266,11.06498],[-4.68217,11.06612],[-4.68088,11.06688],[-4.68064,11.06752],[-4.68078,11.0678],[-4.6807,11.06815],[-4.68207,11.07011],[-4.68206,11.0704],[-4.68133,11.07141],[-4.68166,11.0722],[-4.68264,11.07306],[-4.68341,11.07332],[-4.68369,11.07482],[-4.68318,11.07496],[-4.68272,11.07591],[-4.68374,11.07698],[-4.68342,11.07752],[-4.68298,11.0777],[-4.68301,11.0795],[-4.6828,11.08034],[-4.68297,11.08095],[-4.68259,11.08149],[-4.68239,11.08231],[-4.68254,11.0828],[-4.68324,11.08336],[-4.68395,11.08367],[-4.68448,11.08343],[-4.68482,11.08352],[-4.68505,11.08457],[-4.68564,11.0851],[-4.68546,11.08639],[-4.68481,11.08728],[-4.68481,11.0876],[-4.68544,11.08811],[-4.68559,11.08872],[-4.68602,11.08899],[-4.68626,11.08941],[-4.68731,11.08982],[-4.68758,11.09014],[-4.68779,11.09002],[-4.68847,11.09007],[-4.68899,11.08981],[-4.68957,11.09047],[-4.68984,11.09048],[-4.69018,11.09123],[-4.69109,11.09145],[-4.69125,11.09182],[-4.69175,11.09175],[-4.69197,11.0919],[-4.69213,11.09212],[-4.69229,11.09352],[-4.69196,11.09449],[-4.69251,11.09568],[-4.69304,11.09622],[-4.69327,11.09674],[-4.69442,11.09766],[-4.69502,11.09789],[-4.69544,11.09872],[-4.6955,11.09934],[-4.69724,11.09972],[-4.69817,11.10085],[-4.69853,11.10165],[-4.69857,11.10278],[-4.69838,11.10361],[-4.69806,11.104],[-4.69791,11.10683],[-4.6981,11.10726],[-4.69829,11.10749],[-4.69903,11.10762],[-4.69979,11.10736],[-4.70264,11.10905],[-4.70284,11.10958],[-4.70257,11.11286],[-4.70318,11.1144],[-4.70244,11.11562],[-4.7024,11.11597],[-4.70221,11.1161],[-4.70176,11.11719],[-4.70109,11.1177],[-4.701,11.11811],[-4.7003,11.11855],[-4.70015,11.11882],[-4.70036,11.11921],[-4.69972,11.12001],[-4.69988,11.12055],[-4.70027,11.12067],[-4.70106,11.12158],[-4.70129,11.1222],[-4.70117,11.12249],[-4.70171,11.12317],[-4.70161,11.12389],[-4.70123,11.12476],[-4.70043,11.12573],[-4.69942,11.12602],[-4.69876,11.12594],[-4.69783,11.12616],[-4.69742,11.12651],[-4.6964,11.12869],[-4.6961,11.12892],[-4.69547,11.13025],[-4.69512,11.13208],[-4.69442,11.1328],[-4.69424,11.13372],[-4.69504,11.1344],[-4.69539,11.13428],[-4.69617,11.13474],[-4.69638,11.13622],[-4.69671,11.13631],[-4.69701,11.13757],[-4.69686,11.13804],[-4.69699,11.13895],[-4.6968,11.13965],[-4.69613,11.14031],[-4.69597,11.14153],[-4.69658,11.14436],[-4.69714,11.14524],[-4.69702,11.14589],[-4.69632,11.14682],[-4.69634,11.14715],[-4.6959,11.1482],[-4.69589,11.1488],[-4.69674,11.14937],[-4.6965,11.1508],[-4.6968,11.15123],[-4.69719,11.15145],[-4.69755,11.15225],[-4.69941,11.15288],[-4.69973,11.15368],[-4.69962,11.15474],[-4.69892,11.15524],[-4.69808,11.1563],[-4.69732,11.1594],[-4.69817,11.15981],[-4.69851,11.1606],[-4.69835,11.16132],[-4.69731,11.1635],[-4.69777,11.16486],[-4.69781,11.16649],[-4.6976,11.16716],[-4.69808,11.16788],[-4.69869,11.16827],[-4.6999,11.16852],[-4.70007,11.16877],[-4.70007,11.16959],[-4.70117,11.17077],[-4.70137,11.17219],[-4.70161,11.17268],[-4.70493,11.17555],[-4.70526,11.17572],[-4.70688,11.17541],[-4.70914,11.17569],[-4.71031,11.17552],[-4.71166,11.1765],[-4.71321,11.17847],[-4.71527,11.179],[-4.7181,11.17892],[-4.72032,11.17832],[-4.72194,11.17902],[-4.72399,11.17824],[-4.72618,11.17712],[-4.72762,11.17759],[-4.72903,11.17829],[-4.72965,11.1782],[-4.73153,11.1785],[-4.73227,11.17843],[-4.73268,11.17864],[-4.73363,11.17837],[-4.73433,11.17852],[-4.73621,11.18026],[-4.73669,11.18096],[-4.73658,11.18221],[-4.73711,11.18315],[-4.73995,11.18501],[-4.74098,11.18552],[-4.74259,11.18591],[-4.74495,11.18833],[-4.74498,11.18876],[-4.74718,11.19064],[-4.74801,11.1911],[-4.74875,11.19193],[-4.74899,11.19247],[-4.75021,11.19368],[-4.75163,11.19463],[-4.75187,11.19514],[-4.75326,11.19618],[-4.75356,11.19674],[-4.75358,11.19703],[-4.75332,11.1973],[-4.75356,11.19805],[-4.75378,11.19824],[-4.75483,11.19824],[-4.75545,11.19792],[-4.75586,11.19807],[-4.75677,11.19936],[-4.75686,11.19991],[-4.75735,11.20062],[-4.75852,11.20167],[-4.75866,11.20206],[-4.75985,11.20312],[-4.76044,11.2039],[-4.76156,11.2048],[-4.76375,11.20342],[-4.7648,11.20204],[-4.76544,11.20137],[-4.76632,11.20096],[-4.76644,11.20062],[-4.7666,11.2006],[-4.76688,11.20112],[-4.76748,11.2017],[-4.76884,11.20247],[-4.76909,11.20237],[-4.76915,11.20195],[-4.76956,11.20179],[-4.77024,11.20099],[-4.77129,11.20104],[-4.77175,11.20049],[-4.77404,11.20037],[-4.77494,11.20107],[-4.77547,11.20109],[-4.77582,11.20099],[-4.77617,11.2006],[-4.7765,11.20058],[-4.77712,11.20206],[-4.77725,11.20205],[-4.77746,11.20144],[-4.77843,11.20116],[-4.77895,11.2025],[-4.77841,11.20308],[-4.77825,11.20357],[-4.77831,11.20397],[-4.77887,11.20499],[-4.7798,11.20498],[-4.78047,11.20554],[-4.78095,11.2056],[-4.78135,11.20622],[-4.7812,11.20753],[-4.78132,11.20771],[-4.78183,11.20794],[-4.7824,11.20796],[-4.783,11.20772],[-4.78303,11.20789],[-4.78236,11.20864],[-4.7827,11.20888],[-4.78283,11.20957],[-4.78316,11.21014],[-4.78402,11.21034],[-4.78465,11.20978],[-4.78475,11.20984],[-4.78478,11.21105],[-4.78452,11.21184],[-4.78498,11.21243],[-4.78568,11.21254],[-4.7858,11.2134],[-4.78533,11.21535],[-4.78541,11.21586],[-4.78527,11.21687],[-4.78493,11.2181],[-4.78546,11.21943],[-4.78611,11.2197],[-4.78621,11.22125],[-4.7865,11.22212],[-4.78638,11.22325],[-4.78651,11.22367],[-4.78696,11.22405],[-4.78737,11.22408],[-4.78831,11.2247],[-4.7896,11.22585],[-4.79105,11.22661],[-4.79278,11.22698],[-4.7947,11.22815],[-4.79748,11.23027],[-4.79884,11.23165],[-4.79907,11.23262],[-4.79898,11.23362],[-4.79948,11.23474],[-4.7998,11.2349],[-4.79976,11.23729],[-4.80009,11.23781],[-4.80079,11.23825],[-4.80108,11.23887],[-4.80136,11.23903],[-4.80209,11.23883],[-4.80246,11.23841],[-4.80317,11.23868],[-4.80328,11.23892],[-4.80322,11.23964],[-4.80263,11.24069],[-4.80227,11.241],[-4.80126,11.24111],[-4.8011,11.24145],[-4.80154,11.24226],[-4.80234,11.2422],[-4.80281,11.2424],[-4.80316,11.24277],[-4.80275,11.24333],[-4.80282,11.24384],[-4.8027,11.24421],[-4.80338,11.24512],[-4.80307,11.24543],[-4.80242,11.24522],[-4.80232,11.24548],[-4.80279,11.24667],[-4.80353,11.24739],[-4.80342,11.24826],[-4.80359,11.24849],[-4.80432,11.24883],[-4.80469,11.24966],[-4.80465,11.25135],[-4.80438,11.25189],[-4.80307,11.25322],[-4.80231,11.25463],[-4.80132,11.25489],[-4.80098,11.25538],[-4.80196,11.2562],[-4.80202,11.25642],[-4.80187,11.25668],[-4.80231,11.25809],[-4.80256,11.25838],[-4.80295,11.25986],[-4.80423,11.26057],[-4.80434,11.26078],[-4.80424,11.2617],[-4.80473,11.26229],[-4.80405,11.26312],[-4.80346,11.26337],[-4.80293,11.26386],[-4.80242,11.26373],[-4.80239,11.26395],[-4.80262,11.26424],[-4.80339,11.26432],[-4.80475,11.2641],[-4.80581,11.26466],[-4.80602,11.26495],[-4.80616,11.26605],[-4.80588,11.26651],[-4.80508,11.2671],[-4.80452,11.26819],[-4.804,11.26809],[-4.80371,11.26822],[-4.80397,11.26918],[-4.8043,11.26963],[-4.80727,11.27034],[-4.80848,11.27119],[-4.80917,11.2714],[-4.81193,11.27178],[-4.81227,11.27227],[-4.81211,11.27261],[-4.81167,11.27272],[-4.81154,11.2729],[-4.81167,11.27353],[-4.81356,11.27663],[-4.81408,11.27714],[-4.81587,11.27817],[-4.81693,11.27914],[-4.81827,11.27959],[-4.81885,11.28025],[-4.81885,11.28063],[-4.81812,11.28127],[-4.8184,11.2821],[-4.81926,11.28302],[-4.82006,11.28356],[-4.82075,11.28462],[-4.82028,11.28556],[-4.82091,11.28695],[-4.82115,11.2883],[-4.82126,11.29098],[-4.82164,11.29221],[-4.82105,11.29425],[-4.82099,11.29561],[-4.82112,11.29601],[-4.8209,11.29734],[-4.8205,11.2983],[-4.81987,11.29916],[-4.81865,11.30203],[-4.81756,11.30261],[-4.81675,11.30256],[-4.816,11.30298],[-4.81581,11.3033],[-4.81599,11.30387],[-4.81747,11.3049],[-4.81763,11.30527],[-4.81762,11.30566],[-4.81699,11.30687],[-4.81682,11.31006],[-4.81712,11.3105],[-4.81781,11.31077],[-4.81815,11.31122],[-4.81741,11.31178],[-4.81716,11.31217],[-4.817,11.31344],[-4.8165,11.31397],[-4.81507,11.31471],[-4.81499,11.31512],[-4.81566,11.31764],[-4.81566,11.31822],[-4.81545,11.31863],[-4.81484,11.31908],[-4.81411,11.31936],[-4.81277,11.31965],[-4.81219,11.32027],[-4.81212,11.32075],[-4.81229,11.32134],[-4.81291,11.32268],[-4.81287,11.32356],[-4.81227,11.3245],[-4.81194,11.32548],[-4.81052,11.32667],[-4.81028,11.32712],[-4.81031,11.32761],[-4.81136,11.32933],[-4.81189,11.33104],[-4.81068,11.33261],[-4.81089,11.33369],[-4.81137,11.33459],[-4.81153,11.33621],[-4.8107,11.33709],[-4.80957,11.33775],[-4.80885,11.33847],[-4.80745,11.34151],[-4.80753,11.34279],[-4.80841,11.34369],[-4.80831,11.34527],[-4.80802,11.34575],[-4.80752,11.34586],[-4.80631,11.3457],[-4.80579,11.34586],[-4.80484,11.34647],[-4.80448,11.34646],[-4.80421,11.34626],[-4.80388,11.34546],[-4.80394,11.3445],[-4.80363,11.34401],[-4.80241,11.34399],[-4.80202,11.34384],[-4.80164,11.34342],[-4.801,11.34343],[-4.80042,11.34319],[-4.79939,11.34227],[-4.79895,11.34221],[-4.79844,11.34244],[-4.79801,11.34299],[-4.7975,11.34318],[-4.79678,11.34304],[-4.79605,11.34325],[-4.79477,11.34403],[-4.7941,11.34403],[-4.79338,11.34331],[-4.79297,11.3435],[-4.79242,11.34435],[-4.7916,11.34468],[-4.79026,11.34505],[-4.78826,11.34489],[-4.78618,11.34607],[-4.78543,11.34608],[-4.78467,11.34568],[-4.78468,11.34528],[-4.78548,11.34498],[-4.78571,11.34457],[-4.78529,11.34389],[-4.78446,11.34342],[-4.78232,11.3446],[-4.78175,11.34465],[-4.78036,11.34544],[-4.78005,11.34631],[-4.78049,11.34827],[-4.77991,11.34885],[-4.77961,11.35],[-4.77886,11.35023],[-4.77806,11.3516],[-4.77703,11.3519],[-4.77626,11.35386],[-4.77541,11.35501],[-4.77513,11.35514],[-4.77489,11.35485],[-4.77485,11.35364],[-4.77355,11.35344],[-4.77299,11.3527],[-4.77247,11.35281],[-4.77196,11.35324],[-4.77186,11.35244],[-4.77083,11.35215],[-4.76994,11.35148],[-4.76928,11.35139],[-4.769,11.35205],[-4.76893,11.35332],[-4.76843,11.35445],[-4.76774,11.35507],[-4.7681,11.35578],[-4.76692,11.35659],[-4.76682,11.35789],[-4.76596,11.35829],[-4.7656,11.35932],[-4.7649,11.35957],[-4.76466,11.36029],[-4.76404,11.36013],[-4.76363,11.36082],[-4.76283,11.36102],[-4.76268,11.36151],[-4.76361,11.36303],[-4.76312,11.36397],[-4.76223,11.36434],[-4.76201,11.36381],[-4.76149,11.36419],[-4.76193,11.36481],[-4.76167,11.36516],[-4.76106,11.36533],[-4.76183,11.36566],[-4.76214,11.36672],[-4.76278,11.36695],[-4.76289,11.36812],[-4.76256,11.36884],[-4.76169,11.36907],[-4.75522,11.37616],[-4.74686,11.381],[-4.74351,11.39174],[-4.73406,11.39846],[-4.72728,11.40256],[-4.72561,11.41207],[-4.72285,11.4133],[-4.7221,11.42003],[-4.71482,11.42167],[-4.70813,11.41855],[-4.70194,11.42093],[-4.69625,11.42741],[-4.68856,11.43536],[-4.67083,11.44011],[-4.66438,11.43888],[-4.6653,11.44388],[-4.66572,11.44954],[-4.6582,11.45389],[-4.64707,11.44634],[-4.63887,11.44315],[-4.62658,11.42372],[-4.61553,11.41519]]},"properties":{"name":"","type":"River","flow_regime":"perennial","label":"River"}},{"type":"Feature","geometry":{"type":"LineString","coordinates":[[-4.26118,11.51584],[-4.26044,11.51579],[-4.25978,11.51606],[-4.25705,11.51482],[-4.25575,11.51541],[-4.25546,11.5159],[-4.25567,11.51711],[-4.25566,11.51861],[-4.25459,11.51946],[-4.25423,11.5201],[-4.25365,11.52042],[-4.25314,11.52239],[-4.25265,11.52328],[-4.25242,11.52422],[-4.2521,11.52474],[-4.25191,11.52559],[-4.25126,11.52705],[-4.25125,11.52772],[-4.2509,11.52836],[-4.25088,11.52911],[-4.24912,11.52985],[-4.24774,11.52989],[-4.24697,11.53092],[-4.24588,11.5305],[-4.24513,11.53112],[-4.24434,11.5313],[-4.24393,11.53255],[-4.24369,11.53515],[-4.24408,11.53627],[-4.24324,11.53709],[-4.24314,11.53809],[-4.24336,11.53962],[-4.24306,11.54035],[-4.24322,11.54113],[-4.24307,11.54165],[-4.24349,11.54261],[-4.24302,11.54316],[-4.24175,11.54404],[-4.2408,11.5441],[-4.24006,11.5443],[-4.23976,11.54454],[-4.23878,11.54598],[-4.23863,11.54801],[-4.23837,11.5486],[-4.23759,11.54933],[-4.23687,11.54937],[-4.23595,11.54824],[-4.23563,11.54735],[-4.23483,11.54724],[-4.23396,11.54758],[-4.23344,11.54798],[-4.23265,11.54819],[-4.23152,11.54973],[-4.23062,11.55002],[-4.22987,11.55077],[-4.22909,11.55088],[-4.22843,11.55133],[-4.22772,11.55132],[-4.22681,11.551],[-4.22627,11.55124],[-4.22481,11.5538],[-4.22453,11.55519],[-4.22464,11.55616],[-4.22514,11.55755],[-4.22516,11.55803],[-4.22561,11.55896],[-4.2252,11.56028],[-4.22559,11.56356],[-4.22431,11.566],[-4.22363,11.5665],[-4.22302,11.56654],[-4.22095,11.56632],[-4.21948,11.56594],[-4.21818,11.5661]]},"properties":{"name":"Le Mouhoun","type":"River","flow_regime":"perennial","label":"Le Mouhoun"}},{"type":"Feature","geometry":{"type":"LineString","coordinates":[[-0.54299,11.46363],[-0.54266,11.46288],[-0.54086,11.46117],[-0.5399,11.46083],[-0.53583,11.45994],[-0.5334,11.45887],[-0.53153,11.45858],[-0.53113,11.45837],[-0.53011,11.45708],[-0.52933,11.45463],[-0.52881,11.45213],[-0.52875,11.44939],[-0.52965,11.44527],[-0.52951,11.44213],[-0.5292,11.43943],[-0.52927,11.43811],[-0.52955,11.43656],[-0.53044,11.43409],[-0.53021,11.43196],[-0.53079,11.43088],[-0.53189,11.43004],[-0.53208,11.42925],[-0.53145,11.42728],[-0.53013,11.42531],[-0.52769,11.42308],[-0.52565,11.42088],[-0.52482,11.41958],[-0.52404,11.41895],[-0.52177,11.41631],[-0.51875,11.41209],[-0.51634,11.40993],[-0.51373,11.40803],[-0.51222,11.40617],[-0.5119,11.40597],[-0.5079,11.40472],[-0.50608,11.4044],[-0.50466,11.40435],[-0.50021,11.40347],[-0.49846,11.40277],[-0.49661,11.40281],[-0.49282,11.40361],[-0.49147,11.4036]]},"properties":{"name":"Nakemb\u00e9","type":"River","flow_regime":"perennial","label":"Nakemb\u00e9"}},{"type":"Feature","geometry":{"type":"LineString","coordinates":[[-0.22722,11.29662],[-0.23022,11.29543],[-0.23137,11.29471],[-0.23171,11.29421],[-0.2323,11.29379],[-0.23254,11.29326],[-0.23422,11.28555],[-0.2351,11.28265],[-0.23528,11.28138],[-0.23515,11.28008],[-0.23454,11.27924],[-0.23148,11.27698],[-0.23101,11.27637],[-0.23087,11.2756],[-0.23099,11.27468],[-0.23154,11.27297],[-0.23291,11.27111],[-0.23334,11.27015],[-0.23355,11.26822],[-0.23334,11.26353],[-0.23354,11.26285],[-0.23439,11.26123],[-0.23459,11.26049],[-0.23401,11.2588],[-0.23375,11.25589],[-0.23208,11.25039],[-0.23171,11.24796],[-0.23074,11.24371],[-0.23146,11.24218],[-0.23185,11.24169],[-0.23241,11.24133],[-0.23316,11.24088],[-0.23614,11.23994],[-0.23962,11.23799],[-0.24111,11.23615],[-0.24236,11.23175],[-0.24316,11.23067],[-0.24455,11.22959],[-0.24827,11.22913],[-0.24908,11.22851],[-0.24981,11.22761],[-0.2503,11.22578],[-0.25171,11.22382],[-0.25304,11.2225],[-0.25346,11.22177],[-0.25365,11.22075],[-0.25351,11.21981],[-0.25381,11.2194],[-0.25381,11.21891],[-0.25406,11.21834],[-0.25658,11.21639],[-0.25695,11.21523],[-0.25715,11.21388],[-0.25758,11.21284],[-0.25945,11.21036],[-0.26005,11.20926],[-0.26015,11.20886],[-0.25977,11.20824],[-0.26003,11.20736],[-0.25993,11.20702],[-0.26024,11.20617],[-0.26017,11.20514],[-0.26046,11.20418],[-0.26064,11.20311],[-0.26049,11.20255],[-0.2607,11.202],[-0.2611,11.20176],[-0.26127,11.20137],[-0.26204,11.20052],[-0.26393,11.19943],[-0.26522,11.19823],[-0.26608,11.19579],[-0.26616,11.19436],[-0.26642,11.1936],[-0.26771,11.19158],[-0.27058,11.18809],[-0.27157,11.18623],[-0.27221,11.18405],[-0.27223,11.18209],[-0.27267,11.18003],[-0.27315,11.17951],[-0.27379,11.1775],[-0.27354,11.17665],[-0.2736,11.17635],[-0.27468,11.17558],[-0.27528,11.17486]]},"properties":{"name":"Nouhao","type":"River","flow_regime":"perennial","label":"Nouhao"}},{"type":"Feature","geometry":{"type":"LineString","coordinates":[[-0.40857,11.18018],[-0.40528,11.1798],[-0.40451,11.17951],[-0.40411,11.17916],[-0.40387,11.17877],[-0.40386,11.17844],[-0.40331,11.17758],[-0.4039,11.17408]]},"properties":{"name":"Nakemb\u00e9","type":"River","flow_regime":"perennial","label":"Nakemb\u00e9"}},{"type":"Feature","geometry":{"type":"LineString","coordinates":[[-0.43543,11.21033],[-0.43569,11.20891],[-0.43612,11.20831],[-0.43615,11.20698],[-0.43529,11.20462],[-0.43494,11.20227]]},"properties":{"name":"Nakemb\u00e9","type":"River","flow_regime":"perennial","label":"Nakemb\u00e9"}},{"type":"Feature","geometry":{"type":"LineString","coordinates":[[-0.42739,11.19433],[-0.42632,11.19462],[-0.4251,11.19463],[-0.42364,11.19431],[-0.42274,11.19447],[-0.42181,11.19398],[-0.42085,11.19413],[-0.42069,11.19388],[-0.42072,11.19242],[-0.41901,11.18981]]},"properties":{"name":"Nakemb\u00e9","type":"River","flow_regime":"perennial","label":"Nakemb\u00e9"}},{"type":"Feature","geometry":{"type":"LineString","coordinates":[[-0.41209,11.17737],[-0.41126,11.17721],[-0.40991,11.17799],[-0.40882,11.17813]]},"properties":{"name":"","type":"River","flow_regime":"perennial","label":"River"}},{"type":"Feature","geometry":{"type":"LineString","coordinates":[[-0.52343,11.31869],[-0.5233,11.31917],[-0.5228,11.31928],[-0.52214,11.31984],[-0.52134,11.32004]]},"properties":{"name":"","type":"River","flow_regime":"perennial","label":"River"}},{"type":"Feature","geometry":{"type":"LineString","coordinates":[[-1.663,11.16747],[-1.66283,11.16685],[-1.66222,11.16579],[-1.6622,11.16482],[-1.66201,11.16452],[-1.66128,11.16434],[-1.6606,11.16458],[-1.66032,11.16415],[-1.659,11.16354],[-1.65689,11.1633],[-1.65517,11.16289],[-1.65472,11.16306],[-1.65455,11.16354],[-1.65414,11.16355],[-1.65255,11.16257],[-1.65255,11.1623],[-1.65279,11.16203],[-1.65266,11.1619],[-1.6503,11.1623],[-1.64979,11.16207],[-1.6492,11.16146],[-1.64832,11.16156],[-1.64499,11.16248],[-1.64465,11.1631],[-1.64461,11.16413],[-1.64444,11.16446],[-1.64397,11.1647],[-1.6431,11.16463],[-1.64259,11.16394],[-1.64233,11.16389],[-1.6411,11.16471],[-1.64091,11.16572],[-1.64063,11.16594],[-1.63882,11.16526],[-1.63743,11.16452],[-1.63644,11.16432],[-1.63572,11.16366],[-1.63549,11.16324],[-1.63561,11.16266],[-1.63529,11.16171],[-1.6354,11.16055],[-1.63488,11.15929],[-1.63516,11.15902],[-1.63633,11.15886],[-1.63696,11.15812],[-1.63694,11.1576],[-1.63635,11.15703],[-1.63642,11.15667],[-1.63825,11.15614],[-1.6384,11.15596],[-1.63853,11.15435],[-1.63813,11.15239],[-1.63773,11.15234],[-1.63709,11.153],[-1.63641,11.15326],[-1.63582,11.15301],[-1.63436,11.15286],[-1.63429,11.15269],[-1.63459,11.15221],[-1.63387,11.15185],[-1.63286,11.15172],[-1.63236,11.15229],[-1.63176,11.15227],[-1.62968,11.15121],[-1.62958,11.15039],[-1.62933,11.15019],[-1.62676,11.14928],[-1.62574,11.14967],[-1.62461,11.14945],[-1.6243,11.14893],[-1.62424,11.14833],[-1.624,11.14812],[-1.62256,11.14792],[-1.62209,11.14766],[-1.62182,11.14707],[-1.6212,11.14633],[-1.62098,11.14548],[-1.62066,11.14516],[-1.62012,11.14503],[-1.61958,11.14535],[-1.61884,11.14547],[-1.61845,11.14532],[-1.61813,11.14482],[-1.61749,11.14463],[-1.61629,11.14479],[-1.61596,11.14522],[-1.61553,11.1452],[-1.61527,11.14491],[-1.61517,11.14407],[-1.61488,11.14362],[-1.61316,11.14283],[-1.61184,11.14248],[-1.60991,11.14139],[-1.60956,11.14138],[-1.60916,11.14165],[-1.60889,11.14154],[-1.60763,11.13992],[-1.60741,11.1388],[-1.60822,11.13618],[-1.60875,11.13521],[-1.60918,11.13486],[-1.60919,11.13431],[-1.60893,11.13307],[-1.60848,11.1323],[-1.60825,11.1305],[-1.60804,11.13012],[-1.60744,11.12966],[-1.60659,11.12798],[-1.60671,11.12659],[-1.60651,11.12596],[-1.60616,11.12562],[-1.60581,11.12555],[-1.60502,11.12606],[-1.60436,11.12606],[-1.6039,11.12568],[-1.60374,11.12467],[-1.60334,11.1244],[-1.60155,11.12368],[-1.60081,11.12378],[-1.60061,11.12331],[-1.60016,11.12311],[-1.59841,11.12321],[-1.59816,11.12289],[-1.59814,11.12206],[-1.59777,11.12174],[-1.59626,11.12151],[-1.59475,11.1223],[-1.59422,11.1224],[-1.59329,11.12138],[-1.59284,11.12109],[-1.59209,11.12095],[-1.59161,11.12144],[-1.59133,11.12204],[-1.5912,11.12429],[-1.59086,11.12515],[-1.5896,11.12666],[-1.58692,11.1284],[-1.58291,11.12741],[-1.5817,11.12761],[-1.58154,11.12785],[-1.58153,11.12851],[-1.58096,11.12858],[-1.58008,11.1282],[-1.57934,11.12748],[-1.57891,11.12743],[-1.57838,11.12771],[-1.57747,11.12905],[-1.57699,11.12906],[-1.57658,11.12929],[-1.57646,11.12984],[-1.57568,11.13088],[-1.57367,11.13158],[-1.57276,11.13133],[-1.5727,11.13114],[-1.57298,11.1306],[-1.57289,11.12979],[-1.57278,11.1297],[-1.57228,11.12986],[-1.57143,11.12909],[-1.57118,11.12856],[-1.56948,11.12799],[-1.56876,11.12807],[-1.56776,11.12965],[-1.56762,11.13019],[-1.56717,11.13008],[-1.5673,11.12975],[-1.56691,11.12868],[-1.56614,11.12787],[-1.5647,11.12702],[-1.56404,11.12689],[-1.56296,11.12377],[-1.56293,11.1231],[-1.56251,11.12162],[-1.56314,11.12132],[-1.56598,11.12157],[-1.56639,11.12092],[-1.56801,11.11971],[-1.56801,11.11913],[-1.56729,11.11847],[-1.56744,11.11762],[-1.56784,11.11713],[-1.56834,11.11683],[-1.56901,11.11671],[-1.5691,11.11624],[-1.56875,11.11531],[-1.56835,11.11512],[-1.56808,11.1147],[-1.56788,11.11333],[-1.56791,11.11308],[-1.56879,11.113],[-1.56913,11.11267],[-1.5693,11.1113],[-1.56876,11.11097],[-1.56856,11.11105],[-1.56848,11.11081],[-1.56929,11.10904],[-1.56942,11.1085],[-1.56932,11.10835],[-1.56903,11.1082],[-1.56856,11.10836],[-1.56828,11.10827],[-1.56785,11.1077],[-1.56735,11.10738],[-1.56676,11.10641],[-1.56585,11.10628],[-1.56497,11.10636],[-1.56457,11.10676],[-1.56409,11.10663],[-1.56247,11.10494],[-1.56246,11.10395],[-1.56173,11.1039],[-1.55959,11.10409],[-1.55569,11.1059],[-1.55417,11.10733],[-1.55341,11.10908],[-1.55332,11.10996],[-1.55274,11.11053],[-1.55045,11.11119],[-1.54921,11.11137],[-1.54902,11.11132],[-1.54895,11.11099],[-1.54668,11.11018],[-1.54356,11.10823],[-1.54232,11.10664],[-1.53979,11.10543],[-1.53957,11.10506],[-1.53948,11.10337],[-1.54047,11.10198],[-1.54139,11.10161],[-1.54219,11.10098],[-1.54374,11.10021],[-1.54519,11.09889],[-1.54526,11.09831],[-1.54497,11.09713],[-1.54514,11.09522],[-1.54462,11.0945],[-1.54311,11.09311]]},"properties":{"name":"Sissili","type":"River","flow_regime":"perennial","label":"Sissili"}},{"type":"Feature","geometry":{"type":"LineString","coordinates":[[-3.78782,10.84285],[-3.78778,10.84331],[-3.78719,10.84388],[-3.78666,10.84401],[-3.78619,10.84386],[-3.78553,10.84417],[-3.78494,10.84533],[-3.7849,10.84578],[-3.78435,10.84627],[-3.78351,10.84799],[-3.78234,10.84905],[-3.78218,10.85018],[-3.78165,10.85105],[-3.78127,10.85119],[-3.78047,10.85205],[-3.77989,10.85185],[-3.77962,10.85236],[-3.77929,10.85246],[-3.77912,10.85222],[-3.77925,10.85148],[-3.7791,10.85094],[-3.7786,10.85061],[-3.77773,10.85107],[-3.77729,10.85088],[-3.77705,10.85062],[-3.77675,10.84961],[-3.77616,10.84937],[-3.77543,10.84869],[-3.77386,10.84609],[-3.77285,10.84478],[-3.77255,10.84412],[-3.77228,10.84399],[-3.77204,10.84399],[-3.77111,10.84523],[-3.77017,10.84568],[-3.77022,10.84595],[-3.77083,10.84632],[-3.76947,10.84667],[-3.76893,10.8465],[-3.7687,10.84614],[-3.76807,10.84652],[-3.76773,10.84694],[-3.76624,10.84721],[-3.76478,10.84822],[-3.76093,10.84903],[-3.76027,10.8494],[-3.75944,10.85023],[-3.75765,10.85105],[-3.75727,10.85111],[-3.75579,10.85078],[-3.75544,10.85052],[-3.75566,10.85002],[-3.75556,10.84993],[-3.75451,10.85019],[-3.75334,10.84976],[-3.75302,10.84876],[-3.75196,10.84813],[-3.75156,10.84724],[-3.75154,10.84645],[-3.75188,10.84395],[-3.75284,10.84143],[-3.7535,10.84076],[-3.7538,10.83959],[-3.75309,10.83819],[-3.75311,10.83471],[-3.75299,10.83454],[-3.75194,10.83421],[-3.75128,10.83376],[-3.75082,10.83325],[-3.75064,10.83217],[-3.74925,10.83145],[-3.749,10.83142],[-3.7471,10.83217],[-3.74664,10.83242],[-3.74668,10.83278],[-3.74648,10.83287],[-3.74584,10.83265],[-3.74217,10.83242],[-3.74142,10.83201],[-3.73924,10.83249],[-3.73849,10.83243],[-3.73704,10.83199],[-3.73625,10.83113],[-3.7358,10.8311],[-3.73455,10.83165],[-3.73383,10.83236],[-3.73338,10.83307],[-3.73303,10.83302],[-3.73271,10.83264],[-3.73236,10.83277],[-3.7322,10.83324],[-3.73272,10.83412],[-3.73317,10.83441],[-3.73306,10.83476],[-3.73255,10.83479],[-3.73103,10.8344],[-3.7296,10.83478],[-3.72945,10.83443],[-3.73017,10.83352],[-3.7302,10.8332],[-3.72944,10.83301],[-3.729,10.83318],[-3.72822,10.83303],[-3.72755,10.83309],[-3.72696,10.83361],[-3.72676,10.83429],[-3.72777,10.83492],[-3.72808,10.83548],[-3.72787,10.8359],[-3.72727,10.83597],[-3.72541,10.83573],[-3.72388,10.83534],[-3.72348,10.83588],[-3.723,10.83594],[-3.72246,10.83569],[-3.72201,10.83584],[-3.7201,10.83791],[-3.71957,10.8382],[-3.71983,10.83869],[-3.71978,10.83963],[-3.71954,10.83986],[-3.71911,10.83975],[-3.7187,10.83905],[-3.71789,10.83849],[-3.71602,10.83904]]},"properties":{"name":"Cascades - Hauts-Bassins","type":"River","flow_regime":"perennial","label":"Cascades - Hauts-Bassins"}},{"type":"Feature","geometry":{"type":"LineString","coordinates":[[-4.08714,10.79346],[-4.08665,10.79351],[-4.0858,10.79442],[-4.08514,10.79482],[-4.08368,10.79504],[-4.08258,10.79581],[-4.0814,10.79542],[-4.0811,10.79473],[-4.08028,10.79464],[-4.08015,10.7937],[-4.07942,10.79234],[-4.07959,10.79156],[-4.07952,10.79104],[-4.07882,10.78984],[-4.07841,10.78852],[-4.07709,10.78677],[-4.07656,10.78644],[-4.07635,10.78603],[-4.07613,10.7847],[-4.07526,10.78349],[-4.07421,10.78297],[-4.07403,10.78093],[-4.07284,10.77921],[-4.07265,10.77823],[-4.07212,10.77766],[-4.07114,10.77578],[-4.07118,10.77493],[-4.06999,10.77314],[-4.06934,10.77165],[-4.06914,10.77073],[-4.06887,10.77043],[-4.06796,10.7701],[-4.06741,10.76943],[-4.06712,10.76852],[-4.06719,10.76759],[-4.06704,10.7673],[-4.06628,10.76717],[-4.06462,10.76622],[-4.06431,10.76505],[-4.06397,10.76441],[-4.06401,10.76336],[-4.06375,10.7627],[-4.06341,10.76259],[-4.06254,10.76317],[-4.06151,10.76304],[-4.06128,10.76287],[-4.06031,10.76061],[-4.06021,10.75771],[-4.06002,10.75711],[-4.05949,10.75655],[-4.05818,10.75587],[-4.0575,10.75534],[-4.05726,10.7549],[-4.05715,10.75407],[-4.05612,10.75361],[-4.05554,10.75145],[-4.05448,10.74957],[-4.05383,10.74916],[-4.05331,10.74852]]},"properties":{"name":"","type":"River","flow_regime":"perennial","label":"River"}},{"type":"Feature","geometry":{"type":"LineString","coordinates":[[-4.16162,10.94212],[-4.16151,10.94155],[-4.16045,10.94027],[-4.15755,10.93957],[-4.15723,10.93944],[-4.15684,10.93892],[-4.15677,10.93813],[-4.15715,10.9361],[-4.15754,10.93565],[-4.15835,10.93574],[-4.15863,10.93556],[-4.15913,10.93465],[-4.15919,10.9337],[-4.15899,10.93299],[-4.15903,10.93251],[-4.15877,10.93179],[-4.1584,10.93137],[-4.1578,10.9296],[-4.15699,10.92927],[-4.15687,10.92852],[-4.15622,10.92783],[-4.15608,10.92717],[-4.15551,10.92639],[-4.15519,10.92485],[-4.15417,10.9247],[-4.15319,10.92433],[-4.1522,10.92434],[-4.15095,10.92395],[-4.14954,10.92379],[-4.14875,10.92408],[-4.14819,10.9247],[-4.14733,10.92473],[-4.14719,10.92407],[-4.14638,10.92339],[-4.14583,10.92247],[-4.14591,10.9217],[-4.14577,10.92131],[-4.14398,10.9203],[-4.14377,10.91992],[-4.14381,10.9193],[-4.14369,10.91905],[-4.14278,10.9184],[-4.143,10.91718],[-4.14341,10.91692],[-4.14406,10.91693],[-4.14447,10.91734],[-4.14529,10.91772],[-4.14587,10.9176],[-4.14634,10.91599],[-4.1454,10.91475],[-4.14516,10.9139],[-4.14453,10.91334],[-4.14414,10.91195],[-4.14356,10.91148],[-4.14284,10.91132],[-4.14286,10.91079],[-4.14345,10.90979],[-4.14344,10.90927],[-4.14306,10.90896],[-4.14204,10.9093],[-4.14235,10.90788],[-4.14275,10.90774],[-4.14291,10.90731],[-4.14263,10.90712],[-4.14177,10.90699],[-4.14141,10.90671],[-4.14089,10.90542],[-4.14112,10.90437],[-4.14101,10.90397],[-4.14026,10.90365],[-4.13914,10.90442],[-4.13883,10.90395],[-4.13872,10.90291],[-4.13924,10.90222],[-4.13885,10.89972],[-4.13932,10.89817],[-4.13928,10.89734],[-4.13947,10.89679],[-4.13975,10.89653],[-4.14077,10.89631],[-4.14054,10.89521],[-4.13983,10.89507],[-4.13906,10.89537],[-4.13873,10.89607],[-4.13814,10.89673],[-4.13759,10.89787],[-4.13707,10.89786],[-4.13691,10.89735],[-4.13641,10.89708],[-4.13552,10.89732],[-4.1342,10.89802],[-4.13405,10.89761],[-4.13355,10.89709],[-4.13344,10.89669],[-4.13373,10.89551],[-4.1344,10.89396],[-4.13471,10.89361],[-4.13493,10.89346],[-4.13557,10.89369],[-4.13576,10.89355],[-4.1357,10.89201],[-4.13664,10.89069],[-4.13647,10.89041],[-4.13463,10.88957],[-4.13412,10.88861],[-4.13321,10.8879],[-4.13244,10.88804],[-4.13213,10.88779],[-4.13177,10.8856],[-4.13204,10.88365],[-4.1319,10.88309],[-4.13171,10.88291],[-4.12988,10.88243],[-4.12953,10.88257],[-4.12738,10.88211],[-4.12686,10.88215],[-4.12657,10.88236],[-4.12642,10.88302],[-4.12506,10.88389],[-4.12448,10.88474],[-4.12361,10.88524],[-4.12224,10.88546],[-4.12104,10.88606],[-4.12092,10.88566],[-4.12031,10.88509],[-4.12026,10.88437],[-4.12046,10.88415],[-4.12286,10.88314],[-4.12317,10.88285],[-4.12303,10.88218],[-4.12238,10.88158],[-4.12231,10.88091],[-4.12186,10.8798],[-4.12205,10.8794],[-4.12256,10.87923],[-4.12422,10.87811],[-4.12446,10.87769],[-4.12493,10.8775],[-4.12493,10.87713],[-4.12445,10.87605],[-4.12366,10.87496],[-4.12311,10.87465],[-4.12289,10.87364],[-4.12256,10.87317],[-4.1219,10.87281],[-4.12181,10.8718],[-4.12123,10.87135],[-4.12101,10.87078],[-4.12,10.87019],[-4.11929,10.86926],[-4.11826,10.86861],[-4.11719,10.86827],[-4.11678,10.86759],[-4.11369,10.8671],[-4.11271,10.86772],[-4.11202,10.86794],[-4.11065,10.86732],[-4.10988,10.8675],[-4.10947,10.86721],[-4.10918,10.86617],[-4.10925,10.86584],[-4.11036,10.86469],[-4.11058,10.86435],[-4.11054,10.86394],[-4.11155,10.86372],[-4.11212,10.86299],[-4.11209,10.86241],[-4.11171,10.86167],[-4.11175,10.8613],[-4.11242,10.86118],[-4.11294,10.86179],[-4.11336,10.86189],[-4.11438,10.86175],[-4.11504,10.86122],[-4.11509,10.85842],[-4.11469,10.8576],[-4.11442,10.85765],[-4.11409,10.85803],[-4.11378,10.85795],[-4.1125,10.85493],[-4.11128,10.85478],[-4.10875,10.85531],[-4.10877,10.85494],[-4.1099,10.8527],[-4.11025,10.84997],[-4.11018,10.84922],[-4.10978,10.84861],[-4.10865,10.84814],[-4.10578,10.84523],[-4.10514,10.84331],[-4.10515,10.8429],[-4.10476,10.8423],[-4.10501,10.84156],[-4.10495,10.84126],[-4.10462,10.84087],[-4.10392,10.84092],[-4.10361,10.84038],[-4.10377,10.83962],[-4.10335,10.83877],[-4.10343,10.83752],[-4.10317,10.83644],[-4.10399,10.83526],[-4.10319,10.83396],[-4.10048,10.83248],[-4.10049,10.83219],[-4.10086,10.83152],[-4.10252,10.82912],[-4.10407,10.82615],[-4.10428,10.82529],[-4.10362,10.82378],[-4.10274,10.82252],[-4.10061,10.82066],[-4.09981,10.82066],[-4.0996,10.82037],[-4.09924,10.81809],[-4.09842,10.81704],[-4.09835,10.81672],[-4.09847,10.81588],[-4.0995,10.81425],[-4.09932,10.81327],[-4.09891,10.81274],[-4.09801,10.81241],[-4.09757,10.81264],[-4.097,10.81358],[-4.09707,10.81456],[-4.09663,10.81557],[-4.09574,10.81595],[-4.09528,10.8168],[-4.09482,10.81729],[-4.09435,10.8174],[-4.09336,10.81731],[-4.09264,10.817],[-4.09266,10.81559],[-4.09209,10.81434],[-4.09161,10.8141],[-4.09153,10.81232],[-4.09176,10.81011],[-4.0922,10.80896],[-4.09206,10.80769],[-4.09214,10.80618],[-4.09222,10.80596],[-4.09277,10.80559],[-4.0924,10.80448],[-4.09175,10.80401],[-4.09162,10.80274],[-4.08979,10.80075],[-4.08932,10.79973],[-4.0872,10.79934],[-4.08694,10.79909],[-4.08688,10.79822],[-4.08749,10.79507],[-4.08714,10.79346]]},"properties":{"name":"","type":"River","flow_regime":"perennial","label":"River"}},{"type":"Feature","geometry":{"type":"LineString","coordinates":[[-0.27059,13.57975],[-0.27026,13.57894],[-0.26961,13.57824],[-0.26916,13.57738],[-0.26884,13.57713],[-0.26683,13.57644],[-0.26658,13.57605],[-0.26637,13.57204],[-0.26523,13.57004],[-0.26451,13.56909],[-0.26434,13.56838],[-0.26084,13.56014],[-0.25706,13.54838],[-0.25586,13.53945],[-0.25019,13.5316],[-0.24273,13.51703],[-0.23543,13.51119],[-0.22865,13.50093],[-0.22659,13.49063],[-0.22951,13.48612],[-0.23655,13.4743],[-0.23552,13.46759],[-0.23337,13.46592],[-0.21947,13.46634],[-0.21355,13.47135],[-0.20745,13.47176],[-0.19749,13.47368],[-0.18247,13.46993],[-0.17999,13.45883],[-0.17132,13.45223],[-0.15956,13.44614],[-0.14778,13.43682],[-0.14109,13.42992],[-0.13791,13.41981],[-0.14112,13.41014],[-0.14172,13.406],[-0.14135,13.40418],[-0.14052,13.40196],[-0.1379,13.3979],[-0.13392,13.39529],[-0.12963,13.39373],[-0.11935,13.39461],[-0.11359,13.39615],[-0.10763,13.39658],[-0.10445,13.39566],[-0.10094,13.38712],[-0.09364,13.37618],[-0.09292,13.36939],[-0.09369,13.36288],[-0.09133,13.35634],[-0.08856,13.35364],[-0.08249,13.3533],[-0.0773,13.34962],[-0.0667,13.34705],[-0.04899,13.32914],[-0.04411,13.32032],[-0.03965,13.31638],[-0.03282,13.31557],[-0.02152,13.30471],[-5e-05,13.28666],[0.00748,13.28707],[0.02742,13.29318],[0.03411,13.29046],[0.03635,13.28598],[0.03702,13.27703],[0.03815,13.27541],[0.04332,13.27092],[0.04485,13.26155],[0.0475,13.2583],[0.04792,13.24486],[0.05447,13.23359],[0.09254,13.22993],[0.10537,13.24622],[0.11862,13.25219],[0.12782,13.25069],[0.12949,13.24608],[0.14023,13.23834],[0.15404,13.22803],[0.1585,13.22151],[0.17216,13.204],[0.17802,13.19436],[0.18848,13.1892],[0.21288,13.18513],[0.23868,13.18594],[0.25527,13.18608],[0.25932,13.18336],[0.25932,13.1797],[0.25806,13.17264],[0.25932,13.16761],[0.2628,13.16381],[0.27047,13.16123],[0.2794,13.1653],[0.27982,13.16965],[0.27744,13.17793],[0.27577,13.18771],[0.27703,13.19368],[0.27898,13.19775],[0.28456,13.19952],[0.29585,13.1987],[0.30143,13.19463],[0.30687,13.18974],[0.31565,13.18296],[0.32778,13.18146],[0.34103,13.18458],[0.34745,13.19205],[0.34954,13.19884],[0.3501,13.20549],[0.35135,13.21065],[0.355,13.21683],[0.35667,13.22402],[0.36624,13.23353],[0.38024,13.23737],[0.39956,13.24341],[0.40854,13.25349],[0.41071,13.26059],[0.41573,13.26223],[0.41928,13.26175],[0.42057,13.2605],[0.42244,13.25925],[0.42619,13.25973],[0.42914,13.26155],[0.43358,13.26232],[0.43467,13.26079],[0.43585,13.25819],[0.44068,13.25618],[0.44709,13.2532],[0.45419,13.25925],[0.45922,13.27048],[0.45803,13.28487],[0.45468,13.30829],[0.45547,13.31721],[0.46366,13.3269],[0.47184,13.33122],[0.48318,13.32748],[0.49156,13.32287],[0.51079,13.31711],[0.51562,13.31318],[0.52518,13.29773],[0.5379,13.29505],[0.54776,13.28324],[0.55545,13.27585],[0.56029,13.2723],[0.56995,13.27259],[0.57498,13.28286],[0.58257,13.28526],[0.59065,13.28449],[0.59401,13.28324],[0.59637,13.27988],[0.59835,13.2724],[0.60259,13.26702],[0.60949,13.26961],[0.61935,13.27057],[0.63019,13.2723],[0.63365,13.27691],[0.64291,13.27355],[0.65977,13.27288],[0.66944,13.27019],[0.67565,13.26117],[0.68058,13.24994],[0.68058,13.24169],[0.67969,13.23353],[0.68226,13.22652],[0.69024,13.22297],[0.69547,13.2245],[0.70069,13.23209],[0.70257,13.23967],[0.70355,13.24936],[0.70582,13.25608],[0.71095,13.2627],[0.71627,13.26731],[0.7218,13.26913],[0.72909,13.26942],[0.73649,13.26395],[0.7423,13.26079],[0.74704,13.25877],[0.75493,13.26223],[0.75986,13.26933],[0.76281,13.27672],[0.76922,13.27902],[0.77435,13.29236],[0.778,13.30368],[0.77711,13.31088],[0.78608,13.31577],[0.79782,13.31644],[0.80413,13.31097],[0.81014,13.30531],[0.81152,13.2984],[0.81557,13.29677],[0.82276,13.29831],[0.82838,13.30138],[0.83201,13.31018],[0.8346,13.31117],[0.8412,13.31318],[0.84795,13.31021],[0.85133,13.30661],[0.85264,13.30598],[0.85649,13.29457],[0.86004,13.28823],[0.86467,13.28603],[0.87167,13.28046],[0.87759,13.27825],[0.88055,13.27652],[0.88491,13.27515],[0.90026,13.27806],[0.90988,13.27687],[0.91927,13.28017],[0.92659,13.2747],[0.92765,13.27154],[0.93178,13.27167],[0.93642,13.26655],[0.9383,13.26643],[0.93928,13.26762],[0.94098,13.26691],[0.94365,13.26222],[0.94458,13.25992],[0.94939,13.26068],[0.95263,13.25846],[0.9566,13.25444],[0.95946,13.2543],[0.96246,13.25554],[0.96638,13.2541],[0.97225,13.25532],[0.97597,13.25764],[0.97771,13.26088],[0.97823,13.27488],[0.97475,13.28053],[0.97435,13.28245],[0.9772,13.28594],[0.981,13.2892],[0.98499,13.28994],[0.98938,13.29215],[0.99266,13.29744],[0.99664,13.29947],[0.99785,13.30131],[1.00227,13.30346],[1.00468,13.30228],[1.00621,13.30178],[1.00807,13.30214],[1.00883,13.30205]]},"properties":{"name":"Faga","type":"River","flow_regime":"perennial","label":"Faga"}},{"type":"Feature","geometry":{"type":"LineString","coordinates":[[-1.14999,11.82955],[-1.1498,11.82972]]},"properties":{"name":"","type":"River","flow_regime":"perennial","label":"River"}},{"type":"Feature","geometry":{"type":"LineString","coordinates":[[-1.1498,11.82972],[-1.14871,11.83112],[-1.14763,11.83218],[-1.14743,11.83234],[-1.14662,11.83225],[-1.14628,11.83251],[-1.14615,11.83303],[-1.14561,11.83348],[-1.14496,11.83357],[-1.14407,11.83309],[-1.14368,11.83315],[-1.14324,11.83349]]},"properties":{"name":"","type":"River","flow_regime":"perennial","label":"River"}},{"type":"Feature","geometry":{"type":"LineString","coordinates":[[-4.87358,9.87028],[-4.87326,9.87172],[-4.87202,9.87382],[-4.8707,9.87496],[-4.86798,9.87494],[-4.86501,9.87469],[-4.8636,9.87405],[-4.86005,9.87199],[-4.85719,9.87113],[-4.85155,9.86871],[-4.84939,9.8685],[-4.8484,9.86901],[-4.84764,9.87026],[-4.8468,9.87075],[-4.84595,9.87047],[-4.84441,9.87117],[-4.84368,9.87115],[-4.84272,9.8719],[-4.84107,9.8712],[-4.83537,9.86973],[-4.83382,9.86898],[-4.83192,9.86859],[-4.82608,9.86643],[-4.82493,9.86554],[-4.82457,9.86504],[-4.82404,9.86302],[-4.82384,9.86147],[-4.82402,9.86041],[-4.82449,9.85923],[-4.82509,9.85691],[-4.82535,9.85496],[-4.82596,9.85402],[-4.82697,9.85329],[-4.82666,9.85255],[-4.82626,9.85223],[-4.82528,9.85221],[-4.82441,9.85159],[-4.82428,9.85045],[-4.82454,9.84804],[-4.82349,9.84727],[-4.82185,9.84715],[-4.82114,9.84675],[-4.81935,9.84496],[-4.81699,9.84296],[-4.81534,9.84229],[-4.81155,9.84201],[-4.80946,9.84235],[-4.80787,9.84324],[-4.80609,9.84517],[-4.80462,9.84559],[-4.80065,9.84523],[-4.79977,9.84449],[-4.7987,9.84433],[-4.79837,9.84394],[-4.79835,9.84296],[-4.79727,9.84062],[-4.79628,9.83935],[-4.79527,9.83889],[-4.79346,9.83866],[-4.79259,9.83838],[-4.78997,9.83683],[-4.78635,9.83573],[-4.78542,9.83523],[-4.78507,9.83448],[-4.78475,9.83283],[-4.78438,9.83225],[-4.78235,9.83123],[-4.78191,9.83053],[-4.78209,9.82981],[-4.78336,9.82906],[-4.78542,9.82732],[-4.7858,9.82645],[-4.78594,9.82444],[-4.78641,9.82346],[-4.78716,9.82294],[-4.78878,9.8225],[-4.78963,9.82195],[-4.79012,9.82108],[-4.79029,9.81978],[-4.79023,9.8187],[-4.78963,9.81722],[-4.78937,9.81551],[-4.78939,9.80997],[-4.7898,9.80762],[-4.78974,9.80478],[-4.78997,9.804],[-4.79131,9.80203],[-4.79151,9.80101],[-4.79151,9.79968],[-4.79084,9.79791],[-4.79084,9.79504],[-4.79021,9.79371],[-4.7882,9.79107],[-4.78733,9.79028],[-4.78435,9.78907],[-4.78359,9.78846],[-4.78319,9.78767],[-4.7831,9.78538],[-4.78343,9.7829],[-4.7838,9.78162],[-4.78509,9.78099],[-4.78593,9.781],[-4.78818,9.78225],[-4.79116,9.78353],[-4.79383,9.78503],[-4.79505,9.78521],[-4.79566,9.78506],[-4.79603,9.78466],[-4.79696,9.78425],[-4.79795,9.78434],[-4.79835,9.7848],[-4.79902,9.78628],[-4.79966,9.7868],[-4.8005,9.78698],[-4.80166,9.78663],[-4.80375,9.78553],[-4.80471,9.78538],[-4.80659,9.78564],[-4.81045,9.78733],[-4.81245,9.78802],[-4.8139,9.78819],[-4.8158,9.78637],[-4.81672,9.78408],[-4.81643,9.78341],[-4.81515,9.78222],[-4.8099,9.77546],[-4.80415,9.77016],[-4.8032,9.77004],[-4.8007,9.77068],[-4.79931,9.77158],[-4.7969,9.77271],[-4.79583,9.77274],[-4.79522,9.77233],[-4.79386,9.76938],[-4.79215,9.7676],[-4.79198,9.76711],[-4.79202,9.76653],[-4.79374,9.76286],[-4.79379,9.76173],[-4.79346,9.76075],[-4.7927,9.7597],[-4.79241,9.75866],[-4.7926,9.75792],[-4.79325,9.75685],[-4.79342,9.75605],[-4.79317,9.75552],[-4.79276,9.75528],[-4.79225,9.75546],[-4.79126,9.75644],[-4.79055,9.75679],[-4.78962,9.75677],[-4.78745,9.75517],[-4.78579,9.7548],[-4.78066,9.75431],[-4.77968,9.75398],[-4.779,9.75345],[-4.77851,9.7522],[-4.77853,9.75152],[-4.78031,9.74672],[-4.78089,9.74428],[-4.78089,9.74314],[-4.7806,9.74205],[-4.7797,9.74063],[-4.77763,9.73865],[-4.77597,9.73764],[-4.77494,9.73655],[-4.77396,9.73623],[-4.77271,9.73619],[-4.76844,9.73707],[-4.76746,9.73772],[-4.76561,9.7383],[-4.76512,9.73936],[-4.76372,9.74127],[-4.76305,9.74307],[-4.76313,9.74387],[-4.7643,9.74533],[-4.76649,9.74685],[-4.76785,9.74734],[-4.76869,9.74867],[-4.76873,9.74919],[-4.76858,9.7496],[-4.76719,9.75079],[-4.76504,9.75361],[-4.76444,9.75413],[-4.76151,9.75519],[-4.7603,9.75526],[-4.7569,9.75444],[-4.75505,9.75366],[-4.75198,9.75294],[-4.75085,9.75306],[-4.74855,9.75368],[-4.74697,9.75382],[-4.74548,9.75361],[-4.74293,9.75216],[-4.74183,9.75216],[-4.74018,9.75146],[-4.73703,9.7497],[-4.73428,9.74752],[-4.73356,9.7473],[-4.73286,9.74685],[-4.73254,9.74627],[-4.7325,9.745],[-4.73282,9.74422],[-4.73389,9.74314],[-4.73407,9.74258],[-4.73403,9.73891],[-4.73368,9.73824],[-4.73301,9.7377],[-4.73096,9.73532],[-4.7294,9.7342],[-4.7236,9.73135],[-4.72228,9.73042],[-4.72105,9.72901],[-4.72068,9.72812],[-4.72074,9.72724],[-4.72108,9.72621],[-4.72042,9.72418],[-4.72079,9.72267],[-4.72081,9.7209],[-4.72058,9.71988],[-4.71966,9.71832],[-4.71828,9.71689],[-4.71689,9.71621],[-4.71623,9.7157],[-4.7149,9.71312],[-4.71445,9.71014],[-4.7126,9.70791],[-4.71238,9.70655],[-4.7124,9.70498],[-4.71273,9.70366],[-4.71269,9.70266],[-4.71228,9.70176],[-4.71146,9.70067],[-4.71031,9.70012],[-4.7093,9.69999],[-4.70883,9.6995],[-4.70857,9.69843],[-4.70865,9.69774],[-4.7091,9.69696],[-4.70924,9.69622],[-4.70898,9.69558],[-4.70723,9.69427],[-4.70674,9.69372],[-4.70592,9.6915],[-4.7051,9.69068],[-4.70309,9.6897],[-4.70239,9.68913],[-4.70008,9.68662],[-4.6979,9.68554]]},"properties":{"name":"L\u00e9raba","type":"River","flow_regime":"perennial","label":"L\u00e9raba"}},{"type":"Feature","geometry":{"type":"LineString","coordinates":[[-5.07294,11.64224],[-5.07338,11.64646],[-5.07443,11.64772],[-5.07429,11.64833],[-5.07393,11.64833],[-5.07378,11.64859],[-5.07402,11.64921],[-5.07394,11.65058],[-5.07303,11.6511],[-5.07258,11.65231],[-5.0727,11.65393],[-5.07399,11.65577],[-5.07536,11.65645],[-5.07649,11.65739],[-5.0774,11.65872],[-5.07926,11.65969],[-5.08035,11.66093],[-5.08153,11.66181],[-5.08239,11.66206],[-5.08375,11.66369],[-5.08664,11.66432],[-5.08738,11.66507],[-5.08908,11.66512],[-5.0904,11.66687],[-5.09247,11.66836],[-5.09236,11.67052],[-5.09324,11.67152],[-5.09483,11.67226],[-5.09548,11.67345],[-5.09611,11.67375],[-5.0965,11.67423],[-5.09668,11.67627],[-5.09841,11.67974],[-5.09928,11.68045],[-5.10023,11.68062],[-5.1025,11.68238],[-5.10348,11.68362],[-5.10435,11.68424],[-5.10576,11.68503],[-5.10683,11.68523],[-5.10804,11.68647],[-5.10899,11.68623],[-5.10952,11.68657],[-5.11001,11.68629],[-5.11045,11.68626],[-5.11113,11.68635],[-5.11147,11.68659],[-5.11184,11.6878],[-5.11185,11.68965],[-5.11032,11.6913],[-5.11023,11.69166],[-5.11086,11.69227],[-5.11056,11.69352],[-5.11221,11.69321],[-5.11389,11.69362],[-5.11637,11.69471],[-5.11831,11.69367],[-5.11916,11.69203],[-5.11985,11.69173],[-5.12398,11.69305],[-5.12486,11.6936],[-5.12554,11.69381],[-5.1264,11.69384],[-5.1274,11.69237],[-5.12703,11.6914],[-5.12725,11.69091],[-5.12777,11.69075],[-5.1292,11.69105],[-5.13015,11.6915],[-5.13114,11.69165],[-5.13206,11.69158],[-5.133,11.69118],[-5.13395,11.68957],[-5.13571,11.6895],[-5.13644,11.68958],[-5.13828,11.69054],[-5.13987,11.69101],[-5.14125,11.69124],[-5.14376,11.69087],[-5.14519,11.68977],[-5.14637,11.68931],[-5.1488,11.68793],[-5.14924,11.6871],[-5.14981,11.68706],[-5.15299,11.68759],[-5.154,11.68843],[-5.15489,11.68854],[-5.15581,11.68839],[-5.15636,11.68854],[-5.15792,11.6896],[-5.15848,11.69021],[-5.16096,11.69069],[-5.16202,11.6913],[-5.16322,11.69368],[-5.164,11.69451],[-5.16629,11.69585],[-5.16708,11.69596],[-5.16762,11.69571],[-5.16752,11.69438],[-5.16868,11.69294],[-5.17148,11.69249],[-5.17341,11.69136],[-5.17666,11.6906],[-5.17898,11.69041],[-5.18037,11.68993],[-5.18242,11.6886],[-5.1836,11.68687],[-5.18412,11.68659],[-5.18616,11.6867],[-5.1879,11.68717],[-5.19117,11.68761],[-5.19321,11.68719],[-5.19442,11.68832],[-5.19468,11.68948],[-5.19591,11.69065],[-5.19634,11.69164],[-5.19646,11.69317],[-5.19846,11.69503],[-5.20166,11.6969],[-5.2028,11.69732],[-5.20387,11.69716],[-5.20458,11.69729],[-5.20489,11.69789],[-5.20486,11.69855],[-5.20504,11.69892],[-5.20774,11.70047],[-5.20919,11.70058],[-5.20992,11.70033],[-5.21049,11.70032],[-5.2109,11.70009],[-5.21114,11.69973],[-5.21104,11.69884],[-5.21133,11.69814],[-5.21338,11.69746],[-5.21496,11.69804],[-5.21904,11.69595],[-5.21945,11.69597],[-5.22223,11.6977],[-5.22293,11.69784],[-5.22315,11.69831],[-5.2235,11.69856],[-5.22548,11.6986],[-5.22645,11.69888],[-5.22885,11.7016],[-5.22927,11.70231],[-5.23076,11.70309],[-5.2314,11.70412],[-5.23275,11.70558],[-5.23453,11.70507],[-5.2349,11.70453],[-5.23519,11.70447],[-5.2363,11.70495],[-5.23712,11.70502],[-5.23756,11.70478],[-5.23884,11.70453],[-5.23914,11.70474],[-5.23922,11.70516],[-5.23996,11.70596],[-5.24188,11.70678],[-5.24322,11.70719],[-5.2458,11.70698],[-5.24635,11.70724],[-5.24781,11.71009],[-5.24833,11.71072],[-5.24908,11.71112],[-5.25109,11.71173],[-5.25253,11.71189],[-5.25319,11.71166],[-5.25361,11.71126],[-5.25408,11.71165],[-5.25524,11.71184],[-5.25775,11.71298],[-5.25887,11.71287],[-5.26108,11.71319],[-5.26191,11.71356],[-5.26268,11.71417],[-5.26407,11.71415],[-5.26506,11.71438],[-5.26603,11.7155],[-5.26635,11.71558],[-5.26747,11.71471],[-5.2679,11.71357]]},"properties":{"name":"Longo","type":"River","flow_regime":"perennial","label":"Longo"}},{"type":"Feature","geometry":{"type":"LineString","coordinates":[[-4.97062,11.81481],[-4.97112,11.81494],[-4.972,11.81573],[-4.97225,11.81628],[-4.97266,11.81614],[-4.97356,11.81542],[-4.97375,11.81418],[-4.97474,11.81329],[-4.97494,11.81358],[-4.97487,11.81427],[-4.97562,11.81423],[-4.9758,11.81436],[-4.97563,11.81497],[-4.97639,11.81594],[-4.97557,11.81648],[-4.97562,11.81728],[-4.97635,11.81786],[-4.97704,11.81783],[-4.9772,11.81798],[-4.97831,11.81773],[-4.97884,11.81736],[-4.97906,11.81699],[-4.9804,11.81698],[-4.98125,11.81594],[-4.98298,11.81549],[-4.98417,11.81578],[-4.98459,11.81564],[-4.98584,11.81585],[-4.9867,11.81556],[-4.98719,11.81581],[-4.98721,11.81599],[-4.98695,11.81619],[-4.98696,11.81667],[-4.98755,11.81717],[-4.99008,11.81785],[-4.99045,11.8182],[-4.99141,11.81861],[-4.99238,11.81834],[-4.99292,11.81881],[-4.99347,11.81877],[-4.99504,11.81952],[-4.9952,11.81977],[-4.99577,11.81973],[-4.99745,11.82036],[-4.99753,11.82096],[-4.99777,11.82118],[-4.99851,11.82117],[-5.00109,11.82043],[-5.00164,11.81901],[-5.00307,11.81853],[-5.00444,11.81877],[-5.00542,11.81776],[-5.0059,11.81771],[-5.0061,11.81735],[-5.00713,11.81702],[-5.00719,11.81605],[-5.00756,11.81578],[-5.00836,11.81593],[-5.00902,11.81582],[-5.01022,11.81466],[-5.011,11.81446],[-5.01228,11.81464],[-5.01254,11.81511],[-5.01291,11.81526],[-5.01365,11.81463],[-5.01341,11.81408],[-5.01372,11.81376],[-5.01436,11.81354],[-5.01511,11.81428],[-5.01747,11.81417],[-5.01955,11.81656],[-5.02249,11.81703],[-5.02453,11.81694],[-5.02651,11.81589],[-5.02852,11.81585],[-5.02942,11.81644],[-5.03127,11.81551],[-5.03183,11.8139],[-5.03316,11.8135],[-5.03419,11.81234],[-5.0356,11.81308],[-5.04217,11.80877],[-5.04556,11.80844],[-5.04749,11.8069],[-5.04947,11.80726],[-5.05459,11.80598],[-5.05766,11.80262],[-5.05635,11.79903],[-5.05663,11.79796],[-5.05746,11.79701],[-5.05893,11.79037],[-5.05846,11.78535],[-5.05947,11.78281],[-5.06727,11.77737],[-5.07188,11.77534],[-5.07355,11.7735],[-5.07408,11.77331],[-5.07505,11.77357],[-5.07566,11.7734],[-5.07693,11.77206],[-5.07728,11.77133],[-5.07815,11.77067],[-5.0784,11.7693],[-5.07883,11.76843],[-5.08073,11.76836],[-5.08127,11.76801],[-5.08174,11.76737],[-5.08204,11.7665],[-5.0829,11.76505],[-5.0829,11.76377],[-5.08269,11.76281],[-5.08355,11.76117],[-5.08554,11.76108],[-5.08684,11.75959],[-5.08721,11.75849],[-5.0882,11.75745],[-5.08974,11.75306],[-5.08939,11.753],[-5.08917,11.75256],[-5.08999,11.75045],[-5.09041,11.75021],[-5.09175,11.74761],[-5.09388,11.74646],[-5.09539,11.7469],[-5.09661,11.74524],[-5.09701,11.74377],[-5.09615,11.74308],[-5.09653,11.742],[-5.09717,11.74131],[-5.09665,11.73971],[-5.09721,11.73753],[-5.09803,11.73723],[-5.09839,11.7365],[-5.09787,11.73408],[-5.0988,11.73055],[-5.09863,11.72884],[-5.09834,11.72806],[-5.09757,11.72736],[-5.09747,11.72446],[-5.09777,11.72367],[-5.09911,11.72244],[-5.10105,11.72224],[-5.10151,11.72195],[-5.10159,11.7217],[-5.10151,11.72111],[-5.10096,11.71975],[-5.09949,11.71723],[-5.09954,11.71472],[-5.10021,11.71289],[-5.10018,11.71163],[-5.10062,11.71069],[-5.10049,11.70954],[-5.10122,11.70692],[-5.10143,11.7053],[-5.10187,11.70482],[-5.10178,11.70412],[-5.10316,11.70243],[-5.10564,11.69849],[-5.1069,11.69754],[-5.10747,11.69448],[-5.10789,11.69406],[-5.10847,11.69379],[-5.11056,11.69352]]},"properties":{"name":"Sess\u00e9","type":"River","flow_regime":"perennial","label":"Sess\u00e9"}},{"type":"Feature","geometry":{"type":"LineString","coordinates":[[-5.10536,10.59074],[-5.1049,10.59101],[-5.10399,10.59007],[-5.10344,10.59024],[-5.10361,10.58977],[-5.10347,10.58948],[-5.10296,10.59014],[-5.10274,10.58902],[-5.10215,10.58897],[-5.10182,10.58858],[-5.10067,10.58892],[-5.10056,10.58854],[-5.10078,10.58847],[-5.10076,10.58827],[-5.10002,10.58808],[-5.09969,10.58822],[-5.09919,10.58794],[-5.09963,10.58713],[-5.0999,10.58698],[-5.10027,10.58617],[-5.10048,10.58493],[-5.10025,10.58461],[-5.10037,10.58429],[-5.10069,10.58417],[-5.10077,10.58373],[-5.10174,10.58289],[-5.10193,10.58253],[-5.10257,10.58206],[-5.10384,10.5817],[-5.10436,10.58172],[-5.10504,10.58202],[-5.10546,10.58165],[-5.10621,10.58196],[-5.10699,10.58186],[-5.107,10.58121],[-5.10722,10.58064],[-5.10664,10.58058],[-5.10653,10.5804],[-5.10684,10.57983],[-5.1072,10.57995],[-5.10724,10.57961],[-5.10638,10.57888],[-5.1067,10.57839],[-5.10654,10.57794],[-5.10542,10.57685],[-5.10483,10.57664],[-5.10398,10.5766],[-5.10372,10.57676],[-5.10354,10.57612],[-5.10326,10.57647],[-5.10293,10.57656],[-5.1029,10.57617],[-5.10271,10.576],[-5.10401,10.5747],[-5.10446,10.5745],[-5.10452,10.57408],[-5.10553,10.5734],[-5.10564,10.57311],[-5.10666,10.57249],[-5.10716,10.57267],[-5.10702,10.57204],[-5.10745,10.57218],[-5.10774,10.57203],[-5.10807,10.57219],[-5.10834,10.57198],[-5.10852,10.57104],[-5.109,10.57099],[-5.10848,10.57054],[-5.10905,10.57022],[-5.10951,10.57031],[-5.11013,10.57009],[-5.10984,10.56952],[-5.11007,10.56858],[-5.10887,10.5671],[-5.10932,10.56591],[-5.10903,10.56552],[-5.10922,10.5652],[-5.10901,10.56459],[-5.10933,10.56431],[-5.10902,10.56356],[-5.10939,10.56292],[-5.1093,10.5627],[-5.10877,10.56238],[-5.1089,10.56179],[-5.1082,10.56149],[-5.10855,10.56055],[-5.10859,10.55998],[-5.10826,10.55978],[-5.10776,10.56021],[-5.10738,10.56],[-5.10726,10.55926],[-5.10642,10.55897],[-5.10586,10.55903],[-5.10553,10.55877],[-5.10485,10.55861],[-5.10385,10.55874],[-5.10307,10.55858],[-5.10156,10.55869],[-5.0995,10.55849],[-5.09917,10.55894],[-5.09885,10.55885],[-5.09858,10.55852],[-5.09812,10.55876],[-5.09732,10.55877],[-5.09684,10.55835],[-5.09609,10.55893],[-5.0957,10.5589],[-5.09533,10.55855],[-5.09459,10.55836],[-5.09364,10.55863],[-5.09355,10.55706],[-5.0938,10.55613],[-5.09356,10.55549],[-5.09444,10.55416],[-5.09497,10.55383],[-5.09558,10.55384],[-5.09576,10.55398],[-5.09581,10.55443],[-5.09621,10.55457],[-5.09682,10.55351],[-5.09711,10.55327],[-5.09713,10.55267],[-5.0973,10.55253],[-5.09811,10.55277],[-5.09844,10.55268],[-5.09836,10.55175],[-5.09792,10.55138],[-5.09788,10.5508],[-5.09756,10.55033],[-5.09753,10.54883],[-5.09743,10.54854],[-5.09709,10.54827],[-5.09766,10.54747],[-5.09794,10.54732],[-5.10061,10.54708],[-5.10075,10.54692],[-5.10078,10.54607],[-5.10051,10.54548],[-5.10018,10.54363],[-5.09979,10.54325],[-5.09963,10.5428],[-5.09874,10.5424],[-5.09866,10.54185],[-5.09828,10.54135],[-5.09777,10.54146],[-5.09608,10.54083],[-5.0946,10.54086],[-5.0933,10.54053],[-5.0929,10.54075],[-5.0924,10.54068],[-5.09156,10.54099],[-5.09103,10.54047],[-5.09071,10.53984],[-5.09021,10.53954],[-5.09088,10.53842],[-5.09095,10.53784],[-5.09075,10.53735],[-5.0898,10.53669],[-5.0896,10.5359],[-5.08976,10.53547],[-5.08967,10.53508],[-5.08902,10.53496],[-5.08887,10.53476],[-5.08913,10.53436],[-5.08955,10.53436],[-5.08977,10.53413],[-5.08978,10.53389],[-5.08938,10.53343],[-5.08871,10.533],[-5.0888,10.53275],[-5.08934,10.53243],[-5.0882,10.53058],[-5.08719,10.53001],[-5.08747,10.52945],[-5.08795,10.52901],[-5.08763,10.52866],[-5.08768,10.52847],[-5.08828,10.52824],[-5.08823,10.52799],[-5.08738,10.52711],[-5.0875,10.52643],[-5.08733,10.5262],[-5.08699,10.5261],[-5.08709,10.52562],[-5.08644,10.52546],[-5.08693,10.52514],[-5.08689,10.52493],[-5.08599,10.52456],[-5.08587,10.52429],[-5.0862,10.52343],[-5.08676,10.52311],[-5.08799,10.52173],[-5.08931,10.5198],[-5.08929,10.51769],[-5.08875,10.51578],[-5.08881,10.51257],[-5.08958,10.51245],[-5.09215,10.51321],[-5.09291,10.51319],[-5.09389,10.51169],[-5.09339,10.5086],[-5.09247,10.50547],[-5.09069,10.50221],[-5.08878,10.50079],[-5.08866,10.49997],[-5.08927,10.49866],[-5.09121,10.49627],[-5.09138,10.49539],[-5.09099,10.49267],[-5.09008,10.49126],[-5.0877,10.48852],[-5.08734,10.48776],[-5.08741,10.48707],[-5.08812,10.48681],[-5.0908,10.48757],[-5.09279,10.48717],[-5.09409,10.48719],[-5.09491,10.48678],[-5.09478,10.48614],[-5.09421,10.48498],[-5.09255,10.47953],[-5.09245,10.47669],[-5.0926,10.4757],[-5.09407,10.47481],[-5.09477,10.47292],[-5.09465,10.46897],[-5.09361,10.46786],[-5.09192,10.46686],[-5.09061,10.46529],[-5.09037,10.46448],[-5.09058,10.46334],[-5.09238,10.45964],[-5.09331,10.45877],[-5.09498,10.45777],[-5.09684,10.45587],[-5.09857,10.4536],[-5.09966,10.45146],[-5.09974,10.44977],[-5.09842,10.44736],[-5.09661,10.44639],[-5.09451,10.44599],[-5.09346,10.44553],[-5.09209,10.44369],[-5.08994,10.44189],[-5.08472,10.44093],[-5.082,10.44082],[-5.07719,10.43998],[-5.07416,10.43718],[-5.07336,10.43566],[-5.0732,10.43441],[-5.07408,10.43239],[-5.07571,10.43157],[-5.07831,10.43071],[-5.08039,10.42953],[-5.08191,10.42836],[-5.08242,10.42722],[-5.08245,10.42516],[-5.08138,10.42397],[-5.07976,10.42275],[-5.0779,10.42193],[-5.07716,10.42056],[-5.07703,10.41582],[-5.07643,10.41556],[-5.07607,10.41558],[-5.07476,10.41664],[-5.07334,10.41729],[-5.07195,10.41734],[-5.07158,10.41722],[-5.07147,10.41657],[-5.07177,10.41561],[-5.07259,10.41122],[-5.07344,10.41],[-5.07505,10.40836],[-5.07661,10.40647],[-5.07887,10.40496],[-5.08056,10.40457],[-5.08593,10.405],[-5.08661,10.40487],[-5.08686,10.40463],[-5.08883,10.4045],[-5.09059,10.40278],[-5.09188,10.40107],[-5.09194,10.40039],[-5.09121,10.39979],[-5.09013,10.39973],[-5.08933,10.39938],[-5.08852,10.39858],[-5.08358,10.39604],[-5.08127,10.39435],[-5.07921,10.39332],[-5.07817,10.39168],[-5.07452,10.3888],[-5.07552,10.38673],[-5.07663,10.38565],[-5.07835,10.38494],[-5.07927,10.38401],[-5.08474,10.38213],[-5.08673,10.38015],[-5.08806,10.37804],[-5.08819,10.37657],[-5.08717,10.37519],[-5.08558,10.37449],[-5.08106,10.37477],[-5.07719,10.37437],[-5.07531,10.37335],[-5.07453,10.37226],[-5.07441,10.37079],[-5.07766,10.3636],[-5.08135,10.36208],[-5.08379,10.36055],[-5.08432,10.358],[-5.08457,10.35544],[-5.08127,10.34981],[-5.08142,10.34767],[-5.08227,10.34721],[-5.08424,10.34727],[-5.08799,10.34852],[-5.09091,10.34863],[-5.09407,10.34734],[-5.09556,10.34716],[-5.09674,10.34631],[-5.09695,10.34581],[-5.09594,10.34372],[-5.09423,10.34242],[-5.09224,10.34057],[-5.08987,10.33678],[-5.08842,10.33546],[-5.08611,10.3345],[-5.08484,10.33375],[-5.08459,10.33276],[-5.08605,10.33199],[-5.09148,10.33256],[-5.09281,10.33206],[-5.0946,10.33085],[-5.0961,10.32918],[-5.09725,10.32746],[-5.0974,10.32506],[-5.09612,10.32285],[-5.09522,10.32183],[-5.09435,10.32108],[-5.09347,10.32101],[-5.09292,10.32122],[-5.09158,10.3231],[-5.09071,10.3257],[-5.09028,10.32604],[-5.08922,10.32622],[-5.08807,10.32588],[-5.08641,10.32342],[-5.08466,10.3194],[-5.08434,10.31789],[-5.08588,10.315],[-5.09003,10.31412],[-5.09458,10.31455],[-5.09714,10.31527],[-5.1011,10.31451],[-5.10491,10.31252],[-5.10562,10.31123],[-5.10553,10.31032],[-5.09623,10.30167],[-5.09497,10.30027],[-5.09488,10.29945],[-5.09881,10.29631],[-5.10254,10.29832],[-5.10424,10.29878],[-5.10644,10.2975],[-5.10933,10.29415],[-5.11354,10.2914],[-5.11724,10.28844],[-5.11756,10.28842]]},"properties":{"name":"","type":"River","flow_regime":"perennial","label":"River"}},{"type":"Feature","geometry":{"type":"LineString","coordinates":[[-5.37193,10.39732],[-5.37233,10.39715],[-5.37296,10.39783],[-5.3738,10.39789],[-5.37522,10.39865],[-5.37497,10.39903],[-5.37493,10.39985],[-5.37553,10.40041],[-5.37572,10.40094],[-5.37621,10.40105],[-5.37618,10.40132],[-5.37692,10.4021],[-5.37716,10.40275],[-5.37713,10.40423],[-5.3768,10.4049],[-5.37683,10.40586],[-5.37707,10.40643],[-5.37814,10.40705],[-5.37846,10.40784],[-5.37912,10.40831],[-5.37941,10.40902]]},"properties":{"name":"","type":"River","flow_regime":"perennial","label":"River"}},{"type":"Feature","geometry":{"type":"LineString","coordinates":[[1.45793,11.578],[1.45772,11.57801],[1.45765,11.57865],[1.45746,11.57887],[1.45719,11.57899],[1.4567,11.57889],[1.45618,11.5782],[1.456,11.57668],[1.4554,11.57623],[1.45459,11.57594],[1.45302,11.57616],[1.45206,11.57709],[1.45145,11.57724],[1.45076,11.577],[1.45047,11.57653],[1.4505,11.57585],[1.45206,11.57231],[1.45254,11.57039],[1.45415,11.56822],[1.4567,11.56628],[1.45724,11.56563],[1.45737,11.56528],[1.45733,11.56455],[1.4557,11.55964],[1.45534,11.55897],[1.4547,11.55827],[1.45351,11.5544],[1.45244,11.5477],[1.44963,11.5389],[1.44839,11.53558],[1.44779,11.53324],[1.44759,11.53091],[1.44694,11.52819],[1.4467,11.52757],[1.44568,11.52609],[1.44423,11.52433],[1.4436,11.52288],[1.44259,11.5213],[1.44226,11.52119],[1.44201,11.52192],[1.4418,11.52203],[1.44101,11.5216],[1.44071,11.52119],[1.44087,11.52071],[1.4417,11.51934],[1.44204,11.51908],[1.44254,11.51808],[1.44242,11.51736],[1.44166,11.51637],[1.44217,11.51373],[1.44142,11.51283],[1.44131,11.51176],[1.4409,11.5111],[1.43863,11.50911],[1.43784,11.50876],[1.43768,11.50852],[1.43777,11.50811],[1.43824,11.50785],[1.44074,11.5079],[1.44229,11.50801],[1.44357,11.50845],[1.44558,11.50865],[1.44952,11.50846],[1.4513,11.50818],[1.45861,11.5084],[1.46002,11.50886],[1.46043,11.50936],[1.46055,11.51014],[1.46087,11.51033],[1.46318,11.5098],[1.46426,11.50896],[1.46508,11.50797],[1.46612,11.50856],[1.46625,11.50924],[1.46675,11.50959],[1.4678,11.50937],[1.46921,11.50959],[1.47236,11.50959],[1.47282,11.50988],[1.47322,11.51067],[1.47348,11.51138],[1.47354,11.51247],[1.47338,11.5127],[1.47232,11.51292],[1.47134,11.5127],[1.47073,11.51346],[1.47083,11.51397],[1.4718,11.51414],[1.47213,11.51461],[1.47254,11.51472],[1.47346,11.51447],[1.47399,11.5146],[1.47417,11.51508],[1.47328,11.51561],[1.47318,11.51584],[1.47344,11.51646],[1.47378,11.51672],[1.47602,11.51635],[1.47629,11.51614],[1.477,11.51488],[1.47747,11.51478],[1.47771,11.51501],[1.47788,11.51579],[1.47767,11.51789],[1.47692,11.51915],[1.47685,11.5196],[1.47717,11.52021],[1.47756,11.52038],[1.47828,11.52025],[1.47938,11.51922],[1.4811,11.51927],[1.48205,11.51856],[1.48337,11.51793],[1.48362,11.51752],[1.48371,11.51658],[1.48392,11.51625],[1.48431,11.51603],[1.48584,11.51573],[1.48648,11.51526],[1.48666,11.51475],[1.48614,11.51204],[1.48732,11.50979],[1.48706,11.50875],[1.48716,11.50808],[1.48874,11.50676],[1.48988,11.50467],[1.48974,11.50373],[1.48851,11.50328],[1.48838,11.50235],[1.48864,11.50004],[1.48949,11.49912],[1.49019,11.49893],[1.49074,11.49849],[1.4909,11.49781],[1.49048,11.49693],[1.48938,11.4964],[1.48952,11.49599],[1.4904,11.49545],[1.49214,11.495],[1.49232,11.49465],[1.49234,11.49383],[1.49188,11.4934],[1.49199,11.49278],[1.49316,11.49256],[1.4936,11.49229],[1.4941,11.49056],[1.49411,11.49022],[1.49335,11.48962],[1.49332,11.48932],[1.49346,11.48914],[1.49486,11.48894],[1.495,11.48868],[1.49497,11.48844],[1.49416,11.48816],[1.49412,11.48745],[1.49468,11.48683],[1.49439,11.48656],[1.49441,11.48628],[1.49614,11.48601],[1.4964,11.48583],[1.49697,11.48463],[1.49679,11.48439],[1.49624,11.48422],[1.49595,11.48373],[1.49481,11.48327],[1.49491,11.48278],[1.4945,11.48271],[1.49405,11.48191],[1.49427,11.48139],[1.49414,11.4812],[1.49355,11.48104],[1.49357,11.48035],[1.49373,11.48014],[1.49405,11.48032],[1.49416,11.48066],[1.49436,11.48059],[1.49443,11.4792],[1.49461,11.47897],[1.49537,11.47863],[1.49553,11.47891],[1.49575,11.47894],[1.49645,11.47829],[1.49646,11.47789],[1.49624,11.47786],[1.49622,11.4776],[1.49664,11.47609],[1.49636,11.47561],[1.49587,11.47544],[1.49558,11.47489],[1.49556,11.47431]]},"properties":{"name":"Arli","type":"River","flow_regime":"perennial","label":"Arli"}},{"type":"Feature","geometry":{"type":"LineString","coordinates":[[-2.06127,13.02995],[-2.06072,13.02991]]},"properties":{"name":"Nakemb\u00e9","type":"River","flow_regime":"perennial","label":"Nakemb\u00e9"}},{"type":"Feature","geometry":{"type":"LineString","coordinates":[[-5.11756,10.28842],[-5.11918,10.28684],[-5.11982,10.2859],[-5.12041,10.28383],[-5.12045,10.28313],[-5.12019,10.28227],[-5.11978,10.28162],[-5.11886,10.28102],[-5.1152,10.27992],[-5.11114,10.28018],[-5.11041,10.28006],[-5.11001,10.27958],[-5.10902,10.279],[-5.10662,10.27881],[-5.10468,10.27892],[-5.09964,10.27633],[-5.09854,10.27497],[-5.09811,10.27357],[-5.09804,10.2728],[-5.09829,10.27198],[-5.09954,10.27119],[-5.10231,10.26783],[-5.1067,10.26355],[-5.10799,10.26283],[-5.1143,10.26098],[-5.11602,10.26031],[-5.11755,10.25945],[-5.11851,10.25853],[-5.11907,10.25774],[-5.12018,10.25504],[-5.12103,10.25167],[-5.12043,10.24763],[-5.11967,10.24571],[-5.11895,10.24441],[-5.11759,10.24276],[-5.11464,10.24095],[-5.11321,10.2405],[-5.10922,10.24079],[-5.1079,10.2407],[-5.10704,10.24035],[-5.10635,10.23968],[-5.10588,10.23883],[-5.10579,10.23628],[-5.10667,10.23489],[-5.10715,10.23294],[-5.10867,10.23119],[-5.11096,10.22955],[-5.11327,10.22714],[-5.11372,10.22646],[-5.11474,10.22583],[-5.11528,10.22527],[-5.11559,10.22419],[-5.1165,10.22232],[-5.11883,10.21473],[-5.11984,10.21302],[-5.1209,10.21233],[-5.1213,10.21163],[-5.12221,10.20751],[-5.12219,10.20497],[-5.12172,10.20405],[-5.12122,10.20369],[-5.12001,10.20322],[-5.11792,10.20322],[-5.11287,10.20493],[-5.10879,10.20699],[-5.10771,10.20728],[-5.09845,10.21163],[-5.09359,10.21522],[-5.09295,10.21532],[-5.09109,10.21651],[-5.09022,10.21752],[-5.08994,10.21966],[-5.08912,10.22231],[-5.08831,10.22352],[-5.0876,10.22424],[-5.08682,10.22456],[-5.08532,10.22462],[-5.08336,10.22392],[-5.08287,10.2232],[-5.08221,10.22267],[-5.08214,10.22215],[-5.08241,10.21935],[-5.08176,10.21663],[-5.08088,10.21567],[-5.08055,10.21453],[-5.07924,10.21294],[-5.07894,10.21237],[-5.07869,10.21115],[-5.07904,10.20776],[-5.07951,10.20593],[-5.0805,10.20401],[-5.08076,10.20314],[-5.08061,10.20095],[-5.08019,10.19991],[-5.07994,10.19806],[-5.08026,10.19632],[-5.0804,10.19434],[-5.08073,10.1936],[-5.08182,10.19205],[-5.08388,10.18992],[-5.08447,10.18878],[-5.08584,10.18736],[-5.08628,10.18652],[-5.08742,10.18499],[-5.08834,10.18321],[-5.08887,10.18264],[-5.08937,10.18236],[-5.09039,10.18218],[-5.09247,10.18246],[-5.09427,10.1822],[-5.09634,10.18249],[-5.09746,10.18239],[-5.09849,10.18181],[-5.10051,10.18102],[-5.10163,10.18011],[-5.10324,10.17952],[-5.10377,10.17908],[-5.10425,10.17835],[-5.10476,10.177],[-5.10478,10.17568],[-5.10454,10.1752],[-5.10318,10.17399],[-5.10162,10.17331],[-5.09982,10.17267],[-5.09819,10.17238],[-5.09649,10.17254],[-5.08677,10.17526],[-5.08592,10.17563],[-5.08509,10.17579],[-5.08379,10.17549],[-5.0825,10.17579],[-5.08118,10.1764],[-5.07961,10.17775],[-5.07741,10.179],[-5.07648,10.17998],[-5.07552,10.18009],[-5.07456,10.18057],[-5.07149,10.18126],[-5.0695,10.18191],[-5.06821,10.18211],[-5.0668,10.18205],[-5.06139,10.18118],[-5.06053,10.18078],[-5.06011,10.18041],[-5.05991,10.17995],[-5.06008,10.17769],[-5.06061,10.17655],[-5.06138,10.17601],[-5.06296,10.17368],[-5.06355,10.17235],[-5.06467,10.17146],[-5.06461,10.16966],[-5.06433,10.16844],[-5.06436,10.16695],[-5.0636,10.1657],[-5.06345,10.16506],[-5.06364,10.16371],[-5.06402,10.16316],[-5.0662,10.16141],[-5.06705,10.16028],[-5.06855,10.15628],[-5.06911,10.15381],[-5.06906,10.15314],[-5.06837,10.15266],[-5.06802,10.15217],[-5.06762,10.15091],[-5.06745,10.14857],[-5.06811,10.14688],[-5.07018,10.14451],[-5.07025,10.14336],[-5.06976,10.14151],[-5.06986,10.14],[-5.06973,10.1392],[-5.0694,10.13875],[-5.0664,10.13696],[-5.06089,10.13506],[-5.05923,10.13408],[-5.0588,10.13397],[-5.05173,10.13349],[-5.04989,10.13353],[-5.04697,10.13395],[-5.04296,10.13386],[-5.04234,10.13379],[-5.04138,10.13339],[-5.03997,10.13209],[-5.03886,10.12994],[-5.03835,10.12812],[-5.03802,10.12412],[-5.03705,10.12279],[-5.03674,10.12199],[-5.03674,10.12094],[-5.03708,10.12049],[-5.03769,10.12012],[-5.0394,10.11977],[-5.04258,10.11843],[-5.04349,10.11845],[-5.0444,10.11791],[-5.04539,10.11781],[-5.04617,10.11827],[-5.04706,10.11826],[-5.04762,10.11809],[-5.04829,10.11757],[-5.05021,10.11811],[-5.05161,10.11905],[-5.05185,10.11977],[-5.05174,10.12103],[-5.05206,10.12223],[-5.05417,10.12498],[-5.05524,10.12555],[-5.05695,10.12555],[-5.05858,10.12505],[-5.06086,10.12353],[-5.06241,10.12202],[-5.06434,10.12169],[-5.06515,10.12167],[-5.06565,10.12184],[-5.06622,10.12224],[-5.06772,10.12386],[-5.06838,10.12402],[-5.06901,10.12395],[-5.07019,10.12346],[-5.07089,10.12249],[-5.07282,10.11766],[-5.07312,10.11572]]},"properties":{"name":"L\u00e9raba","type":"River","flow_regime":"perennial","label":"L\u00e9raba"}},{"type":"Feature","geometry":{"type":"LineString","coordinates":[[-3.98236,11.92598],[-3.98183,11.92566],[-3.98124,11.9257],[-3.98101,11.92629],[-3.97996,11.9275],[-3.97893,11.92827],[-3.97767,11.93147],[-3.97769,11.93188],[-3.97832,11.93281],[-3.97828,11.93309],[-3.97806,11.93344],[-3.97684,11.93414],[-3.9764,11.93458],[-3.97568,11.93616],[-3.97492,11.93929],[-3.97523,11.94079],[-3.97517,11.94116]]},"properties":{"name":"Le Mouhoun","type":"River","flow_regime":"perennial","label":"Le Mouhoun"}},{"type":"Feature","geometry":{"type":"LineString","coordinates":[[-3.97517,11.94116],[-3.97486,11.94141],[-3.97415,11.94148],[-3.97291,11.94214],[-3.97099,11.94431],[-3.96984,11.94504],[-3.96888,11.9461],[-3.96818,11.94642],[-3.96777,11.94709]]},"properties":{"name":"Le Mouhoun","type":"River","flow_regime":"perennial","label":"Le Mouhoun"}},{"type":"Feature","geometry":{"type":"LineString","coordinates":[[-3.96777,11.94709],[-3.96738,11.9471],[-3.96655,11.94611],[-3.96255,11.94264],[-3.96169,11.94172],[-3.95985,11.93922],[-3.95874,11.93719],[-3.95821,11.93697],[-3.95767,11.93703],[-3.95704,11.93662],[-3.95637,11.93572],[-3.95564,11.93405],[-3.95509,11.93396],[-3.95467,11.93415],[-3.95416,11.93472],[-3.95375,11.93482],[-3.95258,11.9346],[-3.95179,11.93467],[-3.95112,11.93501],[-3.94864,11.93704],[-3.94804,11.93785],[-3.94752,11.9387],[-3.947,11.94051],[-3.94729,11.94285],[-3.94763,11.94374],[-3.94826,11.94432],[-3.94886,11.94443],[-3.95062,11.94568],[-3.95146,11.94708],[-3.95197,11.94761],[-3.95314,11.94784],[-3.95335,11.94851],[-3.95315,11.95128],[-3.95327,11.95229],[-3.95374,11.95299],[-3.95554,11.9545],[-3.95839,11.95541],[-3.95886,11.95572],[-3.95954,11.95795],[-3.95938,11.9608],[-3.96017,11.9616],[-3.9604,11.96216],[-3.96045,11.96273],[-3.9602,11.96409],[-3.96041,11.96496],[-3.96177,11.96629],[-3.96238,11.96658],[-3.96432,11.96807],[-3.96479,11.9688],[-3.96463,11.96947],[-3.96356,11.96911],[-3.96213,11.96893],[-3.96161,11.96904],[-3.95979,11.97052],[-3.95858,11.97194],[-3.95706,11.9746],[-3.95634,11.97662],[-3.95544,11.97726],[-3.95394,11.97772],[-3.95184,11.97791],[-3.95138,11.97819],[-3.95083,11.9789],[-3.95094,11.97938],[-3.95147,11.97993],[-3.9522,11.98116],[-3.95216,11.98203],[-3.95186,11.98305],[-3.95236,11.98389],[-3.95259,11.98472],[-3.95246,11.9864],[-3.95373,11.98943],[-3.95408,11.99138],[-3.95534,11.99375],[-3.95536,11.99434],[-3.95489,11.99578],[-3.95285,11.99867],[-3.95176,11.99967],[-3.9484,12.00103],[-3.94662,12.00212],[-3.94521,12.00466],[-3.94495,12.00487],[-3.9428,12.00423],[-3.94193,12.00413],[-3.94018,12.00244],[-3.93977,12.00221],[-3.9384,12.00195],[-3.93766,12.00142],[-3.93713,12.00063],[-3.9361,12.0002],[-3.93467,11.99825],[-3.9336,11.99805],[-3.93258,11.99813],[-3.93209,11.99796],[-3.93152,11.9975],[-3.93132,11.9975],[-3.93112,11.9982],[-3.93136,11.99927],[-3.93117,11.9998],[-3.9297,12.00058],[-3.92922,12.00138],[-3.92733,12.00249],[-3.927,12.00288],[-3.92665,12.00453],[-3.92537,12.00567],[-3.92501,12.00641],[-3.92488,12.00749],[-3.9251,12.0082],[-3.92545,12.00861],[-3.9263,12.00855],[-3.92719,12.00814],[-3.92838,12.00811],[-3.92998,12.00847],[-3.93131,12.00807],[-3.93239,12.00869],[-3.93318,12.00999],[-3.93345,12.01007],[-3.93365,12.00992],[-3.93361,12.00889],[-3.93377,12.00872],[-3.93397,12.00862],[-3.93467,12.00883],[-3.93505,12.00913],[-3.93581,12.01044],[-3.93616,12.01127],[-3.93616,12.01241],[-3.93587,12.01299],[-3.93571,12.0146],[-3.93468,12.0167],[-3.9351,12.01745],[-3.93662,12.01922],[-3.93689,12.01999],[-3.93704,12.02132],[-3.93695,12.0217],[-3.93473,12.02294],[-3.93375,12.02454],[-3.93333,12.02579],[-3.93289,12.02652],[-3.93202,12.02735],[-3.93106,12.02776],[-3.92938,12.03222],[-3.92919,12.03369],[-3.92857,12.0346],[-3.9268,12.03624],[-3.92556,12.0386],[-3.92517,12.03903],[-3.92299,12.03985],[-3.92053,12.04049],[-3.91709,12.04109],[-3.91558,12.04107],[-3.91373,12.04193],[-3.91223,12.04322],[-3.91181,12.04335],[-3.90981,12.04337],[-3.90787,12.04491],[-3.90599,12.04573],[-3.90485,12.04719],[-3.90463,12.04832],[-3.90292,12.0502],[-3.90268,12.05108],[-3.90281,12.0516],[-3.90414,12.0541],[-3.90636,12.05612],[-3.90796,12.05726],[-3.90861,12.0581],[-3.90864,12.05857],[-3.90836,12.05985],[-3.90588,12.06344],[-3.90496,12.06433],[-3.90284,12.06551],[-3.90257,12.06583],[-3.90218,12.06702],[-3.90077,12.06786],[-3.9003,12.0686],[-3.89913,12.07177],[-3.89899,12.07276],[-3.89922,12.07342],[-3.90049,12.07514],[-3.901,12.07777],[-3.9007,12.07861],[-3.89993,12.0791],[-3.89773,12.07948],[-3.89663,12.0793],[-3.89511,12.07877],[-3.8948,12.07885],[-3.89338,12.07997],[-3.8929,12.07984],[-3.8924,12.07817],[-3.89159,12.07711],[-3.89055,12.07519],[-3.8904,12.07437],[-3.89051,12.07375],[-3.89173,12.07234],[-3.89193,12.07167],[-3.89183,12.0711],[-3.89097,12.06946],[-3.8898,12.06847],[-3.88929,12.06827],[-3.8864,12.06794],[-3.88568,12.068],[-3.88438,12.06852],[-3.88349,12.06933],[-3.88211,12.07101],[-3.88164,12.07191],[-3.88085,12.07427]]},"properties":{"name":"Le Mouhoun","type":"River","flow_regime":"perennial","label":"Le Mouhoun"}},{"type":"Feature","geometry":{"type":"LineString","coordinates":[[-3.55942,12.50164],[-3.55944,12.50237],[-3.55895,12.50341],[-3.55742,12.50492],[-3.55596,12.50564],[-3.55508,12.5058],[-3.55418,12.50552],[-3.55232,12.50369],[-3.55178,12.50364],[-3.55119,12.50387],[-3.54835,12.5067],[-3.54686,12.50751],[-3.54658,12.50814],[-3.54643,12.50918]]},"properties":{"name":"Le Mouhoun","type":"River","flow_regime":"perennial","label":"Le Mouhoun"}},{"type":"Feature","geometry":{"type":"LineString","coordinates":[[-3.54643,12.50918],[-3.54623,12.51051],[-3.54644,12.5131]]},"properties":{"name":"Le Mouhoun","type":"River","flow_regime":"perennial","label":"Le Mouhoun"}},{"type":"Feature","geometry":{"type":"LineString","coordinates":[[-3.81425,12.20673],[-3.8162,12.20952],[-3.8169,12.21106],[-3.81948,12.21451],[-3.82274,12.21681],[-3.82312,12.21743],[-3.82337,12.21838],[-3.82332,12.21891],[-3.82308,12.21925],[-3.82175,12.22026],[-3.82113,12.22041],[-3.8205,12.22034],[-3.81939,12.22061],[-3.81912,12.22086],[-3.81897,12.22265],[-3.81933,12.22344],[-3.81994,12.22418],[-3.82073,12.22487],[-3.82339,12.22658],[-3.82662,12.22789],[-3.8289,12.22692],[-3.8302,12.22702],[-3.83062,12.22685],[-3.83077,12.22641],[-3.83041,12.22536],[-3.83071,12.22492],[-3.83118,12.22485],[-3.83144,12.22499],[-3.83186,12.22574],[-3.83209,12.22857],[-3.83236,12.22991],[-3.83218,12.23095],[-3.83229,12.23259],[-3.8317,12.23422],[-3.83036,12.23549],[-3.82952,12.23683],[-3.82975,12.23885],[-3.82919,12.24078],[-3.82894,12.24103],[-3.82845,12.24117],[-3.82512,12.24092],[-3.82324,12.24128],[-3.82275,12.24151],[-3.82271,12.24177],[-3.82331,12.24369],[-3.82346,12.24621],[-3.82276,12.24764],[-3.82261,12.24892],[-3.82283,12.25014],[-3.82272,12.25067],[-3.82092,12.2519],[-3.82003,12.25294],[-3.8186,12.2542],[-3.8171,12.25508],[-3.81696,12.25556],[-3.81706,12.257],[-3.81697,12.25779],[-3.81661,12.25815],[-3.81531,12.25868],[-3.81488,12.25911],[-3.81479,12.25955],[-3.81505,12.26058],[-3.81481,12.26115],[-3.81377,12.26171],[-3.8128,12.26203],[-3.81014,12.26244],[-3.80972,12.26266],[-3.80901,12.26421],[-3.80851,12.26668],[-3.80789,12.26724],[-3.80639,12.26758],[-3.8058,12.26789],[-3.80567,12.26813],[-3.80566,12.26959],[-3.80534,12.26997],[-3.80172,12.26932],[-3.80078,12.26961],[-3.79844,12.2708],[-3.7977,12.27047],[-3.79678,12.26898],[-3.79628,12.26889],[-3.7946,12.26988],[-3.79214,12.27227],[-3.79122,12.27293],[-3.79033,12.27323],[-3.78789,12.27334],[-3.78681,12.27382],[-3.78551,12.27377],[-3.78435,12.27365],[-3.77999,12.27172],[-3.77886,12.27108],[-3.77789,12.27025],[-3.77585,12.26928],[-3.77435,12.26913],[-3.77268,12.26939],[-3.76876,12.26931],[-3.76673,12.26855],[-3.7658,12.26793],[-3.76524,12.26794],[-3.76415,12.2692],[-3.76339,12.27076],[-3.76301,12.27122],[-3.76017,12.27282],[-3.75986,12.27339],[-3.75948,12.27488],[-3.75784,12.27649],[-3.75725,12.27846],[-3.757,12.2788],[-3.75643,12.27923],[-3.7547,12.28005],[-3.75373,12.28124],[-3.75367,12.28165],[-3.75447,12.28373],[-3.75579,12.28659],[-3.75649,12.28758],[-3.75666,12.28819],[-3.75648,12.28894],[-3.75539,12.29119],[-3.75531,12.29346],[-3.75489,12.29495],[-3.75435,12.29535],[-3.75229,12.29583],[-3.75056,12.29573],[-3.74864,12.29438],[-3.74689,12.29245],[-3.74633,12.29152],[-3.74592,12.29139],[-3.74559,12.29153],[-3.74433,12.29276],[-3.74348,12.29457],[-3.74363,12.29576],[-3.74438,12.2985],[-3.74557,12.30073],[-3.7465,12.30187],[-3.74653,12.30257],[-3.74443,12.30504],[-3.73984,12.30803],[-3.73802,12.30902],[-3.73547,12.3096],[-3.73461,12.31005],[-3.73425,12.31096],[-3.73395,12.31377]]},"properties":{"name":"Le Mouhoun","type":"River","flow_regime":"perennial","label":"Le Mouhoun"}},{"type":"Feature","geometry":{"type":"LineString","coordinates":[[-3.5681,12.45836],[-3.56486,12.46018],[-3.5625,12.46088],[-3.56118,12.46231],[-3.56023,12.46308],[-3.55774,12.46425],[-3.55715,12.46467],[-3.55681,12.46525],[-3.55691,12.46559],[-3.55737,12.46603],[-3.55788,12.46732],[-3.55766,12.46833],[-3.55648,12.46991],[-3.55608,12.47087],[-3.55656,12.47269],[-3.55709,12.47328],[-3.55752,12.47339],[-3.56137,12.47374],[-3.56219,12.47437],[-3.56333,12.47588],[-3.56318,12.47658],[-3.56175,12.4786],[-3.56171,12.47903],[-3.56212,12.47999],[-3.56201,12.48073],[-3.56119,12.48144],[-3.55914,12.48214],[-3.5567,12.48327],[-3.55545,12.48557],[-3.55488,12.4877],[-3.55476,12.49177],[-3.55502,12.49321],[-3.55577,12.49561],[-3.55603,12.49824],[-3.55642,12.49877],[-3.55782,12.49914],[-3.55829,12.49946],[-3.55886,12.50009],[-3.55942,12.50164]]},"properties":{"name":"Le Mouhoun","type":"River","flow_regime":"perennial","label":"Le Mouhoun"}},{"type":"Feature","geometry":{"type":"LineString","coordinates":[[-3.73395,12.31377],[-3.73414,12.31539],[-3.73473,12.31694],[-3.73506,12.31736],[-3.73561,12.31756],[-3.73719,12.31714],[-3.73781,12.31729],[-3.73806,12.31773],[-3.73822,12.31854],[-3.73813,12.31896],[-3.73561,12.32361],[-3.73564,12.3272],[-3.73652,12.3297],[-3.73685,12.3313],[-3.73829,12.33347],[-3.73846,12.33438],[-3.73814,12.33517],[-3.73648,12.33598],[-3.73541,12.33738],[-3.7351,12.33939],[-3.73487,12.3398],[-3.73393,12.3404],[-3.73218,12.34095],[-3.73167,12.34132],[-3.73082,12.34362],[-3.73058,12.34524],[-3.73103,12.34733],[-3.73188,12.34865],[-3.73295,12.34972],[-3.7332,12.35025],[-3.7332,12.35131],[-3.73276,12.35254],[-3.73205,12.35327],[-3.73142,12.35362],[-3.72768,12.35434],[-3.7271,12.35455],[-3.72678,12.35485],[-3.72618,12.35649],[-3.72653,12.36101],[-3.72452,12.36274],[-3.72237,12.36338],[-3.72173,12.36343],[-3.71836,12.36242],[-3.71713,12.36229],[-3.71601,12.36261],[-3.71471,12.36356],[-3.71423,12.36501],[-3.71324,12.36643],[-3.71318,12.3671],[-3.71343,12.36806],[-3.71462,12.36921],[-3.71534,12.3704],[-3.71572,12.3706],[-3.71644,12.37143],[-3.71764,12.37224],[-3.71818,12.37298],[-3.72004,12.37379],[-3.72027,12.37435],[-3.7199,12.37499],[-3.71711,12.37672],[-3.71553,12.37726],[-3.71498,12.37725],[-3.71218,12.37654],[-3.71061,12.3769],[-3.70773,12.37641],[-3.70688,12.37717],[-3.70652,12.37787],[-3.7062,12.37924],[-3.70586,12.37967],[-3.70483,12.37984],[-3.70456,12.37973],[-3.70445,12.37937],[-3.70417,12.37914],[-3.70371,12.37908],[-3.70341,12.37922],[-3.70244,12.38033],[-3.70204,12.382],[-3.70219,12.38409],[-3.70309,12.38593],[-3.7031,12.38621],[-3.70283,12.38648],[-3.7021,12.38637],[-3.70142,12.3867],[-3.70091,12.38766],[-3.70101,12.38805],[-3.70187,12.38846],[-3.70189,12.389],[-3.70128,12.38942],[-3.69936,12.39011],[-3.69795,12.39102],[-3.69591,12.39161],[-3.6947,12.3916],[-3.69368,12.39129],[-3.69228,12.39122],[-3.68998,12.39046],[-3.68926,12.39064],[-3.68823,12.39151],[-3.68762,12.39175],[-3.68373,12.39158],[-3.68316,12.39175],[-3.68286,12.39216],[-3.68286,12.39253],[-3.68448,12.39479],[-3.68477,12.39556],[-3.68464,12.3989],[-3.68496,12.40035],[-3.68421,12.40189],[-3.68247,12.40417],[-3.68233,12.40629],[-3.68185,12.40749],[-3.68195,12.40789],[-3.68304,12.40901],[-3.68304,12.41048],[-3.68422,12.4116],[-3.6841,12.41209],[-3.68342,12.41268],[-3.68214,12.41348],[-3.6807,12.41395],[-3.67837,12.41388],[-3.67677,12.41492],[-3.67188,12.41493],[-3.67019,12.41408],[-3.66872,12.41355],[-3.66799,12.41228],[-3.66735,12.41217],[-3.66455,12.41378],[-3.66356,12.41489],[-3.66316,12.41557],[-3.6631,12.41648],[-3.66327,12.41692],[-3.6638,12.41752],[-3.66387,12.41791],[-3.6635,12.41813],[-3.66137,12.41843],[-3.65989,12.41816],[-3.65824,12.41751],[-3.65676,12.41575],[-3.65634,12.41586],[-3.65578,12.41741],[-3.65552,12.41766],[-3.65499,12.41767],[-3.65451,12.41695],[-3.6539,12.41657],[-3.65335,12.41649],[-3.65247,12.41686],[-3.65087,12.4179],[-3.64941,12.4185],[-3.64798,12.42041],[-3.64633,12.42135],[-3.64521,12.4231],[-3.64343,12.42646],[-3.64313,12.42939],[-3.64037,12.43196],[-3.63863,12.43303],[-3.63807,12.43513],[-3.63783,12.43553],[-3.63672,12.43629],[-3.63587,12.43655],[-3.63154,12.43452],[-3.63036,12.4335],[-3.62968,12.43264],[-3.62967,12.43173],[-3.63051,12.43126],[-3.63103,12.43059],[-3.63098,12.43018],[-3.63021,12.4291],[-3.63007,12.42854],[-3.63048,12.42736],[-3.63083,12.42444],[-3.63172,12.42283],[-3.63174,12.42236],[-3.631,12.42131],[-3.63005,12.42061],[-3.62914,12.42021],[-3.62746,12.41981],[-3.62555,12.42011],[-3.62527,12.42003],[-3.62465,12.41937],[-3.62342,12.41719],[-3.62114,12.41405],[-3.6198,12.40992],[-3.62009,12.40884],[-3.62146,12.40687],[-3.62157,12.40633],[-3.62139,12.40585],[-3.62071,12.40509],[-3.61942,12.40405],[-3.61878,12.40389],[-3.61682,12.40386],[-3.61653,12.40371],[-3.61649,12.40302],[-3.61724,12.40165],[-3.61679,12.40067],[-3.61521,12.40044],[-3.6135,12.39993],[-3.61123,12.39984],[-3.60855,12.3994]]},"properties":{"name":"Le Mouhoun","type":"River","flow_regime":"perennial","label":"Le Mouhoun"}},{"type":"Feature","geometry":{"type":"LineString","coordinates":[[-3.60855,12.3994],[-3.607,12.39986],[-3.60585,12.39983],[-3.60506,12.39998],[-3.6045,12.40032],[-3.60348,12.40132],[-3.60152,12.40193],[-3.59828,12.40251],[-3.59552,12.40206],[-3.59489,12.40163],[-3.59441,12.40083],[-3.59373,12.40029],[-3.59283,12.40003],[-3.59151,12.3992],[-3.58973,12.39841],[-3.58938,12.39791],[-3.58916,12.39703],[-3.58885,12.39656],[-3.58721,12.39484],[-3.58607,12.39444],[-3.58529,12.39337],[-3.58494,12.39158],[-3.58447,12.39117],[-3.58303,12.39072],[-3.58207,12.38959],[-3.5813,12.38932],[-3.58024,12.38958],[-3.57933,12.39076],[-3.57928,12.39135],[-3.57949,12.39196],[-3.5796,12.39312],[-3.57918,12.39408],[-3.57688,12.39497],[-3.57432,12.39522],[-3.57388,12.39558],[-3.57286,12.39692],[-3.57221,12.39818],[-3.57157,12.39855],[-3.56963,12.399],[-3.56903,12.39937],[-3.56767,12.4021],[-3.56664,12.40322],[-3.5659,12.40579],[-3.56321,12.41003],[-3.56298,12.41065],[-3.56313,12.41153],[-3.56442,12.41405],[-3.5644,12.41753],[-3.56472,12.41815],[-3.56519,12.41848],[-3.56784,12.41892],[-3.56825,12.41942],[-3.56871,12.42076],[-3.56894,12.42102],[-3.57039,12.42187],[-3.5725,12.42273],[-3.57496,12.42437],[-3.57728,12.42522],[-3.57752,12.42545],[-3.57766,12.4261],[-3.57757,12.4276],[-3.57705,12.42943],[-3.57551,12.43163],[-3.57541,12.43194],[-3.57552,12.43323],[-3.57529,12.43424],[-3.57421,12.43635],[-3.57363,12.43708],[-3.57257,12.44008],[-3.572,12.44071],[-3.5695,12.44214]]},"properties":{"name":"Le Mouhoun","type":"River","flow_regime":"perennial","label":"Le Mouhoun"}},{"type":"Feature","geometry":{"type":"LineString","coordinates":[[-3.5695,12.44214],[-3.56668,12.4436],[-3.56557,12.44586],[-3.56404,12.44779],[-3.56383,12.44835],[-3.56415,12.44908],[-3.56742,12.45206],[-3.56817,12.45222],[-3.56935,12.45171],[-3.57012,12.45163],[-3.57084,12.45201],[-3.57085,12.45347],[-3.57031,12.45532],[-3.56917,12.45719],[-3.5681,12.45836]]},"properties":{"name":"Le Mouhoun","type":"River","flow_regime":"perennial","label":"Le Mouhoun"}},{"type":"Feature","geometry":{"type":"LineString","coordinates":[[-3.82185,11.20579],[-3.8206,11.2052],[-3.81983,11.20532],[-3.81922,11.20512],[-3.81882,11.20531],[-3.81854,11.20567],[-3.81668,11.206],[-3.81618,11.20542],[-3.81475,11.20145],[-3.81486,11.20062],[-3.81465,11.20019],[-3.81463,11.19924],[-3.81446,11.19883],[-3.81397,11.19847],[-3.81327,11.199],[-3.81162,11.19899],[-3.81076,11.19844],[-3.80939,11.19675],[-3.80923,11.19592],[-3.80945,11.19437],[-3.80986,11.194],[-3.81067,11.19422],[-3.811,11.19417],[-3.81137,11.19367],[-3.81145,11.19318],[-3.81101,11.19149],[-3.81107,11.18921],[-3.8098,11.18634],[-3.80884,11.18559],[-3.80858,11.18504],[-3.8086,11.18124],[-3.80821,11.18038],[-3.80752,11.17982],[-3.80735,11.1784],[-3.80666,11.17748],[-3.80637,11.17666],[-3.80655,11.17612],[-3.80711,11.17549],[-3.8085,11.17477],[-3.80857,11.17455],[-3.80838,11.17404],[-3.80794,11.17373],[-3.80687,11.17358],[-3.80562,11.17268],[-3.80513,11.17264],[-3.80438,11.17297],[-3.80375,11.17303],[-3.80251,11.17291],[-3.80098,11.17236],[-3.80082,11.17182],[-3.80102,11.16981],[-3.80078,11.1677],[-3.80058,11.16723],[-3.79918,11.16581],[-3.79775,11.16405],[-3.79667,11.16316],[-3.79539,11.16295],[-3.79415,11.16334],[-3.79316,11.16432],[-3.79076,11.16489],[-3.78936,11.16538],[-3.78906,11.16566],[-3.78893,11.16637],[-3.78854,11.16657],[-3.78758,11.16641],[-3.78706,11.16616],[-3.78691,11.1655],[-3.78667,11.16525],[-3.78551,11.16531],[-3.78548,11.16478],[-3.78587,11.16317],[-3.78615,11.16285],[-3.7867,11.16285],[-3.78685,11.1625],[-3.78644,11.16169],[-3.78644,11.16138],[-3.78672,11.16108],[-3.7877,11.16101],[-3.78794,11.16079],[-3.78797,11.15989],[-3.78758,11.15877],[-3.78697,11.15843],[-3.78519,11.15858],[-3.78495,11.15841],[-3.78323,11.15547],[-3.78305,11.15292],[-3.78212,11.15129],[-3.78042,11.15007],[-3.77959,11.15007],[-3.77897,11.1492],[-3.77813,11.14944],[-3.77765,11.14918],[-3.77748,11.14877],[-3.77757,11.14786],[-3.77673,11.14671],[-3.77712,11.14615],[-3.77644,11.14513],[-3.77666,11.14446],[-3.77614,11.14399],[-3.77576,11.14451],[-3.7753,11.14446],[-3.77516,11.14417],[-3.77525,11.14352],[-3.77423,11.143],[-3.77403,11.14256],[-3.77409,11.14134],[-3.77373,11.14071],[-3.77342,11.1396],[-3.77288,11.13895],[-3.77201,11.13911],[-3.77145,11.13872],[-3.77051,11.13852],[-3.77002,11.13786],[-3.76977,11.13688],[-3.76939,11.13646],[-3.76955,11.13593],[-3.7694,11.1352],[-3.76918,11.13511],[-3.76897,11.13555],[-3.76854,11.13535],[-3.76827,11.13483],[-3.76723,11.13383],[-3.76688,11.1323],[-3.76655,11.13208],[-3.76583,11.13206],[-3.76469,11.13053],[-3.76441,11.12968],[-3.76353,11.12947],[-3.7631,11.1291],[-3.76224,11.1271],[-3.76229,11.12682],[-3.76267,11.12639],[-3.76265,11.12582],[-3.76227,11.12542],[-3.76091,11.12519],[-3.76019,11.12475],[-3.76002,11.12421],[-3.76018,11.12334],[-3.76005,11.12284],[-3.76022,11.12193],[-3.76016,11.11987],[-3.76068,11.11822],[-3.75931,11.11541],[-3.75801,11.11438],[-3.75759,11.11444],[-3.75676,11.11492],[-3.75654,11.11487],[-3.75612,11.11411],[-3.7559,11.11309],[-3.75501,11.11244],[-3.75448,11.11237],[-3.75412,11.11252],[-3.7536,11.11232],[-3.75227,11.1099],[-3.75106,11.10921],[-3.75068,11.10865],[-3.74917,11.10476],[-3.74854,11.10386],[-3.74707,11.10249],[-3.74526,11.10152],[-3.74405,11.10057],[-3.74352,11.09995],[-3.74182,11.09696],[-3.74118,11.09629],[-3.74028,11.09573]]},"properties":{"name":"Sandana","type":"River","flow_regime":"perennial","label":"Sandana"}},{"type":"Feature","geometry":{"type":"LineString","coordinates":[[-3.74028,11.09573],[-3.73986,11.09574],[-3.73899,11.09518],[-3.73801,11.09361],[-3.73801,11.09298],[-3.73869,11.09227],[-3.73873,11.09169],[-3.73775,11.09124],[-3.73703,11.09066],[-3.7359,11.0906],[-3.73534,11.09024],[-3.73487,11.08914],[-3.73353,11.08721],[-3.73347,11.08612],[-3.73367,11.08508],[-3.73345,11.08449],[-3.73302,11.08425],[-3.73121,11.08425],[-3.72986,11.08401],[-3.72713,11.08261],[-3.72659,11.08144],[-3.72702,11.08018],[-3.72695,11.07906],[-3.72667,11.07887],[-3.72603,11.07911],[-3.72557,11.07825],[-3.72485,11.07743],[-3.72464,11.07679],[-3.72378,11.07608],[-3.723,11.07604],[-3.72265,11.0758],[-3.72204,11.07452],[-3.7214,11.07411],[-3.72041,11.07197],[-3.71984,11.07169],[-3.71899,11.07179],[-3.71822,11.07155],[-3.71735,11.07193],[-3.71664,11.07175],[-3.71586,11.07176],[-3.71532,11.07149],[-3.71451,11.07034],[-3.71418,11.07012],[-3.71286,11.07003],[-3.71244,11.06985],[-3.71198,11.06908],[-3.71112,11.06864],[-3.7107,11.06782],[-3.71019,11.06745],[-3.70973,11.06733],[-3.70933,11.06752],[-3.7088,11.06743],[-3.70801,11.06632],[-3.70819,11.06573],[-3.70788,11.06524],[-3.70597,11.06554],[-3.70546,11.0651],[-3.70453,11.06494],[-3.70358,11.0643],[-3.70299,11.06446],[-3.70268,11.06438],[-3.70187,11.06369],[-3.70136,11.06254],[-3.70069,11.06168],[-3.69667,11.05926]]},"properties":{"name":"Sandana","type":"River","flow_regime":"perennial","label":"Sandana"}},{"type":"Feature","geometry":{"type":"LineString","coordinates":[[-3.69667,11.05926],[-3.69679,11.05859],[-3.69646,11.05802],[-3.69592,11.05798],[-3.69504,11.05824],[-3.69417,11.05802],[-3.69397,11.05777],[-3.69414,11.05707],[-3.69363,11.05643],[-3.69246,11.05559],[-3.6916,11.05545],[-3.69147,11.05464],[-3.69074,11.05306],[-3.68971,11.05327],[-3.68978,11.0507],[-3.68904,11.04988],[-3.6882,11.04971],[-3.68759,11.04889],[-3.68662,11.0485],[-3.68663,11.04814],[-3.68691,11.04773],[-3.68677,11.0473],[-3.68629,11.04722],[-3.68535,11.04753],[-3.68516,11.04742],[-3.6852,11.04694],[-3.68505,11.04674],[-3.68407,11.04691],[-3.68355,11.04681],[-3.68372,11.04575],[-3.68312,11.04474],[-3.68173,11.04464],[-3.68106,11.04506],[-3.68072,11.04491],[-3.68085,11.04407],[-3.67986,11.0431],[-3.67978,11.04135],[-3.67931,11.04087]]},"properties":{"name":"Sandana","type":"River","flow_regime":"perennial","label":"Sandana"}},{"type":"Feature","geometry":{"type":"LineString","coordinates":[[-3.67931,11.04087],[-3.67837,11.03982],[-3.67708,11.03909],[-3.67707,11.03777],[-3.67608,11.03744],[-3.67575,11.03687],[-3.67567,11.03609],[-3.67588,11.0355],[-3.6758,11.03512],[-3.67489,11.03406],[-3.67427,11.03397],[-3.67387,11.03363],[-3.67344,11.03267],[-3.67363,11.03202],[-3.67352,11.0318],[-3.67194,11.03105],[-3.67134,11.03052],[-3.67127,11.03004],[-3.67148,11.02925],[-3.67138,11.02895],[-3.6711,11.02873],[-3.67066,11.02867],[-3.66989,11.02799],[-3.6699,11.0267],[-3.66862,11.02622],[-3.6686,11.02593],[-3.66904,11.02517],[-3.66902,11.02483],[-3.66866,11.02448],[-3.66816,11.02439],[-3.6675,11.02364],[-3.66669,11.02348],[-3.66645,11.02328],[-3.66632,11.02278],[-3.66659,11.02215],[-3.66655,11.02181],[-3.66529,11.02122],[-3.6653,11.02076],[-3.66455,11.01985],[-3.66417,11.01967],[-3.66395,11.02027],[-3.66372,11.02034],[-3.66333,11.02013],[-3.66308,11.01947],[-3.66215,11.01957],[-3.66184,11.01943],[-3.66169,11.01912],[-3.6622,11.01864],[-3.66213,11.0183],[-3.6609,11.01792],[-3.66028,11.01716],[-3.65983,11.01687],[-3.65833,11.01706],[-3.65813,11.01803],[-3.65781,11.01813],[-3.65707,11.01749],[-3.65658,11.01739],[-3.65607,11.01703],[-3.6557,11.01594],[-3.65408,11.01437],[-3.65284,11.01469],[-3.65234,11.01417],[-3.6521,11.01342],[-3.6512,11.01349],[-3.65073,11.01309],[-3.64908,11.01249],[-3.64848,11.01245],[-3.64731,11.01126],[-3.6465,11.01133],[-3.64524,11.01193],[-3.6447,11.01169],[-3.6444,11.01175],[-3.64345,11.01251],[-3.6427,11.01216],[-3.64039,11.01354],[-3.64009,11.01355],[-3.63904,11.01289],[-3.63849,11.01284],[-3.63758,11.01241],[-3.6354,11.01034],[-3.63279,11.00867]]},"properties":{"name":"Sandana","type":"River","flow_regime":"perennial","label":"Sandana"}},{"type":"Feature","geometry":{"type":"LineString","coordinates":[[-3.61014,10.99145],[-3.61074,10.99215],[-3.61027,10.99701],[-3.61073,10.9995],[-3.61015,11.00049],[-3.60946,11.0009],[-3.60869,11.00053],[-3.60803,10.99936],[-3.60817,10.99703],[-3.60832,10.99672],[-3.60824,10.99645],[-3.6078,10.99645],[-3.60579,10.99765],[-3.60399,10.99922],[-3.60213,11.00282],[-3.60053,11.00498],[-3.59613,11.00557],[-3.59333,11.00707],[-3.59206,11.00943],[-3.59233,11.01159],[-3.59293,11.01381],[-3.59186,11.01558],[-3.59139,11.01787],[-3.59026,11.01885],[-3.58873,11.01872],[-3.58759,11.02049],[-3.58546,11.02225],[-3.58333,11.02238],[-3.58213,11.02533],[-3.58253,11.02801],[-3.58373,11.02984],[-3.5846,11.03351],[-3.58695,11.03972],[-3.58713,11.0407],[-3.58711,11.04211],[-3.58742,11.04237],[-3.58825,11.04245],[-3.58882,11.04224],[-3.59179,11.03835],[-3.59326,11.03828],[-3.59473,11.0375],[-3.59606,11.03553],[-3.59846,11.03429],[-3.60013,11.0339],[-3.60226,11.03684],[-3.60493,11.03894],[-3.60559,11.0407],[-3.60593,11.04234],[-3.60353,11.04404],[-3.59919,11.04515],[-3.59619,11.04809],[-3.59599,11.05111],[-3.59736,11.05296],[-3.59725,11.05431],[-3.59574,11.05588],[-3.59293,11.05667],[-3.58954,11.05794],[-3.58869,11.0585],[-3.58658,11.05775],[-3.58521,11.05657],[-3.58347,11.05633],[-3.58043,11.05708],[-3.57815,11.05788],[-3.57677,11.05812],[-3.5755,11.0566],[-3.5748,11.05683],[-3.57356,11.05666],[-3.57261,11.05767],[-3.57301,11.06122],[-3.57464,11.06463],[-3.57643,11.06476],[-3.57817,11.06594],[-3.58046,11.0683],[-3.57999,11.07044],[-3.57091,11.0806],[-3.56972,11.08164],[-3.56952,11.08385],[-3.56828,11.08499],[-3.56634,11.0861],[-3.56317,11.08652],[-3.56175,11.08756],[-3.55849,11.08822],[-3.55506,11.08607],[-3.55464,11.08415],[-3.55713,11.08301],[-3.55795,11.08146],[-3.55872,11.08135],[-3.56033,11.08227],[-3.56116,11.08241],[-3.56164,11.0819],[-3.56169,11.08093],[-3.56139,11.07955],[-3.55933,11.07682],[-3.55733,11.07312],[-3.5563,11.07273],[-3.55609,11.07169],[-3.55643,11.06682],[-3.55587,11.06467],[-3.55505,11.06273],[-3.5542,11.06235],[-3.5533,11.06216],[-3.5508,11.06489],[-3.54992,11.06623],[-3.55034,11.06954],[-3.54974,11.07146],[-3.54956,11.07457],[-3.54781,11.07777],[-3.54584,11.07897]]},"properties":{"name":"Bougouriba","type":"River","flow_regime":"perennial","label":"Bougouriba"}},{"type":"Feature","geometry":{"type":"LineString","coordinates":[[-3.64998,10.95205],[-3.6508,10.95496],[-3.65088,10.95649],[-3.65161,10.95897],[-3.65155,10.95952],[-3.65104,10.96034],[-3.65028,10.96251],[-3.65065,10.96375],[-3.65048,10.96433],[-3.65011,10.96457],[-3.64822,10.96464],[-3.64784,10.96442],[-3.64744,10.96445],[-3.64699,10.96426],[-3.64703,10.9637],[-3.64678,10.96355],[-3.6464,10.96282],[-3.64562,10.96194],[-3.64495,10.96208],[-3.64441,10.96266],[-3.6437,10.96295],[-3.64327,10.96346],[-3.64224,10.96284],[-3.64085,10.96311],[-3.6385,10.96283],[-3.63786,10.96304],[-3.63712,10.96269],[-3.63694,10.96235],[-3.63724,10.96142],[-3.63755,10.96089],[-3.63829,10.96058],[-3.63848,10.96034],[-3.63892,10.95827],[-3.63949,10.9571],[-3.63929,10.95593],[-3.63853,10.95506],[-3.63824,10.9551],[-3.63726,10.95615],[-3.63594,10.95659],[-3.63516,10.95663],[-3.63271,10.95625],[-3.63169,10.95632],[-3.63099,10.95609],[-3.63045,10.9561],[-3.63006,10.95665],[-3.62915,10.95691],[-3.62874,10.95725],[-3.62903,10.95826],[-3.62889,10.95863],[-3.62763,10.95899],[-3.62676,10.95894],[-3.62542,10.9579],[-3.62477,10.9572],[-3.62328,10.95731],[-3.62244,10.95672],[-3.62149,10.95648],[-3.62079,10.95701],[-3.62055,10.95699],[-3.62016,10.95664],[-3.61994,10.95666],[-3.61852,10.9576],[-3.61826,10.95821],[-3.61842,10.95852],[-3.6188,10.95877],[-3.6189,10.95909],[-3.61858,10.96008],[-3.61907,10.96061],[-3.61941,10.96077],[-3.62007,10.96077],[-3.62019,10.96097],[-3.61951,10.96166],[-3.61836,10.96242],[-3.6173,10.96283],[-3.61693,10.96328],[-3.61781,10.965],[-3.61759,10.96634],[-3.61816,10.96769],[-3.61804,10.96914],[-3.61847,10.97031],[-3.61853,10.97114],[-3.61847,10.97168],[-3.61781,10.97334],[-3.61778,10.97431],[-3.61654,10.97519],[-3.61623,10.97567],[-3.61615,10.97629],[-3.6163,10.97737],[-3.61619,10.9777],[-3.61531,10.97821],[-3.61457,10.97815],[-3.61335,10.97659],[-3.6128,10.97613],[-3.61026,10.97481],[-3.60867,10.97463],[-3.60666,10.97366],[-3.60619,10.97386],[-3.60546,10.9762],[-3.60548,10.9789],[-3.60626,10.98233],[-3.60503,10.98407],[-3.60417,10.98474],[-3.60384,10.98583],[-3.60401,10.98764],[-3.60437,10.98797],[-3.60471,10.98797],[-3.60536,10.98697],[-3.60668,10.98668],[-3.60706,10.98679],[-3.60714,10.98709],[-3.6069,10.98834],[-3.60701,10.98873],[-3.60772,10.9897],[-3.60798,10.99078],[-3.60843,10.99123],[-3.60974,10.99129],[-3.61014,10.99145]]},"properties":{"name":"Bougouriba","type":"River","flow_regime":"perennial","label":"Bougouriba"}},{"type":"Feature","geometry":{"type":"LineString","coordinates":[[-3.50437,11.07056],[-3.50366,11.07037],[-3.50321,11.07051],[-3.50284,11.0713],[-3.50216,11.07206],[-3.50135,11.0738],[-3.50068,11.07473],[-3.49908,11.07569],[-3.49717,11.0761],[-3.49659,11.0761],[-3.49527,11.07575],[-3.49443,11.076],[-3.4934,11.07731],[-3.49235,11.07826],[-3.49184,11.07853],[-3.49063,11.07844],[-3.48885,11.07793],[-3.48547,11.07843],[-3.48479,11.07819],[-3.4836,11.07734],[-3.48273,11.07726],[-3.48141,11.07652],[-3.48165,11.07476],[-3.48097,11.07432],[-3.47972,11.07447],[-3.47848,11.07485],[-3.47805,11.07564],[-3.47744,11.07586],[-3.47451,11.07564],[-3.47253,11.07506],[-3.47084,11.07535],[-3.4693,11.07484],[-3.46908,11.07396],[-3.4682,11.07447],[-3.46622,11.07645],[-3.46593,11.0788],[-3.46615,11.08129],[-3.46395,11.08247],[-3.46292,11.08335],[-3.45991,11.08364],[-3.45801,11.08408],[-3.45595,11.08357],[-3.4547,11.08276],[-3.45434,11.08203],[-3.45309,11.08166],[-3.45243,11.0821],[-3.45118,11.08217],[-3.44986,11.08151],[-3.44898,11.08071],[-3.44737,11.08041],[-3.44143,11.08049],[-3.44062,11.07902],[-3.44011,11.07741],[-3.43952,11.07704],[-3.43857,11.07704],[-3.43769,11.07623],[-3.43549,11.06956],[-3.4349,11.06838],[-3.4335,11.06721],[-3.4327,11.06677],[-3.43306,11.06589],[-3.4338,11.06486],[-3.4338,11.06405],[-3.43306,11.06354],[-3.42991,11.06325],[-3.42962,11.06464],[-3.42812,11.06452],[-3.42756,11.06354],[-3.42745,11.06252],[-3.42657,11.06333],[-3.42547,11.0634],[-3.42525,11.06244],[-3.42598,11.06171],[-3.4254,11.06105],[-3.42415,11.06142],[-3.42276,11.06237],[-3.4218,11.06362],[-3.4218,11.06523],[-3.4229,11.06567],[-3.4229,11.06648],[-3.42056,11.06641],[-3.4199,11.06655],[-3.41997,11.06809],[-3.41909,11.06817],[-3.41916,11.06993],[-3.41894,11.07139],[-3.41975,11.07213],[-3.41982,11.07286],[-3.41711,11.07367],[-3.41601,11.07455],[-3.41454,11.07609],[-3.41454,11.07719],[-3.41351,11.07741],[-3.41285,11.07646],[-3.41175,11.07668],[-3.41211,11.07902],[-3.4108,11.07917],[-3.40926,11.07822],[-3.40831,11.07748],[-3.40831,11.0766],[-3.40544,11.07638],[-3.40478,11.07477],[-3.40361,11.07359],[-3.40332,11.07257],[-3.40112,11.07242],[-3.3987,11.07462],[-3.3976,11.07477],[-3.39349,11.07741],[-3.39143,11.07778],[-3.38997,11.07697],[-3.38945,11.07528],[-3.38843,11.07374],[-3.38725,11.07301],[-3.38659,11.07352],[-3.3852,11.07249],[-3.38351,11.07279],[-3.38263,11.07198],[-3.38182,11.07073],[-3.3807,11.07058],[-3.38044,11.07067],[-3.3794,11.07205],[-3.37867,11.07403],[-3.37757,11.07543],[-3.37647,11.07829],[-3.37508,11.07954],[-3.37332,11.08056],[-3.37053,11.08042],[-3.36913,11.08005],[-3.36693,11.0788],[-3.36635,11.07778],[-3.36539,11.07785],[-3.36517,11.07888],[-3.36319,11.07932],[-3.36158,11.08042],[-3.3618,11.0821],[-3.36297,11.0832],[-3.3629,11.0846],[-3.3618,11.08497],[-3.36165,11.08651],[-3.36224,11.08739],[-3.36187,11.08819],[-3.36055,11.08871],[-3.35973,11.0929],[-3.35795,11.0933],[-3.35564,11.09465],[-3.35483,11.09494],[-3.35395,11.09443]]},"properties":{"name":"Bougouriba","type":"River","flow_regime":"perennial","label":"Bougouriba"}},{"type":"Feature","geometry":{"type":"LineString","coordinates":[[-3.19655,10.3222],[-3.19609,10.32018],[-3.19683,10.31817],[-3.19541,10.31656],[-3.19567,10.31554],[-3.19642,10.31426],[-3.1955,10.31141],[-3.19571,10.31018],[-3.19556,10.30928],[-3.19613,10.30903],[-3.19565,10.30822],[-3.19675,10.30789],[-3.19626,10.30652],[-3.19064,10.3048],[-3.19266,10.30017],[-3.19084,10.29618],[-3.19207,10.29061],[-3.19193,10.28753],[-3.19132,10.28608],[-3.19046,10.28549],[-3.19051,10.28479],[-3.19013,10.28433],[-3.18971,10.28439],[-3.1893,10.28493],[-3.18859,10.285],[-3.18606,10.28428],[-3.1856,10.28384],[-3.1858,10.28312],[-3.18542,10.28256],[-3.18552,10.28229],[-3.18613,10.28224],[-3.18646,10.28181],[-3.18626,10.28102],[-3.18538,10.28067],[-3.18504,10.27996],[-3.18503,10.27924],[-3.18433,10.27802],[-3.18353,10.27731],[-3.1837,10.27668],[-3.18402,10.27642],[-3.18458,10.27634],[-3.18483,10.27577],[-3.18421,10.27509],[-3.18249,10.274],[-3.18234,10.27295],[-3.18198,10.27299],[-3.18116,10.27358],[-3.18072,10.27354],[-3.18063,10.27306],[-3.17961,10.27205],[-3.17942,10.27156],[-3.17972,10.2705],[-3.18011,10.27018],[-3.18006,10.26988],[-3.1802,10.2698],[-3.1806,10.26998],[-3.18078,10.26986],[-3.18061,10.26927],[-3.17954,10.26857],[-3.17983,10.26796],[-3.17879,10.2668],[-3.17908,10.2661],[-3.17889,10.26587],[-3.17806,10.26598],[-3.17771,10.26536],[-3.17704,10.26525],[-3.17694,10.26476],[-3.17627,10.26439],[-3.17633,10.2641],[-3.1771,10.26376],[-3.17745,10.26336],[-3.17756,10.26295],[-3.17679,10.26232],[-3.17463,10.26177],[-3.1743,10.26111],[-3.17358,10.2618],[-3.1732,10.26177],[-3.17286,10.26152],[-3.17298,10.26065],[-3.17289,10.26039],[-3.17195,10.25943],[-3.17202,10.25897],[-3.17165,10.25829],[-3.17097,10.25771],[-3.17103,10.25713],[-3.17124,10.25694],[-3.17112,10.25629],[-3.17179,10.24989],[-3.17161,10.24314],[-3.17086,10.2424],[-3.16644,10.24035],[-3.16589,10.23997],[-3.16539,10.23916],[-3.1649,10.23665],[-3.16456,10.23306],[-3.164,10.23116],[-3.16417,10.23011],[-3.16343,10.22952],[-3.16291,10.22843],[-3.16176,10.22774],[-3.16088,10.22778],[-3.15993,10.2272],[-3.15881,10.22757],[-3.15861,10.22834],[-3.15821,10.22862],[-3.15699,10.2283],[-3.15658,10.22803],[-3.15601,10.22812],[-3.15555,10.22765],[-3.15456,10.22729],[-3.1544,10.22709],[-3.15356,10.22565],[-3.15378,10.22506],[-3.15363,10.22465],[-3.15291,10.22422],[-3.15267,10.22362],[-3.15285,10.22266],[-3.15377,10.22059],[-3.15327,10.21949],[-3.1532,10.21797],[-3.15343,10.2174],[-3.15423,10.21731],[-3.15471,10.21683],[-3.15473,10.21657],[-3.15364,10.21569],[-3.15315,10.21551],[-3.15282,10.21556],[-3.15228,10.21605],[-3.152,10.21597],[-3.15126,10.21461],[-3.15172,10.21321],[-3.15167,10.21291],[-3.1354,10.19685],[-3.13008,10.18299],[-3.12711,10.17965],[-3.12476,10.17978],[-3.10948,10.18232],[-3.10467,10.18029],[-3.10153,10.17272],[-3.09793,10.16664],[-3.0952,10.1639],[-3.09496,10.16187],[-3.09414,10.16121],[-3.09396,10.15885],[-3.09319,10.1583],[-3.09352,10.15766],[-3.09441,10.15671],[-3.09557,10.154],[-3.09527,10.15314],[-3.0953,10.15251],[-3.09605,10.15205],[-3.09678,10.15034],[-3.09775,10.1504],[-3.09788,10.14934],[-3.09737,10.1486],[-3.09767,10.14789],[-3.09822,10.14781],[-3.09854,10.14751],[-3.09844,10.14691],[-3.09411,10.14506],[-3.09276,10.14231],[-3.09282,10.14041],[-3.09201,10.13921],[-3.0907,10.13878],[-3.09065,10.13713],[-3.08971,10.13528],[-3.08956,10.13369],[-3.08795,10.1338],[-3.08754,10.13232],[-3.08868,10.13109],[-3.0884,10.13005],[-3.08898,10.12916],[-3.08993,10.12852],[-3.09031,10.12761],[-3.08939,10.12627],[-3.08853,10.12437],[-3.08892,10.12396],[-3.08904,10.1234],[-3.08794,10.12323],[-3.08705,10.12396],[-3.08676,10.12381],[-3.0869,10.12287],[-3.08666,10.12167],[-3.08484,10.12245],[-3.08306,10.12136],[-3.08203,10.11973],[-3.08201,10.11809],[-3.08175,10.11708],[-3.08085,10.11693],[-3.0811,10.11585],[-3.08223,10.11457],[-3.0819,10.11301],[-3.08038,10.11066],[-3.07856,10.10951],[-3.07597,10.10676],[-3.0753,10.10522],[-3.07395,10.1048],[-3.07376,10.10354],[-3.07252,10.1035],[-3.07034,10.101],[-3.07002,10.09867],[-3.07037,10.09698],[-3.06965,10.09539],[-3.06908,10.09493],[-3.06914,10.09411],[-3.06987,10.09243],[-3.06951,10.0908],[-3.06672,10.09024],[-3.06603,10.08964],[-3.06529,10.09059],[-3.06433,10.09085],[-3.06369,10.09076],[-3.06349,10.09034],[-3.06264,10.09124],[-3.06196,10.09156],[-3.06111,10.09152],[-3.06043,10.09076],[-3.05957,10.09095],[-3.05853,10.09155],[-3.05719,10.09143],[-3.05673,10.0902],[-3.05607,10.09022],[-3.05607,10.08969],[-3.05653,10.08895],[-3.05594,10.08799],[-3.05499,10.08773],[-3.05445,10.08687],[-3.05347,10.08646],[-3.05298,10.08665],[-3.05259,10.08709],[-3.05214,10.08642],[-3.0512,10.08379],[-3.04936,10.0835],[-3.04852,10.08314],[-3.04768,10.08136],[-3.04645,10.07985],[-3.04421,10.07976],[-3.04243,10.07933],[-3.04198,10.07773],[-3.04053,10.07699],[-3.03951,10.07581],[-3.03954,10.07465],[-3.03825,10.07459],[-3.03694,10.07421],[-3.03611,10.07497],[-3.03416,10.07563],[-3.03232,10.07655],[-3.03064,10.07579],[-3.03087,10.07509],[-3.02992,10.07439],[-3.02942,10.07277],[-3.02709,10.07224],[-3.02578,10.07143],[-3.02593,10.07055],[-3.0248,10.06988],[-3.02401,10.06967],[-3.02378,10.07049],[-3.02246,10.07071],[-3.02092,10.07072],[-3.02055,10.07021],[-3.02142,10.06973],[-3.02125,10.06893],[-3.02041,10.06836],[-3.01928,10.06879],[-3.01877,10.06805],[-3.01873,10.06746],[-3.01997,10.06734],[-3.02036,10.06581],[-3.01886,10.06551],[-3.01843,10.06384],[-3.0175,10.06346],[-3.01697,10.06404],[-3.01698,10.0648],[-3.01618,10.06516],[-3.01566,10.06361],[-3.01575,10.06134],[-3.01481,10.06082],[-3.01371,10.06084],[-3.01255,10.05978],[-3.01153,10.05978],[-3.01057,10.05915],[-3.00897,10.05884],[-3.00884,10.05775],[-3.00802,10.05535],[-3.00707,10.05517],[-3.00405,10.05377],[-3.00301,10.05391],[-3.00205,10.05448],[-3.00109,10.05556],[-3.00017,10.05524],[-3.00024,10.0543],[-2.99684,10.05459],[-2.99662,10.05499],[-2.99671,10.05565],[-2.99548,10.05556],[-2.99514,10.05477],[-2.99405,10.05427],[-2.99082,10.05369],[-2.98993,10.05471],[-2.98871,10.05486],[-2.98779,10.05575],[-2.98597,10.0541],[-2.98547,10.05428],[-2.98552,10.05518],[-2.98581,10.05578],[-2.98545,10.05632],[-2.98394,10.05537],[-2.98212,10.0562],[-2.98118,10.05551],[-2.98078,10.05431],[-2.98078,10.05385],[-2.97994,10.05326],[-2.97892,10.05341],[-2.97779,10.05423],[-2.97529,10.05055],[-2.97516,10.04755],[-2.97353,10.04583],[-2.97194,10.04469],[-2.97021,10.04431],[-2.96938,10.04376],[-2.96785,10.04353],[-2.96639,10.04267],[-2.96459,10.04216],[-2.96421,10.04139],[-2.96297,10.04191],[-2.9624,10.04199],[-2.96111,10.04129],[-2.96054,10.04058],[-2.96061,10.03996],[-2.9599,10.03997],[-2.9592,10.04041],[-2.95825,10.04063],[-2.95716,10.04039],[-2.95586,10.03844],[-2.95464,10.03694],[-2.95417,10.03755],[-2.9544,10.03863],[-2.95396,10.0393],[-2.9534,10.0395],[-2.95255,10.03924],[-2.95184,10.03881],[-2.951,10.03896],[-2.94992,10.03883],[-2.94953,10.03823],[-2.94952,10.03772],[-2.9501,10.03738],[-2.95018,10.03641],[-2.94955,10.03618],[-2.94831,10.03642],[-2.94801,10.03588],[-2.94833,10.03536],[-2.94838,10.03463],[-2.94764,10.03459],[-2.94715,10.03409],[-2.94706,10.03334],[-2.94782,10.03305],[-2.94798,10.03204],[-2.94856,10.03089],[-2.94928,10.03014],[-2.94926,10.02896],[-2.94897,10.02769],[-2.94938,10.02578],[-2.9492,10.0248],[-2.94856,10.02405],[-2.94776,10.02373],[-2.94725,10.02313],[-2.94555,10.02279],[-2.9449,10.02298],[-2.9441,10.02264],[-2.94308,10.02292],[-2.94222,10.02291],[-2.93903,10.02137],[-2.93532,10.02118],[-2.93368,10.02148],[-2.93305,10.02226],[-2.93268,10.02241],[-2.93205,10.02313],[-2.93114,10.02358],[-2.92966,10.02368],[-2.9286,10.02503],[-2.92824,10.0251],[-2.92827,10.02487],[-2.9277,10.02487],[-2.92717,10.02519],[-2.92631,10.02534],[-2.92324,10.02737],[-2.92283,10.02776],[-2.92296,10.02843],[-2.92267,10.02896],[-2.9218,10.02981],[-2.92008,10.03039],[-2.91954,10.03027],[-2.91748,10.02652],[-2.91722,10.02469],[-2.9187,10.02309],[-2.91826,10.02185],[-2.91889,10.02064],[-2.91957,10.01998],[-2.9207,10.01983],[-2.92373,10.02063],[-2.92477,10.02027],[-2.92742,10.0201],[-2.92785,10.01975],[-2.92805,10.01908],[-2.92792,10.01776],[-2.92762,10.01661],[-2.92699,10.01549],[-2.92666,10.01355],[-2.92513,10.01086],[-2.92501,10.00967],[-2.92402,10.00938],[-2.92285,10.00944],[-2.9229,10.01025],[-2.92175,10.01012],[-2.92123,10.00945],[-2.9215,10.00848],[-2.92108,10.00808],[-2.92051,10.00804],[-2.92033,10.00835],[-2.92,10.00852],[-2.91963,10.00838],[-2.91977,10.00676],[-2.92042,10.00595],[-2.92123,10.00613],[-2.92285,10.00592],[-2.92571,10.00399],[-2.92536,10.00339],[-2.92413,10.00303],[-2.92354,10.00237],[-2.92337,9.99869],[-2.92368,9.9978],[-2.925,9.99654],[-2.92518,9.99541],[-2.92434,9.995],[-2.92411,9.99412],[-2.92451,9.99366],[-2.92611,9.9942],[-2.92619,9.99355],[-2.92578,9.99283]]},"properties":{"name":"Poni","type":"River","flow_regime":"perennial","label":"Poni"}},{"type":"Feature","geometry":{"type":"LineString","coordinates":[[-3.17415,10.39912],[-3.17353,10.39828],[-3.17232,10.39853],[-3.17198,10.39821],[-3.17197,10.39787],[-3.17214,10.39709],[-3.17291,10.39587],[-3.17319,10.39444],[-3.17303,10.39365],[-3.17335,10.39286],[-3.17446,10.39218],[-3.17489,10.39222],[-3.17525,10.39162]]},"properties":{"name":"Poni","type":"River","flow_regime":"perennial","label":"Poni"}},{"type":"Feature","geometry":{"type":"LineString","coordinates":[[-3.18411,10.88728],[-3.18516,10.88675],[-3.18569,10.88584],[-3.18725,10.88471],[-3.18829,10.88236],[-3.1887,10.88187],[-3.18939,10.88149],[-3.19084,10.88121],[-3.19134,10.88075],[-3.19177,10.87976],[-3.1917,10.87722],[-3.19129,10.87613],[-3.19004,10.87514],[-3.18806,10.87463],[-3.18761,10.8742],[-3.18757,10.87369],[-3.18775,10.87304],[-3.18847,10.87245],[-3.18877,10.87193],[-3.18874,10.87122],[-3.18825,10.87086],[-3.18716,10.87068],[-3.18562,10.86953],[-3.18435,10.86935],[-3.18374,10.86907],[-3.1829,10.86785],[-3.18289,10.86689],[-3.18217,10.86551],[-3.18226,10.86408],[-3.18186,10.86356],[-3.18143,10.86347],[-3.18083,10.86375],[-3.18045,10.86444],[-3.18023,10.86558],[-3.17928,10.86657],[-3.17884,10.86674],[-3.1781,10.8666],[-3.17771,10.86394],[-3.17731,10.86286],[-3.17693,10.86238],[-3.17616,10.8621],[-3.17468,10.86021],[-3.17393,10.85884],[-3.17395,10.85838],[-3.17429,10.85775],[-3.17472,10.85748],[-3.1759,10.85723],[-3.17618,10.85697],[-3.17622,10.85648],[-3.17566,10.8558],[-3.17422,10.85523],[-3.17295,10.8557],[-3.17229,10.85658],[-3.17199,10.85823],[-3.17157,10.85863],[-3.16985,10.85787],[-3.1693,10.85722],[-3.16882,10.85611],[-3.16849,10.85588],[-3.1675,10.85638],[-3.16642,10.85735]]},"properties":{"name":"Bougouriba","type":"River","flow_regime":"perennial","label":"Bougouriba"}},{"type":"Feature","geometry":{"type":"LineString","coordinates":[[-3.02413,10.73302],[-3.02427,10.73369],[-3.02368,10.73414],[-3.02377,10.73534],[-3.02327,10.73664],[-3.02226,10.73788],[-3.01997,10.73918],[-3.01875,10.74058],[-3.01842,10.74231],[-3.01834,10.74442],[-3.01556,10.74901],[-3.01479,10.75071],[-3.01405,10.75187],[-3.01223,10.75321],[-3.0094,10.75453],[-3.0087,10.75507],[-3.00791,10.75623],[-3.00796,10.75843],[-3.00726,10.76015],[-3.00622,10.76057],[-3.00509,10.76158],[-3.00403,10.76299],[-3.00259,10.76434],[-3.00138,10.76591],[-2.99937,10.76803],[-2.99692,10.76953],[-2.99646,10.76974],[-2.99594,10.76974],[-2.99566,10.76951],[-2.99552,10.76887],[-2.99528,10.76855],[-2.9941,10.76813],[-2.99373,10.76782],[-2.99339,10.76729],[-2.99276,10.76551],[-2.99108,10.76329],[-2.98897,10.76139],[-2.98817,10.76095],[-2.98711,10.76068],[-2.98683,10.76036],[-2.98654,10.75954],[-2.98643,10.75805],[-2.98674,10.75606],[-2.98779,10.75409],[-2.98796,10.75147],[-2.98927,10.74893],[-2.98963,10.74777],[-2.98955,10.74664],[-2.9889,10.74604],[-2.98724,10.74511],[-2.98654,10.74514],[-2.98506,10.74624],[-2.98343,10.74681],[-2.98214,10.74695],[-2.9801,10.74835],[-2.97879,10.74884],[-2.9778,10.7491],[-2.97578,10.74901],[-2.97399,10.74947],[-2.97246,10.74952],[-2.96862,10.75013],[-2.96833,10.7499],[-2.9681,10.74938],[-2.9674,10.74875],[-2.96579,10.74796],[-2.96497,10.74734],[-2.96339,10.74687],[-2.96216,10.74707],[-2.96135,10.74683],[-2.96088,10.74596],[-2.96025,10.74543],[-2.95823,10.74433],[-2.95652,10.74366],[-2.95499,10.7415],[-2.95437,10.74014],[-2.95446,10.7395],[-2.95676,10.73502],[-2.95722,10.73473],[-2.9607,10.73428],[-2.96215,10.73351],[-2.96308,10.73231],[-2.96482,10.73091],[-2.96536,10.73004],[-2.96604,10.72836],[-2.96591,10.72763],[-2.96556,10.7273],[-2.96216,10.7264],[-2.96106,10.72593],[-2.96076,10.72556],[-2.96069,10.72456],[-2.9601,10.72195],[-2.96012,10.72006],[-2.9599,10.71905],[-2.96025,10.71565],[-2.95972,10.71383],[-2.9596,10.71252],[-2.95905,10.7115],[-2.95798,10.70791],[-2.9576,10.70725],[-2.95673,10.70677],[-2.95401,10.70594],[-2.95209,10.70617],[-2.94809,10.70701],[-2.94384,10.70636],[-2.94167,10.70627],[-2.94038,10.70669],[-2.93883,10.70758],[-2.93835,10.7077]]},"properties":{"name":"Bougouriba","type":"River","flow_regime":"perennial","label":"Bougouriba"}},{"type":"Feature","geometry":{"type":"LineString","coordinates":[[-3.16849,10.85588],[-3.16744,10.85587],[-3.16668,10.85626],[-3.16642,10.85735],[-3.16643,10.85827],[-3.16693,10.85931],[-3.16679,10.8597],[-3.16655,10.85984],[-3.16471,10.85964],[-3.16444,10.85938],[-3.16394,10.85823],[-3.16361,10.85804],[-3.16268,10.85825],[-3.16245,10.85861],[-3.16241,10.85934],[-3.16303,10.86081],[-3.16294,10.86129],[-3.16265,10.86139],[-3.15926,10.86044],[-3.15881,10.85973],[-3.15781,10.85875],[-3.15719,10.85749],[-3.15686,10.85618],[-3.15297,10.85545],[-3.15256,10.85503],[-3.15271,10.85469],[-3.15349,10.85406],[-3.15372,10.8537],[-3.15498,10.84934],[-3.15551,10.84841],[-3.15611,10.84799],[-3.15676,10.8481],[-3.15797,10.84778],[-3.16009,10.84774],[-3.16035,10.84744],[-3.16085,10.84602],[-3.16095,10.84417],[-3.16112,10.84366],[-3.16156,10.84337],[-3.16229,10.84325],[-3.16272,10.84269],[-3.16244,10.84073],[-3.16301,10.83923],[-3.16291,10.83814],[-3.16328,10.83457],[-3.16392,10.8319],[-3.16286,10.83064],[-3.16282,10.83031],[-3.16308,10.82983],[-3.1637,10.82934],[-3.16435,10.82916],[-3.16524,10.82916],[-3.16661,10.82955],[-3.16713,10.82987],[-3.1676,10.83052],[-3.16857,10.83265],[-3.1693,10.83311],[-3.17024,10.83315],[-3.17159,10.83238],[-3.17319,10.83019],[-3.17339,10.82958],[-3.17324,10.82924],[-3.17259,10.82881],[-3.17118,10.82889],[-3.17082,10.82876],[-3.1706,10.82811],[-3.17069,10.82755],[-3.17113,10.82701],[-3.1721,10.82655],[-3.17232,10.82554],[-3.17392,10.82401],[-3.17612,10.82105],[-3.17644,10.82034],[-3.17638,10.81975],[-3.17595,10.81907],[-3.17538,10.81876],[-3.17403,10.81868],[-3.17346,10.81843],[-3.17312,10.81773],[-3.17276,10.81537],[-3.17219,10.81365],[-3.1716,10.81247],[-3.17035,10.81079],[-3.16954,10.81002],[-3.16795,10.80982],[-3.16764,10.80936],[-3.16802,10.80839],[-3.1698,10.80651],[-3.17174,10.80574],[-3.17322,10.80547],[-3.17361,10.80558],[-3.17392,10.80628],[-3.17445,10.8063],[-3.1749,10.80591],[-3.17569,10.80474],[-3.17567,10.80403],[-3.17531,10.80324],[-3.17549,10.80139],[-3.17539,10.80083],[-3.17412,10.79948],[-3.1737,10.79706],[-3.17273,10.79662],[-3.17231,10.79516],[-3.17191,10.79463],[-3.17122,10.79428],[-3.16993,10.79405],[-3.16921,10.79444],[-3.1688,10.7944],[-3.16704,10.79302],[-3.16661,10.79294],[-3.16388,10.79371],[-3.16261,10.79362],[-3.16158,10.79386],[-3.16073,10.79417],[-3.16026,10.7945],[-3.15879,10.79461],[-3.15842,10.7948],[-3.15818,10.79544],[-3.15791,10.79562],[-3.15668,10.79567],[-3.15333,10.79658],[-3.1528,10.7969],[-3.15254,10.79744],[-3.15254,10.79814],[-3.15351,10.80179],[-3.15477,10.80329],[-3.15504,10.80404],[-3.15574,10.80517],[-3.15591,10.80568],[-3.15592,10.80722],[-3.15665,10.80861],[-3.15649,10.81055],[-3.15554,10.8127],[-3.15554,10.8138],[-3.15431,10.81553],[-3.15282,10.81691],[-3.15064,10.81864],[-3.14821,10.8202],[-3.14631,10.82166],[-3.14557,10.82192],[-3.14424,10.82172],[-3.1437,10.82187],[-3.14282,10.82237],[-3.14198,10.82351],[-3.14075,10.82407],[-3.13869,10.82437],[-3.13761,10.8241],[-3.1365,10.82302],[-3.13447,10.82158],[-3.13229,10.8192],[-3.13007,10.8177],[-3.1289,10.81715],[-3.12542,10.81637],[-3.1244,10.8157],[-3.12364,10.81492],[-3.1231,10.81409],[-3.12291,10.8132],[-3.1234,10.81237],[-3.12357,10.81164],[-3.12346,10.81112],[-3.12289,10.81027],[-3.12054,10.80898],[-3.11998,10.80884],[-3.11814,10.80919],[-3.11734,10.80904],[-3.11592,10.80804],[-3.11556,10.80683],[-3.11476,10.8065],[-3.1143,10.80649],[-3.11275,10.80703],[-3.11175,10.80693],[-3.11078,10.80622],[-3.1093,10.80563],[-3.10747,10.80418],[-3.10681,10.80396],[-3.10602,10.80303],[-3.10546,10.80267],[-3.10307,10.8017],[-3.10176,10.80211],[-3.09993,10.80179],[-3.09952,10.80185],[-3.0972,10.80393],[-3.09586,10.80446],[-3.09516,10.80448],[-3.09456,10.80474],[-3.09232,10.80679],[-3.08986,10.80832],[-3.08745,10.81134],[-3.08671,10.81188],[-3.0845,10.81285],[-3.08423,10.81328],[-3.0839,10.81478],[-3.08345,10.81544],[-3.08205,10.81626],[-3.08039,10.81656],[-3.07958,10.81707],[-3.07806,10.81848],[-3.07735,10.81863],[-3.07613,10.81712],[-3.07544,10.81552],[-3.0753,10.81447],[-3.07564,10.8127],[-3.07596,10.81205],[-3.07676,10.81159],[-3.07691,10.81078],[-3.07792,10.80957],[-3.08062,10.80511],[-3.08165,10.80246],[-3.08298,10.80066],[-3.08291,10.80002],[-3.08121,10.79896],[-3.0804,10.79883],[-3.07818,10.79918],[-3.07591,10.79979],[-3.07382,10.79991],[-3.07246,10.79981],[-3.07185,10.79966],[-3.0709,10.79912],[-3.06911,10.79848],[-3.06609,10.7971],[-3.06544,10.79723],[-3.06416,10.79795],[-3.06319,10.79805],[-3.06218,10.79777],[-3.05817,10.79578],[-3.05772,10.79547],[-3.05756,10.79503],[-3.05862,10.79169],[-3.05928,10.79076],[-3.06403,10.78776],[-3.06679,10.78649],[-3.06748,10.786],[-3.0697,10.78413],[-3.07249,10.78039],[-3.073,10.7793],[-3.07349,10.77731],[-3.07335,10.77538],[-3.07344,10.77453],[-3.07443,10.77179],[-3.0748,10.76964],[-3.07474,10.76868],[-3.07435,10.76742],[-3.07363,10.766],[-3.07208,10.76435],[-3.06925,10.76065],[-3.0686,10.76008],[-3.06782,10.75972],[-3.06676,10.75977],[-3.06605,10.76023],[-3.06296,10.76153],[-3.06185,10.76184],[-3.05765,10.762],[-3.05629,10.76181],[-3.05472,10.76121],[-3.05372,10.7612],[-3.05232,10.76177],[-3.05058,10.76313],[-3.04991,10.76335],[-3.04815,10.7634],[-3.04753,10.76366],[-3.04202,10.76943],[-3.04078,10.77048],[-3.04032,10.77058],[-3.03989,10.77044],[-3.03908,10.76942],[-3.03813,10.76858],[-3.03798,10.76819],[-3.03829,10.76593],[-3.03867,10.76456],[-3.03871,10.76359],[-3.03673,10.75546],[-3.03552,10.75309],[-3.03517,10.75185],[-3.03557,10.74754],[-3.03754,10.74365],[-3.03753,10.74083],[-3.03728,10.73974],[-3.03668,10.73862],[-3.0358,10.73776],[-3.03234,10.73583],[-3.03089,10.73588],[-3.02899,10.73538],[-3.02803,10.73413],[-3.02519,10.73296],[-3.02424,10.73288],[-3.0239,10.73341],[-3.02364,10.73428]]},"properties":{"name":"Bougouriba","type":"River","flow_regime":"perennial","label":"Bougouriba"}},{"type":"Feature","geometry":{"type":"LineString","coordinates":[[-3.16643,10.94555],[-3.16847,10.9447],[-3.17001,10.94443],[-3.17038,10.94393],[-3.17032,10.9424],[-3.17006,10.94173],[-3.16768,10.93746],[-3.16683,10.93657],[-3.16439,10.93495],[-3.16365,10.93226],[-3.16276,10.93099],[-3.16152,10.9299],[-3.15964,10.92873],[-3.15826,10.92704],[-3.1554,10.92452],[-3.15446,10.92406],[-3.15392,10.92401],[-3.15333,10.92439],[-3.15266,10.92602],[-3.15179,10.92598],[-3.15133,10.92565],[-3.15108,10.92491],[-3.15153,10.92299],[-3.15109,10.92159],[-3.14856,10.92012],[-3.14767,10.91917],[-3.14549,10.91843],[-3.14522,10.91817],[-3.14471,10.91687],[-3.14366,10.91572],[-3.1433,10.91512],[-3.14288,10.91345],[-3.14242,10.9125],[-3.1421,10.91133],[-3.14214,10.90945],[-3.14122,10.90733],[-3.14095,10.90708],[-3.14005,10.90687],[-3.13924,10.90641],[-3.13888,10.90576],[-3.13853,10.90444],[-3.13792,10.90366],[-3.13529,10.90226],[-3.13518,10.90164],[-3.13541,10.90066],[-3.1369,10.89758],[-3.13854,10.89565],[-3.14034,10.89199],[-3.14278,10.89031],[-3.14407,10.88967],[-3.14434,10.88924],[-3.14473,10.88898],[-3.1464,10.88878],[-3.14778,10.88828],[-3.14896,10.88813],[-3.15093,10.88837],[-3.15154,10.88863],[-3.15251,10.88945],[-3.15482,10.89171],[-3.15656,10.89463],[-3.15764,10.89585],[-3.15882,10.89757],[-3.16006,10.89865],[-3.16177,10.89937],[-3.1631,10.90157],[-3.16411,10.90184],[-3.16836,10.90118],[-3.16971,10.90076],[-3.17036,10.90031],[-3.17201,10.8982],[-3.17266,10.89674],[-3.17326,10.89606],[-3.17745,10.89494],[-3.17919,10.89411],[-3.18194,10.89234],[-3.18323,10.89071],[-3.18513,10.88967],[-3.18537,10.88922],[-3.18537,10.88882],[-3.18419,10.88785],[-3.18411,10.88728],[-3.1847,10.88642],[-3.18551,10.88567],[-3.18625,10.88517],[-3.18697,10.88499]]},"properties":{"name":"Bougouriba","type":"River","flow_regime":"perennial","label":"Bougouriba"}},{"type":"Feature","geometry":{"type":"LineString","coordinates":[[-0.4288,11.19382],[-0.42779,11.19385],[-0.4272,11.19368],[-0.42498,11.19207],[-0.42414,11.19183],[-0.42388,11.19073],[-0.42358,11.19044],[-0.42168,11.19004],[-0.41963,11.18779]]},"properties":{"name":"Nakemb\u00e9","type":"River","flow_regime":"perennial","label":"Nakemb\u00e9"}},{"type":"Feature","geometry":{"type":"LineString","coordinates":[[-0.55677,11.46416],[-0.55498,11.46191],[-0.55294,11.46102],[-0.55137,11.46155],[-0.54912,11.46327],[-0.54692,11.46417],[-0.5442,11.46441],[-0.54352,11.46415],[-0.54299,11.46363]]},"properties":{"name":"Nakemb\u00e9","type":"River","flow_regime":"perennial","label":"Nakemb\u00e9"}},{"type":"Feature","geometry":{"type":"LineString","coordinates":[[-0.77136,11.585],[-0.77238,11.58349],[-0.7723,11.57652],[-0.76875,11.57217],[-0.76568,11.57097],[-0.76311,11.56881],[-0.76012,11.56757],[-0.75215,11.56229],[-0.75142,11.5614],[-0.74833,11.56002],[-0.74644,11.55814],[-0.74395,11.55496],[-0.73859,11.54984],[-0.7376,11.54865],[-0.73757,11.54645],[-0.73602,11.54536],[-0.73409,11.54517],[-0.73237,11.5445],[-0.7297,11.54498],[-0.72734,11.54562],[-0.72528,11.54569],[-0.72351,11.54542],[-0.72125,11.5427],[-0.69783,11.53872]]},"properties":{"name":"Nakemb\u00e9","type":"River","flow_regime":"perennial","label":"Nakemb\u00e9"}},{"type":"Feature","geometry":{"type":"LineString","coordinates":[[-0.56086,11.47347],[-0.55861,11.46702],[-0.5569,11.46432]]},"properties":{"name":"Nakemb\u00e9","type":"River","flow_regime":"perennial","label":"Nakemb\u00e9"}},{"type":"Feature","geometry":{"type":"LineString","coordinates":[[-0.6749,11.54614],[-0.67095,11.54556],[-0.66479,11.54215],[-0.65585,11.53675],[-0.64986,11.52955],[-0.64923,11.52775],[-0.64752,11.52628],[-0.64546,11.52539],[-0.64314,11.52483],[-0.63848,11.52144],[-0.6358,11.52013],[-0.63382,11.5197],[-0.63054,11.51947],[-0.62822,11.51894],[-0.62608,11.51793],[-0.62383,11.51525],[-0.62203,11.51274],[-0.61893,11.50957],[-0.61628,11.50822],[-0.6132,11.50795],[-0.60977,11.50554],[-0.60755,11.5049],[-0.6038,11.50442],[-0.60284,11.50416],[-0.6002,11.50201],[-0.59605,11.50224],[-0.59421,11.50085],[-0.59308,11.49867],[-0.59268,11.49606],[-0.59304,11.49406],[-0.5875,11.49353],[-0.58346,11.49246],[-0.58154,11.49094],[-0.57616,11.48796],[-0.57379,11.48646],[-0.57216,11.48505],[-0.57104,11.48379],[-0.56637,11.48266],[-0.56284,11.4843],[-0.55948,11.48494],[-0.55878,11.4839],[-0.55873,11.48076],[-0.55826,11.47986],[-0.56019,11.47546],[-0.56086,11.47347]]},"properties":{"name":"Nakemb\u00e9","type":"River","flow_regime":"perennial","label":"Nakemb\u00e9"}},{"type":"Feature","geometry":{"type":"LineString","coordinates":[[-0.69783,11.53872],[-0.69163,11.53882],[-0.68516,11.54013],[-0.6793,11.54242],[-0.6749,11.54614]]},"properties":{"name":"Nakemb\u00e9","type":"River","flow_regime":"perennial","label":"Nakemb\u00e9"}},{"type":"Feature","geometry":{"type":"LineString","coordinates":[[-3.97888,11.94121],[-3.97964,11.94096],[-3.98061,11.94144],[-3.98196,11.94104],[-3.98352,11.94099],[-3.98579,11.94164],[-3.9868,11.94175],[-3.98738,11.94211],[-3.98997,11.94484],[-3.99029,11.94546],[-3.98999,11.94761],[-3.9895,11.94908],[-3.98932,11.95034],[-3.98901,11.95061],[-3.98835,11.95064],[-3.98659,11.95005],[-3.98614,11.94961],[-3.98556,11.94821],[-3.98486,11.94762],[-3.98431,11.94755],[-3.98322,11.94869],[-3.98148,11.95003],[-3.98066,11.95136],[-3.98018,11.95177],[-3.97724,11.95279],[-3.97547,11.95429],[-3.97501,11.95444],[-3.97301,11.95225],[-3.97204,11.95048],[-3.97055,11.95021],[-3.96901,11.94859],[-3.96861,11.9472],[-3.96818,11.94703],[-3.96777,11.94709]]},"properties":{"name":"Le Mouhoun (ancien bras mort)","type":"River","flow_regime":"perennial","label":"Le Mouhoun (ancien bras mort)"}},{"type":"Feature","geometry":{"type":"LineString","coordinates":[[-1.54311,11.09311],[-1.54065,11.0921],[-1.53986,11.09152],[-1.53878,11.09101],[-1.53779,11.09067],[-1.53682,11.09067],[-1.5365,11.0903],[-1.53679,11.08994],[-1.53678,11.08945],[-1.53628,11.08887],[-1.53599,11.08877],[-1.53536,11.08904],[-1.53356,11.08937],[-1.53322,11.08986],[-1.53247,11.09035],[-1.53137,11.09003],[-1.53055,11.0889],[-1.53022,11.08872],[-1.53021,11.08841],[-1.52997,11.08822],[-1.5296,11.08825],[-1.52952,11.08851],[-1.52889,11.0885],[-1.52835,11.08887],[-1.52875,11.08952],[-1.52818,11.08999],[-1.52778,11.08993],[-1.52691,11.08936],[-1.52547,11.08914],[-1.52533,11.08943],[-1.52212,11.09025],[-1.52181,11.09073],[-1.5212,11.09124],[-1.52107,11.09158],[-1.52136,11.09227],[-1.52117,11.09307],[-1.52134,11.09376],[-1.52104,11.09416],[-1.51993,11.09407],[-1.51934,11.09417],[-1.51868,11.09452],[-1.51799,11.09433],[-1.51789,11.09451],[-1.51804,11.0948],[-1.51764,11.09535],[-1.5172,11.09553],[-1.51666,11.09502],[-1.51603,11.09512],[-1.51545,11.09486],[-1.51519,11.09514],[-1.51516,11.09585],[-1.51414,11.09666],[-1.51337,11.09684],[-1.51275,11.09631],[-1.51229,11.09629],[-1.51046,11.09741],[-1.50867,11.0977],[-1.50793,11.0974],[-1.50479,11.09477],[-1.50466,11.0944],[-1.50474,11.09379],[-1.50441,11.09317],[-1.50458,11.09292],[-1.5045,11.09255],[-1.50485,11.09218],[-1.50455,11.09131],[-1.50463,11.09089],[-1.50389,11.09083],[-1.50352,11.09021],[-1.50218,11.0894],[-1.50167,11.0894],[-1.50156,11.08884],[-1.50125,11.08858],[-1.50087,11.08867],[-1.50061,11.089],[-1.49911,11.08895],[-1.49794,11.08868],[-1.49753,11.08912],[-1.49711,11.09126],[-1.49683,11.09168],[-1.49495,11.09197],[-1.494,11.0924],[-1.49337,11.093],[-1.49266,11.09303],[-1.49157,11.09363],[-1.49121,11.09371],[-1.49087,11.09357],[-1.49054,11.09317],[-1.49,11.09328],[-1.4889,11.09396],[-1.48903,11.09445],[-1.48893,11.09463],[-1.48782,11.095],[-1.48744,11.09495],[-1.48718,11.09474],[-1.48688,11.09475],[-1.48647,11.09512],[-1.48572,11.09502],[-1.48435,11.0944],[-1.48401,11.09386],[-1.48336,11.09405],[-1.48276,11.09459],[-1.48079,11.09382],[-1.48022,11.09391],[-1.47968,11.09457],[-1.47933,11.09461],[-1.47922,11.0941],[-1.47893,11.09395],[-1.4781,11.09444],[-1.47735,11.09385],[-1.47682,11.09381],[-1.47606,11.09331],[-1.47616,11.09309],[-1.47564,11.09244],[-1.47572,11.09167],[-1.47503,11.09047],[-1.47449,11.09003],[-1.47485,11.08874],[-1.47499,11.08753],[-1.47536,11.08704],[-1.47565,11.08553],[-1.47588,11.08519],[-1.47673,11.08474],[-1.47852,11.08415],[-1.47805,11.08325],[-1.47896,11.08228],[-1.47934,11.08212],[-1.48013,11.08204],[-1.48065,11.0822],[-1.48105,11.08241],[-1.4815,11.08296],[-1.48181,11.08275],[-1.48177,11.0821],[-1.48206,11.08194],[-1.48329,11.08197],[-1.48465,11.08239],[-1.48533,11.08227],[-1.48559,11.08161],[-1.48554,11.08129],[-1.48521,11.08106],[-1.48463,11.081],[-1.48441,11.08065],[-1.48491,11.07958],[-1.48488,11.07878],[-1.4854,11.07794],[-1.48495,11.0757],[-1.48433,11.07473],[-1.48397,11.0744],[-1.4833,11.07415],[-1.48316,11.07363],[-1.48268,11.07321],[-1.481,11.07265],[-1.48052,11.07224],[-1.48017,11.07154],[-1.47889,11.07123],[-1.47764,11.07048],[-1.47709,11.06981],[-1.47665,11.06959],[-1.47558,11.06861],[-1.47528,11.06762],[-1.4748,11.06718],[-1.4743,11.06617],[-1.47352,11.06555],[-1.4725,11.06505],[-1.47138,11.06389],[-1.47124,11.06341],[-1.47078,11.06282],[-1.47037,11.06308],[-1.47006,11.06303],[-1.46904,11.06181],[-1.46819,11.06136],[-1.46769,11.06144],[-1.46762,11.06177],[-1.46709,11.06211],[-1.4666,11.06207],[-1.46544,11.05893],[-1.46524,11.0564],[-1.46472,11.05557],[-1.46436,11.05517],[-1.46369,11.05486],[-1.46283,11.05476],[-1.46247,11.0541],[-1.46144,11.05372],[-1.46082,11.05395],[-1.45989,11.05314],[-1.45911,11.05204],[-1.45772,11.05073],[-1.45719,11.04989],[-1.4569,11.04902],[-1.45609,11.04894],[-1.45567,11.0487],[-1.45561,11.04773],[-1.45356,11.04732],[-1.45246,11.04745],[-1.45157,11.04793],[-1.45035,11.04703],[-1.44987,11.04691],[-1.44918,11.04717],[-1.44788,11.04676],[-1.44757,11.04719],[-1.44674,11.04713],[-1.44639,11.04664],[-1.44616,11.04571],[-1.44519,11.0447],[-1.44475,11.0436],[-1.44255,11.04036],[-1.44166,11.04021],[-1.44084,11.03975],[-1.43936,11.04008],[-1.43879,11.04],[-1.4371,11.0405],[-1.43455,11.042],[-1.43234,11.04283],[-1.43152,11.04369],[-1.43087,11.0448],[-1.43038,11.04627],[-1.43048,11.04915],[-1.43018,11.05148],[-1.42967,11.05218],[-1.42838,11.05327],[-1.4275,11.05366],[-1.42712,11.05473],[-1.42691,11.05499],[-1.4262,11.05528],[-1.42565,11.05612],[-1.42542,11.05623],[-1.42315,11.05615],[-1.42287,11.05585],[-1.42261,11.05504],[-1.42194,11.05501],[-1.41986,11.05572],[-1.4195,11.05649],[-1.41918,11.05665],[-1.41812,11.056],[-1.4178,11.05537],[-1.41789,11.05499],[-1.41812,11.0548],[-1.41893,11.05475],[-1.41899,11.05434],[-1.41885,11.05402],[-1.4179,11.05353],[-1.41704,11.05332]]},"properties":{"name":"Sissili","type":"River","flow_regime":"perennial","label":"Sissili"}},{"type":"Feature","geometry":{"type":"LineString","coordinates":[[-0.41872,11.18617],[-0.4182,11.18557],[-0.4175,11.18414],[-0.41643,11.18305],[-0.41527,11.18262],[-0.4149,11.18225],[-0.41441,11.18048],[-0.41432,11.17942],[-0.41375,11.17876],[-0.41315,11.17858],[-0.41196,11.1791],[-0.41116,11.17873],[-0.41013,11.17882],[-0.40882,11.17813]]},"properties":{"name":"Nakemb\u00e9","type":"River","flow_regime":"perennial","label":"Nakemb\u00e9"}},{"type":"Feature","geometry":{"type":"LineString","coordinates":[[-3.24085,12.66649],[-3.24103,12.66585],[-3.245,12.66092],[-3.24586,12.65669],[-3.24822,12.64901],[-3.24933,12.64678],[-3.2498,12.64245],[-3.24919,12.63922],[-3.24907,12.63668],[-3.2498,12.63476],[-3.25415,12.62711],[-3.25442,12.62535],[-3.25377,12.62331],[-3.25066,12.61939],[-3.24847,12.61591],[-3.24827,12.61489],[-3.24825,12.61319],[-3.25135,12.59774],[-3.25102,12.59061],[-3.24971,12.58387],[-3.24845,12.57892],[-3.24829,12.56923],[-3.2479,12.56622],[-3.24397,12.55641],[-3.24236,12.55321],[-3.23905,12.54756],[-3.23678,12.54181],[-3.23653,12.53991],[-3.23669,12.53778],[-3.23758,12.53472],[-3.2411,12.5281],[-3.24411,12.52395],[-3.24483,12.52167],[-3.24514,12.51985],[-3.24457,12.51754],[-3.24268,12.51497],[-3.2405,12.51255],[-3.23852,12.51104],[-3.23408,12.51017],[-3.2312,12.51032],[-3.22722,12.51165],[-3.22486,12.51221],[-3.22235,12.5135],[-3.22082,12.51506],[-3.21831,12.51721],[-3.21418,12.5194],[-3.21157,12.52122],[-3.20856,12.52212],[-3.20588,12.52226],[-3.20238,12.52283],[-3.19653,12.52422],[-3.18948,12.52441],[-3.1865,12.52388],[-3.18279,12.52183],[-3.18048,12.51993],[-3.17983,12.51866],[-3.17976,12.5174],[-3.18006,12.5165],[-3.17985,12.51259],[-3.18007,12.51023],[-3.17835,12.50496],[-3.17694,12.50304],[-3.17533,12.50188],[-3.17326,12.50117],[-3.17122,12.50089],[-3.16227,12.50084],[-3.15953,12.50059],[-3.15728,12.49989],[-3.15474,12.49803],[-3.15307,12.49579],[-3.14958,12.4881],[-3.14784,12.48573],[-3.14578,12.48368],[-3.13748,12.47974],[-3.13485,12.47765],[-3.13322,12.47528],[-3.13236,12.46835],[-3.13238,12.46173],[-3.13262,12.45937],[-3.13255,12.45739],[-3.13197,12.45586],[-3.1309,12.45404],[-3.12967,12.45279],[-3.12156,12.44768],[-3.11841,12.4453],[-3.11387,12.44141],[-3.10681,12.43686],[-3.10504,12.4353],[-3.10358,12.43373],[-3.10232,12.43097],[-3.10063,12.42383],[-3.09805,12.41913],[-3.09678,12.41569],[-3.09566,12.41381],[-3.09169,12.41055],[-3.08841,12.40874],[-3.0802,12.40517],[-3.0736,12.40349],[-3.06788,12.40253],[-3.05691,12.40018],[-3.05489,12.39947],[-3.0521,12.39873],[-3.04932,12.39702],[-3.04764,12.39567],[-3.04605,12.39391],[-3.04509,12.39228],[-3.04406,12.38968],[-3.04258,12.38462],[-3.04107,12.38258],[-3.03885,12.3814],[-3.03575,12.37901],[-3.03147,12.37635],[-3.02991,12.37573],[-3.02883,12.37574],[-3.02802,12.37607],[-3.0269,12.37702],[-3.02645,12.37713],[-3.0229,12.37626],[-3.02228,12.37625],[-3.02047,12.37652],[-3.0185,12.37718],[-3.01673,12.37743],[-3.01563,12.37734],[-3.01252,12.37694],[-3.00181,12.37307],[-2.99996,12.37327],[-2.99431,12.37309],[-2.99153,12.37281],[-2.98769,12.37322],[-2.98326,12.37209],[-2.98156,12.37124],[-2.97787,12.36827],[-2.97602,12.36623],[-2.97529,12.36456],[-2.97507,12.363],[-2.97495,12.35965],[-2.97326,12.35593],[-2.97282,12.35383],[-2.97229,12.35221],[-2.97163,12.35069],[-2.96945,12.34776],[-2.96842,12.34605],[-2.96771,12.34442],[-2.96625,12.3423],[-2.96578,12.34208],[-2.96358,12.34163],[-2.96317,12.34187],[-2.96292,12.34324],[-2.96269,12.34341],[-2.9611,12.34318],[-2.95813,12.34324],[-2.95766,12.34344],[-2.95496,12.34651],[-2.95112,12.35203],[-2.94898,12.35472],[-2.94691,12.35715],[-2.94195,12.36199],[-2.94061,12.36312],[-2.93934,12.36374],[-2.93484,12.36501],[-2.93412,12.36549],[-2.93173,12.36812],[-2.9294,12.37106],[-2.92823,12.37183],[-2.92652,12.37233],[-2.9257,12.37275],[-2.92276,12.375]]},"properties":{"name":"Le Mouhoun","type":"River","flow_regime":"perennial","label":"Le Mouhoun"}},{"type":"Feature","geometry":{"type":"LineString","coordinates":[[-3.43972,12.74757],[-3.43847,12.7468],[-3.43724,12.74487],[-3.43642,12.74224],[-3.43591,12.7381],[-3.43503,12.73672],[-3.43323,12.73619],[-3.42703,12.73736],[-3.41867,12.73867],[-3.41628,12.73989],[-3.41182,12.74395],[-3.41095,12.74418],[-3.41076,12.74439],[-3.40969,12.74453],[-3.4069,12.74341],[-3.40473,12.74359],[-3.40118,12.74306],[-3.39905,12.74133],[-3.39713,12.73915],[-3.39663,12.73816],[-3.39549,12.73379],[-3.39563,12.73237],[-3.39599,12.73142],[-3.39678,12.7302],[-3.40094,12.72578],[-3.40348,12.72354],[-3.40435,12.72241],[-3.40443,12.72195],[-3.40418,12.72115],[-3.4028,12.7194],[-3.3996,12.71771],[-3.39629,12.71488],[-3.39534,12.71394],[-3.39353,12.71121],[-3.39168,12.70966],[-3.38986,12.7089],[-3.38897,12.70818],[-3.38844,12.70678],[-3.38838,12.7055],[-3.38623,12.69649],[-3.38637,12.69228],[-3.38551,12.68881],[-3.38516,12.68581],[-3.38384,12.68263],[-3.38144,12.67981],[-3.3782,12.67686],[-3.37597,12.67382],[-3.37252,12.67157],[-3.37064,12.66921],[-3.36759,12.66666],[-3.36534,12.66391],[-3.36223,12.66118],[-3.36067,12.65933],[-3.35982,12.65738],[-3.35976,12.65661],[-3.36008,12.65564],[-3.36454,12.64907],[-3.36557,12.6473],[-3.36658,12.64509],[-3.36807,12.64069],[-3.36961,12.63788],[-3.37013,12.63615],[-3.37112,12.63109],[-3.37104,12.62879],[-3.37019,12.62702],[-3.36814,12.62547],[-3.366,12.62435],[-3.36233,12.62204],[-3.35529,12.62063],[-3.35362,12.61969],[-3.35205,12.61854],[-3.35004,12.61776],[-3.34944,12.61769],[-3.3485,12.61808],[-3.34792,12.61798],[-3.34671,12.6181],[-3.34554,12.61867],[-3.34069,12.61927],[-3.33728,12.62075],[-3.33321,12.62364],[-3.32916,12.62878],[-3.32899,12.63013],[-3.32789,12.63224],[-3.326,12.6369],[-3.32556,12.63848],[-3.32514,12.64122],[-3.32447,12.64408],[-3.3242,12.64663],[-3.32274,12.65379],[-3.32233,12.65504],[-3.32118,12.65691],[-3.32042,12.65866],[-3.31958,12.66219],[-3.31867,12.66333],[-3.31659,12.66458],[-3.31524,12.6647],[-3.31395,12.66429],[-3.31231,12.66418],[-3.30926,12.66494],[-3.30777,12.66568],[-3.30676,12.66655],[-3.30531,12.66829],[-3.30394,12.67074],[-3.30223,12.67499],[-3.30122,12.67656],[-3.29946,12.67825],[-3.29738,12.6792],[-3.29454,12.67995],[-3.29169,12.68048],[-3.28892,12.68077],[-3.28431,12.68061],[-3.28159,12.68111],[-3.27606,12.68314],[-3.27399,12.68427],[-3.27252,12.68555],[-3.27034,12.68628],[-3.26807,12.6864],[-3.26252,12.68506],[-3.26022,12.68504],[-3.25797,12.68522],[-3.25373,12.68655],[-3.25246,12.68631],[-3.25173,12.6857],[-3.25128,12.68479],[-3.2514,12.68282],[-3.25088,12.68086],[-3.25004,12.67945],[-3.24796,12.67826],[-3.24641,12.67785],[-3.24605,12.67707],[-3.24565,12.67455],[-3.24441,12.67238],[-3.24283,12.67103],[-3.24087,12.66695],[-3.24085,12.66649]]},"properties":{"name":"Le Mouhoun","type":"River","flow_regime":"perennial","label":"Le Mouhoun"}},{"type":"Feature","geometry":{"type":"LineString","coordinates":[[-2.92276,12.375],[-2.92096,12.37522],[-2.9122,12.37371],[-2.90854,12.37432],[-2.90637,12.37511],[-2.90578,12.3755],[-2.90525,12.37618],[-2.90398,12.37834],[-2.90311,12.37936],[-2.90097,12.38084],[-2.89985,12.38197],[-2.89895,12.38324],[-2.89707,12.38689],[-2.89558,12.39082],[-2.89451,12.39273],[-2.89266,12.39406],[-2.89137,12.39431],[-2.8903,12.39446],[-2.88753,12.39438],[-2.88442,12.39358],[-2.88293,12.39268],[-2.87794,12.3888],[-2.87702,12.38834],[-2.87569,12.3881],[-2.87417,12.38826],[-2.87233,12.38896],[-2.87066,12.38995],[-2.86532,12.39446],[-2.86439,12.39467],[-2.86352,12.39459],[-2.86129,12.39407],[-2.85981,12.39391],[-2.85882,12.39358],[-2.85516,12.39128],[-2.85319,12.38963],[-2.85086,12.38805],[-2.84882,12.38707]]},"properties":{"name":"Le Mouhoun","type":"River","flow_regime":"perennial","label":"Le Mouhoun"}},{"type":"Feature","geometry":{"type":"LineString","coordinates":[[-3.47399,13.04272],[-3.47547,13.03321],[-3.47532,13.03051],[-3.47452,13.02788],[-3.47133,13.02178],[-3.47035,13.02071],[-3.46861,13.01968],[-3.46591,13.0184],[-3.46165,13.01675],[-3.45908,13.01539],[-3.45681,13.01351],[-3.45531,13.01189],[-3.45418,13.01004],[-3.45376,13.00844],[-3.45385,13.00668],[-3.45428,13.00522],[-3.45593,13.0018],[-3.45865,12.99454],[-3.4607,12.99096],[-3.46156,12.98926],[-3.46217,12.9876],[-3.46251,12.98518],[-3.46257,12.9832],[-3.4622,12.98149],[-3.46101,12.97876],[-3.46032,12.97674],[-3.46008,12.97489],[-3.46027,12.97349],[-3.46068,12.97231],[-3.46169,12.97073],[-3.4636,12.96847],[-3.46752,12.96326],[-3.46985,12.95767],[-3.47017,12.95625],[-3.47025,12.95496],[-3.47009,12.95362],[-3.46974,12.9524],[-3.46883,12.95037],[-3.46824,12.94842],[-3.46795,12.94654],[-3.46782,12.94334],[-3.46748,12.94114],[-3.46523,12.93416],[-3.46457,12.93055],[-3.4644,12.9241],[-3.46404,12.92172],[-3.46327,12.91988],[-3.46009,12.91664],[-3.45829,12.9144],[-3.45524,12.90925],[-3.4544,12.90676],[-3.45407,12.90363],[-3.45406,12.90055],[-3.45428,12.89719],[-3.4547,12.89385],[-3.45736,12.88585],[-3.45826,12.88252],[-3.45862,12.8789],[-3.4584,12.87741],[-3.45783,12.87592],[-3.45461,12.87068],[-3.45217,12.86603],[-3.45166,12.86404],[-3.45182,12.86203],[-3.45296,12.85797],[-3.45319,12.85649],[-3.45301,12.85331],[-3.45264,12.85167],[-3.45113,12.84762],[-3.44926,12.83826],[-3.44707,12.83007],[-3.447,12.82724],[-3.44719,12.82373],[-3.44767,12.82028],[-3.44939,12.81345],[-3.45001,12.8098],[-3.44982,12.80645],[-3.44869,12.80203],[-3.44789,12.80011],[-3.44693,12.79834],[-3.44345,12.79379],[-3.44226,12.79191],[-3.44137,12.79007],[-3.44086,12.78802],[-3.44073,12.78474],[-3.44004,12.78133],[-3.43814,12.77653],[-3.437,12.77058],[-3.43757,12.76688],[-3.43724,12.76665],[-3.43638,12.76726],[-3.43611,12.76702],[-3.43628,12.7629],[-3.43646,12.76246],[-3.43677,12.76228],[-3.43705,12.76233],[-3.43759,12.76362],[-3.43796,12.76386],[-3.43878,12.76382],[-3.43901,12.76359],[-3.43907,12.7632],[-3.43889,12.76246],[-3.43793,12.76027],[-3.43777,12.75931],[-3.43739,12.75866],[-3.43759,12.75746],[-3.4367,12.75647],[-3.43691,12.75512],[-3.43658,12.75345],[-3.43595,12.75203]]},"properties":{"name":"Le Sourou","type":"River","flow_regime":"perennial","label":"Le Sourou"}},{"type":"Feature","geometry":{"type":"LineString","coordinates":[[-3.89714,12.70349],[-3.8974,12.70208],[-3.89794,12.7006]]},"properties":{"name":"","type":"River","flow_regime":"perennial","label":"River"}},{"type":"Feature","geometry":{"type":"LineString","coordinates":[[-3.89794,12.7006],[-3.89902,12.6984],[-3.89908,12.69772],[-3.8988,12.69674],[-3.89886,12.69636],[-3.89913,12.69586],[-3.90007,12.69493],[-3.90172,12.68903],[-3.9022,12.6868]]},"properties":{"name":"","type":"River","flow_regime":"perennial","label":"River"}},{"type":"Feature","geometry":{"type":"LineString","coordinates":[[-0.79775,11.83037],[-0.7968,11.82997],[-0.79485,11.82968],[-0.79318,11.8285],[-0.79086,11.82836],[-0.79028,11.82791],[-0.78994,11.82718],[-0.79032,11.82552],[-0.79005,11.82485],[-0.7891,11.82394],[-0.78865,11.82226],[-0.78824,11.81909],[-0.7881,11.81875],[-0.78754,11.81827],[-0.78683,11.81789],[-0.78532,11.81787],[-0.78366,11.81707],[-0.78125,11.81628],[-0.78059,11.8163],[-0.7802,11.81659],[-0.7802,11.81684],[-0.78095,11.81882],[-0.78095,11.81928],[-0.77988,11.82081],[-0.77924,11.82102],[-0.77824,11.82094],[-0.77492,11.81957],[-0.77222,11.81804],[-0.76814,11.81514],[-0.76707,11.81476],[-0.7629,11.81466],[-0.76215,11.81424],[-0.7615,11.81206],[-0.76125,11.80966],[-0.76108,11.80918],[-0.76025,11.808],[-0.76018,11.80718],[-0.76035,11.80674],[-0.76091,11.8063],[-0.76322,11.80626],[-0.76397,11.80594],[-0.76582,11.80372],[-0.76617,11.80269],[-0.76614,11.80227],[-0.76576,11.80157],[-0.7644,11.80084],[-0.76341,11.80071],[-0.76166,11.80092],[-0.76145,11.8008],[-0.76119,11.80019],[-0.76097,11.79809],[-0.7606,11.79719],[-0.75847,11.79437],[-0.75846,11.79223],[-0.75782,11.7916],[-0.75612,11.79103],[-0.75525,11.7905],[-0.75442,11.7892],[-0.75391,11.78687],[-0.7534,11.78622],[-0.75178,11.78532],[-0.74971,11.78471],[-0.74935,11.78422],[-0.75029,11.78263],[-0.75202,11.78122],[-0.75226,11.78061],[-0.75211,11.78032],[-0.75143,11.78],[-0.75031,11.7799],[-0.7496,11.77944],[-0.74953,11.77916],[-0.7499,11.77872],[-0.75202,11.77805],[-0.75314,11.77713],[-0.75404,11.7741],[-0.75429,11.77353],[-0.75585,11.77164],[-0.756,11.77057],[-0.75578,11.76965],[-0.7555,11.76937],[-0.7548,11.76939],[-0.75392,11.76986],[-0.75281,11.77169],[-0.75217,11.77229],[-0.75087,11.77257],[-0.75018,11.77238],[-0.74872,11.77084],[-0.74795,11.77032],[-0.74769,11.76994],[-0.74769,11.76927],[-0.74787,11.76908],[-0.74831,11.76904],[-0.74965,11.76929],[-0.75061,11.76921],[-0.75206,11.76858],[-0.75229,11.76784],[-0.75207,11.76719],[-0.75181,11.76692],[-0.74969,11.7665],[-0.7491,11.76622],[-0.74882,11.76597],[-0.74872,11.76534]]},"properties":{"name":"Nakemb\u00e9","type":"River","flow_regime":"perennial","label":"Nakemb\u00e9"}},{"type":"Feature","geometry":{"type":"LineString","coordinates":[[-0.49147,11.4036],[-0.49102,11.40352],[-0.49053,11.40321],[-0.48898,11.40064],[-0.48498,11.39686],[-0.48448,11.39606],[-0.4841,11.39494],[-0.48363,11.39097],[-0.48378,11.38886],[-0.48418,11.38784],[-0.48483,11.38679],[-0.48576,11.38574],[-0.48583,11.38429],[-0.4856,11.38389],[-0.48412,11.38277],[-0.48195,11.37652],[-0.48207,11.37521],[-0.48314,11.37154],[-0.48404,11.37],[-0.48455,11.36969],[-0.48611,11.36928],[-0.4893,11.36444],[-0.49,11.36281],[-0.49035,11.36242],[-0.49399,11.36264],[-0.4955,11.36232],[-0.49729,11.36164],[-0.49789,11.36126],[-0.50157,11.35713],[-0.50435,11.35489],[-0.50522,11.35439],[-0.50719,11.35366],[-0.50795,11.35363],[-0.50888,11.35384],[-0.51116,11.35675],[-0.51186,11.35728],[-0.5125,11.35752],[-0.51563,11.3574],[-0.51744,11.35702],[-0.51894,11.35647],[-0.51983,11.35585],[-0.52689,11.34863],[-0.52854,11.34577],[-0.52879,11.34398],[-0.52828,11.34097],[-0.52697,11.33884],[-0.52633,11.33743],[-0.52529,11.33409],[-0.52519,11.33285],[-0.52571,11.32966],[-0.52545,11.32555],[-0.52491,11.32414],[-0.52403,11.32274],[-0.52134,11.32004]]},"properties":{"name":"Nakemb\u00e9","type":"River","flow_regime":"perennial","label":"Nakemb\u00e9"}},{"type":"Feature","geometry":{"type":"LineString","coordinates":[[-0.78476,11.67163],[-0.78451,11.66852],[-0.78322,11.6655],[-0.78039,11.66079],[-0.77712,11.65961],[-0.7724,11.65911],[-0.76948,11.65827],[-0.7688,11.65676],[-0.76854,11.65213],[-0.7676,11.65037],[-0.76116,11.64642],[-0.75764,11.64171],[-0.75507,11.63616],[-0.75034,11.63028],[-0.74931,11.62666],[-0.75017,11.62271],[-0.75137,11.61926],[-0.76408,11.60186],[-0.76811,11.59564],[-0.77051,11.58958],[-0.77136,11.585]]},"properties":{"name":"Nakemb\u00e9","type":"River","flow_regime":"perennial","label":"Nakemb\u00e9"}},{"type":"Feature","geometry":{"type":"LineString","coordinates":[[-0.52134,11.32004],[-0.52017,11.31914],[-0.51797,11.31709],[-0.51648,11.31556],[-0.51443,11.31295],[-0.51257,11.31177],[-0.5101,11.30992],[-0.50641,11.30778],[-0.50267,11.3073],[-0.50177,11.30693],[-0.50127,11.30621],[-0.50029,11.30247],[-0.49919,11.30061],[-0.49864,11.30018],[-0.49746,11.29994],[-0.49659,11.29907],[-0.49121,11.29584],[-0.4902,11.29473],[-0.48803,11.29313],[-0.48766,11.29173],[-0.48749,11.28869],[-0.48662,11.28448],[-0.48626,11.28345],[-0.48537,11.2818],[-0.4851,11.28034],[-0.48376,11.27759],[-0.48321,11.27421],[-0.48318,11.27331],[-0.48355,11.27188],[-0.48338,11.27105],[-0.48263,11.26917],[-0.48143,11.2676],[-0.48076,11.2672],[-0.47922,11.26765],[-0.47836,11.26727],[-0.47798,11.2669],[-0.4778,11.2661],[-0.47735,11.26521],[-0.47597,11.26349],[-0.47441,11.26188],[-0.47175,11.25981],[-0.46689,11.25721],[-0.46491,11.25653],[-0.45476,11.25197],[-0.45307,11.25092],[-0.45276,11.25005],[-0.45341,11.24848],[-0.45307,11.24667],[-0.45315,11.24556],[-0.45265,11.24394],[-0.45211,11.24288],[-0.45093,11.24189],[-0.44989,11.23972],[-0.44843,11.23798],[-0.44734,11.23725],[-0.44701,11.23674],[-0.44632,11.23395],[-0.44621,11.23176],[-0.44425,11.22873],[-0.44391,11.22782],[-0.44355,11.22526],[-0.44314,11.22429],[-0.44284,11.22399],[-0.44201,11.2237],[-0.43932,11.22406],[-0.43578,11.22265],[-0.43359,11.22136],[-0.43286,11.22046],[-0.43205,11.21863],[-0.43199,11.21699],[-0.43244,11.21612],[-0.43394,11.2144],[-0.43543,11.21033],[-0.43525,11.20875],[-0.43469,11.20679],[-0.4346,11.20558],[-0.43498,11.2033],[-0.4348,11.20149],[-0.43445,11.20048],[-0.43329,11.19876],[-0.43245,11.19602],[-0.43194,11.19503],[-0.4307,11.19408],[-0.42967,11.19375],[-0.4288,11.19382],[-0.42739,11.19433],[-0.42677,11.19426],[-0.41989,11.19056],[-0.41901,11.18981],[-0.41876,11.18929],[-0.41883,11.18892],[-0.41963,11.18779],[-0.41938,11.18692],[-0.41902,11.18636],[-0.41842,11.18608],[-0.41619,11.1857],[-0.4153,11.18518],[-0.41416,11.18481],[-0.41283,11.18495],[-0.41229,11.18475],[-0.41189,11.18382],[-0.41125,11.18319],[-0.4113,11.18215],[-0.40988,11.18095],[-0.40858,11.18051],[-0.40857,11.18018],[-0.40897,11.17931],[-0.40882,11.17813],[-0.40794,11.17793],[-0.40751,11.17738],[-0.4055,11.17585],[-0.40521,11.17515],[-0.40462,11.17459],[-0.40313,11.17352],[-0.40182,11.17225],[-0.39932,11.17096],[-0.39861,11.1707],[-0.39784,11.1707],[-0.3953,11.17213],[-0.39387,11.17257],[-0.39257,11.17263],[-0.39135,11.17228],[-0.38968,11.17127],[-0.38824,11.16962],[-0.38719,11.16933],[-0.38642,11.16931],[-0.38384,11.16959],[-0.38262,11.17002],[-0.38176,11.1707],[-0.38013,11.17268],[-0.37964,11.17302],[-0.37892,11.17308],[-0.37809,11.17256],[-0.37711,11.17085],[-0.37623,11.168],[-0.37618,11.16697],[-0.3766,11.16643],[-0.37806,11.16602],[-0.37858,11.16544],[-0.38086,11.16396],[-0.38214,11.16062],[-0.38222,11.16005],[-0.38204,11.15935],[-0.3813,11.15808],[-0.37946,11.15558],[-0.37774,11.15408],[-0.37706,11.15369],[-0.37612,11.15369],[-0.37448,11.15476],[-0.37382,11.155],[-0.37209,11.15477],[-0.37018,11.15496],[-0.36876,11.1544],[-0.36837,11.15383],[-0.36814,11.15287],[-0.36836,11.15089],[-0.36826,11.14846],[-0.36859,11.14749],[-0.36923,11.1471],[-0.37549,11.14588],[-0.37689,11.14535],[-0.37729,11.14484],[-0.37779,11.14333],[-0.37924,11.14083],[-0.37975,11.13911],[-0.3797,11.13864],[-0.37885,11.13728],[-0.37562,11.13489],[-0.3737,11.13323],[-0.37146,11.13063],[-0.37081,11.12953],[-0.37046,11.12834],[-0.37054,11.12683],[-0.37092,11.12618],[-0.37219,11.1249],[-0.37245,11.12395],[-0.37245,11.12326]]},"properties":{"name":"Nakemb\u00e9","type":"River","flow_regime":"perennial","label":"Nakemb\u00e9"}},{"type":"Feature","geometry":{"type":"LineString","coordinates":[[-0.74872,11.76534],[-0.7498,11.76162],[-0.74999,11.76124],[-0.75078,11.76078],[-0.75218,11.7604],[-0.75301,11.76053],[-0.75582,11.76255],[-0.75647,11.76265],[-0.75698,11.76238],[-0.75692,11.7604],[-0.75563,11.75627],[-0.75558,11.75435],[-0.75584,11.75379],[-0.75794,11.75202],[-0.75824,11.75146],[-0.75826,11.75106],[-0.75809,11.75026],[-0.75741,11.74914],[-0.7559,11.74559],[-0.75552,11.74286],[-0.75311,11.73986],[-0.75243,11.73734],[-0.75198,11.73646],[-0.75026,11.73503],[-0.75,11.73456],[-0.7499,11.73312],[-0.75005,11.7323],[-0.74949,11.73019],[-0.74975,11.7291],[-0.74972,11.72719],[-0.7499,11.72641],[-0.75041,11.72589],[-0.75266,11.72587],[-0.75408,11.72564],[-0.7547,11.72524],[-0.75466,11.72456],[-0.75352,11.72356],[-0.75264,11.72301],[-0.75067,11.72246],[-0.74895,11.72162],[-0.74749,11.72129],[-0.74358,11.71679],[-0.74308,11.71531],[-0.74368,11.7138],[-0.74521,11.71253],[-0.74957,11.71097],[-0.75052,11.71114],[-0.75163,11.71265],[-0.75335,11.71206],[-0.75395,11.71013],[-0.75292,11.70803],[-0.75112,11.70702],[-0.74837,11.70694],[-0.74803,11.7061],[-0.74889,11.70576],[-0.75223,11.70576],[-0.75283,11.70408],[-0.75163,11.70189],[-0.75,11.7],[-0.75043,11.69887],[-0.75103,11.69803],[-0.75249,11.6982],[-0.75584,11.69761],[-0.76004,11.69719],[-0.76245,11.69769],[-0.76854,11.70055],[-0.77094,11.70088],[-0.77292,11.70164],[-0.77352,11.7024],[-0.77687,11.705],[-0.77944,11.70492],[-0.78184,11.70282],[-0.78365,11.70173],[-0.78528,11.70198],[-0.78717,11.70273],[-0.78802,11.70231],[-0.78983,11.69912],[-0.79266,11.695],[-0.79369,11.6924],[-0.79292,11.68912],[-0.79197,11.6866],[-0.79214,11.68315],[-0.79008,11.67743],[-0.78476,11.67163]]},"properties":{"name":"Nakemb\u00e9","type":"River","flow_regime":"perennial","label":"Nakemb\u00e9"}},{"type":"Feature","geometry":{"type":"LineString","coordinates":[[-0.4548,12.96108],[-0.45396,12.96083],[-0.45333,12.96086],[-0.45205,12.96034],[-0.45073,12.9601],[-0.45043,12.9603],[-0.45044,12.96092],[-0.4483,12.96119],[-0.44666,12.96159],[-0.4458,12.96237],[-0.44536,12.96251],[-0.44379,12.96206],[-0.44341,12.96211],[-0.44281,12.96177],[-0.44159,12.96277],[-0.43986,12.96307],[-0.43802,12.96313],[-0.43725,12.96297],[-0.43538,12.96175],[-0.43488,12.96174],[-0.4347,12.96194],[-0.43439,12.96198],[-0.43427,12.96156],[-0.43344,12.96176],[-0.43386,12.96313],[-0.43381,12.96338],[-0.43361,12.96342],[-0.43347,12.96414],[-0.43429,12.96465],[-0.43513,12.96481],[-0.43515,12.96549],[-0.43502,12.96568],[-0.43518,12.96604],[-0.43484,12.96645],[-0.43524,12.9675],[-0.43487,12.96811],[-0.43506,12.96833],[-0.43465,12.96854],[-0.43438,12.96992],[-0.43397,12.9706],[-0.43252,12.97163],[-0.43176,12.97262],[-0.43141,12.9736],[-0.43148,12.97434],[-0.43025,12.9758],[-0.42991,12.97705],[-0.4295,12.97776],[-0.42874,12.97819],[-0.42867,12.97883],[-0.42787,12.97913],[-0.42775,12.97941],[-0.42642,12.97955],[-0.4261,12.97972],[-0.42702,12.98062],[-0.42685,12.98108],[-0.42714,12.98182],[-0.42791,12.98185],[-0.42832,12.98236],[-0.42705,12.98485],[-0.42616,12.98588],[-0.42569,12.98602],[-0.42512,12.98586],[-0.42469,12.98594],[-0.42467,12.9866],[-0.42449,12.98697],[-0.42416,12.9868],[-0.42367,12.98696],[-0.42299,12.98792],[-0.42301,12.98829],[-0.42346,12.98831],[-0.4239,12.98868],[-0.42396,12.98896],[-0.42341,12.98984],[-0.4236,12.99034],[-0.42253,12.99027],[-0.42094,12.99149],[-0.4203,12.99161],[-0.42002,12.99207],[-0.41991,12.99274],[-0.41961,12.99313],[-0.41986,12.99426],[-0.41933,12.99449],[-0.41961,12.99542],[-0.4193,12.99569],[-0.41917,12.99606],[-0.41923,12.99646],[-0.41888,12.99847],[-0.41952,12.99863],[-0.41956,12.99915],[-0.41858,13.00069],[-0.41893,13.00098],[-0.41862,13.00217],[-0.41832,13.00195],[-0.41815,13.00233],[-0.41902,13.00341],[-0.41872,13.00418],[-0.41772,13.00471],[-0.41739,13.0053],[-0.41777,13.00622],[-0.41703,13.00779],[-0.41737,13.00783],[-0.41752,13.00947],[-0.41804,13.01032],[-0.4181,13.01131],[-0.41848,13.01169],[-0.419,13.01299],[-0.41995,13.01358],[-0.4205,13.01521],[-0.41961,13.01576],[-0.41939,13.01657],[-0.41943,13.01721],[-0.41906,13.01803],[-0.41905,13.01865],[-0.41853,13.02012],[-0.41872,13.02039],[-0.41847,13.02078],[-0.4178,13.02109],[-0.41763,13.02174],[-0.41804,13.02221],[-0.41801,13.02275],[-0.41757,13.0237],[-0.41621,13.02403],[-0.41612,13.0245],[-0.41634,13.02509],[-0.41589,13.02578],[-0.41636,13.02655],[-0.41666,13.02628],[-0.41685,13.02637],[-0.41658,13.02755],[-0.41627,13.02799],[-0.41629,13.02833],[-0.41686,13.02838],[-0.41702,13.02759],[-0.41751,13.02778],[-0.41761,13.0281],[-0.41751,13.03008],[-0.41692,13.03029],[-0.41561,13.02999],[-0.41553,13.03141],[-0.41571,13.032],[-0.41606,13.03219],[-0.4159,13.03253],[-0.41475,13.03267],[-0.41465,13.03402],[-0.41391,13.03437],[-0.41359,13.0347],[-0.41443,13.036],[-0.4149,13.03611],[-0.41521,13.03649],[-0.41504,13.03723],[-0.41548,13.0377],[-0.41573,13.03834],[-0.41552,13.03913],[-0.41524,13.03933],[-0.41497,13.03918],[-0.41459,13.03937],[-0.41433,13.04001],[-0.41378,13.04052],[-0.4138,13.04143],[-0.41305,13.04158],[-0.41297,13.04184],[-0.41311,13.0427],[-0.41281,13.04296],[-0.41281,13.0434],[-0.41306,13.04439],[-0.41346,13.04467],[-0.4143,13.0449],[-0.4142,13.04521],[-0.41373,13.04617],[-0.41301,13.04638],[-0.4125,13.04677],[-0.41092,13.04695],[-0.40958,13.04765],[-0.40916,13.04885],[-0.40875,13.04964],[-0.40829,13.05013],[-0.40863,13.05095],[-0.40825,13.05261],[-0.40829,13.05325],[-0.40859,13.0537],[-0.4096,13.0544],[-0.41044,13.05443],[-0.41093,13.05475],[-0.41153,13.05479],[-0.41184,13.05505],[-0.4124,13.05502],[-0.41246,13.05515],[-0.41268,13.05622],[-0.41197,13.05679],[-0.41202,13.05726],[-0.41157,13.05777],[-0.41197,13.05793],[-0.41198,13.05836],[-0.41148,13.05911],[-0.41107,13.0589],[-0.41093,13.05948],[-0.41058,13.05974],[-0.40954,13.05972],[-0.40919,13.06007],[-0.40909,13.06035],[-0.4092,13.06107],[-0.40906,13.06152],[-0.40876,13.06145],[-0.40825,13.06093],[-0.40788,13.06154],[-0.40706,13.06158],[-0.40668,13.06125],[-0.40617,13.06124],[-0.4052,13.06179],[-0.4051,13.06214],[-0.40458,13.0621],[-0.40365,13.06288],[-0.40301,13.06301],[-0.40088,13.06255],[-0.40027,13.06307],[-0.39922,13.06318],[-0.39836,13.06369],[-0.39826,13.06396],[-0.39797,13.06394],[-0.39752,13.06418],[-0.39657,13.06492],[-0.39599,13.06498],[-0.39576,13.0652],[-0.39566,13.0658],[-0.39529,13.06624],[-0.39413,13.06717],[-0.39462,13.06865],[-0.39462,13.06909],[-0.39507,13.06849],[-0.39563,13.06945],[-0.39536,13.07015],[-0.39544,13.07051],[-0.39575,13.07052],[-0.39571,13.07086],[-0.39523,13.07104],[-0.3949,13.07176],[-0.39387,13.07276],[-0.39355,13.07347],[-0.39334,13.07362],[-0.39264,13.07322],[-0.39252,13.07362],[-0.39209,13.07331],[-0.3918,13.07344],[-0.39149,13.07393],[-0.39076,13.07416],[-0.39087,13.07451],[-0.39076,13.07489],[-0.39041,13.0749],[-0.38995,13.07461],[-0.38871,13.0745],[-0.38817,13.07481],[-0.38745,13.0757],[-0.38699,13.07566],[-0.38619,13.07609],[-0.38642,13.07684],[-0.3859,13.07728],[-0.38604,13.07771],[-0.38542,13.0778],[-0.38322,13.07872],[-0.38282,13.07832],[-0.3824,13.07836],[-0.38201,13.07867],[-0.38185,13.07899],[-0.38192,13.07941],[-0.38176,13.0796],[-0.37858,13.08072],[-0.37776,13.0808],[-0.37764,13.08098],[-0.37796,13.0816],[-0.37874,13.08251],[-0.37944,13.08236],[-0.37942,13.08316],[-0.37892,13.08305],[-0.37863,13.0832],[-0.37887,13.08412],[-0.3792,13.08462],[-0.37919,13.08521],[-0.37891,13.08579],[-0.37844,13.08603],[-0.37779,13.08688],[-0.37752,13.08758],[-0.37657,13.08775],[-0.37658,13.08797],[-0.37631,13.08821],[-0.37548,13.08789],[-0.37507,13.08864],[-0.37463,13.08873],[-0.37441,13.08901],[-0.37435,13.08951],[-0.37407,13.08984],[-0.37312,13.08975],[-0.37294,13.09029],[-0.37267,13.09026],[-0.37222,13.08964],[-0.37183,13.08975],[-0.37143,13.09128],[-0.37159,13.09159],[-0.37129,13.09286],[-0.37181,13.09313],[-0.37152,13.09352],[-0.37095,13.09361],[-0.37087,13.09389],[-0.37132,13.09417],[-0.37087,13.09652],[-0.37061,13.09679],[-0.37032,13.09793],[-0.36925,13.09961],[-0.36917,13.10084],[-0.36877,13.10141],[-0.36898,13.10198],[-0.36869,13.10238],[-0.36889,13.10306],[-0.3687,13.10363],[-0.36798,13.10394],[-0.3674,13.10519],[-0.36821,13.10621],[-0.36762,13.10838],[-0.36741,13.10858],[-0.36692,13.10867],[-0.36633,13.10938],[-0.36586,13.10936],[-0.36548,13.10967],[-0.3657,13.1105],[-0.36606,13.11086],[-0.36567,13.11198],[-0.36513,13.11165],[-0.36476,13.11173],[-0.36408,13.11252],[-0.36349,13.11244],[-0.36326,13.11273],[-0.36282,13.1129],[-0.36288,13.11312],[-0.36321,13.11317],[-0.3635,13.11355],[-0.3646,13.11349],[-0.36486,13.11357],[-0.36498,13.11392],[-0.3642,13.11503],[-0.3642,13.11545],[-0.36456,13.11597],[-0.36456,13.11636],[-0.36451,13.11672],[-0.36405,13.11714],[-0.36442,13.11759],[-0.36447,13.11789],[-0.36445,13.11883],[-0.36426,13.11929],[-0.36464,13.12011],[-0.36444,13.12031],[-0.36442,13.12097],[-0.36501,13.12239],[-0.36435,13.12361],[-0.36372,13.12358],[-0.36366,13.12453],[-0.36335,13.12562],[-0.36181,13.12649],[-0.36167,13.12701],[-0.36084,13.12759],[-0.36041,13.12809],[-0.35923,13.12814],[-0.3592,13.1276],[-0.35894,13.12762],[-0.35861,13.12794],[-0.3584,13.1279],[-0.35808,13.12778],[-0.35804,13.12733],[-0.35766,13.12737],[-0.35745,13.12758],[-0.35746,13.12787],[-0.35681,13.12783],[-0.3565,13.12804],[-0.35675,13.12852],[-0.35672,13.12883],[-0.35643,13.12869],[-0.35634,13.12841],[-0.35599,13.12876],[-0.35549,13.12859],[-0.35509,13.12866],[-0.35496,13.12906],[-0.35532,13.1299],[-0.35459,13.13094],[-0.35416,13.13112],[-0.35393,13.13147],[-0.35358,13.13145],[-0.35339,13.13118],[-0.35246,13.13108],[-0.35217,13.13246],[-0.35186,13.13264],[-0.35158,13.13248],[-0.35126,13.13262],[-0.35115,13.13313],[-0.35073,13.13349],[-0.34945,13.13397],[-0.348,13.13352],[-0.34707,13.13388],[-0.34552,13.13485],[-0.34348,13.13671],[-0.34127,13.13725],[-0.34088,13.13821],[-0.3404,13.13891],[-0.33977,13.13921],[-0.33936,13.13975],[-0.33867,13.14138],[-0.33861,13.14203],[-0.33868,13.14264],[-0.33925,13.14341],[-0.33893,13.14421],[-0.33829,13.1445],[-0.33783,13.14498],[-0.33756,13.14545],[-0.33737,13.14639],[-0.33689,13.1466],[-0.33634,13.14648],[-0.33469,13.14742],[-0.33364,13.1474],[-0.33248,13.14813],[-0.33225,13.14866],[-0.33169,13.14878],[-0.33035,13.1487],[-0.32941,13.14995],[-0.32837,13.15062],[-0.32816,13.15112],[-0.32671,13.1523],[-0.32624,13.15328],[-0.32482,13.15374],[-0.32311,13.15515],[-0.32257,13.15533],[-0.32109,13.15538],[-0.32037,13.15581],[-0.31904,13.15582],[-0.31845,13.15611],[-0.31784,13.15718],[-0.31763,13.15898],[-0.31833,13.15989],[-0.31871,13.16099],[-0.31901,13.16342],[-0.31883,13.1641],[-0.31659,13.16432],[-0.31574,13.16418],[-0.31482,13.16601],[-0.31413,13.16647],[-0.31418,13.16683],[-0.3139,13.16735],[-0.31245,13.16848],[-0.3116,13.16955],[-0.31128,13.17037],[-0.31048,13.1707],[-0.3093,13.17203],[-0.30868,13.17233],[-0.30721,13.17414],[-0.30458,13.17572],[-0.30206,13.17777],[-0.30025,13.17889],[-0.29907,13.17903],[-0.29867,13.17932],[-0.29796,13.17937],[-0.29728,13.17962],[-0.29644,13.18054],[-0.29512,13.18145],[-0.2945,13.1815],[-0.29307,13.18233],[-0.2926,13.18332],[-0.29199,13.18367],[-0.29085,13.18473],[-0.29046,13.18557],[-0.2898,13.18551],[-0.2881,13.18678],[-0.28747,13.18783],[-0.28736,13.18858],[-0.28792,13.19058],[-0.28772,13.19123],[-0.28788,13.19344],[-0.28843,13.19527],[-0.28819,13.1962],[-0.28775,13.19669],[-0.28728,13.19762],[-0.28668,13.1982],[-0.28493,13.20115],[-0.28264,13.20316],[-0.28197,13.20419],[-0.28044,13.20481],[-0.27881,13.20649],[-0.27727,13.20742],[-0.27615,13.20759],[-0.27556,13.20786],[-0.27076,13.21156],[-0.26963,13.21401],[-0.26962,13.21547],[-0.26931,13.21677],[-0.26935,13.21879],[-0.26907,13.22003],[-0.26684,13.22214],[-0.26567,13.22283],[-0.26217,13.22417],[-0.25793,13.22497],[-0.25535,13.22572],[-0.25373,13.22649],[-0.2523,13.22771],[-0.24977,13.22947],[-0.247,13.23275],[-0.24475,13.23591],[-0.23929,13.23975],[-0.23343,13.2442],[-0.2281,13.24908],[-0.22322,13.25209],[-0.22177,13.25506],[-0.22189,13.26011],[-0.21745,13.26272],[-0.21497,13.26192],[-0.21455,13.26196]]},"properties":{"name":"","type":"River","flow_regime":"perennial","label":"River"}},{"type":"Feature","geometry":{"type":"LineString","coordinates":[[-1.49933,12.57862],[-1.49843,12.57922],[-1.49772,12.58091],[-1.49785,12.58181],[-1.49729,12.58224],[-1.4972,12.58256],[-1.49654,12.58288],[-1.49623,12.58338],[-1.49553,12.58268],[-1.49561,12.58247],[-1.49591,12.58246],[-1.49584,12.58224],[-1.4952,12.58237],[-1.49433,12.58142],[-1.49319,12.58112],[-1.49301,12.58022],[-1.4926,12.58025],[-1.49246,12.58057],[-1.49224,12.58052],[-1.49223,12.58003],[-1.4917,12.57972],[-1.49143,12.5793],[-1.49175,12.57889],[-1.49137,12.57811],[-1.49091,12.57794],[-1.49032,12.57821],[-1.49016,12.57811],[-1.48913,12.57715],[-1.48807,12.57578],[-1.48734,12.57564],[-1.48712,12.57522],[-1.4873,12.57465],[-1.48674,12.57432],[-1.48654,12.57385],[-1.48603,12.57374],[-1.48598,12.57419],[-1.48571,12.57438],[-1.48555,12.57429],[-1.48556,12.57336],[-1.48478,12.573],[-1.48431,12.57233],[-1.48448,12.57215],[-1.48495,12.57215],[-1.4851,12.57187],[-1.48496,12.57158],[-1.48453,12.57142],[-1.48427,12.57085],[-1.48399,12.57081],[-1.4838,12.57052],[-1.48159,12.57012],[-1.48101,12.56974],[-1.48084,12.56988],[-1.48094,12.57029],[-1.48077,12.57035],[-1.48022,12.57022],[-1.47989,12.56994],[-1.47919,12.5702],[-1.47875,12.57013],[-1.47842,12.56957],[-1.4781,12.56958],[-1.47783,12.57003],[-1.47751,12.57011],[-1.4768,12.57014],[-1.47453,12.56974],[-1.47391,12.56911],[-1.47353,12.56806],[-1.47353,12.56759],[-1.47402,12.56723],[-1.47401,12.56708],[-1.47316,12.56668],[-1.4724,12.56581]]},"properties":{"name":"","type":"River","flow_regime":"perennial","label":"River"}},{"type":"Feature","geometry":{"type":"LineString","coordinates":[[0.3047,13.23658],[0.30483,13.2368],[0.30537,13.23695],[0.30569,13.23725],[0.30667,13.2368],[0.30705,13.2368],[0.30758,13.23761],[0.30836,13.23751],[0.30823,13.23779],[0.30833,13.23795],[0.30886,13.23771],[0.30971,13.23789]]},"properties":{"name":"","type":"River","flow_regime":"perennial","label":"River"}},{"type":"Feature","geometry":{"type":"LineString","coordinates":[[0.92659,13.2747],[0.92325,13.274],[0.91786,13.26357],[0.91265,13.26112],[0.90812,13.25862],[0.90217,13.2576],[0.89985,13.25426],[0.89654,13.25032],[0.89341,13.2474]]},"properties":{"name":"Faga","type":"River","flow_regime":"perennial","label":"Faga"}},{"type":"Feature","geometry":{"type":"LineString","coordinates":[[-4.95571,10.82693],[-4.95538,10.82629],[-4.95538,10.82501],[-4.95496,10.82381],[-4.95405,10.82253],[-4.95337,10.82051],[-4.95387,10.81773],[-4.95348,10.81611],[-4.95285,10.81501],[-4.95246,10.8132],[-4.9514,10.81175]]},"properties":{"name":"","type":"River","flow_regime":"perennial","label":"River"}},{"type":"Feature","geometry":{"type":"LineString","coordinates":[[-5.01617,10.87654],[-5.01331,10.87528],[-5.01146,10.87491],[-5.00961,10.87402],[-5.00898,10.87345],[-5.00807,10.87365],[-5.00755,10.87238],[-5.00688,10.87212],[-5.00693,10.87101],[-5.00436,10.86877],[-5.00329,10.86721],[-5.00227,10.86521],[-5.00217,10.86461],[-5.00164,10.86435],[-5.00106,10.86379],[-5.0012,10.86338],[-5.00076,10.86323],[-5.00078,10.86277],[-5.00032,10.86254],[-4.99977,10.8614],[-4.99955,10.86156],[-4.99931,10.86147],[-4.99943,10.86103],[-4.99747,10.85819],[-4.99711,10.85627],[-4.99629,10.85519],[-4.99585,10.85407],[-4.99582,10.85273],[-4.99416,10.8503],[-4.99379,10.8483],[-4.99443,10.84536],[-4.9943,10.84326],[-4.99363,10.84181],[-4.99366,10.8406],[-4.99344,10.84015],[-4.99309,10.83992],[-4.993,10.83854],[-4.99255,10.83775],[-4.99238,10.8362],[-4.99247,10.83379],[-4.99282,10.83265],[-4.9938,10.83126],[-4.99404,10.83059],[-4.99373,10.82947],[-4.99414,10.82724],[-4.99373,10.82623]]},"properties":{"name":"","type":"River","flow_regime":"perennial","label":"River"}},{"type":"Feature","geometry":{"type":"LineString","coordinates":[[-3.23843,13.04445],[-3.23936,13.04478],[-3.24164,13.04244],[-3.24218,13.04124],[-3.24417,13.04056],[-3.24495,13.03942],[-3.24762,13.03692],[-3.24865,13.03439],[-3.2509,13.03142],[-3.25078,13.0302],[-3.24805,13.02905],[-3.24791,13.02812],[-3.2499,13.02651],[-3.25171,13.02448],[-3.25488,13.02249],[-3.25635,13.02236],[-3.26031,13.02347],[-3.26247,13.02358],[-3.26452,13.02228],[-3.26785,13.02252],[-3.26955,13.02307],[-3.27176,13.02323],[-3.27646,13.02395],[-3.2782,13.02473],[-3.28095,13.02481],[-3.28488,13.0256],[-3.287,13.0257],[-3.28877,13.02514],[-3.29395,13.02399],[-3.29579,13.02386],[-3.29689,13.02461],[-3.29889,13.02719],[-3.29969,13.02761],[-3.30495,13.0278],[-3.31047,13.0291],[-3.31463,13.02906],[-3.32218,13.03366],[-3.33796,13.03602],[-3.34708,13.04451],[-3.34867,13.04497],[-3.3526,13.04537],[-3.35728,13.04499],[-3.35882,13.04445],[-3.35997,13.04425],[-3.36229,13.04494],[-3.36427,13.0461],[-3.36555,13.0462],[-3.36688,13.04598],[-3.36814,13.04539],[-3.36891,13.04567],[-3.36936,13.04658],[-3.37068,13.04754],[-3.37164,13.04735],[-3.37177,13.04694],[-3.37186,13.04629],[-3.37083,13.04509],[-3.37169,13.04439],[-3.37233,13.0448],[-3.37309,13.04604],[-3.37474,13.04669],[-3.37677,13.04646],[-3.37764,13.04687],[-3.37765,13.04816],[-3.37806,13.05017],[-3.37843,13.05417],[-3.3794,13.05504],[-3.38208,13.05539],[-3.38431,13.05757],[-3.38585,13.05979],[-3.38574,13.06092],[-3.38621,13.06223],[-3.38867,13.06449],[-3.38933,13.06543],[-3.39114,13.06689],[-3.39238,13.06996],[-3.39378,13.07233],[-3.39552,13.07447],[-3.39751,13.07579],[-3.40101,13.0752],[-3.40353,13.07553],[-3.40646,13.07624],[-3.40929,13.07532],[-3.41074,13.07598],[-3.41449,13.07999],[-3.41621,13.08093],[-3.42044,13.0803],[-3.42221,13.08073],[-3.4248,13.08324],[-3.42565,13.08375],[-3.42739,13.08328],[-3.4284,13.08337],[-3.42982,13.08423],[-3.43134,13.0844],[-3.43252,13.08526],[-3.44327,13.08955],[-3.44835,13.09007],[-3.45057,13.0912],[-3.45324,13.09469],[-3.45614,13.09356],[-3.46055,13.09375],[-3.46221,13.09432],[-3.46301,13.09639],[-3.46684,13.09823],[-3.46847,13.10394]]},"properties":{"name":"","type":"River","flow_regime":"perennial","label":"River"}},{"type":"Feature","geometry":{"type":"LineString","coordinates":[[-4.91086,10.98611],[-4.9114,10.98579],[-4.9117,10.98501],[-4.91181,10.98343],[-4.91164,10.98221],[-4.91119,10.98193],[-4.91037,10.98178],[-4.91021,10.98096],[-4.90928,10.97905],[-4.90923,10.97797],[-4.90857,10.97631],[-4.90834,10.97474],[-4.90766,10.97409],[-4.90775,10.97327],[-4.90725,10.97259],[-4.90714,10.97106],[-4.90635,10.96924],[-4.90576,10.96886],[-4.90537,10.96831],[-4.90523,10.96775],[-4.90477,10.96757],[-4.9047,10.96682],[-4.90333,10.96583],[-4.90283,10.9649],[-4.90189,10.96403],[-4.90118,10.96361],[-4.90054,10.96236],[-4.90057,10.96182],[-4.89993,10.96114],[-4.89989,10.96059],[-4.89802,10.95926],[-4.89762,10.95882],[-4.89744,10.95815],[-4.89679,10.95709],[-4.89611,10.95668],[-4.89495,10.95536],[-4.89195,10.95096],[-4.89103,10.95085],[-4.89101,10.95012],[-4.89073,10.94957],[-4.8899,10.94943],[-4.88914,10.94827],[-4.88859,10.94832],[-4.88862,10.94767],[-4.88822,10.94713],[-4.88764,10.94692],[-4.88713,10.94522],[-4.88648,10.94506],[-4.88578,10.94336],[-4.88486,10.94311],[-4.88442,10.9425],[-4.88461,10.94191],[-4.88333,10.94057],[-4.88277,10.93809],[-4.88321,10.93759],[-4.88321,10.9373],[-4.88273,10.93715],[-4.8818,10.93567],[-4.88066,10.93531],[-4.8802,10.93471],[-4.88045,10.93374],[-4.87963,10.93301],[-4.87809,10.9322],[-4.87725,10.93238],[-4.87673,10.93207],[-4.87531,10.93016],[-4.87475,10.93028],[-4.87425,10.92985],[-4.87336,10.92986],[-4.87257,10.9289],[-4.87234,10.92888],[-4.87142,10.92952],[-4.87081,10.92931],[-4.86978,10.92963],[-4.86934,10.92942],[-4.86724,10.93013],[-4.86559,10.93044],[-4.86483,10.93041],[-4.86425,10.93098],[-4.86356,10.93119],[-4.86298,10.93108],[-4.86163,10.93142],[-4.86139,10.93181],[-4.85743,10.93358],[-4.85669,10.93349],[-4.8553,10.9328],[-4.85376,10.93237],[-4.85286,10.93277],[-4.85111,10.93154],[-4.84876,10.93158],[-4.8478,10.93181],[-4.84624,10.93159],[-4.84553,10.93097],[-4.8444,10.93056],[-4.84357,10.92972],[-4.84233,10.92964],[-4.84202,10.93012],[-4.84165,10.93015],[-4.84132,10.92973],[-4.84081,10.92969],[-4.83495,10.93107],[-4.83402,10.93199],[-4.83253,10.93218],[-4.83101,10.93296],[-4.83002,10.93328],[-4.82862,10.93423],[-4.82811,10.93417],[-4.8276,10.93441],[-4.8272,10.93573],[-4.82641,10.93621],[-4.82657,10.93726],[-4.82324,10.94149],[-4.82202,10.94269],[-4.82029,10.94664],[-4.81886,10.94751],[-4.81952,10.94843],[-4.81841,10.95016],[-4.81776,10.95056],[-4.81476,10.95705],[-4.81392,10.95847],[-4.81384,10.95946],[-4.81349,10.96068],[-4.81317,10.96116],[-4.81325,10.96317],[-4.81298,10.96363],[-4.81254,10.96374],[-4.8123,10.96427],[-4.81245,10.96544],[-4.81172,10.96731],[-4.81112,10.97043],[-4.81034,10.97224],[-4.80961,10.9728],[-4.80928,10.97392],[-4.80733,10.97653],[-4.8062,10.97784],[-4.80595,10.97794],[-4.80465,10.97981],[-4.80349,10.98083],[-4.80109,10.98481],[-4.79903,10.98614],[-4.79857,10.98668],[-4.79829,10.98808],[-4.79757,10.989],[-4.79626,10.99025],[-4.7958,10.99113],[-4.79466,10.99134],[-4.79141,10.99243],[-4.78988,10.99268],[-4.78869,10.99268],[-4.78757,10.99313],[-4.78448,10.99357],[-4.78037,10.99493],[-4.77659,10.99704],[-4.77556,10.9973],[-4.77464,10.99713],[-4.77394,10.9973],[-4.77332,10.99792],[-4.77301,10.99862],[-4.77173,10.99926],[-4.7691,11.00168],[-4.76822,11.00202],[-4.76786,11.00244],[-4.76616,11.00328],[-4.76526,11.00427],[-4.76348,11.00536],[-4.76243,11.00872],[-4.75804,11.01103],[-4.75704,11.01221],[-4.75579,11.01527],[-4.75295,11.01923],[-4.75279,11.02039],[-4.75167,11.02042],[-4.75027,11.01962],[-4.74921,11.01994],[-4.74883,11.02076],[-4.7482,11.0211],[-4.748,11.02194],[-4.74713,11.02269],[-4.74565,11.0253],[-4.74494,11.02515],[-4.74379,11.02568],[-4.74269,11.02642],[-4.74208,11.027],[-4.74131,11.02842],[-4.74144,11.02894],[-4.74114,11.02911],[-4.74002,11.02956],[-4.73763,11.02977],[-4.73741,11.03045],[-4.73659,11.03107],[-4.73541,11.03125],[-4.73502,11.03123],[-4.73464,11.03092],[-4.73434,11.03097],[-4.73358,11.03194],[-4.73289,11.03227],[-4.73202,11.03246],[-4.73104,11.03246],[-4.72993,11.03304],[-4.72825,11.03294],[-4.72649,11.03421],[-4.72373,11.03394],[-4.72258,11.03431],[-4.72033,11.03443],[-4.7182,11.03506],[-4.71526,11.03615],[-4.71457,11.03625],[-4.71422,11.03658],[-4.71407,11.03729],[-4.71365,11.03746],[-4.71182,11.0371],[-4.71144,11.03654],[-4.71099,11.03652],[-4.71026,11.03615],[-4.70936,11.03701],[-4.70894,11.03705],[-4.70845,11.03665],[-4.70821,11.03668],[-4.7081,11.03693],[-4.70763,11.03718],[-4.70738,11.03712],[-4.70725,11.03749],[-4.70704,11.03757],[-4.70655,11.03741],[-4.70597,11.03779],[-4.70586,11.03755],[-4.70549,11.03769],[-4.70529,11.03804],[-4.70486,11.03828],[-4.70475,11.0386],[-4.70423,11.03836],[-4.70442,11.03792],[-4.70433,11.03776],[-4.70348,11.03771],[-4.70308,11.03838],[-4.70282,11.03844],[-4.70266,11.03838],[-4.7028,11.03807],[-4.7024,11.03789],[-4.70171,11.03845],[-4.70122,11.03927],[-4.70109,11.04005],[-4.70088,11.04033],[-4.69984,11.04028],[-4.69883,11.03952],[-4.69796,11.03936],[-4.6972,11.03959],[-4.69671,11.04004],[-4.69631,11.04151],[-4.6964,11.042],[-4.69703,11.042],[-4.69768,11.04178],[-4.69848,11.04188],[-4.69735,11.04316],[-4.69672,11.04362],[-4.69587,11.0436],[-4.69527,11.04398],[-4.69463,11.04396],[-4.69384,11.04369],[-4.69361,11.04313],[-4.69324,11.04307],[-4.69286,11.04386],[-4.69216,11.04425],[-4.69131,11.04438],[-4.69024,11.04554],[-4.68902,11.04468],[-4.68886,11.04472],[-4.68755,11.04653],[-4.6871,11.04669],[-4.68593,11.04644],[-4.68508,11.04654],[-4.68322,11.04771]]},"properties":{"name":"Selmon","type":"River","flow_regime":"perennial","label":"Selmon"}},{"type":"Feature","geometry":{"type":"LineString","coordinates":[[-0.0872,13.05256],[-0.0725,13.05699],[-0.06564,13.06719],[-0.05905,13.06777],[-0.03817,13.07739],[-0.02849,13.08249],[-0.01304,13.07279],[-0.00796,13.07756],[0.00447,13.07998],[0.02507,13.07764],[0.03932,13.07797],[0.06403,13.08266],[0.07461,13.08424],[0.08989,13.09277],[0.10575,13.0957],[0.10928,13.09796],[0.11382,13.0972],[0.11776,13.09988],[0.12618,13.0972],[0.13606,13.1003],[0.15158,13.10055],[0.15769,13.10641],[0.16044,13.10631],[0.16302,13.10062],[0.16703,13.09653],[0.1794,13.10083],[0.18572,13.09846],[0.187,13.09863],[0.18801,13.09935],[0.18814,13.10138],[0.18699,13.10343],[0.18716,13.10618],[0.19209,13.10707],[0.20181,13.11501],[0.20325,13.11977],[0.21081,13.11961],[0.21623,13.12705],[0.22375,13.12608],[0.23075,13.12913],[0.23746,13.12413],[0.24204,13.12613],[0.25279,13.13139],[0.25715,13.13097],[0.26796,13.13499],[0.27877,13.13465],[0.28856,13.14318],[0.29022,13.14928],[0.30967,13.15053],[0.3083,13.15622],[0.31585,13.16909],[0.32455,13.17335],[0.32778,13.18146]]},"properties":{"name":"","type":"River","flow_regime":"perennial","label":"River"}},{"type":"Feature","geometry":{"type":"LineString","coordinates":[[-0.29596,13.05563],[-0.29616,13.0555],[-0.29688,13.05588],[-0.29858,13.05608],[-0.30134,13.0562],[-0.30247,13.05652],[-0.3031,13.057],[-0.30402,13.05732],[-0.30414,13.05781],[-0.30437,13.05804],[-0.30522,13.05817],[-0.30589,13.05848],[-0.30625,13.0589],[-0.30698,13.05918],[-0.30751,13.05973],[-0.30822,13.06004],[-0.3092,13.0601],[-0.31019,13.06153],[-0.3096,13.06239],[-0.30971,13.06286],[-0.31126,13.0637],[-0.31278,13.06371],[-0.3139,13.06455],[-0.31492,13.06498],[-0.31579,13.06578],[-0.31595,13.06644],[-0.31646,13.06695],[-0.3173,13.06729],[-0.31753,13.06732],[-0.31804,13.06706],[-0.31842,13.06738],[-0.31954,13.06743],[-0.31996,13.06772],[-0.32112,13.06922],[-0.32215,13.0697],[-0.32337,13.06966],[-0.32403,13.07033],[-0.32423,13.07101],[-0.32559,13.07127],[-0.32604,13.07178],[-0.3262,13.07207],[-0.32623,13.07277],[-0.32794,13.07543],[-0.3296,13.0787]]},"properties":{"name":"","type":"River","flow_regime":"perennial","label":"River"}},{"type":"Feature","geometry":{"type":"LineString","coordinates":[[0.66784,13.14311],[0.66812,13.14386],[0.66803,13.14423],[0.66845,13.14448],[0.66953,13.14784],[0.66917,13.14883],[0.66832,13.1496],[0.66879,13.15111],[0.66873,13.15156],[0.66902,13.15205],[0.66887,13.1526],[0.66891,13.15324]]},"properties":{"name":"","type":"River","flow_regime":"perennial","label":"River"}},{"type":"Feature","geometry":{"type":"LineString","coordinates":[[-3.64166,11.3329],[-3.64259,11.33344],[-3.64282,11.33316],[-3.6433,11.33313]]},"properties":{"name":"","type":"River","flow_regime":"perennial","label":"River"}},{"type":"Feature","geometry":{"type":"LineString","coordinates":[[-3.65843,11.29849],[-3.65888,11.29932],[-3.65978,11.30006]]},"properties":{"name":"","type":"River","flow_regime":"perennial","label":"River"}},{"type":"Feature","geometry":{"type":"LineString","coordinates":[[0.14809,13.74126],[0.14766,13.74183],[0.14742,13.74185],[0.1474,13.74224],[0.14719,13.74243],[0.1474,13.74285],[0.14734,13.74316],[0.15008,13.74249]]},"properties":{"name":"","type":"River","flow_regime":"perennial","label":"River"}},{"type":"Feature","geometry":{"type":"LineString","coordinates":[[0.14762,13.74318],[0.14758,13.74404],[0.14821,13.74518],[0.14822,13.74558],[0.14734,13.7465],[0.1472,13.74718]]},"properties":{"name":"","type":"River","flow_regime":"perennial","label":"River"}},{"type":"Feature","geometry":{"type":"LineString","coordinates":[[-0.11155,11.95207],[-0.11198,11.95074],[-0.11262,11.94983],[-0.11338,11.94921],[-0.11393,11.94845],[-0.11564,11.94749],[-0.11593,11.94657],[-0.116,11.94473],[-0.11619,11.94396]]},"properties":{"name":"","type":"River","flow_regime":"perennial","label":"River"}},{"type":"Feature","geometry":{"type":"LineString","coordinates":[[-0.12032,11.95115],[-0.11974,11.94937],[-0.1189,11.94847],[-0.11876,11.94689],[-0.1186,11.94662],[-0.1189,11.94619],[-0.1189,11.94574],[-0.11849,11.94505],[-0.11685,11.94452],[-0.11619,11.94396],[-0.11593,11.94323],[-0.11648,11.94079],[-0.11593,11.93945],[-0.11708,11.93664],[-0.11791,11.93573],[-0.11817,11.93513],[-0.11812,11.93466],[-0.11725,11.9324],[-0.1171,11.93143],[-0.1155,11.92753],[-0.11493,11.92654],[-0.11169,11.92321],[-0.1115,11.92212],[-0.11169,11.92081],[-0.11156,11.92007],[-0.10901,11.91763],[-0.1087,11.91697],[-0.10915,11.91655],[-0.10956,11.91667],[-0.10975,11.91643],[-0.10944,11.91603],[-0.10838,11.91546],[-0.10774,11.91453],[-0.10767,11.91335],[-0.10808,11.91258],[-0.10927,11.9116],[-0.10982,11.91073],[-0.10987,11.91009],[-0.10922,11.90974],[-0.10882,11.90925],[-0.10876,11.90835],[-0.10944,11.90653],[-0.10927,11.90548],[-0.10619,11.90053],[-0.10628,11.89986],[-0.10669,11.89906],[-0.10678,11.89805],[-0.10628,11.89708],[-0.10524,11.89614],[-0.10537,11.89514],[-0.10527,11.89408],[-0.10591,11.89241],[-0.10754,11.89152],[-0.10769,11.89112],[-0.10696,11.88976],[-0.10705,11.88914],[-0.10834,11.88838],[-0.10839,11.88775]]},"properties":{"name":"","type":"River","flow_regime":"perennial","label":"River"}},{"type":"Feature","geometry":{"type":"LineString","coordinates":[[-0.58528,13.50939],[-0.58097,13.49885],[-0.58061,13.49581],[-0.57711,13.49356],[-0.57513,13.49269],[-0.57348,13.49126],[-0.57369,13.48972],[-0.57416,13.48793],[-0.57316,13.48671],[-0.5694,13.48489],[-0.5659,13.48036],[-0.56475,13.48039],[-0.56459,13.47972],[-0.56304,13.47742],[-0.56177,13.47468],[-0.56062,13.47164],[-0.55646,13.46711],[-0.55512,13.46407],[-0.55394,13.46031],[-0.55207,13.45926],[-0.5522,13.45594],[-0.55131,13.45338],[-0.55052,13.45046],[-0.5497,13.4489],[-0.54846,13.44734],[-0.54818,13.44624],[-0.5477,13.44616],[-0.54731,13.44586],[-0.54757,13.44494],[-0.5471,13.44483],[-0.5466,13.44399],[-0.54704,13.4435],[-0.54633,13.44291],[-0.54639,13.44015],[-0.54668,13.439],[-0.5456,13.43834],[-0.5432,13.43041]]},"properties":{"name":"","type":"River","flow_regime":"perennial","label":"River"}},{"type":"Feature","geometry":{"type":"LineString","coordinates":[[-0.12757,11.94184],[-0.12683,11.94122],[-0.12618,11.94108],[-0.12585,11.94078],[-0.12549,11.94103],[-0.12512,11.94098],[-0.12506,11.9406],[-0.12426,11.93997],[-0.12446,11.93958],[-0.12417,11.93904],[-0.12417,11.9386],[-0.12389,11.93827],[-0.12301,11.93829],[-0.1226,11.93778],[-0.12202,11.93785],[-0.12181,11.9383],[-0.12134,11.93828],[-0.12126,11.93808],[-0.12151,11.93739],[-0.12139,11.93696],[-0.12119,11.93675],[-0.12079,11.93679],[-0.12001,11.93644],[-0.11981,11.93617],[-0.11992,11.93531],[-0.11942,11.93522],[-0.11889,11.93477],[-0.11843,11.93505],[-0.11815,11.93493]]},"properties":{"name":"","type":"River","flow_regime":"perennial","label":"River"}},{"type":"Feature","geometry":{"type":"LineString","coordinates":[[-0.21529,11.87429],[-0.2152,11.87412],[-0.21551,11.87401],[-0.21547,11.87365],[-0.21518,11.87365],[-0.21494,11.87323],[-0.21451,11.87309],[-0.21442,11.87256],[-0.21363,11.87291],[-0.21317,11.87249],[-0.21266,11.87256],[-0.2109,11.8722],[-0.21068,11.87244],[-0.20989,11.87226],[-0.20863,11.87098],[-0.20847,11.87044],[-0.20796,11.87001],[-0.2081,11.86935],[-0.20722,11.86879],[-0.2074,11.86836],[-0.20729,11.86814],[-0.20666,11.86803],[-0.20585,11.86811],[-0.20411,11.86761],[-0.20377,11.86746],[-0.20376,11.86692],[-0.20359,11.86674],[-0.20309,11.86676],[-0.20252,11.86647],[-0.20003,11.86683],[-0.19929,11.86657],[-0.19877,11.86584],[-0.19885,11.86498],[-0.19797,11.86332]]},"properties":{"name":"","type":"River","flow_regime":"perennial","label":"River"}},{"type":"Feature","geometry":{"type":"LineString","coordinates":[[0.11266,13.87058],[0.11232,13.86999],[0.10982,13.86892],[0.10899,13.86835]]},"properties":{"name":"","type":"River","flow_regime":"perennial","label":"River"}},{"type":"Feature","geometry":{"type":"LineString","coordinates":[[-4.30075,11.53148],[-4.29995,11.5305],[-4.2995,11.52957],[-4.29919,11.52945],[-4.29803,11.52952],[-4.29664,11.52912],[-4.29579,11.52906],[-4.29535,11.52851],[-4.2953,11.52744],[-4.29546,11.52693],[-4.29531,11.52597],[-4.2956,11.52543],[-4.29644,11.52487],[-4.29661,11.52456],[-4.29662,11.52407],[-4.29607,11.52349],[-4.29525,11.5233],[-4.29496,11.52306],[-4.29485,11.52261],[-4.29525,11.52107],[-4.29468,11.52069],[-4.29429,11.51994],[-4.29406,11.51996],[-4.29338,11.52076],[-4.29335,11.52132],[-4.29286,11.52142],[-4.29251,11.52175],[-4.29236,11.52248],[-4.29193,11.52324],[-4.29121,11.52226],[-4.29121,11.52185],[-4.29152,11.52148],[-4.29158,11.52112],[-4.29097,11.52006],[-4.29008,11.51936],[-4.28958,11.5193],[-4.28925,11.51892],[-4.28863,11.51882],[-4.28822,11.51821],[-4.28744,11.51783],[-4.28628,11.51665],[-4.28554,11.51654],[-4.28379,11.51725],[-4.2834,11.51727],[-4.28187,11.51676],[-4.28052,11.51592],[-4.27995,11.51586],[-4.27923,11.51603],[-4.27866,11.51586],[-4.27792,11.51594],[-4.2775,11.5162],[-4.27731,11.51613],[-4.2772,11.51515],[-4.27778,11.5141],[-4.27866,11.51384],[-4.27892,11.51348],[-4.27948,11.51345],[-4.27948,11.5131],[-4.27916,11.51284],[-4.27865,11.51272],[-4.27795,11.51222],[-4.27782,11.51194],[-4.27742,11.51188],[-4.27654,11.51123],[-4.27611,11.51019],[-4.27609,11.50962],[-4.27634,11.50871],[-4.27475,11.50778],[-4.27411,11.50771],[-4.27357,11.50718],[-4.27293,11.50741],[-4.27257,11.50787],[-4.27218,11.50854],[-4.27199,11.50957],[-4.27178,11.50963],[-4.2711,11.50939],[-4.27059,11.50955],[-4.27002,11.51041],[-4.26982,11.51129],[-4.26885,11.51195],[-4.26873,11.51251],[-4.26834,11.51322],[-4.26838,11.51391],[-4.26762,11.51436],[-4.26718,11.515],[-4.26653,11.51514],[-4.26618,11.51572],[-4.26563,11.51579],[-4.26514,11.51625],[-4.26468,11.51639],[-4.26351,11.51616],[-4.26271,11.51678],[-4.26223,11.51662],[-4.26118,11.51584]]},"properties":{"name":"Le Mouhoun","type":"River","flow_regime":"perennial","label":"Le Mouhoun"}},{"type":"Feature","geometry":{"type":"LineString","coordinates":[[-4.57484,11.3884],[-4.57401,11.38848],[-4.57341,11.38935],[-4.57226,11.38962],[-4.57173,11.39028],[-4.57132,11.39034],[-4.571,11.39016],[-4.57119,11.38966],[-4.57104,11.38939],[-4.56966,11.38965],[-4.56914,11.39024],[-4.5689,11.39029],[-4.56697,11.38996],[-4.56636,11.39011],[-4.56517,11.38882],[-4.56422,11.38826],[-4.56377,11.38807],[-4.56268,11.38803],[-4.56185,11.38828],[-4.56145,11.3886],[-4.56133,11.38896],[-4.56138,11.39057],[-4.56117,11.39176],[-4.56078,11.39223],[-4.56014,11.39228],[-4.55855,11.39153],[-4.55698,11.39128],[-4.55464,11.39233],[-4.55408,11.39267],[-4.55348,11.39338],[-4.55182,11.3938],[-4.55098,11.39478],[-4.55059,11.39652],[-4.55057,11.39706],[-4.55086,11.39793],[-4.55061,11.39825],[-4.5508,11.39941],[-4.55054,11.4005],[-4.55115,11.40148],[-4.55108,11.40331],[-4.55056,11.40435],[-4.54992,11.40496],[-4.54924,11.40538],[-4.54707,11.40624],[-4.54605,11.40643],[-4.54439,11.40641],[-4.54231,11.40567],[-4.54159,11.40509],[-4.54061,11.40464],[-4.54026,11.40418],[-4.53958,11.40373],[-4.5387,11.40374],[-4.53739,11.40405],[-4.53481,11.40501],[-4.53412,11.40549],[-4.53312,11.40566],[-4.53235,11.40621],[-4.53171,11.4069],[-4.5311,11.40726],[-4.53083,11.40795],[-4.53127,11.40819],[-4.53195,11.40795],[-4.53292,11.40857],[-4.5312,11.40971],[-4.52841,11.4101],[-4.52638,11.41006],[-4.52442,11.40952],[-4.52315,11.40882],[-4.52185,11.40903],[-4.52107,11.40869],[-4.52041,11.40896],[-4.5203,11.40928],[-4.51864,11.41059],[-4.51638,11.41066],[-4.51556,11.41051],[-4.51436,11.41095],[-4.51427,11.41116],[-4.51441,11.41154],[-4.51421,11.41173],[-4.51329,11.41183],[-4.51298,11.4116],[-4.51232,11.41196],[-4.51214,11.41167],[-4.51182,11.41171],[-4.51203,11.41229],[-4.5119,11.41252],[-4.51162,11.4125],[-4.51118,11.41197],[-4.51079,11.41193],[-4.50917,11.41261],[-4.50865,11.41266],[-4.50782,11.41193],[-4.5076,11.41226],[-4.50764,11.41311],[-4.50743,11.41322],[-4.50586,11.41238]]},"properties":{"name":"","type":"River","flow_regime":"perennial","label":"River"}},{"type":"Feature","geometry":{"type":"LineString","coordinates":[[-0.89481,11.89988],[-0.89509,11.89849],[-0.89481,11.89763],[-0.89276,11.89608],[-0.89227,11.89465],[-0.8913,11.89333],[-0.89062,11.89295],[-0.88906,11.89278],[-0.88758,11.89131],[-0.88725,11.8912],[-0.88631,11.89137],[-0.8856,11.89108],[-0.88509,11.89036],[-0.88463,11.88919],[-0.88416,11.88879],[-0.88358,11.88864],[-0.88298,11.88804],[-0.88253,11.88705],[-0.88146,11.88539],[-0.88085,11.8848],[-0.88043,11.88367],[-0.88013,11.88339],[-0.87858,11.88318],[-0.8774,11.88264],[-0.87549,11.88214],[-0.87423,11.8814],[-0.87257,11.88125],[-0.87174,11.88159],[-0.87148,11.88186],[-0.8714,11.88339],[-0.87092,11.8836],[-0.87062,11.8835],[-0.86979,11.88268],[-0.86963,11.88241],[-0.86954,11.88138],[-0.86942,11.88106],[-0.86912,11.88089],[-0.86851,11.88109],[-0.86828,11.88134],[-0.86828,11.88224],[-0.868,11.88258],[-0.86738,11.88241],[-0.86668,11.88182],[-0.86607,11.88106],[-0.86599,11.88062],[-0.86639,11.88004],[-0.86708,11.87976],[-0.86708,11.87932],[-0.86685,11.87915],[-0.86526,11.87823],[-0.86399,11.87823],[-0.86307,11.87783],[-0.86266,11.87785],[-0.86187,11.87802],[-0.8612,11.87884],[-0.85865,11.87989],[-0.85753,11.87991],[-0.85659,11.87938],[-0.85603,11.87943],[-0.85552,11.88006],[-0.85558,11.88129],[-0.85541,11.8815],[-0.85483,11.88144],[-0.85397,11.88087],[-0.85347,11.88113],[-0.85296,11.88192],[-0.85232,11.88226],[-0.85176,11.88295],[-0.85143,11.88508],[-0.85161,11.88585],[-0.85139,11.88627],[-0.85065,11.88621],[-0.8497,11.88497],[-0.8491,11.8848],[-0.84854,11.88501],[-0.8479,11.88652],[-0.84719,11.88676],[-0.84594,11.88667],[-0.84515,11.88751],[-0.84472,11.88736],[-0.84422,11.88682],[-0.84352,11.8868],[-0.842,11.88707],[-0.84073,11.88638],[-0.83864,11.88375],[-0.83771,11.88312],[-0.83667,11.88272],[-0.83468,11.88148],[-0.83298,11.88086],[-0.82968,11.88012],[-0.82847,11.87953],[-0.82785,11.87808],[-0.82787,11.87659],[-0.82773,11.87623],[-0.82719,11.87573],[-0.82709,11.87539],[-0.82701,11.87382]]},"properties":{"name":"Nakemb\u00e9","type":"River","flow_regime":"perennial","label":"Nakemb\u00e9"}},{"type":"Feature","geometry":{"type":"LineString","coordinates":[[-4.57609,10.73492],[-4.57881,10.73207],[-4.58094,10.73029],[-4.58332,10.72936],[-4.58883,10.72955],[-4.59096,10.72881],[-4.59265,10.72721],[-4.59534,10.72389],[-4.59816,10.71946],[-4.59829,10.7186]]},"properties":{"name":"","type":"River","flow_regime":"perennial","label":"River"}},{"type":"Feature","geometry":{"type":"LineString","coordinates":[[-4.71366,10.44425],[-4.70955,10.44217],[-4.70202,10.43947],[-4.69697,10.43808],[-4.69516,10.4369]]},"properties":{"name":"","type":"River","flow_regime":"perennial","label":"River"}},{"type":"Feature","geometry":{"type":"LineString","coordinates":[[-4.59913,10.57625],[-4.60583,10.57613],[-4.61102,10.57705],[-4.61516,10.57705],[-4.62067,10.57767],[-4.62342,10.57841]]},"properties":{"name":"","type":"River","flow_regime":"perennial","label":"River"}},{"type":"Feature","geometry":{"type":"LineString","coordinates":[[-4.68999,10.4865],[-4.68461,10.48297],[-4.67797,10.48071],[-4.67664,10.47844],[-4.67425,10.47714],[-4.67062,10.476],[-4.66832,10.47357],[-4.66664,10.47209]]},"properties":{"name":"","type":"River","flow_regime":"perennial","label":"River"}},{"type":"Feature","geometry":{"type":"LineString","coordinates":[[-4.50334,10.6263],[-4.50052,10.6241],[-4.50012,10.62275],[-4.50034,10.62083],[-4.5014,10.62048],[-4.50171,10.61992],[-4.50242,10.61665],[-4.50211,10.61356],[-4.50123,10.61082],[-4.49835,10.60913],[-4.49888,10.60852],[-4.49976,10.60691],[-4.49994,10.60434],[-4.49826,10.60269],[-4.49211,10.5999],[-4.49069,10.59685],[-4.49299,10.59529],[-4.49565,10.59398],[-4.49751,10.59172],[-4.4976,10.58832],[-4.49494,10.58467],[-4.49175,10.58275],[-4.49175,10.58006],[-4.49432,10.57361],[-4.49538,10.56874],[-4.4952,10.55977],[-4.49547,10.55551],[-4.49246,10.55063],[-4.4867,10.54576],[-4.48555,10.54332],[-4.48715,10.54071],[-4.4929,10.53845],[-4.49458,10.53601],[-4.49644,10.52565],[-4.50379,10.52043],[-4.50672,10.51773],[-4.50919,10.5179],[-4.51167,10.51703],[-4.513,10.5132],[-4.51477,10.50989],[-4.51663,10.50963],[-4.51991,10.51111],[-4.52292,10.51015],[-4.52336,10.50641],[-4.5223,10.50284],[-4.52283,10.49971],[-4.52496,10.49579],[-4.52664,10.49091],[-4.52682,10.48682],[-4.52469,10.48499],[-4.51663,10.48351],[-4.51716,10.48133],[-4.52265,10.47837],[-4.52487,10.47637],[-4.52744,10.47219],[-4.5285,10.46749],[-4.53009,10.46227],[-4.53222,10.45295],[-4.53284,10.4465],[-4.53045,10.44023],[-4.53151,10.43727],[-4.53319,10.4337],[-4.53673,10.43005],[-4.54054,10.42717],[-4.54143,10.4256],[-4.54098,10.42256],[-4.53859,10.41977],[-4.54023,10.41045],[-4.54382,10.41063],[-4.54722,10.40893],[-4.54534,10.40636],[-4.54358,10.40611],[-4.54355,10.40392],[-4.54233,10.40167],[-4.54748,10.39863],[-4.548,10.39758],[-4.5486,10.39834],[-4.55006,10.39707],[-4.55083,10.39758],[-4.55134,10.39673],[-4.55358,10.39686],[-4.55302,10.39251],[-4.55173,10.39247],[-4.55237,10.38973],[-4.55615,10.38825],[-4.55748,10.38449],[-4.55709,10.38443],[-4.55789,10.38301],[-4.56011,10.38101],[-4.55982,10.37987],[-4.56055,10.3785],[-4.55969,10.37502],[-4.55993,10.37455],[-4.55952,10.37185],[-4.55999,10.37109],[-4.55963,10.37022],[-4.56064,10.36951],[-4.55995,10.36771],[-4.5589,10.36714],[-4.55864,10.36535],[-4.55926,10.36389],[-4.5584,10.36199],[-4.55735,10.36163],[-4.55697,10.36058],[-4.55606,10.36014],[-4.55748,10.35916],[-4.55907,10.35902],[-4.55864,10.35786],[-4.5581,10.35781],[-4.5584,10.35718],[-4.55933,10.35737],[-4.55956,10.35648],[-4.56186,10.35467],[-4.56366,10.35686],[-4.56321,10.35729],[-4.56503,10.35796],[-4.56555,10.35931],[-4.56699,10.36016],[-4.56769,10.36081],[-4.56894,10.36014],[-4.5699,10.36109],[-4.57239,10.36016],[-4.57297,10.36039],[-4.57551,10.35967],[-4.57551,10.35904],[-4.57617,10.35828],[-4.57772,10.35813],[-4.58102,10.35471],[-4.58121,10.35323],[-4.58162,10.35188],[-4.58471,10.35127],[-4.58632,10.35144],[-4.58656,10.35205],[-4.58767,10.35214],[-4.58836,10.35152],[-4.58939,10.35197],[-4.59147,10.35325],[-4.59347,10.35539],[-4.59392,10.35758],[-4.59499,10.35851],[-4.5958,10.35775],[-4.59649,10.35819],[-4.59675,10.3594],[-4.59769,10.35855],[-4.59881,10.35895],[-4.59932,10.36001],[-4.60312,10.35845],[-4.60278,10.35724],[-4.60321,10.35606],[-4.60128,10.35328],[-4.60087,10.35241],[-4.60022,10.3523],[-4.60001,10.35178],[-4.60087,10.3504],[-4.59977,10.34739],[-4.59924,10.34536],[-4.6001,10.3438],[-4.60368,10.34426],[-4.60632,10.34642],[-4.61048,10.34568],[-4.61108,10.34437],[-4.61248,10.3439],[-4.61224,10.34262],[-4.60941,10.34036],[-4.60699,10.33474],[-4.60724,10.33188],[-4.60686,10.3304],[-4.60756,10.32915]]},"properties":{"name":"","type":"River","flow_regime":"perennial","label":"River"}},{"type":"Feature","geometry":{"type":"LineString","coordinates":[[-4.68317,10.53065],[-4.68124,10.52865],[-4.67897,10.52662],[-4.68154,10.51905],[-4.68066,10.51339],[-4.68022,10.51271],[-4.67897,10.51283],[-4.67847,10.51099],[-4.68235,10.50508],[-4.68392,10.50003],[-4.68329,10.49424],[-4.68579,10.49005],[-4.6863,10.4895],[-4.6888,10.48796],[-4.69055,10.48581],[-4.69525,10.48384],[-4.69575,10.481],[-4.69757,10.47823],[-4.69882,10.47466],[-4.70138,10.47411],[-4.70308,10.47343],[-4.70257,10.47214],[-4.70351,10.47097],[-4.70533,10.47152],[-4.70345,10.46881],[-4.7052,10.4629],[-4.70596,10.45847],[-4.70614,10.45588],[-4.70689,10.45521],[-4.7074,10.45619],[-4.71028,10.45582],[-4.71165,10.45527],[-4.71259,10.45361],[-4.71309,10.4512],[-4.71178,10.44819],[-4.71366,10.44425],[-4.71466,10.44332],[-4.7166,10.44326],[-4.71779,10.44265],[-4.71898,10.44301],[-4.72042,10.44375],[-4.72111,10.44246],[-4.71942,10.44037],[-4.72029,10.4384],[-4.72274,10.43723],[-4.72555,10.43507],[-4.73043,10.43349]]},"properties":{"name":"","type":"River","flow_regime":"perennial","label":"River"}},{"type":"Feature","geometry":{"type":"LineString","coordinates":[[-4.97343,10.55026],[-4.96918,10.54852],[-4.95802,10.55009],[-4.94616,10.54939],[-4.93217,10.54504],[-4.9203,10.54382],[-4.9079,10.54695],[-4.89002,10.55218],[-4.8693,10.54243],[-4.85779,10.53651],[-4.8438,10.52763],[-4.83689,10.52049],[-4.83406,10.51474],[-4.82325,10.51004],[-4.81705,10.50517],[-4.81139,10.49611],[-4.80814,10.48938]]},"properties":{"name":"","type":"River","flow_regime":"perennial","label":"River"}},{"type":"Feature","geometry":{"type":"LineString","coordinates":[[-4.92075,10.76875],[-4.92137,10.7683],[-4.92211,10.7682],[-4.92249,10.76856],[-4.92293,10.76845],[-4.92344,10.76759],[-4.92373,10.76658],[-4.92428,10.76592],[-4.92468,10.76568],[-4.92535,10.76472],[-4.92667,10.76394],[-4.92731,10.76412],[-4.9275,10.76384],[-4.92733,10.76362],[-4.9281,10.76318],[-4.92808,10.7627],[-4.92854,10.76224],[-4.92853,10.7611],[-4.92924,10.76086],[-4.92927,10.75825],[-4.93177,10.75792],[-4.93128,10.75749],[-4.93075,10.75587],[-4.93151,10.75468]]},"properties":{"name":"","type":"River","flow_regime":"perennial","label":"River"}},{"type":"Feature","geometry":{"type":"LineString","coordinates":[[-4.88506,10.52397],[-4.87868,10.52223],[-4.86947,10.51875],[-4.86345,10.51857],[-4.84893,10.51405],[-4.84167,10.51405],[-4.83406,10.51474]]},"properties":{"name":"","type":"River","flow_regime":"perennial","label":"River"}},{"type":"Feature","geometry":{"type":"LineString","coordinates":[[-3.88085,12.07427],[-3.88065,12.07616],[-3.88097,12.07794],[-3.87967,12.07998],[-3.87926,12.08157],[-3.87805,12.08344],[-3.87795,12.08388],[-3.87827,12.08592],[-3.87821,12.08657],[-3.87744,12.08819],[-3.87614,12.08952],[-3.87559,12.09064],[-3.87615,12.09287],[-3.87603,12.09327],[-3.8751,12.09434],[-3.87342,12.09542],[-3.87284,12.09613],[-3.87253,12.0969],[-3.87244,12.09778],[-3.87295,12.09975],[-3.87286,12.10002],[-3.87008,12.10329],[-3.86972,12.104],[-3.87011,12.1044],[-3.87307,12.10563],[-3.87411,12.10571],[-3.87632,12.10538],[-3.87679,12.10565],[-3.87703,12.10638],[-3.87696,12.10892],[-3.87772,12.11274],[-3.87756,12.1142],[-3.87676,12.11535],[-3.87552,12.11621],[-3.87525,12.1166],[-3.87522,12.11703],[-3.87614,12.11849],[-3.87605,12.11892],[-3.87493,12.12047],[-3.87271,12.12252],[-3.87206,12.12351],[-3.87153,12.12371],[-3.87043,12.12357],[-3.86625,12.12248],[-3.86435,12.12172],[-3.86343,12.1218],[-3.86239,12.12156],[-3.86156,12.12164],[-3.86087,12.12127],[-3.86003,12.12047],[-3.85914,12.12036],[-3.85763,12.1206],[-3.85573,12.12119],[-3.85368,12.12082],[-3.85332,12.12089],[-3.8514,12.12167],[-3.84981,12.12267],[-3.84881,12.12269],[-3.84765,12.12236],[-3.84692,12.12247],[-3.84564,12.12307],[-3.84481,12.12407],[-3.84359,12.12483],[-3.84302,12.1251],[-3.84075,12.12542],[-3.84,12.12521],[-3.83883,12.1245],[-3.83787,12.12376],[-3.83768,12.12341],[-3.83748,12.12257],[-3.83795,12.12204],[-3.83969,12.12085],[-3.83995,12.1202],[-3.83907,12.11928],[-3.83833,12.11902],[-3.83766,12.11903],[-3.83671,12.11942],[-3.83563,12.12091],[-3.8351,12.12137],[-3.83346,12.12246],[-3.83247,12.12266],[-3.83174,12.12332],[-3.83065,12.12481],[-3.82966,12.12688],[-3.82869,12.12805],[-3.82855,12.12864],[-3.82864,12.12985],[-3.8284,12.13048],[-3.82606,12.13156],[-3.82383,12.13302],[-3.82326,12.13353],[-3.82182,12.1354],[-3.82172,12.13598],[-3.82191,12.13713],[-3.82219,12.13727],[-3.82291,12.13677],[-3.82359,12.13695],[-3.82436,12.13739],[-3.82555,12.13917],[-3.8262,12.14056],[-3.82687,12.14097],[-3.82905,12.1417],[-3.82985,12.14246],[-3.82999,12.14321],[-3.82957,12.14434],[-3.82602,12.14638],[-3.82568,12.14665],[-3.82501,12.14772],[-3.82522,12.14995],[-3.8271,12.15463],[-3.8275,12.15736],[-3.82723,12.15827],[-3.82656,12.15911],[-3.82587,12.15963],[-3.82269,12.16145],[-3.81759,12.16268],[-3.81648,12.16281],[-3.8148,12.16274],[-3.81421,12.16298],[-3.8141,12.16338],[-3.81427,12.16456],[-3.81565,12.16896],[-3.81568,12.16992],[-3.8151,12.17087],[-3.81293,12.1735],[-3.81151,12.1745],[-3.80973,12.17473],[-3.80943,12.17519],[-3.80936,12.17593],[-3.80986,12.17857],[-3.81036,12.17962],[-3.81179,12.18161],[-3.81433,12.18336],[-3.81479,12.18426],[-3.81517,12.18619],[-3.8156,12.18719],[-3.81564,12.18781],[-3.81525,12.18903],[-3.81434,12.19037],[-3.81433,12.19078],[-3.81489,12.19227],[-3.81545,12.19306],[-3.81664,12.1936],[-3.81712,12.19366],[-3.82009,12.19307],[-3.82051,12.19335],[-3.82077,12.19416],[-3.82058,12.19484],[-3.8198,12.19625],[-3.81857,12.19735],[-3.8184,12.19853],[-3.81802,12.19932],[-3.81622,12.20055],[-3.81387,12.20451],[-3.81373,12.205],[-3.8138,12.20549],[-3.81425,12.20673]]},"properties":{"name":"Le Mouhoun","type":"River","flow_regime":"perennial","label":"Le Mouhoun"}},{"type":"Feature","geometry":{"type":"LineString","coordinates":[[-1.10624,13.30161],[-1.10662,13.29851],[-1.10767,13.29393],[-1.10292,13.27843],[-1.10175,13.27352],[-1.10212,13.26791],[-1.10077,13.25862],[-1.10128,13.25814],[-1.10113,13.25782],[-1.10125,13.25755],[-1.10181,13.25732],[-1.10193,13.25693],[-1.10162,13.25527],[-1.10181,13.25492],[-1.10175,13.25424],[-1.10206,13.25409],[-1.10226,13.25335],[-1.10213,13.25248],[-1.10238,13.25105],[-1.10194,13.25021],[-1.10248,13.24929],[-1.10291,13.24895],[-1.1033,13.24892],[-1.10372,13.24865],[-1.10399,13.2489],[-1.10538,13.24755],[-1.10568,13.24799],[-1.10593,13.248],[-1.10638,13.2476],[-1.10778,13.24545],[-1.10784,13.24413],[-1.10845,13.24387],[-1.10879,13.24348],[-1.10881,13.24305],[-1.10937,13.24233],[-1.1102,13.24215],[-1.11038,13.24101],[-1.11125,13.24002],[-1.11128,13.23965],[-1.11091,13.2393],[-1.11081,13.23882],[-1.11109,13.23804],[-1.11132,13.23789],[-1.11191,13.23797],[-1.11251,13.23762],[-1.1129,13.237],[-1.11297,13.23627],[-1.11317,13.23612],[-1.11324,13.23632],[-1.11354,13.2364],[-1.11406,13.2358],[-1.11417,13.23612],[-1.11434,13.23616],[-1.11475,13.23544],[-1.1152,13.23523],[-1.11521,13.23486],[-1.11559,13.23476],[-1.1153,13.234],[-1.11503,13.23397],[-1.11495,13.2336],[-1.11469,13.23344],[-1.11632,13.23267],[-1.11731,13.23194],[-1.11764,13.23138],[-1.11742,13.2308],[-1.11762,13.23028],[-1.11759,13.2297],[-1.11832,13.22916],[-1.11859,13.22852],[-1.11884,13.22681],[-1.11985,13.22547],[-1.12168,13.22393],[-1.12319,13.2224],[-1.12365,13.22146],[-1.12344,13.21605],[-1.1273,13.20842],[-1.13116,13.206],[-1.14243,13.2031],[-1.14747,13.19938],[-1.1564,13.18887],[-1.15989,13.18212],[-1.16319,13.17525]]},"properties":{"name":"","type":"River","flow_regime":"perennial","label":"River"}},{"type":"Feature","geometry":{"type":"LineString","coordinates":[[-1.21964,13.09587],[-1.22199,13.09527],[-1.22373,13.09533],[-1.22507,13.09493],[-1.22517,13.09452],[-1.22628,13.09436],[-1.22722,13.09395],[-1.2304,13.0938],[-1.23167,13.09313],[-1.23224,13.09344],[-1.233,13.09323],[-1.23466,13.09335],[-1.23519,13.09298],[-1.23562,13.09294],[-1.23627,13.09246],[-1.2374,13.09123],[-1.23847,13.091],[-1.24163,13.09105],[-1.242,13.09061],[-1.24234,13.09067],[-1.24239,13.09091],[-1.24324,13.09118],[-1.24357,13.09179],[-1.24399,13.09178],[-1.24445,13.09236],[-1.24648,13.09247],[-1.24734,13.092],[-1.249,13.0883],[-1.25003,13.08723],[-1.25204,13.08697],[-1.2545,13.08563],[-1.25603,13.08397],[-1.25861,13.08],[-1.25995,13.07866],[-1.26021,13.07239],[-1.25948,13.07098],[-1.25652,13.07192],[-1.25524,13.07119],[-1.25476,13.06993],[-1.25606,13.06699],[-1.25748,13.06467],[-1.25932,13.06263],[-1.26051,13.06089],[-1.26146,13.05845],[-1.26319,13.05674],[-1.26508,13.05521],[-1.26667,13.05355],[-1.267,13.05205],[-1.26718,13.04945],[-1.26676,13.04753],[-1.26711,13.04605],[-1.26828,13.04475],[-1.2688,13.04318],[-1.26855,13.04222],[-1.26788,13.0411],[-1.26601,13.03705],[-1.26593,13.03443],[-1.2656,13.03163],[-1.26576,13.0262],[-1.26527,13.02441],[-1.26534,13.02281],[-1.26449,13.01935],[-1.26522,13.0161],[-1.26529,13.01354],[-1.26652,13.01189],[-1.26781,13.00966],[-1.26999,13.00779],[-1.27232,13.00627],[-1.27484,13.00667],[-1.27596,13.00626],[-1.27923,12.99926],[-1.28298,12.99399],[-1.28092,12.98731],[-1.28122,12.98634]]},"properties":{"name":"","type":"River","flow_regime":"perennial","label":"River"}},{"type":"Feature","geometry":{"type":"LineString","coordinates":[[-4.05331,10.74852],[-4.05215,10.74733],[-4.05051,10.7468],[-4.04707,10.74474],[-4.04637,10.74397],[-4.0461,10.74292],[-4.04572,10.74253],[-4.04262,10.74136],[-4.04072,10.74121],[-4.03884,10.73953],[-4.03718,10.73866],[-4.03608,10.73828],[-4.03436,10.73843],[-4.03387,10.7388],[-4.03362,10.73963],[-4.03331,10.7398],[-4.03296,10.73973],[-4.03271,10.73929],[-4.03276,10.73771],[-4.03259,10.73701],[-4.03152,10.73606],[-4.0307,10.7357],[-4.02765,10.73653],[-4.02457,10.73596],[-4.02395,10.73615],[-4.02254,10.73768],[-4.02219,10.73837],[-4.02235,10.74011],[-4.02266,10.74143],[-4.02247,10.74198],[-4.02225,10.74221],[-4.02095,10.74251],[-4.01988,10.74242],[-4.01944,10.74217],[-4.01899,10.74149],[-4.01858,10.74025],[-4.01778,10.73706],[-4.01764,10.73524],[-4.01737,10.73399],[-4.01614,10.73286],[-4.01506,10.73244],[-4.01407,10.73184],[-4.01107,10.72955],[-4.01039,10.72879],[-4.00986,10.72789],[-4.00943,10.72643],[-4.00896,10.72554],[-4.00815,10.72492],[-4.0071,10.7248],[-4.00645,10.72511],[-4.00472,10.72786],[-4.0039,10.72846],[-4.00139,10.72833],[-3.99846,10.72724],[-3.99732,10.7274],[-3.99667,10.72772],[-3.99623,10.72841],[-3.9956,10.72884],[-3.99483,10.72868],[-3.99452,10.72834],[-3.99434,10.72743],[-3.99383,10.72638],[-3.99334,10.72409],[-3.99204,10.7203],[-3.99164,10.7175],[-3.99132,10.71676],[-3.99097,10.7163],[-3.99038,10.71606],[-3.98944,10.71605],[-3.98895,10.71578],[-3.98795,10.71421],[-3.98667,10.71369],[-3.98151,10.71414],[-3.98032,10.71386],[-3.97746,10.71246],[-3.97578,10.71188],[-3.97277,10.71168],[-3.97174,10.71219],[-3.97001,10.71268],[-3.96855,10.71361],[-3.96617,10.7146],[-3.9657,10.71508],[-3.96508,10.71516],[-3.96208,10.71424],[-3.95936,10.71412],[-3.95631,10.71332],[-3.95321,10.71403],[-3.95115,10.71501],[-3.95062,10.71499],[-3.94967,10.71465],[-3.9491,10.71376],[-3.94897,10.7131],[-3.94782,10.71045],[-3.94741,10.70886],[-3.94698,10.70829],[-3.94654,10.70783],[-3.94489,10.70687],[-3.94136,10.70544],[-3.9409,10.70508],[-3.9406,10.70461],[-3.94105,10.70308],[-3.94093,10.70079],[-3.94047,10.69987],[-3.93919,10.69846],[-3.93615,10.69699],[-3.93029,10.697],[-3.92966,10.69618],[-3.92883,10.69564],[-3.927,10.69364],[-3.92649,10.69246],[-3.92569,10.69144],[-3.92544,10.69057],[-3.92455,10.68945],[-3.92303,10.68804],[-3.92255,10.68712],[-3.92244,10.68634],[-3.92317,10.68325],[-3.92365,10.6828],[-3.92388,10.68155],[-3.92383,10.68087],[-3.92325,10.67976],[-3.9233,10.67956],[-3.92361,10.67913],[-3.9262,10.67756],[-3.92736,10.67665],[-3.92772,10.67617],[-3.92727,10.6741],[-3.92507,10.67038],[-3.92226,10.66978],[-3.92084,10.67024],[-3.91945,10.67031],[-3.91869,10.67072],[-3.91826,10.67128],[-3.91798,10.67131],[-3.91713,10.67259],[-3.91598,10.67333],[-3.91579,10.6754],[-3.91624,10.67801],[-3.91599,10.67871],[-3.91602,10.67992],[-3.91326,10.68346],[-3.91332,10.68444],[-3.91535,10.68683],[-3.91551,10.6873],[-3.91518,10.68861],[-3.91503,10.68869],[-3.91347,10.68905],[-3.91225,10.68853],[-3.91169,10.68791],[-3.9115,10.68748],[-3.90914,10.68741],[-3.90875,10.68754],[-3.90838,10.68804],[-3.9075,10.68871],[-3.90631,10.68911],[-3.90584,10.689],[-3.90553,10.68839],[-3.90401,10.68817],[-3.90167,10.68869],[-3.90154,10.68935],[-3.90173,10.68997],[-3.90145,10.69046],[-3.90198,10.69217],[-3.90195,10.69368],[-3.90189,10.69392],[-3.90074,10.695],[-3.90061,10.6956],[-3.89992,10.69614],[-3.89954,10.69601],[-3.89868,10.69655],[-3.89765,10.69669],[-3.89672,10.69746],[-3.8947,10.69772],[-3.89194,10.69871],[-3.89135,10.69932],[-3.89052,10.69937],[-3.88937,10.69886],[-3.88892,10.69897],[-3.88734,10.698],[-3.88727,10.69771],[-3.88688,10.69748],[-3.88669,10.69705],[-3.88596,10.69677],[-3.88539,10.69614],[-3.88475,10.69614],[-3.88439,10.69591],[-3.8838,10.69585],[-3.88139,10.69619],[-3.88081,10.6965],[-3.88039,10.69701],[-3.87922,10.70022],[-3.87847,10.70109],[-3.87748,10.70162],[-3.87565,10.70171],[-3.8751,10.70149],[-3.87456,10.70057],[-3.87356,10.70049],[-3.87108,10.69967],[-3.87045,10.6993],[-3.86992,10.69931]]},"properties":{"name":"Cascades - Hauts-Bassins","type":"River","flow_regime":"perennial","label":"Cascades - Hauts-Bassins"}},{"type":"Feature","geometry":{"type":"LineString","coordinates":[[-3.84637,10.73075],[-3.84508,10.73068],[-3.84295,10.73131],[-3.84133,10.73105],[-3.84029,10.7305],[-3.83972,10.72965],[-3.83909,10.72926],[-3.83686,10.72713],[-3.83612,10.72683],[-3.83424,10.72948],[-3.83396,10.73013],[-3.83334,10.7358],[-3.8335,10.73809],[-3.83377,10.7384],[-3.8341,10.73823],[-3.83435,10.7383],[-3.83537,10.73939],[-3.83765,10.73668],[-3.83805,10.73572],[-3.83873,10.7349],[-3.83993,10.73425],[-3.84191,10.73377],[-3.84229,10.734],[-3.84275,10.73469],[-3.84371,10.73701],[-3.84489,10.73911],[-3.8454,10.73971],[-3.84564,10.74101],[-3.8456,10.74296],[-3.84548,10.74357],[-3.8447,10.74483],[-3.84354,10.74598],[-3.84236,10.74657],[-3.83954,10.74868],[-3.83806,10.74899],[-3.83775,10.74951],[-3.83779,10.74979],[-3.83846,10.75043],[-3.83961,10.75059],[-3.83969,10.75074],[-3.83972,10.75098],[-3.83913,10.75239],[-3.83915,10.7528],[-3.84062,10.75303],[-3.84096,10.75328],[-3.84117,10.75374],[-3.84218,10.75494],[-3.84463,10.75694],[-3.84571,10.75824],[-3.84571,10.75936],[-3.84518,10.75983],[-3.84522,10.76109],[-3.84495,10.76132],[-3.84425,10.76152],[-3.84392,10.76146],[-3.8439,10.76099],[-3.84376,10.76086],[-3.84242,10.76078],[-3.84082,10.76095],[-3.84004,10.76046],[-3.83945,10.75976],[-3.83888,10.75957],[-3.83874,10.75966],[-3.83879,10.76046],[-3.83867,10.76058],[-3.83754,10.76051],[-3.83547,10.75946],[-3.83488,10.75965],[-3.83365,10.76045],[-3.83369,10.76074],[-3.83417,10.76085],[-3.83402,10.76122],[-3.83333,10.7614],[-3.83402,10.76361],[-3.83419,10.76481],[-3.83407,10.76504],[-3.83363,10.76518],[-3.83243,10.76457],[-3.83202,10.76457],[-3.83072,10.76499],[-3.8293,10.76581],[-3.82838,10.76595],[-3.82679,10.7677],[-3.82547,10.76793],[-3.82345,10.77026],[-3.82233,10.77108],[-3.82224,10.77142],[-3.82263,10.77163],[-3.82285,10.77213],[-3.822,10.77261],[-3.82186,10.7736],[-3.82138,10.77377],[-3.82137,10.77424],[-3.82162,10.77473],[-3.82256,10.77554],[-3.82445,10.77498],[-3.82511,10.7752],[-3.82579,10.77649],[-3.82602,10.77746],[-3.82733,10.77934],[-3.82814,10.77973],[-3.82828,10.78],[-3.82818,10.78031],[-3.82707,10.781],[-3.82571,10.78237],[-3.82598,10.78285],[-3.82601,10.78362],[-3.8263,10.78409],[-3.82615,10.78442],[-3.82525,10.78423],[-3.82461,10.78453],[-3.82426,10.78519],[-3.82459,10.78634],[-3.82365,10.78638],[-3.82327,10.78667],[-3.82312,10.78852],[-3.82333,10.78914],[-3.82323,10.78937],[-3.82289,10.78951],[-3.82212,10.78943],[-3.82191,10.78956],[-3.82182,10.78978],[-3.82207,10.79082],[-3.82195,10.79144],[-3.82168,10.79171],[-3.81994,10.79244],[-3.81903,10.79325],[-3.81822,10.79277],[-3.81784,10.79289],[-3.81729,10.79383],[-3.81613,10.79488],[-3.815,10.79659],[-3.81366,10.79808],[-3.81339,10.79876],[-3.81346,10.7999],[-3.81306,10.80118],[-3.81302,10.80214],[-3.81227,10.80323],[-3.8122,10.80386],[-3.81175,10.80497],[-3.81107,10.80564],[-3.81045,10.80865],[-3.81012,10.80906],[-3.80773,10.81058],[-3.80754,10.81083],[-3.80763,10.81157],[-3.80849,10.8125],[-3.80858,10.81308],[-3.80808,10.81341],[-3.80662,10.81352],[-3.80621,10.81376],[-3.80436,10.81622],[-3.80406,10.81629],[-3.80318,10.81608],[-3.80158,10.81761],[-3.80045,10.81889],[-3.80013,10.81948],[-3.7996,10.81962],[-3.79899,10.8202],[-3.79834,10.82167],[-3.79769,10.82138],[-3.79742,10.82142],[-3.79708,10.82244],[-3.79603,10.82275],[-3.79593,10.82301],[-3.79604,10.82333],[-3.79674,10.82381],[-3.79703,10.82432],[-3.79684,10.82572],[-3.79737,10.82634],[-3.79727,10.82681],[-3.79747,10.82695],[-3.79788,10.8269],[-3.798,10.82748],[-3.79771,10.82823],[-3.79702,10.82865],[-3.79709,10.82887],[-3.79824,10.8299],[-3.79816,10.83071],[-3.79835,10.8314],[-3.79924,10.83186],[-3.79949,10.83215],[-3.79877,10.83253],[-3.79857,10.833],[-3.79863,10.83371],[-3.79829,10.8341],[-3.79894,10.83581],[-3.79878,10.83607],[-3.79609,10.83949],[-3.79562,10.83975],[-3.79479,10.83979],[-3.79456,10.84004],[-3.79451,10.84059],[-3.79425,10.84096],[-3.79327,10.8414],[-3.79152,10.84166],[-3.79099,10.84156],[-3.79088,10.84116],[-3.79221,10.83948],[-3.79222,10.83906],[-3.79162,10.83833],[-3.7913,10.8382],[-3.79056,10.83825],[-3.78997,10.8388],[-3.78967,10.83952],[-3.78975,10.8399],[-3.79038,10.83978],[-3.79058,10.83998],[-3.79059,10.84033],[-3.79023,10.84075],[-3.79004,10.84134],[-3.7896,10.84185],[-3.78897,10.84211],[-3.78876,10.84206],[-3.78859,10.84172],[-3.78809,10.84185],[-3.7878,10.84219],[-3.78782,10.84285]]},"properties":{"name":"Cascades - Hauts-Bassins","type":"River","flow_regime":"perennial","label":"Cascades - Hauts-Bassins"}},{"type":"Feature","geometry":{"type":"LineString","coordinates":[[-1.37427,13.15218],[-1.37285,13.15079],[-1.37092,13.14744],[-1.36794,13.14623],[-1.36455,13.14523],[-1.36044,13.14541],[-1.35814,13.14617],[-1.35592,13.14908],[-1.35395,13.14954],[-1.35296,13.14925],[-1.35159,13.14816],[-1.35049,13.14678],[-1.34973,13.14466]]},"properties":{"name":"","type":"River","flow_regime":"perennial","label":"River"}},{"type":"Feature","geometry":{"type":"LineString","coordinates":[[-4.722,10.81418],[-4.72388,10.80882],[-4.73008,10.79923],[-4.73233,10.78656],[-4.73219,10.78238],[-4.73192,10.78192],[-4.73184,10.78127]]},"properties":{"name":"Como\u00e9","type":"River","flow_regime":"perennial","label":"Como\u00e9"}},{"type":"Feature","geometry":{"type":"LineString","coordinates":[[-4.73184,10.78127],[-4.7319,10.78101]]},"properties":{"name":"Como\u00e9","type":"River","flow_regime":"perennial","label":"Como\u00e9"}},{"type":"Feature","geometry":{"type":"LineString","coordinates":[[-4.67823,10.83848],[-4.67919,10.83753],[-4.68165,10.83567],[-4.6822,10.83502],[-4.68361,10.83429],[-4.68487,10.83332],[-4.6869,10.83249],[-4.68735,10.83216],[-4.68855,10.83232],[-4.6892,10.83222],[-4.6928,10.82964],[-4.69323,10.82945],[-4.69456,10.82952],[-4.69505,10.8292],[-4.69704,10.82665],[-4.69791,10.82503],[-4.69802,10.82391],[-4.69858,10.82343],[-4.69889,10.82227],[-4.69839,10.82037],[-4.69873,10.81843],[-4.6986,10.81735],[-4.69775,10.81524],[-4.69677,10.81369],[-4.69608,10.81327],[-4.69453,10.81355],[-4.69435,10.81335],[-4.69405,10.81235],[-4.69424,10.81179],[-4.69394,10.81118],[-4.69116,10.80893],[-4.68922,10.80816],[-4.68858,10.80755],[-4.68784,10.80726],[-4.6861,10.80564],[-4.68605,10.80543],[-4.68642,10.80463],[-4.68754,10.80425],[-4.68826,10.80345],[-4.68923,10.80339],[-4.6903,10.80292],[-4.69067,10.80229],[-4.69163,10.80145],[-4.69155,10.80035],[-4.69166,10.79997],[-4.69085,10.79871],[-4.69117,10.79781],[-4.69111,10.79738],[-4.69178,10.79649],[-4.6921,10.795],[-4.69235,10.7945],[-4.69359,10.79327],[-4.69376,10.79126],[-4.69419,10.7908],[-4.69454,10.79001],[-4.69488,10.78997],[-4.69493,10.78982],[-4.69457,10.78929],[-4.69528,10.78838],[-4.69565,10.78756],[-4.69688,10.78691],[-4.6974,10.78628],[-4.69744,10.78595],[-4.69794,10.78516],[-4.69844,10.78502],[-4.69843,10.78464],[-4.69817,10.78411],[-4.69824,10.78365],[-4.69914,10.78215],[-4.69919,10.78149],[-4.69973,10.78097],[-4.69947,10.78046],[-4.69946,10.78003],[-4.69963,10.7799],[-4.70002,10.77998],[-4.70026,10.77971],[-4.69956,10.77889],[-4.69963,10.77858],[-4.69933,10.77821],[-4.69771,10.77769],[-4.69719,10.77655],[-4.69678,10.77639],[-4.6967,10.77586],[-4.69612,10.77552],[-4.6961,10.77514],[-4.69557,10.77501],[-4.69556,10.77466],[-4.69508,10.77391],[-4.695,10.77345],[-4.69457,10.77319],[-4.69426,10.7732],[-4.69403,10.77345],[-4.6937,10.77334],[-4.69364,10.77298],[-4.69337,10.77274],[-4.69382,10.77261],[-4.69367,10.77239],[-4.69386,10.77203],[-4.6941,10.77197],[-4.69394,10.77136],[-4.69298,10.76976],[-4.69242,10.76963],[-4.69222,10.76909],[-4.69197,10.76916],[-4.69207,10.76889],[-4.69168,10.76872],[-4.69157,10.76804],[-4.69212,10.7675],[-4.69235,10.767],[-4.69292,10.76677],[-4.69257,10.76646],[-4.6929,10.76513],[-4.69329,10.76497],[-4.69358,10.76407],[-4.69406,10.7637],[-4.69421,10.76316],[-4.6941,10.76281],[-4.68339,10.74541],[-4.68257,10.74446],[-4.68298,10.74246],[-4.6824,10.74208],[-4.6823,10.74092],[-4.68354,10.74079],[-4.68375,10.74001],[-4.68345,10.73986],[-4.68322,10.739],[-4.68554,10.73719],[-4.68594,10.73731],[-4.68672,10.73681],[-4.68687,10.73598],[-4.68775,10.73569],[-4.6876,10.73508],[-4.68914,10.73449],[-4.68926,10.73356],[-4.69026,10.73244],[-4.691,10.72829],[-4.69069,10.72782],[-4.69091,10.72715],[-4.69201,10.72728],[-4.69289,10.72688],[-4.69378,10.72718],[-4.69413,10.72701],[-4.69491,10.72766],[-4.69553,10.72717],[-4.6956,10.72618],[-4.69602,10.7257],[-4.69756,10.72536],[-4.69993,10.72366],[-4.70029,10.72356],[-4.70039,10.72311],[-4.70099,10.72288],[-4.70139,10.72303],[-4.70206,10.72257],[-4.70183,10.72226],[-4.702,10.72211],[-4.70277,10.72277],[-4.70295,10.72384],[-4.70269,10.724],[-4.70275,10.72438],[-4.70389,10.72489],[-4.70456,10.72587],[-4.70613,10.72658],[-4.70673,10.72626],[-4.70681,10.72567],[-4.70666,10.72546],[-4.70687,10.72526],[-4.7076,10.72521],[-4.7078,10.72531],[-4.70776,10.72567],[-4.70795,10.72584],[-4.70836,10.72585]]},"properties":{"name":"Como\u00e9","type":"River","flow_regime":"perennial","label":"Como\u00e9"}},{"type":"Feature","geometry":{"type":"LineString","coordinates":[[-1.06715,12.51296],[-1.06708,12.51139],[-1.06723,12.5098],[-1.06772,12.50846],[-1.06874,12.5072],[-1.07012,12.50611],[-1.0722,12.50561],[-1.07417,12.50534],[-1.07615,12.50562],[-1.07893,12.50728],[-1.08224,12.51001],[-1.08689,12.51332],[-1.09145,12.51499],[-1.09466,12.51558],[-1.09794,12.51558],[-1.09955,12.51502],[-1.1011,12.51422],[-1.10372,12.51189]]},"properties":{"name":"","type":"River","flow_regime":"perennial","label":"River"}},{"type":"Feature","geometry":{"type":"LineString","coordinates":[[-1.10973,12.51624],[-1.10372,12.51189]]},"properties":{"name":"","type":"River","flow_regime":"perennial","label":"River"}},{"type":"Feature","geometry":{"type":"LineString","coordinates":[[-1.10372,12.51189],[-1.10252,12.50946],[-1.10053,12.50694],[-1.09813,12.50475],[-1.09555,12.5029],[-1.0893,12.49919],[-1.08626,12.4968],[-1.08414,12.49439],[-1.08214,12.49166]]},"properties":{"name":"","type":"River","flow_regime":"perennial","label":"River"}},{"type":"Feature","geometry":{"type":"LineString","coordinates":[[-1.14891,12.53802],[-1.14855,12.53804],[-1.14866,12.53784],[-1.14851,12.53773],[-1.14803,12.53786],[-1.14804,12.53742],[-1.1477,12.5377],[-1.14679,12.53757],[-1.14673,12.53737],[-1.14703,12.53679],[-1.1467,12.53656],[-1.14601,12.53693],[-1.1459,12.53663],[-1.14549,12.53666],[-1.1453,12.53642],[-1.145,12.53668],[-1.14516,12.53699],[-1.1449,12.53692],[-1.14475,12.53665],[-1.14384,12.53679],[-1.14367,12.53714],[-1.14341,12.53691],[-1.14316,12.53727],[-1.14347,12.53744],[-1.14327,12.53781],[-1.14276,12.53725],[-1.14241,12.53735],[-1.1424,12.53713],[-1.14152,12.53734],[-1.13976,12.53702],[-1.13687,12.53629],[-1.13421,12.53519],[-1.13211,12.53381],[-1.13036,12.53203],[-1.12879,12.52976],[-1.12635,12.52749],[-1.12462,12.52664],[-1.12124,12.52611],[-1.11879,12.52518],[-1.11691,12.52385],[-1.11464,12.52193],[-1.10973,12.51624]]},"properties":{"name":"","type":"River","flow_regime":"perennial","label":"River"}},{"type":"Feature","geometry":{"type":"LineString","coordinates":[[-1.11009,12.67139],[-1.10204,12.6762],[-1.09676,12.67767],[-1.09011,12.6775],[-1.08479,12.6762],[-1.07938,12.67264],[-1.07676,12.66917],[-1.07586,12.6667],[-1.07604,12.66427],[-1.07681,12.66134],[-1.07835,12.65828],[-1.08095,12.65573],[-1.08419,12.65334],[-1.0873,12.64974],[-1.08938,12.64564],[-1.0897,12.64203],[-1.08927,12.63718],[-1.0879,12.63395],[-1.08507,12.63039],[-1.07696,12.6216],[-1.07314,12.61854],[-1.07091,12.61594],[-1.06949,12.61331],[-1.06906,12.61134],[-1.06898,12.60908],[-1.06966,12.60635],[-1.07056,12.60439],[-1.07217,12.60221],[-1.07627,12.6007],[-1.08204,12.60053],[-1.08556,12.59959],[-1.08779,12.59819],[-1.08942,12.59643],[-1.09045,12.59475],[-1.09095,12.59226],[-1.09054,12.59006],[-1.08891,12.58696],[-1.08601,12.58439],[-1.08176,12.58106],[-1.07797,12.57781],[-1.07535,12.57389],[-1.07475,12.57002],[-1.07501,12.56619],[-1.07852,12.55295],[-1.07981,12.54608],[-1.07913,12.53762],[-1.07518,12.52698],[-1.07051,12.51965],[-1.06715,12.51296]]},"properties":{"name":"","type":"River","flow_regime":"perennial","label":"River"}},{"type":"Feature","geometry":{"type":"LineString","coordinates":[[-0.34892,13.256],[-0.34986,13.2566],[-0.35215,13.25753],[-0.35254,13.25788],[-0.35344,13.25972],[-0.35424,13.26071],[-0.35499,13.2611]]},"properties":{"name":"","type":"River","flow_regime":"perennial","label":"River"}},{"type":"Feature","geometry":{"type":"LineString","coordinates":[[-5.09556,10.34716],[-5.09506,10.34858],[-5.09521,10.35035],[-5.09722,10.35358],[-5.09962,10.35538],[-5.10127,10.357],[-5.11091,10.36528],[-5.12166,10.3658],[-5.12453,10.36739],[-5.12937,10.37145],[-5.13299,10.37412],[-5.13597,10.37553],[-5.14385,10.37721]]},"properties":{"name":"","type":"River","flow_regime":"perennial","label":"River"}},{"type":"Feature","geometry":{"type":"LineString","coordinates":[[-5.12438,10.51343],[-5.12373,10.51297],[-5.12038,10.50642],[-5.1199,10.50437],[-5.11978,10.49983],[-5.11914,10.49627],[-5.11954,10.49345],[-5.11253,10.49032],[-5.10879,10.48916],[-5.10137,10.48574],[-5.09812,10.48379],[-5.09402,10.48047],[-5.09272,10.48005]]},"properties":{"name":"","type":"River","flow_regime":"perennial","label":"River"}},{"type":"Feature","geometry":{"type":"LineString","coordinates":[[-5.08782,10.37843],[-5.09038,10.38037],[-5.09763,10.38232],[-5.10211,10.38416],[-5.10327,10.38382],[-5.11108,10.38532],[-5.11204,10.38589],[-5.11641,10.39031],[-5.11993,10.39278],[-5.12323,10.39417],[-5.12666,10.39662],[-5.12997,10.40266],[-5.13254,10.40385],[-5.14425,10.4109],[-5.14629,10.41289],[-5.14773,10.41382],[-5.14918,10.41621],[-5.15317,10.41932]]},"properties":{"name":"","type":"River","flow_regime":"perennial","label":"River"}},{"type":"Feature","geometry":{"type":"LineString","coordinates":[[-5.18541,10.51251],[-5.18468,10.51111],[-5.18044,10.50833],[-5.17441,10.50852],[-5.17156,10.50663],[-5.17021,10.50517],[-5.16676,10.50249],[-5.16427,10.50101],[-5.1638,10.49912],[-5.16069,10.49848],[-5.15704,10.49646],[-5.15468,10.49683],[-5.14742,10.49664],[-5.14438,10.49623],[-5.13846,10.49728],[-5.13641,10.49673]]},"properties":{"name":"","type":"River","flow_regime":"perennial","label":"River"}},{"type":"Feature","geometry":{"type":"LineString","coordinates":[[-5.10309,10.31347],[-5.10299,10.31886],[-5.10333,10.31996],[-5.10449,10.32109],[-5.1063,10.32347],[-5.10736,10.32402],[-5.1078,10.32532],[-5.1086,10.32652],[-5.10951,10.32867],[-5.10967,10.33002],[-5.11085,10.33511],[-5.11162,10.33761],[-5.11429,10.34182],[-5.11659,10.34497],[-5.11839,10.34593],[-5.11978,10.34637],[-5.12129,10.34784],[-5.1229,10.34828],[-5.12814,10.35111],[-5.12975,10.35266],[-5.1316,10.35499],[-5.13492,10.35746],[-5.13894,10.3595],[-5.14068,10.35992],[-5.14268,10.35986],[-5.14842,10.36146],[-5.14854,10.36168]]},"properties":{"name":"","type":"River","flow_regime":"perennial","label":"River"}},{"type":"Feature","geometry":{"type":"LineString","coordinates":[[-0.07706,12.62162],[-0.07414,12.62301],[-0.07256,12.62607],[-0.07063,12.62686],[-0.07047,12.62711],[-0.07091,12.62834],[-0.06711,12.62993]]},"properties":{"name":"","type":"River","flow_regime":"perennial","label":"River"}},{"type":"Feature","geometry":{"type":"LineString","coordinates":[[-0.08318,12.63434],[-0.08158,12.63425],[-0.08091,12.63406],[-0.0797,12.63319],[-0.07867,12.63287],[-0.07753,12.63211],[-0.07555,12.63158],[-0.07447,12.63102],[-0.07363,12.63082],[-0.0714,12.63145],[-0.06872,12.6311],[-0.06711,12.62993],[-0.0665,12.63009],[-0.06507,12.62973],[-0.06413,12.62992],[-0.06384,12.63024],[-0.06369,12.63102],[-0.06239,12.63216],[-0.06134,12.63263],[-0.06089,12.63305],[-0.05846,12.6321],[-0.05763,12.63138],[-0.05752,12.63055],[-0.05654,12.63019],[-0.05555,12.63107],[-0.05321,12.62965],[-0.05213,12.62929],[-0.05047,12.6276],[-0.04836,12.62725],[-0.04756,12.62657],[-0.04667,12.62639],[-0.04551,12.62584],[-0.04382,12.62566],[-0.04224,12.62522],[-0.04128,12.62425],[-0.0402,12.62449],[-0.03976,12.62415],[-0.03866,12.62377],[-0.03841,12.623],[-0.03782,12.62309],[-0.03603,12.62266],[-0.03563,12.62192],[-0.03307,12.62151],[-0.03188,12.62152],[-0.03106,12.62031],[-0.02863,12.62063],[-0.02774,12.62129],[-0.02758,12.62251],[-0.02728,12.6231],[-0.02677,12.62325],[-0.02613,12.62376],[-0.02501,12.6252],[-0.02379,12.62752],[-0.02334,12.62788],[-0.02239,12.62806],[-0.01888,12.62751],[-0.01841,12.62728],[-0.01828,12.62697],[-0.0178,12.6266],[-0.01756,12.62679],[-0.01738,12.62807],[-0.01705,12.62841],[-0.01646,12.62838],[-0.01552,12.62895],[-0.01465,12.6285],[-0.0145,12.62796],[-0.01308,12.62837],[-0.01265,12.62782],[-0.01165,12.62785],[-0.01105,12.62696],[-0.0103,12.62687],[-0.00986,12.62706],[-0.00916,12.62685],[-0.0085,12.62703],[-0.00867,12.62738],[-0.00856,12.62817],[-0.00874,12.62875],[-0.00828,12.62898],[-0.00735,12.62859],[-0.00593,12.62901],[-0.00517,12.62849],[-0.00478,12.62857],[-0.00437,12.62803],[-0.00366,12.62811],[-0.00315,12.62827],[-0.00274,12.62868],[-0.0016,12.63115],[-0.00166,12.6315],[-0.00119,12.63274],[-0.0002,12.63334],[0.00116,12.63511],[0.00297,12.63556],[0.00626,12.63473]]},"properties":{"name":"","type":"River","flow_regime":"perennial","label":"River"}},{"type":"Feature","geometry":{"type":"LineString","coordinates":[[-0.04942,13.19409],[-0.04807,13.19453],[-0.04764,13.19526],[-0.04608,13.19633],[-0.04533,13.19712],[-0.04397,13.19808],[-0.04337,13.199],[-0.04163,13.1999],[-0.04073,13.20055],[-0.04005,13.20061],[-0.03822,13.20159],[-0.03739,13.20245],[-0.03743,13.20333],[-0.03775,13.20347],[-0.0376,13.20381],[-0.03623,13.20483],[-0.03533,13.20508],[-0.03485,13.20563],[-0.03466,13.20709],[-0.03464,13.20941],[-0.03488,13.2107],[-0.03479,13.21158],[-0.03438,13.21244],[-0.03393,13.21275],[-0.03355,13.21354],[-0.03312,13.2148],[-0.03307,13.21544],[-0.03204,13.21666],[-0.03097,13.21745],[-0.03078,13.21816],[-0.02968,13.21948],[-0.02932,13.22054],[-0.02825,13.22102],[-0.02734,13.22232],[-0.02655,13.22263],[-0.0258,13.22334],[-0.02548,13.2238],[-0.02533,13.22572],[-0.02509,13.22616],[-0.02436,13.2266],[-0.02376,13.22674],[-0.02228,13.22658],[-0.02164,13.22668],[-0.02127,13.22706],[-0.0202,13.22723],[-0.01966,13.22752],[-0.01842,13.22881],[-0.01807,13.2299],[-0.01704,13.23092],[-0.01327,13.23073],[-0.012,13.23149],[-0.01054,13.23153],[-0.00893,13.23289],[-0.00772,13.23283],[-0.00748,13.23304]]},"properties":{"name":"","type":"River","flow_regime":"perennial","label":"River"}},{"type":"Feature","geometry":{"type":"LineString","coordinates":[[-0.05676,13.22689],[-0.05603,13.22672],[-0.05507,13.22677],[-0.05445,13.22656],[-0.05105,13.22482],[-0.05056,13.22403],[-0.04711,13.22165],[-0.04498,13.22042],[-0.04209,13.21939],[-0.0413,13.2194],[-0.04013,13.21877],[-0.03788,13.21803],[-0.03586,13.2176],[-0.03351,13.2187],[-0.03167,13.21926],[-0.02998,13.21908]]},"properties":{"name":"","type":"River","flow_regime":"perennial","label":"River"}},{"type":"Feature","geometry":{"type":"LineString","coordinates":[[-1.05336,13.41301],[-1.05193,13.41411],[-1.0516,13.41501],[-1.05071,13.41545],[-1.04956,13.41568],[-1.04876,13.41663],[-1.04816,13.41695],[-1.04795,13.41774],[-1.04708,13.41883],[-1.04643,13.42089],[-1.04551,13.42234],[-1.04546,13.4233],[-1.0441,13.42557],[-1.04384,13.42698]]},"properties":{"name":"","type":"River","flow_regime":"perennial","label":"River"}},{"type":"Feature","geometry":{"type":"LineString","coordinates":[[-0.61055,13.48765],[-0.61227,13.48813]]},"properties":{"name":"","type":"River","flow_regime":"perennial","label":"River"}},{"type":"Feature","geometry":{"type":"LineString","coordinates":[[-0.65106,13.41423],[-0.65146,13.41471],[-0.65184,13.4157],[-0.65177,13.41658],[-0.65247,13.41933],[-0.65301,13.42037],[-0.6529,13.4211],[-0.65306,13.42261],[-0.65413,13.4238],[-0.65411,13.42756],[-0.65461,13.4295]]},"properties":{"name":"","type":"River","flow_regime":"perennial","label":"River"}},{"type":"Feature","geometry":{"type":"LineString","coordinates":[[-2.82513,11.02136],[-2.8261,11.02041],[-2.82845,11.01738],[-2.83046,11.01389],[-2.83226,11.01122],[-2.83291,11.00981],[-2.8337,11.00669]]},"properties":{"name":"Le Mouhoun","type":"River","flow_regime":"perennial","label":"Le Mouhoun"}},{"type":"Feature","geometry":{"type":"LineString","coordinates":[[-2.85867,11.24472],[-2.85754,11.24454],[-2.85593,11.24513],[-2.85502,11.24528],[-2.85341,11.24464],[-2.85047,11.24396],[-2.84803,11.24381],[-2.84294,11.24405],[-2.84091,11.24334],[-2.8392,11.2431],[-2.83794,11.24349],[-2.83694,11.24488],[-2.83656,11.24516],[-2.83598,11.24532],[-2.83447,11.24484],[-2.83349,11.24429],[-2.8311,11.24435],[-2.82928,11.24412],[-2.82735,11.24429],[-2.82414,11.24386],[-2.82203,11.24378],[-2.81989,11.24401],[-2.81494,11.24346],[-2.81066,11.24163],[-2.80817,11.24085]]},"properties":{"name":"Le Mouhoun","type":"River","flow_regime":"perennial","label":"Le Mouhoun"}},{"type":"Feature","geometry":{"type":"LineString","coordinates":[[-3.80215,10.50451],[-3.80322,10.50538],[-3.80379,10.50703],[-3.8051,10.50729],[-3.8069,10.50881],[-3.80819,10.50955],[-3.80858,10.50991],[-3.80831,10.51045],[-3.80841,10.51073],[-3.8097,10.51116],[-3.80945,10.51164],[-3.80956,10.51208],[-3.81006,10.51276],[-3.81073,10.5129],[-3.8107,10.51328],[-3.81023,10.51358],[-3.808,10.5144],[-3.80786,10.515],[-3.80807,10.51544],[-3.80831,10.51546],[-3.80855,10.51477],[-3.80887,10.51446],[-3.80987,10.51502],[-3.81093,10.51484],[-3.81137,10.51438],[-3.81182,10.51422],[-3.81219,10.51385],[-3.81249,10.51316],[-3.81268,10.51309],[-3.81341,10.51328],[-3.81332,10.51411],[-3.81367,10.51465],[-3.81432,10.51495],[-3.81538,10.51493],[-3.81592,10.51533],[-3.81588,10.51609],[-3.81438,10.51815],[-3.81499,10.52067],[-3.81519,10.52064],[-3.81546,10.52009],[-3.81566,10.52001],[-3.81693,10.52018],[-3.81824,10.51923],[-3.81854,10.52048],[-3.81943,10.52075],[-3.82037,10.52147],[-3.82039,10.52163],[-3.82009,10.52162],[-3.8198,10.52191],[-3.81991,10.52238],[-3.82022,10.52268],[-3.82131,10.52284],[-3.82212,10.5233],[-3.82331,10.52295],[-3.8241,10.52293],[-3.82467,10.52369],[-3.82515,10.524],[-3.82581,10.52401],[-3.82684,10.52376],[-3.82734,10.52463],[-3.82759,10.52474],[-3.82798,10.52459],[-3.82857,10.52386],[-3.82888,10.52373],[-3.82921,10.52488],[-3.82929,10.52624],[-3.82955,10.52665],[-3.83122,10.52791],[-3.83177,10.52805],[-3.83279,10.52777],[-3.83371,10.52797],[-3.83395,10.52843],[-3.83399,10.52909],[-3.83346,10.53113],[-3.83329,10.5313],[-3.83299,10.53127],[-3.83241,10.53066],[-3.83203,10.53053],[-3.83182,10.53062],[-3.83172,10.53121],[-3.83319,10.53178],[-3.83354,10.53227],[-3.83411,10.53371],[-3.83453,10.53379],[-3.83486,10.53366],[-3.83536,10.53302],[-3.83557,10.53297],[-3.8363,10.53329],[-3.83671,10.53388],[-3.837,10.53469],[-3.83764,10.53495],[-3.83796,10.53547],[-3.8388,10.53626],[-3.83898,10.53699],[-3.84043,10.53733],[-3.84086,10.53767],[-3.84096,10.539],[-3.84037,10.53978],[-3.8401,10.53993],[-3.83989,10.53986],[-3.83893,10.5389],[-3.83817,10.53871],[-3.83755,10.53943],[-3.83764,10.54059],[-3.83775,10.54082],[-3.83868,10.5414],[-3.83897,10.54287],[-3.83924,10.54304],[-3.83974,10.54294],[-3.84043,10.54179],[-3.84077,10.54195],[-3.84091,10.54298],[-3.84161,10.5446],[-3.84077,10.54532],[-3.84083,10.54559],[-3.84421,10.54606],[-3.84522,10.5464],[-3.84596,10.547],[-3.84646,10.54816],[-3.84681,10.54963],[-3.84664,10.55009],[-3.84603,10.55062],[-3.84569,10.55127],[-3.84566,10.55202],[-3.8462,10.55256],[-3.84693,10.55414],[-3.84762,10.55514],[-3.84755,10.55526],[-3.84694,10.55525],[-3.84679,10.55544],[-3.84683,10.55569],[-3.84819,10.55649],[-3.84991,10.55701],[-3.85007,10.55735],[-3.8502,10.55858],[-3.8514,10.56062],[-3.85197,10.56202],[-3.85193,10.56271],[-3.85163,10.56288],[-3.85054,10.56294],[-3.84948,10.56272],[-3.84835,10.56285],[-3.84829,10.56472],[-3.84753,10.56902],[-3.84766,10.56933],[-3.84833,10.56946],[-3.85141,10.56834],[-3.85191,10.56841],[-3.85226,10.56868],[-3.85256,10.56944],[-3.85199,10.56982],[-3.85107,10.57013],[-3.85111,10.57147],[-3.84942,10.57336],[-3.84883,10.5747],[-3.84869,10.5754],[-3.84878,10.57664],[-3.84847,10.57666],[-3.84777,10.57597],[-3.8469,10.57626],[-3.84605,10.57534],[-3.8458,10.57535],[-3.84498,10.57603],[-3.84412,10.57636],[-3.84348,10.57702],[-3.84334,10.57746],[-3.84355,10.5789],[-3.84329,10.5801],[-3.84279,10.58077],[-3.84264,10.58208],[-3.84264,10.58267],[-3.84305,10.58326],[-3.84646,10.58502],[-3.84729,10.58569],[-3.84837,10.58694],[-3.84912,10.58711],[-3.8504,10.58791],[-3.8522,10.58819],[-3.85267,10.5884],[-3.8529,10.58875],[-3.8527,10.58937],[-3.85273,10.58995],[-3.85286,10.59007],[-3.85435,10.59018],[-3.8555,10.59198],[-3.85539,10.59246],[-3.85208,10.59538],[-3.85043,10.59614],[-3.84991,10.59731],[-3.84965,10.59966],[-3.8497,10.60084],[-3.85017,10.60227],[-3.85047,10.60406],[-3.85055,10.60603],[-3.85073,10.60622],[-3.85151,10.60633],[-3.85219,10.6068],[-3.85367,10.60963],[-3.85428,10.61016],[-3.8549,10.61012],[-3.85546,10.60956],[-3.85615,10.60924],[-3.85653,10.60924],[-3.85657,10.60946],[-3.85614,10.61016],[-3.85536,10.61255],[-3.85543,10.6131],[-3.85573,10.61353],[-3.85663,10.61415],[-3.85784,10.61468],[-3.85849,10.61546],[-3.85884,10.61548],[-3.86018,10.61496],[-3.86191,10.61459],[-3.86242,10.6142],[-3.86296,10.61408],[-3.86394,10.61418],[-3.86448,10.6144],[-3.86537,10.61575],[-3.8658,10.61815],[-3.8658,10.61991],[-3.86606,10.62081],[-3.86751,10.62216],[-3.87119,10.6239],[-3.87304,10.62447],[-3.8737,10.62499],[-3.87394,10.6254],[-3.87368,10.62691],[-3.87417,10.6274],[-3.87429,10.62771],[-3.87421,10.62807],[-3.87382,10.62875],[-3.87225,10.63045],[-3.87063,10.6319],[-3.87072,10.63246],[-3.87085,10.63267],[-3.87137,10.63289],[-3.87462,10.63337],[-3.87587,10.63466],[-3.87728,10.63546],[-3.87759,10.63629],[-3.87757,10.63653],[-3.87692,10.63727],[-3.87382,10.64052],[-3.87313,10.64088],[-3.86992,10.64166],[-3.86967,10.64279],[-3.86979,10.64315],[-3.87088,10.64304],[-3.87135,10.64321],[-3.87165,10.6437],[-3.87159,10.64422],[-3.87025,10.64512],[-3.86919,10.64643],[-3.86781,10.64695],[-3.86641,10.64844],[-3.86434,10.64977],[-3.86423,10.6501],[-3.86466,10.65071],[-3.86555,10.65132],[-3.86633,10.6527],[-3.86732,10.65315],[-3.86755,10.65315],[-3.86774,10.65289],[-3.86751,10.65248],[-3.86759,10.6519],[-3.86826,10.65089],[-3.86868,10.65098],[-3.86903,10.65133],[-3.86909,10.65351],[-3.86904,10.65391],[-3.86842,10.65467],[-3.86714,10.6555],[-3.86639,10.65689],[-3.86451,10.66161],[-3.86452,10.66243],[-3.86489,10.66282],[-3.86566,10.66292],[-3.86777,10.66272],[-3.86915,10.66229],[-3.87029,10.66227],[-3.87103,10.6628],[-3.8718,10.66309],[-3.87223,10.66352],[-3.87206,10.6637],[-3.87143,10.66371],[-3.87063,10.66335],[-3.86979,10.66365],[-3.86959,10.6639],[-3.86908,10.66572],[-3.86848,10.66656],[-3.86855,10.6676],[-3.86999,10.66985],[-3.87029,10.67057],[-3.87058,10.67082],[-3.87157,10.67112],[-3.87165,10.67149],[-3.87137,10.67256],[-3.87119,10.67278],[-3.86954,10.67239],[-3.86774,10.67379],[-3.86767,10.67435],[-3.86678,10.67541],[-3.86595,10.67677],[-3.86627,10.67712],[-3.86682,10.67724],[-3.86699,10.67668],[-3.86753,10.67643],[-3.86762,10.67575],[-3.86813,10.67554],[-3.86846,10.67598],[-3.86849,10.67704],[-3.86918,10.67718],[-3.86888,10.67817],[-3.86932,10.67926],[-3.86919,10.67966],[-3.86863,10.6803],[-3.86876,10.68142],[-3.8693,10.6816],[-3.87087,10.68128],[-3.87106,10.68145],[-3.87108,10.68173],[-3.87084,10.6822],[-3.87127,10.68282],[-3.87117,10.68305],[-3.87076,10.68321],[-3.8697,10.68289],[-3.86921,10.68239],[-3.86888,10.68268],[-3.86909,10.68327],[-3.8697,10.68359],[-3.87222,10.68373],[-3.87239,10.68396],[-3.87235,10.68506],[-3.87376,10.68612],[-3.87415,10.68668],[-3.87535,10.68754],[-3.87465,10.68912],[-3.87154,10.69384],[-3.871,10.69494],[-3.87,10.69836],[-3.86992,10.69931]]},"properties":{"name":"","type":"River","flow_regime":"perennial","label":"River"}},{"type":"Feature","geometry":{"type":"LineString","coordinates":[[-3.86992,10.69931],[-3.86913,10.69969],[-3.86328,10.6986],[-3.86182,10.6994],[-3.86087,10.70199],[-3.86105,10.70441],[-3.86078,10.70552],[-3.86044,10.70595],[-3.85983,10.70628],[-3.85846,10.7066],[-3.85612,10.70521],[-3.85482,10.70532],[-3.85416,10.70554],[-3.85298,10.70532],[-3.85242,10.7066],[-3.85034,10.70911],[-3.84978,10.71045],[-3.849,10.7117],[-3.84835,10.7119],[-3.84814,10.71245],[-3.84932,10.71489],[-3.84948,10.71686],[-3.85013,10.71994],[-3.85042,10.72067],[-3.85135,10.72158],[-3.85248,10.72212],[-3.8538,10.72439],[-3.85354,10.72606],[-3.853,10.72771],[-3.85163,10.7303],[-3.85052,10.73077],[-3.84949,10.73069],[-3.84837,10.73006],[-3.84735,10.73016],[-3.84637,10.73075]]},"properties":{"name":"Cascades - Hauts-Bassins","type":"River","flow_regime":"perennial","label":"Cascades - Hauts-Bassins"}},{"type":"Feature","geometry":{"type":"LineString","coordinates":[[-4.21818,11.5661],[-4.21596,11.56767],[-4.21549,11.56821],[-4.2151,11.56899],[-4.2142,11.56949],[-4.21391,11.56999],[-4.21345,11.57013],[-4.21314,11.57045],[-4.21177,11.57234],[-4.21053,11.57494],[-4.21042,11.57623],[-4.21058,11.57698],[-4.21036,11.57743],[-4.21029,11.57868],[-4.20996,11.58022],[-4.20939,11.5817],[-4.21072,11.58392],[-4.21163,11.58483],[-4.21164,11.58514],[-4.21125,11.58596],[-4.21155,11.58675],[-4.21145,11.58706],[-4.2105,11.58763],[-4.20851,11.58812],[-4.20589,11.58758],[-4.20383,11.58828],[-4.2019,11.58946],[-4.20205,11.59019],[-4.20356,11.59149],[-4.20547,11.59193],[-4.20543,11.59275],[-4.20468,11.59378],[-4.20466,11.59469],[-4.20498,11.5969],[-4.20441,11.59842],[-4.20408,11.59879],[-4.20372,11.59888],[-4.2027,11.5988],[-4.20214,11.60003],[-4.20177,11.6018],[-4.20133,11.60216],[-4.20053,11.60246],[-4.19933,11.60255],[-4.19895,11.60304],[-4.19853,11.6032],[-4.19717,11.60325],[-4.19651,11.60347],[-4.19531,11.60339],[-4.19397,11.60414],[-4.19275,11.60527],[-4.19209,11.60612],[-4.19127,11.60645],[-4.18974,11.60658],[-4.18796,11.60728]]},"properties":{"name":"Le Mouhoun","type":"River","flow_regime":"perennial","label":"Le Mouhoun"}},{"type":"Feature","geometry":{"type":"LineString","coordinates":[[-4.27714,11.44855],[-4.27715,11.44906],[-4.27669,11.44928],[-4.27619,11.4498],[-4.27645,11.45077],[-4.27594,11.45136],[-4.27476,11.45133],[-4.27463,11.45166],[-4.27474,11.45197],[-4.27452,11.45247],[-4.27321,11.45188],[-4.27285,11.4524],[-4.27283,11.45315],[-4.27251,11.45303],[-4.27224,11.45241],[-4.27202,11.45244],[-4.27193,11.45324],[-4.2717,11.4536],[-4.27185,11.45428],[-4.27142,11.45475],[-4.27076,11.45503],[-4.27045,11.45552],[-4.27111,11.45683],[-4.27177,11.45743],[-4.27239,11.45744],[-4.2724,11.45783],[-4.27282,11.45818],[-4.27259,11.45839],[-4.27246,11.45919],[-4.27196,11.45935],[-4.27177,11.45973],[-4.27103,11.45994],[-4.271,11.46086],[-4.27029,11.46135],[-4.2704,11.46167],[-4.26989,11.46196],[-4.26986,11.46259],[-4.26942,11.46256],[-4.26933,11.46326],[-4.26947,11.46372],[-4.26892,11.46382],[-4.26907,11.46487],[-4.26946,11.46537],[-4.26905,11.46577],[-4.26905,11.46596],[-4.2699,11.46761],[-4.27041,11.46806],[-4.27079,11.46812],[-4.27075,11.46843],[-4.27107,11.46857],[-4.27087,11.46916],[-4.27046,11.46963],[-4.27018,11.47115],[-4.26981,11.47123],[-4.26979,11.47154],[-4.26944,11.47162],[-4.26919,11.47203],[-4.2692,11.47234],[-4.26831,11.47287],[-4.26697,11.47563],[-4.26697,11.47626],[-4.26682,11.47652],[-4.26582,11.47691],[-4.26595,11.47718],[-4.26565,11.4775],[-4.26554,11.47901],[-4.26575,11.47949],[-4.26536,11.48],[-4.26583,11.48083],[-4.26553,11.48127],[-4.26528,11.48137],[-4.26552,11.48278],[-4.26509,11.4833],[-4.26549,11.48366],[-4.26645,11.48373],[-4.26658,11.48455],[-4.26604,11.4857],[-4.26532,11.4858],[-4.26488,11.4863],[-4.26486,11.48685],[-4.26431,11.48711],[-4.26426,11.48808],[-4.26464,11.48937],[-4.265,11.48981],[-4.265,11.49091],[-4.26481,11.49143],[-4.26519,11.49203],[-4.26515,11.49255],[-4.26558,11.49344],[-4.26559,11.49406],[-4.26587,11.49481],[-4.26585,11.49574],[-4.26561,11.49615],[-4.26483,11.49648],[-4.26457,11.49712],[-4.26419,11.49721],[-4.26416,11.49759],[-4.26465,11.49877],[-4.26405,11.49903],[-4.26424,11.49971],[-4.2635,11.49992],[-4.26333,11.5009],[-4.26289,11.50141],[-4.26303,11.50186],[-4.26284,11.50247],[-4.26184,11.50299],[-4.26097,11.50219],[-4.26058,11.50271],[-4.26026,11.50388],[-4.2605,11.50476],[-4.26096,11.50512],[-4.2621,11.50526],[-4.26219,11.5055],[-4.26214,11.50598],[-4.2619,11.50637],[-4.26145,11.50615],[-4.26105,11.50664],[-4.26097,11.50764],[-4.26049,11.50819],[-4.26084,11.50913],[-4.26035,11.50973],[-4.2596,11.50969],[-4.25945,11.51],[-4.25947,11.51079],[-4.25879,11.51089],[-4.2584,11.51054],[-4.25803,11.51119],[-4.25805,11.51188],[-4.25881,11.51211],[-4.2584,11.51251],[-4.25843,11.51273],[-4.25932,11.51257],[-4.25991,11.51215],[-4.26048,11.5122],[-4.26032,11.51306],[-4.2605,11.51325],[-4.26092,11.51324],[-4.26096,11.51402],[-4.2613,11.51402],[-4.26132,11.51451],[-4.2611,11.51479],[-4.2613,11.51504],[-4.26155,11.51505],[-4.26118,11.51584]]},"properties":{"name":"","type":"River","flow_regime":"perennial","label":"River"}},{"type":"Feature","geometry":{"type":"LineString","coordinates":[[-4.50586,11.41238],[-4.50556,11.41234],[-4.50536,11.41256],[-4.50545,11.41321],[-4.50472,11.41357],[-4.50459,11.41409],[-4.50358,11.41551],[-4.5032,11.41687],[-4.50235,11.41762],[-4.50177,11.419],[-4.50113,11.41966],[-4.49992,11.42046],[-4.49969,11.42131],[-4.49934,11.42166],[-4.4992,11.42172],[-4.49866,11.4214],[-4.49811,11.42186],[-4.497,11.42398],[-4.49717,11.42448],[-4.49708,11.4247],[-4.49613,11.42558],[-4.49537,11.42592],[-4.4953,11.42693],[-4.49422,11.42753],[-4.49389,11.42745],[-4.49378,11.42715],[-4.49296,11.42736],[-4.49274,11.42762],[-4.49269,11.42818],[-4.49236,11.42875],[-4.4916,11.42895],[-4.4915,11.42851],[-4.49136,11.42851],[-4.49111,11.42877],[-4.49093,11.42946],[-4.49015,11.42982],[-4.48963,11.42966],[-4.48895,11.42995],[-4.48856,11.42971],[-4.48745,11.43058],[-4.48535,11.43093],[-4.48513,11.43078],[-4.48445,11.43079],[-4.48392,11.43013],[-4.48344,11.42987],[-4.48292,11.43022],[-4.48257,11.43084],[-4.48221,11.43265],[-4.48153,11.43401],[-4.48154,11.43485],[-4.4823,11.4358],[-4.48246,11.43647],[-4.48206,11.43759],[-4.48132,11.43797],[-4.4816,11.43932],[-4.48223,11.4401],[-4.48296,11.44019],[-4.48301,11.44094],[-4.48191,11.44381],[-4.47723,11.44357],[-4.47659,11.44383],[-4.47636,11.4438],[-4.47572,11.44322],[-4.47506,11.44304],[-4.47312,11.44345],[-4.4729,11.44435],[-4.47181,11.44518],[-4.47069,11.44533],[-4.46908,11.45054],[-4.46808,11.45135],[-4.46902,11.45381],[-4.47022,11.45453],[-4.47075,11.45544],[-4.47065,11.45746],[-4.46935,11.45908],[-4.46851,11.4593],[-4.46833,11.45898],[-4.46784,11.45877],[-4.46738,11.45893],[-4.46577,11.46178],[-4.46353,11.46328],[-4.46277,11.46314],[-4.46237,11.46326],[-4.46171,11.46369],[-4.46136,11.46429],[-4.46139,11.46467],[-4.46015,11.46497],[-4.45966,11.46562],[-4.45939,11.46667],[-4.45961,11.46771],[-4.45932,11.46871],[-4.46044,11.47052],[-4.46184,11.47182],[-4.4643,11.47203],[-4.46493,11.47248],[-4.46534,11.47334],[-4.46459,11.47384],[-4.45953,11.48028],[-4.45753,11.48183],[-4.45722,11.48274],[-4.45322,11.48426],[-4.45301,11.48475],[-4.45223,11.48498],[-4.45187,11.4849],[-4.44924,11.48588],[-4.44849,11.48584],[-4.44716,11.48551],[-4.44674,11.48512],[-4.44663,11.48471],[-4.44632,11.48454],[-4.44591,11.48396],[-4.44569,11.48313],[-4.44592,11.48124],[-4.44653,11.48027],[-4.4471,11.48007],[-4.44724,11.47982],[-4.44696,11.47879],[-4.44692,11.47678],[-4.44656,11.47643],[-4.44568,11.47599],[-4.44521,11.47597],[-4.4451,11.47651],[-4.44326,11.47771],[-4.44321,11.47806],[-4.443,11.47825],[-4.4416,11.47922],[-4.44092,11.47922],[-4.4407,11.47973],[-4.44074,11.47995],[-4.44111,11.48027],[-4.44105,11.48063],[-4.44052,11.48123],[-4.43765,11.48329],[-4.43707,11.48414],[-4.43717,11.48452],[-4.43702,11.48489],[-4.43655,11.4854],[-4.43708,11.48705],[-4.43855,11.48976],[-4.43935,11.48998],[-4.4397,11.49034],[-4.4399,11.49087],[-4.43975,11.49114],[-4.43996,11.49162],[-4.44001,11.49236],[-4.43931,11.49247],[-4.43994,11.49336],[-4.43987,11.49363],[-4.43891,11.49402],[-4.43847,11.49397],[-4.43813,11.49526],[-4.43862,11.49641],[-4.43842,11.49739],[-4.43816,11.49766],[-4.43834,11.49794],[-4.4388,11.49793],[-4.43941,11.49736],[-4.43982,11.49731],[-4.44012,11.49766],[-4.44008,11.49839],[-4.43976,11.4994],[-4.43928,11.50017],[-4.43876,11.50056],[-4.43838,11.5002],[-4.43829,11.50112],[-4.4378,11.50163],[-4.43619,11.50199],[-4.43546,11.50185],[-4.43493,11.50235],[-4.43427,11.50242],[-4.43366,11.50403],[-4.43238,11.50399],[-4.43137,11.50348],[-4.43085,11.50378],[-4.4307,11.50489],[-4.43025,11.50521],[-4.42925,11.50512],[-4.42788,11.5057],[-4.42672,11.5054],[-4.42668,11.50476],[-4.42626,11.50488],[-4.42555,11.50646],[-4.42456,11.50657],[-4.424,11.50601],[-4.42335,11.50611],[-4.4225,11.50767],[-4.42147,11.51055],[-4.4212,11.51093],[-4.42061,11.51096],[-4.41995,11.51152],[-4.41785,11.51073],[-4.41775,11.51086],[-4.41787,11.51145],[-4.41769,11.51153],[-4.41727,11.51143],[-4.41687,11.51075],[-4.41616,11.51136],[-4.41566,11.51221],[-4.41583,11.51245],[-4.41618,11.51254],[-4.41655,11.51223],[-4.41691,11.51226],[-4.41719,11.51252],[-4.41712,11.51291],[-4.41665,11.51365],[-4.41626,11.51373],[-4.41591,11.5145],[-4.41554,11.51478],[-4.41467,11.51477],[-4.41439,11.51449],[-4.41407,11.51477],[-4.41426,11.51563],[-4.41419,11.51669],[-4.41383,11.5168],[-4.41223,11.51672],[-4.41187,11.51656],[-4.4104,11.51501],[-4.40879,11.5139],[-4.40807,11.51301],[-4.407,11.51296],[-4.40653,11.51339],[-4.40609,11.51417],[-4.40556,11.51411],[-4.40492,11.51365],[-4.40616,11.51272],[-4.40611,11.5124],[-4.40447,11.51206],[-4.40245,11.51314],[-4.40173,11.51283],[-4.39934,11.51066],[-4.39865,11.51051],[-4.39733,11.51113],[-4.39683,11.51078],[-4.39672,11.50984],[-4.39633,11.50941],[-4.3959,11.50914],[-4.39502,11.509],[-4.39462,11.50922],[-4.39432,11.50962],[-4.39393,11.51154],[-4.3938,11.51166],[-4.3926,11.51154],[-4.39177,11.51183],[-4.39162,11.5122],[-4.39189,11.51266],[-4.39188,11.5137],[-4.39232,11.51497],[-4.39261,11.51527],[-4.39327,11.51545],[-4.39433,11.5167],[-4.39477,11.51693],[-4.39565,11.51825],[-4.39556,11.51918],[-4.3953,11.51973],[-4.39325,11.52063],[-4.39193,11.5206],[-4.38696,11.51891],[-4.38574,11.51913],[-4.38423,11.52085],[-4.38241,11.52128],[-4.38056,11.52235],[-4.38006,11.52234],[-4.37802,11.52341],[-4.37741,11.52351],[-4.37547,11.52449],[-4.37381,11.52372],[-4.37182,11.5236],[-4.37127,11.52323],[-4.37109,11.5228],[-4.37039,11.52247],[-4.37056,11.52086],[-4.3693,11.51939],[-4.36924,11.51855],[-4.36816,11.51764],[-4.36701,11.51716],[-4.36577,11.51787],[-4.36547,11.51871],[-4.3657,11.52068],[-4.36555,11.5219],[-4.36481,11.52388],[-4.36317,11.52481],[-4.36225,11.5258],[-4.36212,11.52687],[-4.36155,11.52738],[-4.36133,11.52795],[-4.3613,11.52932],[-4.36092,11.52984],[-4.3604,11.5302],[-4.35904,11.53049],[-4.35897,11.53078],[-4.35803,11.53116],[-4.35636,11.5306],[-4.35598,11.53023],[-4.355,11.53002],[-4.35429,11.53004],[-4.35325,11.53044],[-4.35201,11.53115],[-4.35145,11.53108],[-4.35085,11.53091],[-4.34951,11.53002],[-4.34907,11.53011],[-4.34862,11.53073],[-4.34805,11.53112],[-4.34646,11.53129],[-4.34537,11.53177],[-4.34361,11.53102],[-4.34109,11.53186],[-4.34047,11.53176],[-4.33987,11.53157],[-4.33912,11.53102],[-4.33826,11.52933],[-4.33761,11.52886],[-4.33715,11.52875],[-4.33684,11.52822],[-4.33656,11.52713],[-4.33706,11.52608],[-4.33603,11.5248],[-4.33356,11.52483],[-4.33266,11.52448],[-4.33163,11.52431],[-4.33067,11.5247],[-4.32984,11.52538],[-4.32829,11.52509],[-4.32711,11.52726],[-4.32672,11.52841],[-4.32601,11.52886],[-4.32613,11.52951],[-4.32558,11.53031],[-4.32526,11.53121],[-4.324,11.53314],[-4.32305,11.5328],[-4.32214,11.53296],[-4.32148,11.53222],[-4.32107,11.53208],[-4.31986,11.53215],[-4.31841,11.53196],[-4.31796,11.53219],[-4.31639,11.53195],[-4.31546,11.53148],[-4.31489,11.53166],[-4.31344,11.53107],[-4.31299,11.53103],[-4.31214,11.53137],[-4.31182,11.53134],[-4.31008,11.53023],[-4.3094,11.53006],[-4.30705,11.53107],[-4.30629,11.53086],[-4.3032,11.5312],[-4.30218,11.53151],[-4.30162,11.53137],[-4.30142,11.53161],[-4.30112,11.53166],[-4.30075,11.53148]]},"properties":{"name":"Le Mouhoun","type":"River","flow_regime":"perennial","label":"Le Mouhoun"}},{"type":"Feature","geometry":{"type":"LineString","coordinates":[[-1.52705,11.16013],[-1.52805,11.15983],[-1.52827,11.15941],[-1.5283,11.15893]]},"properties":{"name":"","type":"River","flow_regime":"perennial","label":"River"}},{"type":"Feature","geometry":{"type":"LineString","coordinates":[[-1.5325,11.16971],[-1.533,11.16922],[-1.5329,11.1687],[-1.53216,11.16849],[-1.53175,11.16856]]},"properties":{"name":"","type":"River","flow_regime":"perennial","label":"River"}},{"type":"Feature","geometry":{"type":"LineString","coordinates":[[-1.45703,11.15294],[-1.45708,11.15212],[-1.45767,11.15097],[-1.45766,11.15068],[-1.45736,11.15025],[-1.45725,11.1492],[-1.45765,11.14623],[-1.45751,11.14491],[-1.45777,11.14429],[-1.45884,11.14336],[-1.45905,11.14342],[-1.45918,11.143],[-1.459,11.14271],[-1.45908,11.1421],[-1.45876,11.14156],[-1.4589,11.14121],[-1.4594,11.14073],[-1.45959,11.13994],[-1.4597,11.13866],[-1.45951,11.13727],[-1.45974,11.13715],[-1.45981,11.13681],[-1.45952,11.13687],[-1.45926,11.13649],[-1.45931,11.1362],[-1.45886,11.13587],[-1.45878,11.13545],[-1.45894,11.1343],[-1.45854,11.134],[-1.45856,11.13384],[-1.45887,11.13387],[-1.45893,11.13363],[-1.45852,11.13281],[-1.45855,11.13214],[-1.45872,11.13212],[-1.45848,11.13183],[-1.45818,11.13062],[-1.4574,11.13011],[-1.45731,11.12932],[-1.45752,11.1291],[-1.45725,11.12852],[-1.45732,11.12796],[-1.45716,11.12752],[-1.45604,11.12674],[-1.45591,11.12623],[-1.45604,11.12532],[-1.45592,11.12444],[-1.45618,11.12418],[-1.45644,11.12326],[-1.45618,11.12297],[-1.4559,11.12208],[-1.45558,11.12183],[-1.45565,11.12122],[-1.45501,11.12093],[-1.45481,11.1206],[-1.45424,11.1203],[-1.45417,11.1198],[-1.45438,11.11876],[-1.45422,11.11821],[-1.45439,11.11758],[-1.45461,11.11741],[-1.45464,11.11668],[-1.45494,11.11651],[-1.4549,11.11627],[-1.45399,11.11528],[-1.45409,11.11494],[-1.45377,11.11465],[-1.45353,11.11388],[-1.45365,11.11355],[-1.45334,11.11317],[-1.45382,11.11249],[-1.45335,11.11165],[-1.45288,11.11133],[-1.45338,11.11025],[-1.45344,11.1095],[-1.45383,11.10944],[-1.45444,11.10885],[-1.45503,11.10878],[-1.45499,11.10857],[-1.45477,11.10854],[-1.45492,11.10825],[-1.45522,11.10812],[-1.45532,11.10777],[-1.45512,11.10757],[-1.45518,11.10701],[-1.45537,11.10677],[-1.45582,11.10488],[-1.4557,11.10462],[-1.45588,11.10446],[-1.45564,11.10412],[-1.45612,11.10387],[-1.45576,11.10311],[-1.45588,11.10286],[-1.45633,11.10271],[-1.45627,11.10218],[-1.45651,11.10206],[-1.45648,11.10172],[-1.45587,11.10167],[-1.45567,11.10113],[-1.45581,11.1009],[-1.45627,11.10092],[-1.45667,11.10033],[-1.45662,11.09994],[-1.4568,11.0999],[-1.45675,11.09959],[-1.45706,11.09897],[-1.4565,11.09862],[-1.45663,11.09835],[-1.45703,11.09813],[-1.45714,11.09779],[-1.45697,11.09755],[-1.45761,11.09674],[-1.45729,11.09645],[-1.45702,11.0957],[-1.45738,11.09559],[-1.4578,11.09423],[-1.45828,11.09373],[-1.45822,11.09326],[-1.45855,11.09283],[-1.45855,11.0926],[-1.45956,11.09217],[-1.45991,11.09186],[-1.45974,11.09048],[-1.46018,11.09043],[-1.46036,11.0894],[-1.46059,11.08898],[-1.46042,11.08862],[-1.46059,11.08786],[-1.46078,11.08772],[-1.46059,11.08743],[-1.46077,11.08726],[-1.46077,11.0861],[-1.46063,11.08588],[-1.46107,11.0856],[-1.46139,11.08459],[-1.461,11.08437],[-1.46056,11.08363],[-1.46053,11.0833],[-1.46031,11.08316],[-1.46028,11.08217],[-1.45988,11.08181],[-1.45974,11.08088],[-1.4595,11.08068],[-1.46015,11.08027],[-1.46077,11.08042],[-1.46125,11.08028],[-1.46154,11.08002],[-1.46176,11.07967],[-1.46176,11.0793],[-1.46148,11.07883],[-1.46199,11.07818],[-1.46201,11.0777],[-1.46223,11.07749],[-1.46181,11.07637],[-1.46183,11.07598],[-1.46222,11.07522],[-1.46315,11.07485],[-1.46318,11.07408],[-1.46294,11.07376],[-1.46298,11.07347],[-1.46318,11.07334],[-1.46202,11.07132],[-1.46313,11.07024],[-1.46275,11.06966],[-1.46217,11.06915],[-1.46202,11.06742],[-1.46213,11.06643],[-1.46382,11.06589],[-1.46423,11.06555],[-1.46454,11.0648],[-1.46415,11.06353],[-1.46447,11.06291],[-1.46553,11.05929]]},"properties":{"name":"","type":"River","flow_regime":"perennial","label":"River"}},{"type":"Feature","geometry":{"type":"LineString","coordinates":[[-2.79916,11.62346],[-2.79961,11.62206],[-2.80023,11.62133],[-2.8016,11.61894],[-2.80404,11.61663],[-2.80476,11.61568],[-2.80585,11.61316],[-2.80623,11.61171],[-2.80677,11.61076],[-2.80725,11.61044],[-2.80735,11.60973],[-2.80786,11.60883],[-2.80858,11.60671],[-2.81199,11.60102],[-2.81233,11.59983],[-2.81341,11.59828],[-2.81483,11.59575],[-2.81508,11.59413],[-2.81349,11.59063],[-2.8131,11.59027],[-2.81263,11.58932],[-2.81187,11.58521],[-2.81127,11.58328],[-2.81149,11.58082],[-2.81137,11.57681],[-2.81155,11.57605],[-2.81178,11.57567],[-2.81188,11.57492],[-2.81459,11.56911],[-2.81651,11.56388],[-2.81697,11.56314],[-2.8176,11.56253],[-2.81828,11.56217],[-2.8193,11.56117],[-2.81956,11.56059],[-2.81977,11.55932],[-2.82109,11.55684],[-2.82419,11.55409],[-2.8255,11.5517],[-2.82842,11.54867],[-2.82903,11.54747],[-2.82978,11.54657],[-2.83004,11.54553],[-2.82989,11.54423],[-2.83067,11.54322],[-2.83104,11.54201],[-2.83203,11.54009],[-2.83161,11.53865],[-2.83192,11.53655],[-2.83186,11.53364],[-2.8325,11.53222],[-2.83366,11.52823],[-2.83376,11.52642],[-2.83343,11.5233],[-2.83301,11.52223],[-2.83258,11.52164]]},"properties":{"name":"Le Mouhoun","type":"River","flow_regime":"perennial","label":"Le Mouhoun"}},{"type":"Feature","geometry":{"type":"LineString","coordinates":[[-2.80817,11.24085],[-2.80696,11.23981],[-2.80464,11.23841],[-2.8029,11.23696],[-2.80215,11.23502],[-2.80139,11.23413],[-2.80139,11.23371],[-2.80074,11.23199],[-2.79993,11.23062],[-2.79904,11.22615],[-2.79795,11.22299]]},"properties":{"name":"Le Mouhoun","type":"River","flow_regime":"perennial","label":"Le Mouhoun"}},{"type":"Feature","geometry":{"type":"LineString","coordinates":[[-2.86216,11.91894],[-2.86067,11.91868],[-2.85841,11.91874],[-2.85749,11.91852],[-2.85586,11.91759],[-2.85401,11.91605],[-2.85225,11.91417],[-2.85125,11.91258],[-2.85014,11.91138],[-2.84943,11.91103],[-2.8474,11.91061],[-2.8469,11.91034],[-2.84576,11.90919],[-2.84487,11.90866],[-2.84386,11.90836],[-2.84198,11.90817],[-2.84099,11.90761],[-2.83805,11.90551],[-2.83221,11.90035],[-2.83025,11.89907],[-2.82814,11.8963],[-2.82639,11.89473],[-2.82534,11.89188],[-2.82349,11.88939],[-2.82289,11.88822],[-2.82229,11.8864],[-2.82079,11.87833],[-2.82075,11.87644],[-2.82107,11.87492],[-2.82115,11.87353],[-2.82239,11.87122],[-2.82264,11.8709],[-2.82346,11.87044],[-2.8247,11.86893],[-2.82514,11.86709],[-2.82611,11.8664],[-2.82716,11.86446],[-2.82793,11.86376]]},"properties":{"name":"Le Mouhoun","type":"River","flow_regime":"perennial","label":"Le Mouhoun"}},{"type":"Feature","geometry":{"type":"LineString","coordinates":[[-1.29744,11.21563],[-1.29929,11.21502],[-1.30066,11.21538],[-1.30079,11.21479],[-1.30191,11.2146],[-1.30197,11.21428],[-1.3024,11.21405],[-1.30199,11.21319],[-1.30261,11.21317],[-1.30251,11.21289],[-1.3021,11.21287],[-1.30171,11.21234],[-1.30124,11.21222],[-1.30103,11.21306],[-1.30079,11.21325],[-1.30036,11.21279],[-1.30066,11.21243],[-1.30047,11.21197],[-1.30062,11.21163],[-1.30043,11.2114],[-1.30019,11.2118],[-1.29985,11.21171],[-1.2998,11.21119],[-1.29937,11.21068],[-1.29957,11.20997],[-1.30008,11.2098],[-1.3004,11.20936],[-1.29993,11.20883],[-1.3001,11.20803],[-1.30056,11.20787],[-1.30081,11.20757],[-1.30126,11.20623],[-1.30151,11.20623],[-1.30189,11.20595],[-1.30186,11.20543],[-1.30208,11.20487],[-1.30158,11.20475],[-1.30116,11.20422],[-1.30199,11.20294],[-1.3018,11.20108],[-1.30246,11.1998],[-1.30291,11.19826],[-1.30457,11.19563],[-1.30457,11.19468],[-1.30482,11.19374],[-1.30573,11.19275],[-1.30596,11.19075],[-1.30639,11.19016],[-1.30755,11.19039],[-1.30843,11.18936],[-1.30791,11.18858],[-1.30847,11.18702],[-1.30843,11.18648],[-1.30961,11.1861],[-1.31193,11.1849],[-1.31304,11.183],[-1.31347,11.18088],[-1.31439,11.18029],[-1.31512,11.17942],[-1.31506,11.17833],[-1.3145,11.17801],[-1.31472,11.17448],[-1.31397,11.17376],[-1.31409,11.17262],[-1.31502,11.17191],[-1.31487,11.17119],[-1.31721,11.16867],[-1.31774,11.16772],[-1.3177,11.16521],[-1.31847,11.16496],[-1.31875,11.16275],[-1.31978,11.16235],[-1.32118,11.16214],[-1.3218,11.16136],[-1.32177,11.16056],[-1.32201,11.1599],[-1.32258,11.15972],[-1.32418,11.16017],[-1.32506,11.15998],[-1.32558,11.15933],[-1.32843,11.15718],[-1.33079,11.1557],[-1.33355,11.15533],[-1.338,11.15621],[-1.33896,11.15624],[-1.33958,11.15598],[-1.34009,11.15483],[-1.34069,11.15412],[-1.34076,11.15358],[-1.34159,11.15348],[-1.34223,11.15302],[-1.34245,11.15264],[-1.34328,11.15229],[-1.34462,11.15057],[-1.34639,11.15067],[-1.34683,11.15051],[-1.3471,11.15078],[-1.34757,11.15048],[-1.34767,11.14955],[-1.34845,11.14818],[-1.34861,11.14707],[-1.34888,11.14742],[-1.34912,11.14747],[-1.3492,11.14681],[-1.34986,11.14743],[-1.35102,11.14758],[-1.35111,11.14743],[-1.35085,11.14642],[-1.35103,11.14605],[-1.35213,11.14592],[-1.35229,11.14511],[-1.35323,11.1436],[-1.35592,11.14172],[-1.35795,11.14197],[-1.35982,11.14177],[-1.3618,11.1412],[-1.3627,11.14135],[-1.36408,11.13977],[-1.36523,11.14013],[-1.36617,11.13975],[-1.36729,11.13751],[-1.36909,11.13476],[-1.36947,11.13239],[-1.3729,11.12827],[-1.37272,11.12777],[-1.37309,11.12769],[-1.3736,11.12831],[-1.37448,11.12776],[-1.37554,11.12674],[-1.37527,11.1266],[-1.37534,11.12633],[-1.37563,11.12611],[-1.37652,11.12606],[-1.37727,11.12569],[-1.37743,11.12549],[-1.37723,11.12522],[-1.37761,11.12477],[-1.37769,11.1243],[-1.37789,11.12423],[-1.37791,11.12392],[-1.37834,11.12371],[-1.37874,11.12374],[-1.37886,11.12426],[-1.37944,11.12454],[-1.38857,11.1213],[-1.39183,11.11389],[-1.3908,11.11036],[-1.39249,11.10869],[-1.3944,11.10886],[-1.39519,11.10835],[-1.39611,11.1069],[-1.39658,11.10536],[-1.39517,11.10082],[-1.39689,11.09391],[-1.40105,11.09085],[-1.40213,11.09084],[-1.40299,11.09033],[-1.40429,11.08988],[-1.40539,11.08922],[-1.40509,11.08812],[-1.40498,11.08675],[-1.40502,11.08434],[-1.40307,11.08195],[-1.40328,11.07916],[-1.40262,11.07755],[-1.40293,11.07579],[-1.40404,11.07319],[-1.40478,11.07287],[-1.40514,11.0724],[-1.40495,11.07184],[-1.40533,11.07072],[-1.40532,11.06989],[-1.40508,11.0688],[-1.40527,11.06817],[-1.40574,11.06761],[-1.40959,11.0646],[-1.41525,11.05853],[-1.41561,11.05477],[-1.41601,11.05455],[-1.41704,11.05332]]},"properties":{"name":"Nazinga","type":"River","flow_regime":"perennial","label":"Nazinga"}},{"type":"Feature","geometry":{"type":"LineString","coordinates":[[-1.31089,11.09065],[-1.31106,11.08852],[-1.31145,11.08827],[-1.31152,11.0877],[-1.31124,11.08627],[-1.3119,11.08549],[-1.31184,11.08496],[-1.31205,11.08452],[-1.31171,11.08376],[-1.31076,11.08292],[-1.31066,11.08248],[-1.31085,11.08199],[-1.31038,11.08178],[-1.30997,11.08132],[-1.31025,11.08087],[-1.30994,11.08047],[-1.30998,11.08007],[-1.30932,11.07986],[-1.30914,11.0795],[-1.30824,11.07888],[-1.30826,11.07826],[-1.3077,11.07807],[-1.30719,11.07816],[-1.30676,11.07721],[-1.30595,11.07666],[-1.30325,11.07578],[-1.3025,11.07456],[-1.30198,11.07401],[-1.30196,11.07357],[-1.30175,11.07339],[-1.3014,11.07324],[-1.3011,11.07348],[-1.30069,11.07327],[-1.301,11.07296],[-1.30098,11.07262],[-1.30052,11.07199],[-1.3001,11.07157],[-1.29902,11.07117],[-1.29893,11.07056],[-1.29847,11.07028],[-1.29851,11.06973],[-1.29793,11.06833],[-1.2984,11.06791],[-1.29839,11.06699],[-1.29862,11.06691],[-1.29868,11.06671],[-1.29853,11.06646],[-1.29876,11.06614],[-1.29838,11.06551],[-1.29803,11.06525],[-1.29752,11.064],[-1.29653,11.06456],[-1.29486,11.06419],[-1.29435,11.06461],[-1.29417,11.06452],[-1.29364,11.06283],[-1.29384,11.06153],[-1.29281,11.06048],[-1.29168,11.05974],[-1.29165,11.05899],[-1.29134,11.05908],[-1.29112,11.05888],[-1.2913,11.05845],[-1.29103,11.05794],[-1.29049,11.05789],[-1.29013,11.05752],[-1.28963,11.05603],[-1.28979,11.05574],[-1.28959,11.05522],[-1.28975,11.05388],[-1.29014,11.05356],[-1.29001,11.05295],[-1.29024,11.05251],[-1.29022,11.05209],[-1.28957,11.05164],[-1.28929,11.05124],[-1.28853,11.05088],[-1.28781,11.04954],[-1.2871,11.04937],[-1.28689,11.04884],[-1.28639,11.04833],[-1.28506,11.04801],[-1.28491,11.04785],[-1.28381,11.04774],[-1.28343,11.04734],[-1.28219,11.04728],[-1.28055,11.04622],[-1.28014,11.04544],[-1.27951,11.04475],[-1.27856,11.04422],[-1.27844,11.04371],[-1.27873,11.04302],[-1.27797,11.04225],[-1.27774,11.04229],[-1.27754,11.04212],[-1.27708,11.04092],[-1.27571,11.04029],[-1.27572,11.03966],[-1.2759,11.03924]]},"properties":{"name":"","type":"River","flow_regime":"perennial","label":"River"}},{"type":"Feature","geometry":{"type":"LineString","coordinates":[[-1.29297,11.01609],[-1.29261,11.01599],[-1.29235,11.01624],[-1.29204,11.01619],[-1.29204,11.01588],[-1.29177,11.0157],[-1.29175,11.0152],[-1.2915,11.01496],[-1.2911,11.01513],[-1.29022,11.01487],[-1.2901,11.01525],[-1.28975,11.01553],[-1.28934,11.01562],[-1.28851,11.01552],[-1.28792,11.01565],[-1.28749,11.01547],[-1.2873,11.01511],[-1.28689,11.01485],[-1.28631,11.01486],[-1.28589,11.01429],[-1.2853,11.01228],[-1.28494,11.01184],[-1.28438,11.01177],[-1.28396,11.01241],[-1.28357,11.01219],[-1.28293,11.0123],[-1.2816,11.01102],[-1.28078,11.01062],[-1.27999,11.0108],[-1.27981,11.01127],[-1.27891,11.01176],[-1.27817,11.01152],[-1.27764,11.01156],[-1.27762,11.01209],[-1.27795,11.01256],[-1.27777,11.01276]]},"properties":{"name":"","type":"River","flow_regime":"perennial","label":"River"}},{"type":"Feature","geometry":{"type":"LineString","coordinates":[[-1.32019,11.01333],[-1.31985,11.01323],[-1.31935,11.01343],[-1.31825,11.01352],[-1.31791,11.0131],[-1.31701,11.01298],[-1.31616,11.01196],[-1.3155,11.01155],[-1.31414,11.01142],[-1.31369,11.01116],[-1.3128,11.01125],[-1.3124,11.01111],[-1.3121,11.01132],[-1.31135,11.01273],[-1.31081,11.01308],[-1.3093,11.01331],[-1.30843,11.01309],[-1.30594,11.01312],[-1.30425,11.01239],[-1.30254,11.01226],[-1.30168,11.01163],[-1.30187,11.01104],[-1.30151,11.01083],[-1.30072,11.01088],[-1.30018,11.01162],[-1.29934,11.01188],[-1.2984,11.0113],[-1.29748,11.01104],[-1.29689,11.01056],[-1.29619,11.01037],[-1.29309,11.0105],[-1.29027,11.01185],[-1.28876,11.01204],[-1.2884,11.01193],[-1.28839,11.01181],[-1.28903,11.01132],[-1.28907,11.0108],[-1.2881,11.0107],[-1.28772,11.0105],[-1.28692,11.00939],[-1.28645,11.00905],[-1.28532,11.0087],[-1.28244,11.00722],[-1.28163,11.00711],[-1.27992,11.00741],[-1.27972,11.00671],[-1.27942,11.00665],[-1.27918,11.00672],[-1.27914,11.0071],[-1.27796,11.00746],[-1.27662,11.00847],[-1.27603,11.00872],[-1.27581,11.00866]]},"properties":{"name":"","type":"River","flow_regime":"perennial","label":"River"}},{"type":"Feature","geometry":{"type":"LineString","coordinates":[[-2.82599,12.20866],[-2.8267,12.20811],[-2.82693,12.20773],[-2.82698,12.20722],[-2.82585,12.20474],[-2.82554,12.20332],[-2.82615,12.19798],[-2.82605,12.19747],[-2.82483,12.19621],[-2.82465,12.1954],[-2.82476,12.19496],[-2.82537,12.1941],[-2.82536,12.19374],[-2.82488,12.19221],[-2.82353,12.19022],[-2.82307,12.18832],[-2.82214,12.18615],[-2.82076,12.18167],[-2.81857,12.17703],[-2.81803,12.17447],[-2.81822,12.17374],[-2.81824,12.17173],[-2.81861,12.16964],[-2.8192,12.16727],[-2.82017,12.16507],[-2.82065,12.16199],[-2.8204,12.15947],[-2.8186,12.15567],[-2.8179,12.15301],[-2.81726,12.15203],[-2.81687,12.15183],[-2.81588,12.15176],[-2.81468,12.15138],[-2.81291,12.15129],[-2.81244,12.15109],[-2.81131,12.15025],[-2.8068,12.14782],[-2.80488,12.14631],[-2.80174,12.14215],[-2.79915,12.13725],[-2.79795,12.13455],[-2.79706,12.13328],[-2.7943,12.13001],[-2.79325,12.12724]]},"properties":{"name":"Le Mouhoun","type":"River","flow_regime":"perennial","label":"Le Mouhoun"}},{"type":"Feature","geometry":{"type":"LineString","coordinates":[[-2.92106,11.81161],[-2.92116,11.81066],[-2.92191,11.80836],[-2.9224,11.80549],[-2.92232,11.80046],[-2.9218,11.79803],[-2.92157,11.79756],[-2.9207,11.7967],[-2.92055,11.79579],[-2.92086,11.79411],[-2.92053,11.79222],[-2.92054,11.78995],[-2.92033,11.78899],[-2.91981,11.78789],[-2.91881,11.78653],[-2.91374,11.781],[-2.91252,11.77997],[-2.91124,11.77914],[-2.90794,11.77781],[-2.90431,11.77547],[-2.90246,11.77308],[-2.90055,11.7716],[-2.89891,11.77065],[-2.89461,11.76726],[-2.89102,11.76287],[-2.88978,11.76164],[-2.88807,11.76049],[-2.88549,11.75963],[-2.88417,11.75899],[-2.88175,11.75715],[-2.87795,11.7554],[-2.87441,11.75352],[-2.87173,11.75265],[-2.86974,11.75228],[-2.86818,11.75236],[-2.86566,11.75314],[-2.86332,11.7545],[-2.86179,11.75495],[-2.8588,11.75448],[-2.85762,11.75401],[-2.85633,11.75318],[-2.85511,11.7531],[-2.85328,11.75376],[-2.85126,11.7538],[-2.84954,11.75426],[-2.84351,11.75536],[-2.84185,11.7554],[-2.84068,11.75609],[-2.83871,11.75677],[-2.83782,11.75736],[-2.83648,11.75864],[-2.83501,11.7595],[-2.83327,11.75951],[-2.82846,11.75853],[-2.82705,11.75896],[-2.82435,11.75888],[-2.82182,11.75933],[-2.81818,11.75957],[-2.81534,11.75937],[-2.81312,11.75994],[-2.81166,11.76083],[-2.81024,11.76139],[-2.80526,11.76232],[-2.80287,11.7622],[-2.79727,11.76146],[-2.79588,11.7609],[-2.79419,11.75955],[-2.79271,11.75903],[-2.79067,11.75793],[-2.78974,11.75777],[-2.78943,11.75755],[-2.7876,11.75556],[-2.78434,11.75272],[-2.77771,11.74828],[-2.77659,11.74706],[-2.77602,11.74491],[-2.77554,11.74441],[-2.77343,11.74334],[-2.77214,11.7429],[-2.77125,11.74223],[-2.77021,11.74109],[-2.76838,11.74057],[-2.76699,11.73949],[-2.76487,11.73731],[-2.76298,11.73613],[-2.76198,11.73509],[-2.76124,11.73395],[-2.75908,11.73179],[-2.75776,11.72991],[-2.75755,11.72932],[-2.75747,11.72671],[-2.75696,11.72378],[-2.75566,11.72124],[-2.75542,11.72046],[-2.75535,11.71928]]},"properties":{"name":"Le Mouhoun","type":"River","flow_regime":"perennial","label":"Le Mouhoun"}},{"type":"Feature","geometry":{"type":"LineString","coordinates":[[-2.92282,11.81451],[-2.92243,11.81441],[-2.92211,11.81393],[-2.92214,11.81351],[-2.92121,11.81259],[-2.92137,11.81198],[-2.92106,11.81161]]},"properties":{"name":"","type":"River","flow_regime":"perennial","label":"River"}},{"type":"Feature","geometry":{"type":"LineString","coordinates":[[-2.49261,12.46096],[-2.49304,12.46082],[-2.49343,12.46114],[-2.49368,12.46105],[-2.49362,12.46055],[-2.49453,12.45938],[-2.49508,12.45961],[-2.49522,12.45983],[-2.49552,12.45974],[-2.49605,12.45922],[-2.49626,12.45852],[-2.49667,12.45796],[-2.49689,12.45684],[-2.49831,12.45642],[-2.49866,12.45649],[-2.49936,12.457],[-2.50136,12.45693],[-2.50307,12.45753],[-2.50453,12.45772],[-2.50677,12.45857],[-2.50718,12.4589],[-2.50714,12.45916],[-2.50754,12.45907],[-2.50831,12.46019],[-2.50877,12.46028],[-2.50973,12.46098],[-2.50995,12.46146],[-2.51074,12.46184],[-2.51108,12.4618],[-2.51175,12.4612],[-2.51217,12.46121],[-2.51292,12.46087],[-2.51429,12.46097],[-2.51535,12.46077],[-2.51767,12.46086],[-2.51849,12.46138],[-2.51881,12.46182],[-2.5201,12.46219],[-2.52126,12.46278],[-2.52217,12.46341],[-2.52238,12.46381],[-2.52447,12.4641],[-2.52462,12.46432],[-2.52626,12.46476],[-2.5275,12.4647],[-2.52781,12.4645],[-2.52881,12.46466],[-2.52944,12.46459],[-2.52958,12.46483],[-2.52986,12.46485],[-2.53062,12.46449],[-2.53237,12.46441],[-2.53311,12.46403],[-2.53352,12.46351],[-2.53397,12.46364],[-2.53445,12.46351],[-2.53549,12.46228],[-2.53664,12.46164],[-2.53796,12.46016],[-2.538,12.45972],[-2.53869,12.45844],[-2.53851,12.45811],[-2.53861,12.4578],[-2.53917,12.45704],[-2.5395,12.45695],[-2.54032,12.45555],[-2.54278,12.45336],[-2.54413,12.4528],[-2.54448,12.45293],[-2.54483,12.45268],[-2.54503,12.45222],[-2.54468,12.45099],[-2.54505,12.44963],[-2.54487,12.44934],[-2.54434,12.44908],[-2.54396,12.44807],[-2.54513,12.44654],[-2.54501,12.44545],[-2.54561,12.44429],[-2.54623,12.44203],[-2.54688,12.44055],[-2.54835,12.43971],[-2.55074,12.43946],[-2.55192,12.43906],[-2.552,12.43922],[-2.55181,12.43984],[-2.55153,12.44018],[-2.55155,12.44091],[-2.55158,12.44111],[-2.55211,12.44149],[-2.55212,12.44209],[-2.55141,12.44301],[-2.55054,12.4433],[-2.55057,12.44393],[-2.55086,12.44471],[-2.55135,12.44523],[-2.55177,12.4453],[-2.55176,12.4456],[-2.55227,12.44579],[-2.55267,12.44642],[-2.55316,12.44677],[-2.55502,12.44733],[-2.5563,12.44751],[-2.55657,12.44739],[-2.55796,12.44778],[-2.55908,12.44747],[-2.55962,12.44707],[-2.55965,12.44661],[-2.55928,12.44581],[-2.55936,12.44547],[-2.56017,12.44398],[-2.56067,12.4436],[-2.56152,12.44331],[-2.56181,12.44384],[-2.56284,12.4437],[-2.56482,12.4425],[-2.56624,12.44214],[-2.56674,12.4418],[-2.56759,12.44156],[-2.56799,12.4409],[-2.57206,12.4399],[-2.57311,12.43932],[-2.57382,12.43875],[-2.57492,12.43706],[-2.57639,12.43631],[-2.57618,12.43565],[-2.57598,12.43555],[-2.57542,12.43552],[-2.57467,12.43524],[-2.57441,12.43549],[-2.57285,12.43522],[-2.57222,12.43543],[-2.57179,12.43471],[-2.57167,12.43393],[-2.57182,12.43344],[-2.57127,12.43252],[-2.57142,12.43227],[-2.57137,12.43172],[-2.57152,12.43153],[-2.57205,12.43142],[-2.5722,12.43107],[-2.57253,12.43085],[-2.5733,12.42835],[-2.5737,12.4279],[-2.57396,12.42711],[-2.57579,12.42777],[-2.57673,12.42766],[-2.57687,12.42743],[-2.57673,12.42703],[-2.57774,12.42678],[-2.57859,12.42519],[-2.5787,12.4247],[-2.57801,12.42341],[-2.57792,12.42291],[-2.57806,12.42254],[-2.57841,12.42211],[-2.57904,12.42188],[-2.58048,12.42095],[-2.58099,12.42106],[-2.58062,12.42162],[-2.58098,12.42204],[-2.58203,12.42204],[-2.58221,12.42262],[-2.58247,12.42276],[-2.58343,12.42265],[-2.58369,12.42283],[-2.58402,12.42366],[-2.58467,12.42401],[-2.58512,12.42389],[-2.58544,12.42361],[-2.58535,12.42256],[-2.58579,12.42171],[-2.58655,12.42079],[-2.58679,12.41985],[-2.58721,12.4195],[-2.58776,12.41862],[-2.58826,12.41837],[-2.58834,12.41754],[-2.58803,12.41687],[-2.58811,12.41613],[-2.58928,12.41576],[-2.58985,12.41518],[-2.59021,12.41512],[-2.59112,12.41546],[-2.59149,12.41542],[-2.59175,12.41467],[-2.59223,12.41455],[-2.59355,12.41377],[-2.59527,12.41313],[-2.59731,12.41195],[-2.59801,12.41133],[-2.5987,12.41059],[-2.59929,12.40931],[-2.60049,12.40809],[-2.60136,12.4076],[-2.60228,12.40591],[-2.6025,12.40513],[-2.60257,12.40242],[-2.60273,12.40216],[-2.60337,12.40181]]},"properties":{"name":"Vranso","type":"River","flow_regime":"perennial","label":"Vranso"}},{"type":"Feature","geometry":{"type":"LineString","coordinates":[[-1.49962,11.1877],[-1.49985,11.18975],[-1.50111,11.19255],[-1.50205,11.19401]]},"properties":{"name":"","type":"River","flow_regime":"perennial","label":"River"}},{"type":"Feature","geometry":{"type":"LineString","coordinates":[[-5.32292,10.50445],[-5.31623,10.50072],[-5.31407,10.49864],[-5.31356,10.49558],[-5.31338,10.49206],[-5.31196,10.49027],[-5.30706,10.48703],[-5.30312,10.48567],[-5.30109,10.48091],[-5.30008,10.47787],[-5.29966,10.47525],[-5.29866,10.47151],[-5.298,10.46552],[-5.30396,10.45851],[-5.30717,10.45596],[-5.31123,10.45499],[-5.31473,10.45553],[-5.31659,10.45612],[-5.32076,10.45449],[-5.32434,10.45535],[-5.32847,10.45406],[-5.33472,10.45061],[-5.33672,10.44899]]},"properties":{"name":"","type":"River","flow_regime":"perennial","label":"River"}},{"type":"Feature","geometry":{"type":"LineString","coordinates":[[-5.11345,10.71221],[-5.11301,10.71159],[-5.11283,10.71041],[-5.11212,10.70977],[-5.1121,10.70943],[-5.11235,10.70911],[-5.11277,10.70719],[-5.11326,10.70648],[-5.11387,10.70616],[-5.11418,10.70462],[-5.11476,10.70366],[-5.11497,10.70204],[-5.11568,10.70107],[-5.116,10.69992],[-5.11587,10.69912],[-5.11631,10.6985],[-5.11631,10.69827],[-5.11574,10.69733],[-5.11466,10.69646],[-5.11416,10.69533],[-5.11348,10.69453],[-5.11223,10.6937],[-5.10409,10.68926],[-5.10206,10.68775],[-5.1012,10.68583],[-5.10083,10.68212],[-5.10139,10.68016],[-5.10228,10.67836]]},"properties":{"name":"","type":"River","flow_regime":"perennial","label":"River"}},{"type":"Feature","geometry":{"type":"LineString","coordinates":[[-4.72521,10.48846],[-4.72257,10.4885],[-4.7208,10.4869],[-4.71912,10.4859]]},"properties":{"name":"","type":"River","flow_regime":"perennial","label":"River"}},{"type":"Feature","geometry":{"type":"LineString","coordinates":[[-5.06159,10.75844],[-5.06204,10.75564],[-5.06058,10.75131],[-5.05719,10.74748],[-5.05479,10.74539],[-5.05236,10.74442],[-5.0493,10.73862],[-5.04756,10.73484],[-5.0468,10.73069],[-5.04862,10.72661],[-5.05284,10.72142],[-5.05375,10.71927],[-5.05511,10.71504],[-5.05971,10.69784],[-5.06046,10.69398],[-5.06462,10.6902],[-5.06718,10.68197],[-5.06545,10.67952],[-5.06114,10.67789],[-5.05677,10.67596],[-5.05782,10.67277],[-5.06084,10.67129],[-5.06265,10.66959],[-5.06162,10.66451],[-5.06343,10.65082],[-5.06226,10.64531],[-5.0614,10.64232],[-5.0598,10.63928],[-5.06029,10.63548],[-5.06043,10.63136]]},"properties":{"name":"","type":"River","flow_regime":"perennial","label":"River"}},{"type":"Feature","geometry":{"type":"LineString","coordinates":[[-5.03899,10.5884],[-5.04555,10.58678],[-5.05596,10.58457],[-5.06951,10.58472]]},"properties":{"name":"","type":"River","flow_regime":"perennial","label":"River"}},{"type":"Feature","geometry":{"type":"LineString","coordinates":[[-5.01447,10.62947],[-5.02754,10.6205],[-5.03218,10.61452],[-5.03496,10.6056],[-5.04424,10.6035],[-5.05091,10.60114],[-5.05761,10.59948]]},"properties":{"name":"","type":"River","flow_regime":"perennial","label":"River"}},{"type":"Feature","geometry":{"type":"LineString","coordinates":[[-5.0141,10.72146],[-5.01224,10.719],[-5.01076,10.71753],[-5.01018,10.71642],[-5.00927,10.71545],[-5.00801,10.7147],[-5.00558,10.71282],[-5.00298,10.71239],[-5.00207,10.71196],[-4.99808,10.71197],[-4.99367,10.71415],[-4.9906,10.71515],[-4.9881,10.71377],[-4.98738,10.71309],[-4.98728,10.71199],[-4.98658,10.71023],[-4.98553,10.7086],[-4.98459,10.70788],[-4.98343,10.70742],[-4.98319,10.70711],[-4.98306,10.70651],[-4.98185,10.70411],[-4.98112,10.70222],[-4.98106,10.70159],[-4.98136,10.70091],[-4.98162,10.69968],[-4.98118,10.69751],[-4.98119,10.69629],[-4.98177,10.6946],[-4.98099,10.69306],[-4.98135,10.69047],[-4.98007,10.68956],[-4.9791,10.68604],[-4.97735,10.68447],[-4.97622,10.68389],[-4.97586,10.68325],[-4.97455,10.68287],[-4.97352,10.68229],[-4.96972,10.68157],[-4.96744,10.68008],[-4.96541,10.67852],[-4.9649,10.67697]]},"properties":{"name":"","type":"River","flow_regime":"perennial","label":"River"}},{"type":"Feature","geometry":{"type":"LineString","coordinates":[[1.98556,12.29062],[1.98574,12.29032],[1.98631,12.29007],[1.98718,12.29048],[1.98746,12.29078],[1.98948,12.29111],[1.99021,12.29159],[1.99123,12.29192],[1.99324,12.29196],[1.9939,12.29235],[1.99409,12.29277],[1.99398,12.2933],[1.99419,12.29429],[1.99457,12.295],[1.99429,12.29561],[1.99394,12.29585],[1.99394,12.29621],[1.99366,12.29633],[1.99378,12.29678],[1.99404,12.29682],[1.99406,12.29704],[1.99347,12.29773],[1.99287,12.29938],[1.99224,12.30023],[1.99173,12.3006],[1.99249,12.30203],[1.99224,12.30278],[1.99269,12.30324],[1.99245,12.30541],[1.99377,12.30677],[1.99576,12.31027],[1.99601,12.3104],[1.99603,12.311],[1.99633,12.31159],[1.99722,12.31241],[1.99778,12.31345],[1.99829,12.31361],[1.99852,12.31413],[2.00095,12.31668],[2.00214,12.3193],[2.00216,12.32043],[2.00235,12.32056],[2.0028,12.32037],[2.00313,12.32092],[2.0037,12.3209],[2.00358,12.32154],[2.00393,12.32186],[2.00404,12.32226],[2.0051,12.32262],[2.00557,12.32259],[2.00597,12.32297],[2.00602,12.32347],[2.00628,12.32378],[2.00679,12.32395],[2.00697,12.32363],[2.00735,12.32361],[2.00752,12.32427],[2.00787,12.32422],[2.00807,12.3237],[2.00792,12.32332],[2.00815,12.32155],[2.00918,12.32114],[2.00965,12.3204],[2.01076,12.32013],[2.01075,12.31874],[2.0103,12.31835],[2.01022,12.3179],[2.01044,12.31759],[2.01156,12.31722],[2.01177,12.31735],[2.01166,12.31775],[2.01193,12.31822],[2.01267,12.3189],[2.0134,12.32067],[2.01334,12.32143],[2.01289,12.32239],[2.0131,12.32266],[2.01386,12.3229],[2.01406,12.32311],[2.01405,12.32337],[2.01362,12.32389],[2.01364,12.32435],[2.0138,12.32459],[2.01453,12.32486],[2.0146,12.32502],[2.01429,12.3255],[2.01328,12.32597],[2.01323,12.32634],[2.01487,12.32684],[2.01609,12.32759],[2.01671,12.32778],[2.01781,12.32774],[2.01794,12.32746],[2.01837,12.32751],[2.01881,12.32727],[2.01927,12.32792],[2.01998,12.32829],[2.02111,12.32742],[2.02314,12.3265],[2.02451,12.32738],[2.02478,12.32786],[2.02513,12.32795],[2.02552,12.32764],[2.02526,12.32729],[2.02551,12.32705],[2.02585,12.32708],[2.02605,12.32729],[2.02656,12.32686],[2.02894,12.32764],[2.03071,12.32734],[2.03147,12.32775],[2.03186,12.32757],[2.03209,12.32625],[2.03191,12.32579],[2.03251,12.32554],[2.03197,12.32507],[2.03197,12.32485],[2.0326,12.3242],[2.03324,12.32454],[2.0336,12.32403],[2.0344,12.32416],[2.03473,12.32386],[2.035,12.32389],[2.03531,12.32425],[2.03508,12.32459],[2.03515,12.32484],[2.03547,12.32479],[2.03598,12.32439],[2.03665,12.32458],[2.03694,12.32502],[2.03673,12.32575],[2.0371,12.32577],[2.03749,12.32552],[2.03869,12.32523],[2.03939,12.32558],[2.03985,12.32618],[2.04092,12.32712],[2.04115,12.32769],[2.04106,12.32812],[2.04077,12.32827],[2.04088,12.32855],[2.04136,12.32861],[2.04227,12.32795],[2.04262,12.32794],[2.0429,12.32773],[2.04303,12.32781],[2.04337,12.32868],[2.04342,12.32951],[2.04363,12.32976],[2.04424,12.33004],[2.04421,12.33045],[2.04455,12.33134],[2.04544,12.33274],[2.04582,12.33308],[2.04582,12.33349],[2.04471,12.33427],[2.04395,12.33534],[2.04397,12.3357],[2.04458,12.33691],[2.0454,12.33795],[2.04529,12.33837],[2.04388,12.33968],[2.04405,12.34018],[2.04417,12.34021],[2.04426,12.33998],[2.04452,12.34009],[2.04452,12.3405],[2.04469,12.34063],[2.04575,12.34037],[2.04579,12.34069],[2.04629,12.34031],[2.04646,12.34073],[2.04691,12.34098],[2.04761,12.34089],[2.04813,12.34129],[2.05021,12.34221],[2.05066,12.34284],[2.05258,12.34347],[2.05536,12.34331],[2.05587,12.3429],[2.05605,12.34229],[2.05645,12.34213],[2.05872,12.34293],[2.05982,12.34359],[2.06174,12.34397],[2.0623,12.34432],[2.06244,12.34469],[2.06328,12.34525],[2.06412,12.34668],[2.06444,12.34694],[2.06444,12.34727],[2.06415,12.34742],[2.06406,12.34771],[2.06336,12.34776],[2.06338,12.34818],[2.06361,12.34858],[2.06427,12.34846],[2.06476,12.34886],[2.06534,12.34882],[2.06555,12.34843],[2.06544,12.34773],[2.06559,12.34735]]},"properties":{"name":"Tapoa","type":"River","flow_regime":"perennial","label":"Tapoa"}},{"type":"Feature","geometry":{"type":"LineString","coordinates":[[1.93436,12.28956],[1.93481,12.28946],[1.93505,12.28867],[1.93559,12.28805],[1.93639,12.28824],[1.93667,12.28867],[1.93701,12.28879],[1.93743,12.29048],[1.9378,12.29125],[1.93781,12.29174],[1.93723,12.292],[1.93613,12.2916],[1.93582,12.29174],[1.93574,12.29204],[1.93587,12.29241],[1.93642,12.29269],[1.93752,12.29368],[1.93786,12.29365],[1.93799,12.29348],[1.93776,12.29292],[1.93805,12.29235],[1.9387,12.29234],[1.94011,12.29264],[1.94119,12.29247],[1.94228,12.29252],[1.94278,12.29233],[1.94315,12.29192],[1.94333,12.29064],[1.94321,12.29027],[1.94274,12.2898],[1.94272,12.28934],[1.94318,12.28883],[1.94379,12.28863],[1.94515,12.28884],[1.94595,12.28956],[1.94639,12.28972],[1.94695,12.28891],[1.94754,12.28878],[1.94788,12.28946],[1.94784,12.29065],[1.94811,12.29086],[1.9489,12.29078],[1.94925,12.29023],[1.95043,12.29069],[1.95158,12.29086],[1.95182,12.29075],[1.95228,12.29014],[1.95251,12.28957],[1.9514,12.28897],[1.95146,12.28874],[1.95194,12.28866],[1.95204,12.28824],[1.95228,12.28804],[1.95231,12.28765],[1.95265,12.28772],[1.95303,12.28834],[1.95351,12.28859],[1.95394,12.28871],[1.95421,12.28847],[1.95454,12.28855],[1.95448,12.28888],[1.95469,12.28903],[1.95664,12.28868],[1.95677,12.28813],[1.95734,12.28746],[1.95695,12.28695],[1.95743,12.28679],[1.95752,12.28646],[1.9574,12.28566],[1.95685,12.28531],[1.95678,12.28497],[1.95706,12.28484],[1.95787,12.28504],[1.95803,12.28436],[1.9583,12.28424],[1.95881,12.28484],[1.95925,12.28457],[1.95982,12.28456],[1.96085,12.28523],[1.9623,12.28537],[1.96289,12.28577],[1.96329,12.28654],[1.96335,12.28737],[1.96319,12.28762],[1.96253,12.28749],[1.96242,12.28764],[1.96254,12.28797],[1.96285,12.28825],[1.96348,12.28843],[1.96405,12.28801],[1.9643,12.28804],[1.96459,12.2886],[1.96666,12.29072],[1.96796,12.29266],[1.96967,12.29409],[1.97001,12.29408],[1.97053,12.29356],[1.97035,12.29265],[1.97108,12.29218],[1.97216,12.29111],[1.97256,12.29101],[1.97573,12.29266],[1.97705,12.29271],[1.97877,12.29309],[1.97977,12.29376],[1.98115,12.29431],[1.98166,12.29471],[1.9828,12.29642],[1.98303,12.29651],[1.98359,12.29631],[1.98483,12.29532],[1.98592,12.29363],[1.98605,12.29311],[1.98592,12.29136],[1.98556,12.29062]]},"properties":{"name":"Tapoa","type":"River","flow_regime":"perennial","label":"Tapoa"}},{"type":"Feature","geometry":{"type":"LineString","coordinates":[[-2.61012,12.38724],[-2.6108,12.38638],[-2.6116,12.38571],[-2.6128,12.38516],[-2.61625,12.38432],[-2.61807,12.3841],[-2.61913,12.38374],[-2.62004,12.38306],[-2.62091,12.3829],[-2.62123,12.3835],[-2.62189,12.38389],[-2.62312,12.38373],[-2.62432,12.38391],[-2.62445,12.38386],[-2.6245,12.38349],[-2.62438,12.38312],[-2.62481,12.38262],[-2.62472,12.38216],[-2.62488,12.3819],[-2.62536,12.38205],[-2.62582,12.38188],[-2.62615,12.38194],[-2.62659,12.38155],[-2.6271,12.38181],[-2.62823,12.38132],[-2.62931,12.38146],[-2.62975,12.38101],[-2.63079,12.38088],[-2.63113,12.38068],[-2.63147,12.38075],[-2.63186,12.38042],[-2.63238,12.3803],[-2.63333,12.38035],[-2.63367,12.38019],[-2.63417,12.37849],[-2.63372,12.3778],[-2.63371,12.3749],[-2.63341,12.37351],[-2.63433,12.37144],[-2.63421,12.37085],[-2.63432,12.36894],[-2.63447,12.36869],[-2.63532,12.3684],[-2.63559,12.36794],[-2.63563,12.36698],[-2.63606,12.36618],[-2.63585,12.36584],[-2.63578,12.36523],[-2.63645,12.36541],[-2.63671,12.36565],[-2.63676,12.36531],[-2.63766,12.36437],[-2.63762,12.36407],[-2.63691,12.36329],[-2.63691,12.36281],[-2.63755,12.3628],[-2.63796,12.36239],[-2.63858,12.3623],[-2.63896,12.36196],[-2.63949,12.36125],[-2.63999,12.36017],[-2.64079,12.35924],[-2.64123,12.35918],[-2.64182,12.35943],[-2.64274,12.35878],[-2.64311,12.35816],[-2.64338,12.35727],[-2.64309,12.35657],[-2.64319,12.35622],[-2.64388,12.35607],[-2.64501,12.35539],[-2.6458,12.35526],[-2.64753,12.35462],[-2.64788,12.35464],[-2.6495,12.3539],[-2.65012,12.35403],[-2.65074,12.35385],[-2.65208,12.35394],[-2.65281,12.35426],[-2.65298,12.35412],[-2.65294,12.35329],[-2.65312,12.3531],[-2.65372,12.35295],[-2.65472,12.35305],[-2.65531,12.35239],[-2.65618,12.35214],[-2.65629,12.35177],[-2.65792,12.35056],[-2.65865,12.35044],[-2.65913,12.35053],[-2.65947,12.34967],[-2.66057,12.34913],[-2.66076,12.34935],[-2.66117,12.34938],[-2.66183,12.34878],[-2.66178,12.3485],[-2.66251,12.34787],[-2.66405,12.34702],[-2.66399,12.34622],[-2.66419,12.34592],[-2.66513,12.34522],[-2.66553,12.34521],[-2.66669,12.3444],[-2.66685,12.34353],[-2.66769,12.34285],[-2.66778,12.34251],[-2.66727,12.3417],[-2.6671,12.3409],[-2.66609,12.33991],[-2.66501,12.33781],[-2.66498,12.33711],[-2.66469,12.33662],[-2.66368,12.33641],[-2.66288,12.33424],[-2.66314,12.33261],[-2.66293,12.33126],[-2.66253,12.33071],[-2.66251,12.33029],[-2.6628,12.32851],[-2.66272,12.32775],[-2.66321,12.32603],[-2.66342,12.32592],[-2.66348,12.32489],[-2.66288,12.3224],[-2.66278,12.32143],[-2.66294,12.31998],[-2.6623,12.31827],[-2.66045,12.31631],[-2.66035,12.3159],[-2.66049,12.31559],[-2.66003,12.3148],[-2.65927,12.31248],[-2.65933,12.31158],[-2.65987,12.31063],[-2.66068,12.31111],[-2.66135,12.31094],[-2.66098,12.31053],[-2.66105,12.30989],[-2.6604,12.30878],[-2.66012,12.3078],[-2.65899,12.30752],[-2.65808,12.3064],[-2.65737,12.30492],[-2.65676,12.30451],[-2.65562,12.30426],[-2.6553,12.3044],[-2.65508,12.30423],[-2.65507,12.30294],[-2.65465,12.30241],[-2.65459,12.30209],[-2.65487,12.30167],[-2.65579,12.30157],[-2.65748,12.29968],[-2.65812,12.29966],[-2.65903,12.29902],[-2.65984,12.29895],[-2.65987,12.29957],[-2.66034,12.29998],[-2.66139,12.29991],[-2.66252,12.30033],[-2.66423,12.29951],[-2.66457,12.29917],[-2.66462,12.29888],[-2.66412,12.29828],[-2.66405,12.29777],[-2.66381,12.29747],[-2.66384,12.29688],[-2.66297,12.2959],[-2.66295,12.2956],[-2.66351,12.29534],[-2.66406,12.29468],[-2.66468,12.29435],[-2.66507,12.29387],[-2.66813,12.29509],[-2.66955,12.29538],[-2.67171,12.29636],[-2.67207,12.29616],[-2.67225,12.29551],[-2.67398,12.29512],[-2.67514,12.2944],[-2.6758,12.29365],[-2.67647,12.29337],[-2.67686,12.29343],[-2.67743,12.29391],[-2.6782,12.29427],[-2.67854,12.29417],[-2.67895,12.29432],[-2.67931,12.29495],[-2.67984,12.29521],[-2.68068,12.29504],[-2.68202,12.29531],[-2.68308,12.2953],[-2.68418,12.29486],[-2.68484,12.2945],[-2.68528,12.29391],[-2.68595,12.2935],[-2.68598,12.2933],[-2.68571,12.29303],[-2.68516,12.293],[-2.68505,12.29286],[-2.68505,12.29232],[-2.68457,12.29112],[-2.68243,12.28985],[-2.68128,12.28842],[-2.68075,12.28739],[-2.68035,12.2871],[-2.68032,12.28634],[-2.68055,12.28621],[-2.68069,12.28588],[-2.68034,12.2852],[-2.6806,12.28484],[-2.68114,12.28474],[-2.6818,12.28496],[-2.68195,12.28523],[-2.6827,12.28569],[-2.68301,12.28572],[-2.6834,12.28549],[-2.68375,12.28474],[-2.68419,12.28254],[-2.68441,12.28204],[-2.68503,12.28132],[-2.68507,12.2808],[-2.68574,12.27981],[-2.68565,12.27939],[-2.68635,12.27898],[-2.68685,12.27836],[-2.68686,12.27795],[-2.68644,12.27721],[-2.68663,12.27678],[-2.68629,12.27577],[-2.68607,12.27332],[-2.68639,12.27174],[-2.68671,12.27125],[-2.68669,12.26997],[-2.68703,12.26965],[-2.68777,12.26941],[-2.68753,12.26868],[-2.68777,12.26762],[-2.68763,12.26607],[-2.68736,12.26599],[-2.68678,12.26623],[-2.68629,12.26731],[-2.68556,12.26774],[-2.68473,12.26764],[-2.6838,12.26708],[-2.68312,12.26577],[-2.68159,12.2637],[-2.68166,12.26244],[-2.68154,12.26203],[-2.6808,12.26125],[-2.68035,12.25995]]},"properties":{"name":"Vranso","type":"River","flow_regime":"perennial","label":"Vranso"}},{"type":"Feature","geometry":{"type":"LineString","coordinates":[[-2.49481,12.48404],[-2.49344,12.48376],[-2.49288,12.48299],[-2.49333,12.48179],[-2.4943,12.48096],[-2.49593,12.48108],[-2.49601,12.48036],[-2.49566,12.47793],[-2.49468,12.47518],[-2.49415,12.47465],[-2.49429,12.4739],[-2.49495,12.47345],[-2.49542,12.47196],[-2.49553,12.47073],[-2.49537,12.46994],[-2.49488,12.46983],[-2.49499,12.46878],[-2.49461,12.46841],[-2.49455,12.46748],[-2.49416,12.4668],[-2.49366,12.46506],[-2.49211,12.46247],[-2.49225,12.46171],[-2.49272,12.46116],[-2.49261,12.46096]]},"properties":{"name":"Vranso","type":"River","flow_regime":"perennial","label":"Vranso"}},{"type":"Feature","geometry":{"type":"LineString","coordinates":[[-2.76899,12.41465],[-2.76921,12.41427],[-2.76965,12.41411],[-2.76985,12.41307],[-2.77026,12.41253],[-2.76993,12.41142],[-2.77026,12.41114],[-2.77019,12.4106],[-2.77047,12.41043],[-2.77111,12.40913],[-2.77188,12.40841],[-2.77249,12.40749],[-2.77285,12.40657],[-2.77273,12.40593],[-2.77169,12.40363],[-2.77157,12.40253],[-2.77183,12.40202],[-2.77158,12.40083],[-2.77181,12.40058],[-2.77206,12.39971],[-2.77243,12.39924],[-2.77303,12.39897],[-2.77372,12.39822],[-2.77451,12.39802],[-2.77493,12.39694],[-2.77257,12.39358],[-2.77154,12.39083],[-2.77101,12.39023],[-2.77062,12.38886],[-2.76994,12.38807],[-2.76949,12.38687],[-2.76946,12.3863],[-2.76978,12.38591]]},"properties":{"name":"","type":"River","flow_regime":"perennial","label":"River"}},{"type":"Feature","geometry":{"type":"LineString","coordinates":[[-2.60337,12.40181],[-2.6035,12.40145],[-2.60341,12.39994],[-2.60537,12.39824],[-2.60607,12.39835],[-2.60666,12.39891],[-2.60718,12.39844],[-2.60834,12.3985],[-2.60859,12.39776],[-2.60816,12.39732],[-2.60833,12.39569],[-2.60819,12.39525],[-2.60849,12.39476],[-2.6084,12.39439],[-2.60904,12.39372],[-2.60891,12.39251],[-2.60935,12.39154],[-2.60918,12.39131],[-2.60904,12.39008],[-2.60877,12.38997],[-2.60876,12.38962],[-2.60898,12.38956],[-2.6093,12.38904],[-2.60952,12.38899],[-2.60959,12.38837],[-2.60991,12.38806],[-2.60996,12.38743],[-2.61012,12.38724]]},"properties":{"name":"Vranso","type":"River","flow_regime":"perennial","label":"Vranso"}},{"type":"Feature","geometry":{"type":"LineString","coordinates":[[-1.41704,11.05332],[-1.4167,11.05264],[-1.41718,11.0507],[-1.41757,11.05052],[-1.41893,11.05064],[-1.42037,11.05123],[-1.42089,11.05129],[-1.42103,11.0511],[-1.42096,11.0508],[-1.42132,11.05011],[-1.42145,11.04855],[-1.4221,11.04766],[-1.4219,11.0473],[-1.42066,11.04627],[-1.42019,11.04519],[-1.41922,11.04379],[-1.41917,11.04281],[-1.4198,11.04107],[-1.41939,11.03999],[-1.41855,11.03873],[-1.41854,11.03791],[-1.41875,11.03774],[-1.42021,11.03764],[-1.42121,11.0382],[-1.42241,11.03824],[-1.42365,11.03798],[-1.42553,11.0368],[-1.42606,11.03696],[-1.42628,11.03687],[-1.4283,11.03536],[-1.42884,11.03468],[-1.42869,11.03417],[-1.43047,11.03277],[-1.43097,11.033],[-1.43089,11.03329],[-1.43101,11.03349],[-1.43133,11.03341],[-1.43248,11.03202],[-1.43272,11.03152],[-1.43274,11.02942],[-1.43216,11.02793],[-1.43047,11.02727],[-1.42881,11.02721],[-1.4281,11.02699],[-1.42765,11.02673],[-1.4276,11.02629],[-1.42637,11.02475],[-1.42627,11.02441],[-1.42646,11.02393],[-1.42652,11.02189],[-1.42631,11.02103]]},"properties":{"name":"Le Sissili","type":"River","flow_regime":"perennial","label":"Le Sissili"}},{"type":"Feature","geometry":{"type":"LineString","coordinates":[[-3.63044,11.59614],[-3.6295,11.59624],[-3.62946,11.59651],[-3.62973,11.59727],[-3.62865,11.59765],[-3.62831,11.59839],[-3.62715,11.59947],[-3.62699,11.59979],[-3.6272,11.60088],[-3.62666,11.60107],[-3.62652,11.60184],[-3.6261,11.60187],[-3.62626,11.60255],[-3.62561,11.60262],[-3.62567,11.60303],[-3.62515,11.60301],[-3.62507,11.60315],[-3.62509,11.60477],[-3.62496,11.60502],[-3.62383,11.60533],[-3.62346,11.60559],[-3.62336,11.60592],[-3.62305,11.60599],[-3.62271,11.60584],[-3.62302,11.60639],[-3.62294,11.60665],[-3.622,11.60639],[-3.62202,11.60692],[-3.62132,11.60668],[-3.62122,11.60732],[-3.62056,11.60687],[-3.62016,11.6073],[-3.61976,11.60712],[-3.61971,11.60783],[-3.61904,11.60797],[-3.61873,11.60821],[-3.61924,11.60864],[-3.61896,11.60926],[-3.6187,11.61077],[-3.61872,11.6142],[-3.61584,11.61936],[-3.61292,11.62884],[-3.61401,11.63295],[-3.61402,11.63411],[-3.61374,11.63407],[-3.61328,11.6346],[-3.61322,11.63526],[-3.61292,11.63558],[-3.61298,11.6358],[-3.61377,11.6363],[-3.61382,11.63643],[-3.61358,11.63664]]},"properties":{"name":"","type":"River","flow_regime":"perennial","label":"River"}},{"type":"Feature","geometry":{"type":"LineString","coordinates":[[-3.63834,11.64281],[-3.62619,11.63752],[-3.62412,11.63717],[-3.62214,11.63735],[-3.61845,11.63592],[-3.6182,11.63479],[-3.61502,11.63567],[-3.61542,11.6365],[-3.61486,11.63713],[-3.61358,11.63664]]},"properties":{"name":"","type":"River","flow_regime":"perennial","label":"River"}},{"type":"Feature","geometry":{"type":"LineString","coordinates":[[-3.5682,11.77293],[-3.56814,11.77259],[-3.56765,11.7723],[-3.5671,11.7713],[-3.5664,11.77083],[-3.5657,11.77065],[-3.56529,11.77026],[-3.56513,11.76879],[-3.56486,11.76827],[-3.56481,11.76778],[-3.56416,11.76679],[-3.56411,11.76515],[-3.56356,11.76466],[-3.56331,11.76384],[-3.56302,11.76343],[-3.56178,11.76249],[-3.56137,11.76152],[-3.55904,11.76059],[-3.55736,11.75875],[-3.55516,11.75836],[-3.55393,11.75607],[-3.55313,11.75508],[-3.55144,11.75474],[-3.55036,11.75474],[-3.54888,11.75264],[-3.54859,11.75245],[-3.54807,11.75244],[-3.54782,11.75219],[-3.54774,11.75169],[-3.54731,11.75086],[-3.54717,11.75033],[-3.54722,11.74951],[-3.54701,11.74912],[-3.54565,11.74861],[-3.54503,11.74887],[-3.54464,11.74958],[-3.54435,11.74955],[-3.54375,11.7491],[-3.54282,11.7491],[-3.54059,11.74953],[-3.53975,11.74992],[-3.53937,11.74985],[-3.53898,11.74921],[-3.53817,11.74866],[-3.53762,11.74789],[-3.53681,11.74588],[-3.53687,11.74558],[-3.53842,11.7442],[-3.53836,11.74375],[-3.53809,11.74358],[-3.53772,11.74285],[-3.53681,11.74249],[-3.53647,11.74248],[-3.5363,11.74264],[-3.5363,11.74316],[-3.53661,11.74412],[-3.53646,11.74445],[-3.53505,11.74441],[-3.53484,11.7442],[-3.53353,11.74404],[-3.53204,11.74304],[-3.53154,11.74182],[-3.5305,11.74099],[-3.52984,11.73946],[-3.53007,11.73827],[-3.52981,11.73759],[-3.52787,11.7371],[-3.52691,11.73665],[-3.52629,11.7366],[-3.52549,11.73594],[-3.52469,11.73606],[-3.52416,11.73595],[-3.52249,11.73421],[-3.52201,11.73415]]},"properties":{"name":"","type":"River","flow_regime":"perennial","label":"River"}},{"type":"Feature","geometry":{"type":"LineString","coordinates":[[-3.61358,11.63664],[-3.61268,11.63635],[-3.61194,11.63639],[-3.6106,11.63736],[-3.61038,11.63794],[-3.6095,11.63811],[-3.60816,11.63758],[-3.60751,11.63752],[-3.60648,11.63689],[-3.6063,11.63661],[-3.60579,11.63659],[-3.60406,11.63697],[-3.60267,11.638],[-3.60153,11.63763],[-3.60095,11.63808],[-3.59914,11.63899],[-3.59799,11.63874],[-3.59778,11.639],[-3.59735,11.63904],[-3.59719,11.63929],[-3.59708,11.64046],[-3.59725,11.64069],[-3.59751,11.64061],[-3.59751,11.64074],[-3.59661,11.64172],[-3.59616,11.64185],[-3.59597,11.64259],[-3.59541,11.64277],[-3.59428,11.64265],[-3.59398,11.64286],[-3.59324,11.64295],[-3.59336,11.64324],[-3.59307,11.64405],[-3.59199,11.64435],[-3.5912,11.64499],[-3.59011,11.64418],[-3.58992,11.64419],[-3.58989,11.64494],[-3.58934,11.64545],[-3.58944,11.6461],[-3.58845,11.64613],[-3.58823,11.64631],[-3.588,11.64708],[-3.58658,11.64688],[-3.5861,11.64699],[-3.58512,11.64754],[-3.58493,11.64801],[-3.58385,11.64811],[-3.58303,11.64886],[-3.58274,11.64946],[-3.58196,11.65007],[-3.58183,11.65035],[-3.58184,11.65055],[-3.58217,11.65083],[-3.582,11.65131],[-3.58168,11.65161],[-3.58126,11.65159],[-3.58119,11.65172],[-3.5811,11.65309],[-3.58082,11.65348],[-3.58011,11.65364],[-3.57991,11.65388],[-3.57997,11.65471],[-3.57963,11.65544],[-3.57936,11.65559],[-3.57912,11.65634],[-3.57782,11.65797],[-3.57783,11.65833],[-3.57817,11.65863],[-3.57819,11.65939],[-3.57848,11.66014],[-3.57786,11.66195],[-3.57792,11.66224],[-3.57744,11.66318],[-3.5768,11.66359],[-3.57666,11.66406],[-3.57628,11.66443],[-3.57606,11.66534],[-3.57646,11.66592],[-3.57666,11.66857],[-3.57585,11.66869],[-3.57473,11.66925],[-3.5747,11.6706],[-3.57397,11.67047],[-3.5737,11.67075],[-3.57354,11.67174],[-3.57309,11.67246],[-3.57306,11.67353],[-3.57248,11.67378],[-3.57124,11.67565],[-3.57051,11.67623],[-3.57023,11.67762],[-3.56887,11.67933],[-3.5685,11.68179],[-3.56854,11.68222],[-3.5691,11.6826],[-3.56908,11.68511],[-3.56871,11.68523],[-3.56829,11.68562],[-3.56783,11.6866],[-3.56749,11.68667],[-3.56702,11.68648],[-3.56698,11.68716],[-3.56661,11.68716],[-3.5661,11.68689],[-3.56555,11.68697],[-3.5652,11.68734],[-3.56435,11.68771],[-3.56355,11.68926],[-3.56355,11.69028],[-3.56319,11.69046],[-3.56278,11.6912],[-3.56179,11.69196],[-3.56048,11.69418],[-3.55878,11.69491],[-3.55723,11.69498],[-3.55688,11.69515],[-3.55553,11.69495],[-3.55488,11.69539],[-3.55412,11.69565],[-3.55269,11.69669],[-3.55159,11.69712],[-3.55101,11.69705],[-3.55089,11.69724],[-3.54988,11.69759],[-3.54911,11.6975],[-3.54868,11.6978],[-3.54805,11.69793],[-3.54723,11.69777],[-3.54725,11.69811],[-3.54657,11.69846],[-3.54633,11.69882],[-3.54599,11.69947],[-3.54585,11.70034],[-3.54555,11.70075],[-3.54567,11.70279],[-3.5452,11.70338],[-3.54478,11.70444],[-3.54381,11.70536],[-3.54355,11.70592],[-3.54373,11.70674],[-3.54357,11.7071],[-3.54306,11.70738],[-3.54267,11.70784],[-3.54289,11.70831],[-3.54333,11.70834],[-3.54346,11.70855],[-3.54295,11.70932],[-3.54248,11.70974],[-3.54193,11.70991],[-3.54161,11.7104],[-3.54081,11.71072],[-3.54038,11.71144],[-3.53901,11.71262],[-3.53845,11.71279],[-3.53837,11.71382],[-3.53769,11.71453],[-3.5367,11.7146],[-3.53659,11.71508],[-3.53607,11.71536],[-3.53576,11.71543],[-3.53487,11.71524],[-3.53373,11.71611],[-3.53173,11.71614],[-3.53138,11.71638],[-3.5312,11.71685],[-3.53072,11.71716],[-3.52978,11.71709],[-3.52921,11.71829],[-3.52858,11.71873],[-3.52846,11.72027],[-3.52698,11.72083],[-3.52567,11.7216],[-3.52556,11.72221],[-3.52519,11.72268],[-3.52521,11.72286],[-3.52537,11.72322],[-3.52608,11.72357],[-3.52643,11.72404],[-3.52633,11.72573],[-3.52616,11.72595],[-3.52502,11.72619],[-3.52492,11.72705],[-3.52466,11.72664],[-3.52427,11.72641],[-3.52286,11.72734],[-3.52182,11.72748],[-3.52179,11.72789],[-3.52221,11.7281],[-3.52189,11.72867],[-3.52204,11.72912],[-3.52215,11.7293],[-3.52256,11.72942],[-3.5228,11.73],[-3.52248,11.73026],[-3.52328,11.7306],[-3.52348,11.73098],[-3.52318,11.73257],[-3.5229,11.73275],[-3.52321,11.73369],[-3.52295,11.73371],[-3.52275,11.73343],[-3.52262,11.73366],[-3.52229,11.73345],[-3.52201,11.73415]]},"properties":{"name":"","type":"River","flow_regime":"perennial","label":"River"}},{"type":"Feature","geometry":{"type":"LineString","coordinates":[[-1.62182,11.14656],[-1.62135,11.14652]]},"properties":{"name":"","type":"River","flow_regime":"perennial","label":"River"}},{"type":"Feature","geometry":{"type":"LineString","coordinates":[[-1.65298,11.09492],[-1.65287,11.09511],[-1.65297,11.09527]]},"properties":{"name":"","type":"River","flow_regime":"perennial","label":"River"}},{"type":"Feature","geometry":{"type":"LineString","coordinates":[[-2.06336,13.82717],[-2.0632,13.82611],[-2.06262,13.82521],[-2.06243,13.82419],[-2.06275,13.82317],[-2.06275,13.82198],[-2.0623,13.82073],[-2.06215,13.81959],[-2.06254,13.81771],[-2.06323,13.81582],[-2.06331,13.81355],[-2.0629,13.8115],[-2.06282,13.8095],[-2.06346,13.80738],[-2.06449,13.80517],[-2.06608,13.80379],[-2.06861,13.80075],[-2.0696,13.79904],[-2.06998,13.79625],[-2.06981,13.79267],[-2.0682,13.78105],[-2.06739,13.77852]]},"properties":{"name":"","type":"River","flow_regime":"perennial","label":"River"}},{"type":"Feature","geometry":{"type":"LineString","coordinates":[[-1.4855,11.08123],[-1.48598,11.07973],[-1.48629,11.07951]]},"properties":{"name":"","type":"River","flow_regime":"perennial","label":"River"}},{"type":"Feature","geometry":{"type":"LineString","coordinates":[[-1.49025,11.07914],[-1.48985,11.07897],[-1.48957,11.07913],[-1.48912,11.0799],[-1.48853,11.07962],[-1.48813,11.08],[-1.48704,11.08019],[-1.48649,11.07996],[-1.48667,11.07971],[-1.48632,11.07965],[-1.4863,11.07906],[-1.48598,11.07872],[-1.48582,11.07775],[-1.4854,11.07767]]},"properties":{"name":"","type":"River","flow_regime":"perennial","label":"River"}},{"type":"Feature","geometry":{"type":"LineString","coordinates":[[-3.40846,11.71145],[-3.40805,11.71161],[-3.40403,11.70867],[-3.40155,11.70848],[-3.39803,11.70392],[-3.39697,11.70297],[-3.39391,11.70075],[-3.39249,11.69911],[-3.3918,11.69686],[-3.38973,11.69587],[-3.38766,11.6953],[-3.38495,11.69488],[-3.38251,11.69468],[-3.38031,11.69425],[-3.37802,11.69428],[-3.37574,11.69524],[-3.37408,11.69623],[-3.37326,11.69776],[-3.37202,11.6988],[-3.37037,11.69854],[-3.36759,11.69714],[-3.36618,11.69684],[-3.36505,11.69621],[-3.36463,11.69513]]},"properties":{"name":"","type":"River","flow_regime":"perennial","label":"River"}},{"type":"Feature","geometry":{"type":"LineString","coordinates":[[-2.88009,11.93755],[-2.87991,11.9345],[-2.87944,11.9324],[-2.87868,11.9306],[-2.87767,11.92891],[-2.87528,11.92551],[-2.87456,11.92517],[-2.87353,11.92498],[-2.873,11.92449],[-2.87216,11.92267],[-2.87036,11.92047],[-2.86961,11.92003],[-2.86851,11.91964],[-2.86216,11.91894]]},"properties":{"name":"Le Mouhoun","type":"River","flow_regime":"perennial","label":"Le Mouhoun"}},{"type":"Feature","geometry":{"type":"LineString","coordinates":[[1.65683,12.12014],[1.65583,12.11957],[1.65546,12.11865],[1.65543,12.11792]]},"properties":{"name":"Tapoa","type":"River","flow_regime":"perennial","label":"Tapoa"}},{"type":"Feature","geometry":{"type":"LineString","coordinates":[[1.9922,11.68504],[1.99191,11.68511],[1.99097,11.686],[1.99074,11.68842],[1.98925,11.68924],[1.98864,11.68939],[1.9882,11.68975],[1.98754,11.68978],[1.98737,11.68936],[1.98585,11.68981],[1.98515,11.69025],[1.98486,11.6907],[1.98459,11.69071],[1.98444,11.69037],[1.98355,11.69057],[1.98329,11.69093],[1.98213,11.6915],[1.98183,11.69141],[1.98187,11.69104],[1.98131,11.69078],[1.98096,11.69077],[1.98067,11.69107],[1.9801,11.69092],[1.97957,11.6894],[1.9785,11.68914],[1.97827,11.68872],[1.97714,11.68891],[1.97692,11.68952],[1.97617,11.68978],[1.97584,11.68945],[1.97585,11.68914],[1.97558,11.68867],[1.97442,11.68806],[1.9728,11.68646],[1.97168,11.68654],[1.97113,11.68678],[1.97093,11.68716],[1.96992,11.68689],[1.96965,11.68668],[1.96895,11.68507],[1.97077,11.68394],[1.97096,11.68363],[1.97088,11.68206],[1.97042,11.68149],[1.9693,11.68138],[1.96913,11.68109],[1.96928,11.68006],[1.96915,11.67961],[1.96877,11.67946],[1.96843,11.67939],[1.96744,11.67979],[1.96565,11.67968],[1.9648,11.68005],[1.96429,11.67945],[1.96296,11.6797],[1.96265,11.68003],[1.9626,11.68145],[1.96224,11.68248],[1.96191,11.68284],[1.96117,11.68299],[1.96099,11.68316],[1.96067,11.68305],[1.96074,11.68277],[1.95973,11.68193],[1.95932,11.68127],[1.95828,11.68133],[1.95827,11.68191],[1.95778,11.68213],[1.95714,11.68102],[1.95721,11.68039],[1.95667,11.6794],[1.95638,11.67915],[1.95612,11.67911],[1.95514,11.67984],[1.95468,11.67975],[1.95426,11.67936],[1.95441,11.67911],[1.95428,11.67894],[1.95458,11.67616],[1.9546,11.67435],[1.95489,11.67388],[1.95466,11.6739],[1.95516,11.67338],[1.95646,11.67314],[1.9567,11.67232],[1.95651,11.6718],[1.95541,11.67139],[1.955,11.671],[1.95489,11.67067],[1.95433,11.6705],[1.95255,11.67071],[1.95228,11.67006],[1.95234,11.66937],[1.95196,11.66931],[1.95138,11.66886],[1.95117,11.66933],[1.95069,11.66933],[1.95041,11.66907],[1.9496,11.66895],[1.94778,11.66942],[1.94747,11.66954],[1.94723,11.66991],[1.94727,11.67044],[1.94694,11.67049],[1.94663,11.67025],[1.94675,11.66975],[1.94654,11.66966],[1.94563,11.67004],[1.94468,11.66929],[1.94452,11.66875],[1.9447,11.66822],[1.94512,11.66791],[1.94475,11.66702],[1.94492,11.66574],[1.94441,11.66471],[1.9439,11.6643],[1.94378,11.66358],[1.94258,11.66202],[1.94264,11.66162],[1.94239,11.6611],[1.94145,11.66057],[1.94032,11.66055],[1.93968,11.66083],[1.9381,11.66017],[1.93713,11.66045],[1.93472,11.66012],[1.93461,11.65991],[1.93493,11.65936],[1.93529,11.6593],[1.93425,11.65779],[1.93363,11.65742],[1.93342,11.65768],[1.93342,11.65854],[1.93328,11.65875],[1.9323,11.6586],[1.93176,11.65777],[1.93201,11.657],[1.93189,11.65584],[1.93135,11.65525],[1.93048,11.65472],[1.93024,11.65433],[1.92997,11.65435],[1.92819,11.65359],[1.92779,11.65246],[1.92699,11.6515],[1.92615,11.65082],[1.92576,11.65061],[1.92527,11.6508],[1.92507,11.65107],[1.92434,11.65123],[1.9242,11.65156],[1.92438,11.65223]]},"properties":{"name":"","type":"River","flow_regime":"perennial","label":"River"}},{"type":"Feature","geometry":{"type":"LineString","coordinates":[[1.73472,12.06135],[1.73348,12.06168],[1.73337,12.06272],[1.7326,12.06292],[1.73263,12.06347],[1.73224,12.0641],[1.73115,12.06437],[1.73084,12.06427],[1.73074,12.06441],[1.73094,12.06471],[1.73058,12.06491],[1.72999,12.06496],[1.72976,12.06475],[1.72939,12.06486],[1.72936,12.06516],[1.73024,12.06583],[1.73003,12.06628],[1.72944,12.06628],[1.72932,12.06664],[1.72948,12.06735],[1.72961,12.06738],[1.72985,12.06692],[1.73002,12.06691],[1.7304,12.06753],[1.73077,12.06754],[1.73118,12.06788],[1.73107,12.06819],[1.7308,12.06833],[1.72999,12.0681],[1.72972,12.06824],[1.72965,12.0685],[1.73032,12.06911],[1.7309,12.06901],[1.73121,12.06916],[1.73127,12.06936],[1.72984,12.0708],[1.72962,12.07166],[1.72926,12.07212],[1.72962,12.07223],[1.73017,12.0717],[1.73042,12.07173],[1.73084,12.0724],[1.7308,12.07292],[1.73017,12.07349],[1.72927,12.07393],[1.72942,12.07415],[1.72938,12.07467],[1.72882,12.07444],[1.72834,12.07483],[1.72738,12.07466],[1.72726,12.07477],[1.72699,12.07536],[1.72709,12.07578],[1.72648,12.07671],[1.72673,12.07736],[1.72577,12.07742],[1.72548,12.07784],[1.72491,12.07825],[1.7249,12.07871],[1.72522,12.07893],[1.7252,12.0792],[1.72442,12.07971],[1.72327,12.07958],[1.72305,12.07938],[1.72245,12.07987],[1.72259,12.08042],[1.723,12.08066],[1.723,12.08085],[1.72263,12.08103],[1.72256,12.08135],[1.72318,12.08196],[1.72389,12.0819],[1.72437,12.08236],[1.72458,12.08375],[1.72448,12.08394],[1.72411,12.08382],[1.72391,12.08328],[1.72319,12.08377],[1.72336,12.08452],[1.72264,12.08512],[1.72274,12.08549],[1.7231,12.08584],[1.72276,12.08627],[1.72298,12.08755],[1.724,12.08827],[1.72436,12.08871],[1.7246,12.0882],[1.72599,12.08831],[1.72623,12.08863],[1.72616,12.08895],[1.72581,12.08929],[1.72582,12.08972],[1.72558,12.09006],[1.72571,12.0904],[1.72562,12.09056],[1.72516,12.09075],[1.72483,12.0912],[1.72415,12.09122],[1.72352,12.09153],[1.72302,12.09225],[1.72249,12.09263],[1.72225,12.09327],[1.72232,12.09412],[1.72215,12.09449],[1.72256,12.09521],[1.72265,12.09601],[1.72306,12.09654],[1.72425,12.09682],[1.72338,12.09743],[1.72305,12.09814],[1.72322,12.09952],[1.72225,12.0995],[1.72141,12.0999],[1.72049,12.10067],[1.72033,12.10222],[1.71991,12.10318],[1.71999,12.10379],[1.71975,12.10482],[1.72021,12.10634],[1.72044,12.10871],[1.72074,12.10928],[1.72171,12.10959],[1.72288,12.10912],[1.72345,12.10915],[1.7238,12.10952],[1.72412,12.11093],[1.72402,12.11167],[1.72353,12.11267],[1.72337,12.11342],[1.7237,12.11425],[1.72533,12.11575]]},"properties":{"name":"","type":"River","flow_regime":"perennial","label":"River"}},{"type":"Feature","geometry":{"type":"LineString","coordinates":[[0.96686,12.24429],[0.96892,12.243],[0.96968,12.24296],[0.97103,12.24166],[0.97144,12.24172],[0.97219,12.24275],[0.9766,12.24429],[0.97924,12.24301],[0.9853,12.24461],[0.98873,12.24322],[0.991,12.24377],[0.99289,12.24318],[0.99508,12.24385],[0.99697,12.24335],[0.99924,12.24511],[1.00392,12.24503],[1.00664,12.24664],[1.008,12.24645],[1.01186,12.24826],[1.01426,12.24805],[1.01615,12.2475],[1.01698,12.24521],[1.02083,12.24486],[1.02594,12.2428],[1.02774,12.24339],[1.02988,12.2431],[1.03336,12.24364],[1.03581,12.24343],[1.03842,12.24536],[1.0413,12.24494],[1.0422,12.24566],[1.04362,12.2483],[1.04572,12.24784],[1.04834,12.24633],[1.04997,12.24679],[1.05138,12.24909],[1.05293,12.24817],[1.05589,12.24981],[1.05847,12.24855],[1.06027,12.25048],[1.06271,12.24872],[1.06615,12.24943],[1.06975,12.2475],[1.07246,12.24746],[1.07462,12.24601],[1.07542,12.24456],[1.08082,12.24398],[1.0825,12.24465],[1.08739,12.24389],[1.09014,12.24616],[1.09267,12.24633],[1.09486,12.24507],[1.09984,12.24737],[1.1064,12.25014],[1.11344,12.25203],[1.1149,12.2506],[1.11855,12.25039],[1.12327,12.24893],[1.12426,12.2493],[1.12571,12.24662],[1.12679,12.24616],[1.12799,12.24624],[1.13026,12.24268],[1.13177,12.24264],[1.13425,12.2402],[1.13387,12.23844],[1.1355,12.23676],[1.14039,12.23395],[1.14378,12.229],[1.14425,12.22359],[1.1474,12.22185],[1.15019,12.22085],[1.15096,12.2193],[1.15348,12.21894],[1.15511,12.21798],[1.15809,12.21657],[1.16121,12.21756],[1.16369,12.21676],[1.16489,12.21756],[1.16683,12.21763],[1.16919,12.21584],[1.17161,12.21535],[1.17417,12.21525],[1.1748,12.21497],[1.17504,12.21423],[1.17444,12.21338],[1.17687,12.21034],[1.17933,12.20818],[1.18009,12.20833],[1.18223,12.20556],[1.18824,12.20111],[1.18936,12.20103],[1.19075,12.19887],[1.19693,12.1966],[1.19601,12.19562],[1.19735,12.19388],[1.20411,12.19214],[1.20628,12.19123],[1.20701,12.19025],[1.20776,12.18827],[1.20934,12.18713],[1.2095,12.18638],[1.20907,12.18557],[1.20902,12.18489],[1.2101,12.18435],[1.2107,12.1845],[1.21109,12.18642],[1.21176,12.18692],[1.21245,12.18702],[1.21322,12.18627],[1.21329,12.18518],[1.21252,12.18393],[1.21235,12.18162],[1.21282,12.18032],[1.21348,12.1798],[1.21541,12.18009],[1.21687,12.17972],[1.2183,12.17975],[1.21953,12.17897],[1.22395,12.17838],[1.22665,12.17895],[1.22842,12.17839],[1.22978,12.17735],[1.23163,12.17536],[1.23187,12.17445],[1.23172,12.1741],[1.2318,12.17373],[1.23339,12.1732],[1.23458,12.17349],[1.23522,12.17408],[1.23587,12.17374],[1.23625,12.17255],[1.23662,12.17199],[1.23732,12.17183],[1.23973,12.17254],[1.24129,12.17361],[1.2415,12.17406],[1.24192,12.17398],[1.24225,12.17333],[1.24345,12.17328],[1.24663,12.17396],[1.25101,12.17583],[1.25171,12.17565],[1.25249,12.1744],[1.25226,12.17314],[1.25272,12.17223],[1.25375,12.17138],[1.25508,12.17134],[1.25688,12.17106],[1.25796,12.17112],[1.25835,12.17041],[1.25851,12.16942],[1.26114,12.16856],[1.26231,12.16839],[1.26344,12.16862],[1.26402,12.16818],[1.26343,12.16735],[1.26409,12.16682],[1.26481,12.16667],[1.26975,12.16816],[1.27355,12.16647],[1.27463,12.16488],[1.27474,12.1637],[1.27525,12.16325],[1.27754,12.16309],[1.27854,12.16248],[1.27991,12.16089],[1.28002,12.15939],[1.28065,12.15843],[1.28119,12.15808],[1.28377,12.15816],[1.2866,12.15732],[1.28841,12.15738],[1.2906,12.15703],[1.29176,12.15723],[1.29274,12.15807],[1.29273,12.1593],[1.29406,12.16079],[1.29493,12.16089],[1.29624,12.15992],[1.29801,12.15935],[1.30031,12.15791]]},"properties":{"name":"Tapoa","type":"River","flow_regime":"perennial","label":"Tapoa"}},{"type":"Feature","geometry":{"type":"LineString","coordinates":[[1.30031,12.15791],[1.30102,12.15763],[1.3017,12.1556],[1.30285,12.15337],[1.30306,12.15267],[1.30325,12.15068],[1.30346,12.15039],[1.30397,12.15042],[1.30429,12.15103],[1.30471,12.15126],[1.30507,12.15171],[1.3065,12.15236],[1.30957,12.15413],[1.31038,12.15427],[1.31165,12.15415],[1.31207,12.15395],[1.31298,12.15296],[1.31394,12.15112],[1.31403,12.15054],[1.3138,12.14992],[1.31152,12.14868],[1.31063,12.14872],[1.30972,12.14816],[1.30785,12.14838],[1.30731,12.14796],[1.30767,12.14614],[1.30892,12.14487],[1.30952,12.14453],[1.31024,12.14466],[1.31091,12.14517],[1.31256,12.14592],[1.31665,12.14662],[1.31847,12.14726],[1.31995,12.14757],[1.32123,12.14709],[1.32235,12.14714],[1.32289,12.14687],[1.32307,12.14639],[1.32271,12.14595],[1.32287,12.14555],[1.32476,12.14586],[1.32536,12.1473],[1.32532,12.14826],[1.32492,12.14888],[1.32431,12.14904],[1.32384,12.14947],[1.3227,12.15119],[1.32281,12.15193],[1.32307,12.15237],[1.32357,12.15264],[1.32425,12.15262],[1.32561,12.15215],[1.32725,12.15113],[1.32804,12.14994],[1.32859,12.14875],[1.32932,12.14786],[1.33078,12.14686],[1.3312,12.1459],[1.33066,12.1451],[1.33059,12.14448],[1.33079,12.14442],[1.33137,12.14464],[1.33289,12.14624],[1.33363,12.1476],[1.33497,12.14878],[1.33731,12.14846],[1.33786,12.14811],[1.33829,12.14745],[1.33876,12.14736],[1.33886,12.1478],[1.33796,12.149],[1.33783,12.14939],[1.33788,12.14969],[1.33857,12.14982],[1.33981,12.14898],[1.34391,12.14815],[1.34724,12.14587],[1.35471,12.14209],[1.36016,12.14117],[1.36198,12.13842],[1.36398,12.13756],[1.3678,12.13978],[1.36809,12.14139],[1.36913,12.14209],[1.37028,12.14224],[1.3729,12.1416],[1.37535,12.14159],[1.3787,12.14427],[1.3795,12.14618],[1.37889,12.14799],[1.37964,12.14914],[1.38087,12.14867],[1.38263,12.14898],[1.38374,12.1494],[1.38441,12.15033],[1.38492,12.15035],[1.38567,12.14941],[1.38643,12.14899],[1.38747,12.14982],[1.38836,12.14988],[1.38901,12.14947],[1.38924,12.14791],[1.39082,12.14714],[1.39142,12.14708],[1.39222,12.14763],[1.39223,12.14873],[1.39088,12.1505],[1.39097,12.1509],[1.39179,12.15166],[1.39291,12.15166],[1.39405,12.15069],[1.39595,12.15019],[1.39502,12.14727],[1.39793,12.14553],[1.40063,12.14649],[1.40163,12.14526],[1.40441,12.14465],[1.40574,12.14217],[1.41004,12.1414],[1.41526,12.14293],[1.42127,12.14188],[1.42569,12.14264],[1.4308,12.14046],[1.42798,12.13749],[1.43604,12.13618],[1.43732,12.13928],[1.44222,12.13534],[1.44617,12.13718],[1.45167,12.13481],[1.45303,12.13005],[1.45485,12.13044],[1.45526,12.13399],[1.45811,12.1333],[1.46196,12.12913],[1.46754,12.12829],[1.46857,12.13139],[1.47166,12.13022],[1.47449,12.12653],[1.48307,12.12619],[1.49399,12.1239],[1.49416,12.12835],[1.49784,12.12871],[1.50118,12.12804],[1.50676,12.12334],[1.51199,12.11855],[1.51409,12.11762],[1.51588,12.11739],[1.51773,12.11801],[1.51931,12.11719],[1.5191,12.11581],[1.52241,12.11189],[1.52385,12.10957],[1.526,12.10825],[1.52835,12.11066],[1.529,12.11022],[1.52915,12.10948],[1.52968,12.10882],[1.53023,12.10934],[1.53095,12.11162],[1.53244,12.11333],[1.53429,12.11419],[1.53828,12.11376],[1.53944,12.11336],[1.53972,12.11295],[1.53872,12.11135],[1.53845,12.11042],[1.53869,12.10941],[1.54075,12.10951],[1.54247,12.10844],[1.54487,12.10926],[1.5459,12.10908],[1.54618,12.10868],[1.54725,12.1089],[1.54779,12.11007],[1.5482,12.11225],[1.54952,12.11376],[1.55115,12.11526],[1.55414,12.11394],[1.55379,12.11263],[1.55322,12.11148],[1.55377,12.11015],[1.55371,12.1088],[1.55422,12.10836],[1.55623,12.10852],[1.5574,12.10962],[1.55838,12.10978],[1.56239,12.11215],[1.5619,12.11299],[1.56222,12.11342],[1.56347,12.11355],[1.56446,12.11255],[1.56676,12.11134],[1.56888,12.11305],[1.56977,12.11593],[1.57173,12.11565],[1.57308,12.11494],[1.57421,12.11366],[1.57431,12.11258],[1.57523,12.1124],[1.57561,12.11321],[1.57582,12.11579],[1.57657,12.11614],[1.5775,12.11567],[1.57929,12.11711],[1.57893,12.11922],[1.57801,12.12082],[1.57844,12.12145],[1.58116,12.12066],[1.58235,12.11923],[1.58237,12.11788],[1.58332,12.11671],[1.58478,12.11646],[1.58582,12.1171],[1.58615,12.11815],[1.58572,12.11898],[1.58636,12.12086],[1.58831,12.1213],[1.58979,12.12079],[1.59003,12.11944],[1.59101,12.119],[1.59208,12.11939],[1.59492,12.11935],[1.59664,12.11999],[1.59698,12.12048],[1.59872,12.12123],[1.59892,12.12159],[1.59871,12.12232],[1.59921,12.12262],[1.6012,12.12183],[1.60162,12.12118],[1.6019,12.1203],[1.60232,12.11996],[1.60285,12.11996],[1.60382,12.12042],[1.60535,12.12052],[1.60572,12.12074],[1.60944,12.12167],[1.61198,12.12139],[1.6172,12.12217],[1.61926,12.12173],[1.61995,12.11975],[1.62033,12.11954],[1.62088,12.11956],[1.62114,12.11966],[1.62148,12.12014],[1.62257,12.12071],[1.62227,12.12342],[1.62275,12.12361],[1.62328,12.12425],[1.62404,12.12455],[1.62504,12.12448],[1.62557,12.12399],[1.62588,12.12399],[1.62647,12.12491],[1.62677,12.12501],[1.63008,12.12501],[1.63119,12.12445],[1.63112,12.12413],[1.63049,12.12353],[1.63016,12.12243],[1.63016,12.12219],[1.63053,12.12183],[1.6319,12.12236],[1.63244,12.12345],[1.63378,12.12375],[1.63481,12.12368],[1.63541,12.12329],[1.63591,12.12256],[1.63748,12.12183],[1.63885,12.12187],[1.64033,12.12223],[1.64424,12.12205],[1.64644,12.1214],[1.64758,12.12149],[1.64819,12.1213],[1.64863,12.12139],[1.64979,12.12208],[1.65034,12.1226],[1.65061,12.12314],[1.65109,12.12329],[1.65241,12.1224],[1.65377,12.12063],[1.65457,12.12052],[1.65578,12.12082],[1.65624,12.12117],[1.65683,12.12014]]},"properties":{"name":"Tapoa","type":"River","flow_regime":"perennial","label":"Tapoa"}},{"type":"Feature","geometry":{"type":"LineString","coordinates":[[-5.1518,10.77281],[-5.15118,10.77261],[-5.15058,10.7717],[-5.14917,10.77117],[-5.14912,10.77054],[-5.14889,10.77021],[-5.14842,10.77002],[-5.14833,10.76811],[-5.14715,10.7669],[-5.14567,10.76607],[-5.14537,10.76561],[-5.14519,10.76503],[-5.14553,10.76302],[-5.14509,10.7618],[-5.14346,10.76249],[-5.14294,10.7622],[-5.1407,10.76012],[-5.14004,10.7597],[-5.13957,10.75965],[-5.13814,10.75896],[-5.13762,10.75918],[-5.13582,10.75947],[-5.13517,10.75951],[-5.13436,10.75921],[-5.13252,10.75901],[-5.13165,10.75944],[-5.13086,10.75945],[-5.13033,10.75882],[-5.12931,10.75852],[-5.12878,10.75814],[-5.12833,10.75769],[-5.12745,10.75627],[-5.12627,10.75547],[-5.12465,10.75558],[-5.12297,10.75487],[-5.12181,10.75457],[-5.12091,10.754],[-5.11647,10.75315],[-5.11596,10.75292],[-5.11476,10.75275],[-5.11458,10.75251],[-5.11432,10.75265],[-5.11366,10.75208],[-5.11313,10.75223],[-5.11218,10.7517],[-5.11236,10.75134],[-5.11344,10.75114],[-5.11334,10.75062],[-5.11005,10.74986],[-5.10925,10.74983],[-5.10767,10.75024],[-5.10661,10.74977],[-5.10691,10.74849],[-5.10577,10.74739],[-5.10484,10.74544],[-5.10489,10.74452],[-5.10527,10.74392],[-5.10553,10.74305],[-5.10441,10.74249],[-5.10416,10.74189],[-5.10409,10.74132],[-5.10506,10.73787],[-5.10486,10.73713],[-5.10454,10.73715],[-5.10495,10.73648],[-5.10468,10.73579],[-5.10476,10.73533],[-5.10492,10.73483],[-5.10564,10.73422],[-5.10565,10.73405],[-5.10519,10.73305],[-5.10535,10.7324],[-5.10424,10.73167],[-5.10391,10.73124],[-5.10381,10.72923],[-5.10444,10.72805],[-5.10408,10.72774],[-5.10332,10.72555],[-5.10381,10.72489],[-5.10358,10.72393],[-5.1039,10.72361],[-5.10388,10.72317],[-5.10355,10.72239],[-5.10379,10.7214],[-5.10479,10.72026],[-5.10516,10.71943],[-5.10639,10.71879]]},"properties":{"name":"","type":"River","flow_regime":"perennial","label":"River"}},{"type":"Feature","geometry":{"type":"LineString","coordinates":[[-5.00058,10.75033],[-5.00071,10.7474],[-5.00101,10.74713],[-5.00094,10.74691],[-5.00047,10.74673],[-5.00036,10.74688],[-4.9997,10.74684],[-4.99848,10.74477],[-4.99791,10.74466],[-4.99787,10.7449],[-4.99744,10.74506],[-4.99704,10.74485],[-4.99692,10.74378],[-4.99652,10.74358],[-4.99626,10.74369],[-4.99599,10.74432],[-4.99529,10.74394],[-4.99502,10.74267],[-4.99477,10.74272],[-4.99432,10.74327],[-4.99294,10.74203],[-4.99034,10.74062],[-4.98855,10.73821],[-4.9865,10.73439],[-4.98505,10.73357],[-4.98239,10.72906],[-4.98108,10.72806],[-4.9797,10.72728],[-4.97841,10.72725],[-4.97723,10.72753],[-4.97581,10.72639],[-4.97406,10.7242],[-4.97327,10.72167],[-4.97284,10.72112],[-4.97336,10.7197],[-4.97279,10.71918],[-4.97326,10.71728],[-4.97358,10.71657],[-4.97386,10.71509],[-4.97267,10.71317],[-4.97145,10.70997],[-4.97158,10.70687],[-4.97151,10.70396],[-4.97043,10.70234],[-4.96969,10.70196],[-4.96705,10.70166],[-4.96587,10.6994],[-4.9656,10.69815],[-4.96588,10.69687],[-4.96635,10.69588],[-4.96516,10.69528],[-4.96531,10.69463],[-4.96521,10.69359],[-4.96503,10.69332],[-4.96516,10.6931],[-4.96514,10.69162],[-4.96459,10.69107],[-4.96489,10.69078],[-4.96486,10.69056],[-4.96455,10.6901],[-4.9634,10.68961],[-4.96317,10.68928],[-4.96317,10.68871],[-4.96334,10.68851],[-4.96364,10.68861],[-4.96365,10.68837],[-4.96307,10.6872],[-4.96388,10.68676],[-4.96383,10.68619],[-4.96337,10.68614],[-4.96349,10.68539],[-4.96394,10.68547],[-4.96468,10.68529],[-4.9643,10.68446],[-4.96437,10.68365],[-4.96419,10.68357],[-4.96434,10.68318],[-4.96429,10.68271],[-4.96496,10.68216],[-4.96459,10.68126],[-4.96511,10.68035],[-4.96516,10.67932],[-4.96463,10.67845],[-4.96385,10.67777],[-4.96392,10.67759],[-4.96452,10.67716],[-4.96477,10.67718],[-4.9649,10.67697],[-4.9642,10.67609],[-4.96416,10.67456],[-4.96439,10.67433],[-4.96399,10.67397],[-4.96403,10.67325],[-4.96366,10.67299],[-4.96357,10.6727],[-4.96305,10.67267],[-4.96265,10.67226],[-4.96287,10.67156],[-4.96312,10.67136],[-4.96316,10.67092],[-4.96287,10.66992],[-4.9625,10.66987],[-4.96199,10.67008],[-4.96167,10.66986],[-4.96095,10.66987],[-4.96082,10.66928],[-4.96046,10.66902],[-4.96064,10.6682],[-4.96033,10.66737],[-4.96038,10.66688],[-4.96115,10.66495],[-4.96022,10.66353],[-4.96012,10.66132],[-4.95998,10.661],[-4.95946,10.66085],[-4.95934,10.65919],[-4.95892,10.65763],[-4.95846,10.65724],[-4.95866,10.65663],[-4.95865,10.656],[-4.95827,10.65533],[-4.95822,10.65444],[-4.95851,10.65408],[-4.95844,10.65342],[-4.95884,10.65292],[-4.95919,10.65144],[-4.95842,10.65131],[-4.95793,10.64914],[-4.95658,10.64823],[-4.95639,10.64776],[-4.95694,10.64639],[-4.95673,10.64439],[-4.95614,10.64399],[-4.95497,10.64372],[-4.95487,10.64287],[-4.95425,10.64293],[-4.95393,10.64253],[-4.95307,10.64243],[-4.95239,10.64123],[-4.95151,10.64078],[-4.95022,10.63871],[-4.95025,10.63822],[-4.94952,10.6383],[-4.9494,10.63761],[-4.949,10.63698],[-4.94869,10.63607],[-4.94833,10.63588],[-4.94824,10.63531],[-4.94749,10.63487],[-4.94732,10.6345],[-4.94711,10.63467],[-4.94698,10.63354],[-4.9465,10.63313],[-4.946,10.63327],[-4.94583,10.63307],[-4.94545,10.63349],[-4.94437,10.63409],[-4.94388,10.63477],[-4.9434,10.63477],[-4.9427,10.63444],[-4.94246,10.63374],[-4.94256,10.63332],[-4.94228,10.63252],[-4.94169,10.63188],[-4.94154,10.632],[-4.94134,10.6319],[-4.94071,10.63225],[-4.94073,10.63247],[-4.94049,10.63236],[-4.94045,10.63253],[-4.94012,10.63254],[-4.93728,10.63146],[-4.93634,10.62889],[-4.93743,10.62804],[-4.9396,10.62731],[-4.93923,10.62591],[-4.93805,10.62427],[-4.93784,10.62313],[-4.9372,10.62292],[-4.93522,10.62138],[-4.93323,10.62012],[-4.9324,10.61847],[-4.93237,10.6166],[-4.93209,10.61421],[-4.92965,10.61341],[-4.92643,10.61274],[-4.92458,10.61404],[-4.92295,10.614],[-4.92089,10.61274],[-4.91832,10.61177],[-4.91695,10.61025],[-4.91408,10.60852],[-4.91381,10.60808],[-4.9134,10.60782],[-4.91171,10.60801],[-4.91019,10.60787],[-4.90868,10.6077],[-4.90673,10.60702],[-4.90487,10.60696],[-4.9045,10.60662],[-4.90418,10.60529],[-4.90462,10.60446],[-4.90456,10.60379],[-4.90212,10.60373],[-4.90134,10.60237],[-4.9001,10.60158],[-4.89853,10.59854],[-4.8973,10.59845],[-4.89672,10.59807],[-4.89578,10.59796],[-4.89488,10.59811],[-4.89241,10.59107],[-4.89048,10.5863],[-4.88732,10.58128],[-4.88614,10.58039],[-4.88492,10.57917],[-4.88157,10.57902],[-4.88029,10.58041],[-4.87818,10.58046],[-4.8769,10.5789],[-4.87473,10.57824],[-4.87413,10.57634],[-4.87224,10.57531],[-4.87112,10.57404],[-4.86827,10.57468],[-4.86687,10.574],[-4.86606,10.57303],[-4.8634,10.57166],[-4.86102,10.56964],[-4.85913,10.56876],[-4.85745,10.56856],[-4.85604,10.56961],[-4.85396,10.57031],[-4.85046,10.56966],[-4.84838,10.56759],[-4.844,10.56491],[-4.83937,10.56559],[-4.83301,10.56964],[-4.82924,10.57132],[-4.82651,10.57497],[-4.81997,10.57622],[-4.81276,10.57689],[-4.81047,10.57608],[-4.80967,10.57642],[-4.80906,10.57634],[-4.80908,10.57669],[-4.80887,10.57683],[-4.80865,10.57665],[-4.80872,10.57618],[-4.80834,10.57588],[-4.80749,10.5757],[-4.807,10.5756],[-4.80641,10.57605],[-4.80211,10.57537],[-4.80125,10.57369],[-4.79921,10.57349],[-4.79844,10.57279],[-4.7981,10.57321],[-4.79783,10.57316],[-4.79705,10.57217],[-4.79692,10.57168],[-4.79701,10.57125],[-4.79661,10.57101]]},"properties":{"name":"Mou","type":"River","flow_regime":"perennial","label":"Mou"}},{"type":"Feature","geometry":{"type":"LineString","coordinates":[[-5.07266,10.6868],[-5.07344,10.6855],[-5.07467,10.68398],[-5.07433,10.68221],[-5.07506,10.6823],[-5.07636,10.68157],[-5.07658,10.68044],[-5.07654,10.6791],[-5.07749,10.67782],[-5.07897,10.67684],[-5.07927,10.67409],[-5.08194,10.67382],[-5.08351,10.67259],[-5.08467,10.67209],[-5.0895,10.67034],[-5.09107,10.67016],[-5.09134,10.66885],[-5.09308,10.6675],[-5.09353,10.66661],[-5.09361,10.66606],[-5.09387,10.66588],[-5.09431,10.66631],[-5.09466,10.66581],[-5.09483,10.66579],[-5.09476,10.66611],[-5.09518,10.66623],[-5.09544,10.66511],[-5.09571,10.66497],[-5.09674,10.66539],[-5.09707,10.66515],[-5.09741,10.66527],[-5.09795,10.66479],[-5.09855,10.66478],[-5.09928,10.66417],[-5.09963,10.66417],[-5.09972,10.66407],[-5.09936,10.66377],[-5.09954,10.66369],[-5.0995,10.66342],[-5.09915,10.66242]]},"properties":{"name":"","type":"River","flow_regime":"perennial","label":"River"}},{"type":"Feature","geometry":{"type":"LineString","coordinates":[[1.46622,11.62206],[1.46637,11.61997],[1.46532,11.618],[1.46442,11.61518],[1.46459,11.61344],[1.46759,11.61189],[1.46912,11.61187],[1.46988,11.61154],[1.47104,11.61163],[1.47119,11.61146],[1.47121,11.61052],[1.47083,11.60965],[1.47093,11.60868],[1.47048,11.60813],[1.47057,11.60768],[1.4702,11.60757],[1.47014,11.60701],[1.46948,11.60653],[1.46899,11.6053],[1.46839,11.60454],[1.46804,11.60331],[1.46653,11.60047],[1.46606,11.59886],[1.46353,11.59634],[1.4629,11.59552],[1.46304,11.59512],[1.4638,11.5948],[1.46393,11.59437],[1.46388,11.59374],[1.46303,11.5918],[1.46221,11.59146],[1.46096,11.59194],[1.46006,11.59178],[1.45775,11.59013],[1.45729,11.58948],[1.45701,11.58843],[1.45704,11.58793],[1.45752,11.58678],[1.45853,11.58572],[1.45909,11.58379],[1.45907,11.58341],[1.45802,11.58142],[1.45805,11.58083],[1.45858,11.58026],[1.45875,11.57949],[1.45793,11.578]]},"properties":{"name":"Arli","type":"River","flow_regime":"perennial","label":"Arli"}},{"type":"Feature","geometry":{"type":"LineString","coordinates":[[0.56392,11.21569],[0.56684,11.21091],[0.57214,11.20554],[0.57601,11.20231],[0.57836,11.19725],[0.5822,11.19201],[0.58579,11.18816],[0.59057,11.18495],[0.6026,11.17479],[0.61321,11.16283]]},"properties":{"name":"Koulp\u00e9logo","type":"River","flow_regime":"perennial","label":"Koulp\u00e9logo"}},{"type":"Feature","geometry":{"type":"LineString","coordinates":[[0.6795,11.10669],[0.68597,11.09357],[0.69529,11.08436],[0.7008,11.08201]]},"properties":{"name":"Koulp\u00e9logo","type":"River","flow_regime":"perennial","label":"Koulp\u00e9logo"}},{"type":"Feature","geometry":{"type":"LineString","coordinates":[[-5.36864,11.0424],[-5.36964,11.04251],[-5.37055,11.04232],[-5.37121,11.04265],[-5.37325,11.04238],[-5.37512,11.04261],[-5.37745,11.04336],[-5.37824,11.04426],[-5.3788,11.04459],[-5.38078,11.04495],[-5.38125,11.04572],[-5.38182,11.04583],[-5.38241,11.04661],[-5.38433,11.04741],[-5.38523,11.04812],[-5.38608,11.04839],[-5.38613,11.04864],[-5.38873,11.05048],[-5.38912,11.05145],[-5.38983,11.05159],[-5.39037,11.05199],[-5.39208,11.05463],[-5.39376,11.05486],[-5.39433,11.05526],[-5.39489,11.05606],[-5.39597,11.05648],[-5.39715,11.05724],[-5.39916,11.05782],[-5.40191,11.05921],[-5.40584,11.06206],[-5.4078,11.06431],[-5.40834,11.0655],[-5.40868,11.06556],[-5.40912,11.06615],[-5.40892,11.06832],[-5.40915,11.07024],[-5.40887,11.07088],[-5.40848,11.07308],[-5.40713,11.07593],[-5.4077,11.07749],[-5.40754,11.07958],[-5.40795,11.08168],[-5.40805,11.08275],[-5.40786,11.08306],[-5.40864,11.08399],[-5.40894,11.08567],[-5.41125,11.08798],[-5.41132,11.08859],[-5.41181,11.08996],[-5.41177,11.09057],[-5.41192,11.09105],[-5.41254,11.09231],[-5.41321,11.09278],[-5.41359,11.09354],[-5.41379,11.09442],[-5.41329,11.09606],[-5.41261,11.09701],[-5.41329,11.09844],[-5.41295,11.09955],[-5.4125,11.09976],[-5.41253,11.10033],[-5.41217,11.10071],[-5.412,11.10196],[-5.41219,11.10339],[-5.41132,11.10437],[-5.41124,11.10635],[-5.4109,11.10672],[-5.41018,11.10995],[-5.40977,11.11046],[-5.4096,11.11103],[-5.40926,11.11294],[-5.40941,11.11385],[-5.40917,11.11459],[-5.40889,11.11513],[-5.40838,11.11539],[-5.40767,11.11621],[-5.40769,11.11701],[-5.40701,11.1193],[-5.40644,11.11953],[-5.40472,11.12096],[-5.40475,11.12139],[-5.40448,11.12188],[-5.40453,11.12238],[-5.40541,11.12363],[-5.40546,11.12403],[-5.40534,11.12461],[-5.40467,11.12598],[-5.40436,11.12858],[-5.40396,11.12935],[-5.40364,11.13072],[-5.40395,11.13142],[-5.40414,11.13323],[-5.40487,11.13461],[-5.40512,11.13568],[-5.40507,11.13681],[-5.40496,11.13739],[-5.40449,11.13827],[-5.4046,11.13875],[-5.40442,11.13912],[-5.40452,11.13975],[-5.40418,11.14201],[-5.40441,11.14293],[-5.40327,11.14567],[-5.40346,11.14685],[-5.4031,11.14725],[-5.40325,11.14748],[-5.40415,11.14794],[-5.40434,11.14853],[-5.40486,11.14874],[-5.40516,11.14939],[-5.40512,11.14996],[-5.40548,11.15017],[-5.4054,11.15141],[-5.40589,11.15154],[-5.4061,11.15188],[-5.40737,11.1523],[-5.40815,11.15313],[-5.40823,11.15374],[-5.40861,11.15422],[-5.40864,11.15457],[-5.408,11.15497],[-5.40787,11.15526],[-5.40802,11.15611],[-5.40867,11.15683],[-5.40955,11.15724],[-5.4095,11.15765],[-5.41011,11.15874],[-5.40977,11.16233],[-5.40947,11.16306],[-5.40953,11.1637],[-5.40888,11.16594],[-5.40918,11.16716],[-5.40839,11.17019],[-5.40858,11.17092],[-5.4094,11.17255],[-5.41181,11.17559],[-5.41125,11.17651],[-5.412,11.17724],[-5.41277,11.17759],[-5.41335,11.17816],[-5.41431,11.17833],[-5.41567,11.17926],[-5.41596,11.17984],[-5.41517,11.18123],[-5.41601,11.18251],[-5.41592,11.18346],[-5.42015,11.18642],[-5.42156,11.18771],[-5.42247,11.18897],[-5.42667,11.19057],[-5.4288,11.19293],[-5.42988,11.19453],[-5.43146,11.19586],[-5.43205,11.19776],[-5.43151,11.19927],[-5.43163,11.20062],[-5.43218,11.20205],[-5.43266,11.20234],[-5.43242,11.20316],[-5.43251,11.20332],[-5.43404,11.2034],[-5.43519,11.20379],[-5.43502,11.2046],[-5.4357,11.20609],[-5.43617,11.20773],[-5.43567,11.20845],[-5.43603,11.20961],[-5.43689,11.21035],[-5.4386,11.2113],[-5.44013,11.21147],[-5.44085,11.2098],[-5.44266,11.20828],[-5.4476,11.20847],[-5.44984,11.21012],[-5.4509,11.2106],[-5.45156,11.21072],[-5.45196,11.21099],[-5.45266,11.21166],[-5.453,11.21265],[-5.45393,11.21404],[-5.45423,11.21427],[-5.4552,11.21481],[-5.45638,11.21523],[-5.45872,11.21498],[-5.459,11.21508],[-5.45936,11.21624],[-5.45969,11.21678],[-5.46027,11.21728],[-5.46017,11.21832],[-5.46137,11.21986],[-5.46163,11.22079],[-5.4616,11.22206],[-5.46127,11.2238],[-5.46139,11.2256],[-5.46182,11.22791],[-5.46211,11.22829],[-5.46224,11.22887],[-5.46303,11.22957],[-5.46333,11.22966],[-5.46338,11.22997],[-5.46263,11.23054],[-5.46257,11.23076],[-5.46281,11.23109],[-5.46636,11.23263],[-5.46925,11.2345],[-5.46993,11.23532],[-5.47117,11.23742],[-5.472,11.23821],[-5.47239,11.23812],[-5.47271,11.2374],[-5.47491,11.23543],[-5.47537,11.23522],[-5.47564,11.23534],[-5.47641,11.23639],[-5.47809,11.23762],[-5.47895,11.23859],[-5.47909,11.24029]]},"properties":{"name":"le Farako","type":"River","flow_regime":"perennial","label":"le Farako"}},{"type":"Feature","geometry":{"type":"LineString","coordinates":[[-0.50779,12.20655],[-0.50787,12.20633]]},"properties":{"name":"","type":"River","flow_regime":"perennial","label":"River"}},{"type":"Feature","geometry":{"type":"LineString","coordinates":[[-0.50452,12.23132],[-0.50267,12.22987],[-0.502,12.22896],[-0.50172,12.22663],[-0.50217,12.22562],[-0.50179,12.2249],[-0.50121,12.22429],[-0.50094,12.22352],[-0.50097,12.22267],[-0.50057,12.22177],[-0.50063,12.22132],[-0.50113,12.22064],[-0.50018,12.21823],[-0.50022,12.21667],[-0.50211,12.2147],[-0.50779,12.20655]]},"properties":{"name":"","type":"River","flow_regime":"perennial","label":"River"}},{"type":"Feature","geometry":{"type":"LineString","coordinates":[[-4.55644,10.62008],[-4.55379,10.61976],[-4.55156,10.62013],[-4.54878,10.62026],[-4.54571,10.61826],[-4.54377,10.61619],[-4.54152,10.61576],[-4.53441,10.61703],[-4.53015,10.61823],[-4.52614,10.61893],[-4.52411,10.62124],[-4.52201,10.62223],[-4.52179,10.62546],[-4.52067,10.6273],[-4.51779,10.62767],[-4.51636,10.62722],[-4.51448,10.629],[-4.50988,10.63027],[-4.50769,10.62984],[-4.50612,10.62897],[-4.50515,10.62784],[-4.50334,10.6263]]},"properties":{"name":"","type":"River","flow_regime":"perennial","label":"River"}},{"type":"Feature","geometry":{"type":"LineString","coordinates":[[-2.37943,13.56597],[-2.37983,13.56518],[-2.38031,13.56473]]},"properties":{"name":"","type":"River","flow_regime":"perennial","label":"River"}},{"type":"Feature","geometry":{"type":"LineString","coordinates":[[-2.38031,13.56473],[-2.38024,13.56448],[-2.38048,13.56407]]},"properties":{"name":"","type":"River","flow_regime":"perennial","label":"River"}},{"type":"Feature","geometry":{"type":"LineString","coordinates":[[-2.38048,13.56407],[-2.38082,13.56353]]},"properties":{"name":"","type":"River","flow_regime":"perennial","label":"River"}},{"type":"Feature","geometry":{"type":"LineString","coordinates":[[-2.38082,13.56353],[-2.38134,13.56313]]},"properties":{"name":"","type":"River","flow_regime":"perennial","label":"River"}},{"type":"Feature","geometry":{"type":"LineString","coordinates":[[-2.38134,13.56313],[-2.3828,13.5615],[-2.38357,13.56108]]},"properties":{"name":"","type":"River","flow_regime":"perennial","label":"River"}},{"type":"Feature","geometry":{"type":"LineString","coordinates":[[-2.38357,13.56108],[-2.38384,13.56094],[-2.38396,13.56055]]},"properties":{"name":"","type":"River","flow_regime":"perennial","label":"River"}},{"type":"Feature","geometry":{"type":"LineString","coordinates":[[-4.80099,10.68818],[-4.80108,10.68708],[-4.80075,10.68428],[-4.80111,10.68405],[-4.80157,10.68414],[-4.80317,10.68526],[-4.80337,10.68527],[-4.80352,10.68504],[-4.80417,10.68481],[-4.80373,10.68422],[-4.80336,10.68329]]},"properties":{"name":"","type":"River","flow_regime":"perennial","label":"River"}},{"type":"Feature","geometry":{"type":"LineString","coordinates":[[-4.70836,10.72585],[-4.70917,10.72541],[-4.70966,10.72553],[-4.70969,10.72515],[-4.70997,10.72505],[-4.71035,10.72535],[-4.71075,10.72602],[-4.71128,10.7259],[-4.71109,10.72537],[-4.71208,10.72564],[-4.71205,10.72527],[-4.71249,10.72509],[-4.71234,10.7246],[-4.71245,10.72409],[-4.71234,10.72314],[-4.71207,10.72285],[-4.71215,10.72265],[-4.71271,10.72261],[-4.71324,10.72206],[-4.71387,10.72177],[-4.71468,10.72169],[-4.71519,10.72146],[-4.71662,10.72216],[-4.71704,10.72086],[-4.71745,10.72038],[-4.71721,10.72031],[-4.71739,10.72001],[-4.7177,10.71994],[-4.71803,10.72017],[-4.71955,10.72014],[-4.72049,10.7197],[-4.72113,10.71973],[-4.72173,10.7194],[-4.72378,10.71924],[-4.7237,10.71901],[-4.72391,10.71863],[-4.72636,10.71851],[-4.72924,10.71555],[-4.73362,10.71146],[-4.73879,10.7088],[-4.74296,10.70585],[-4.75101,10.69323],[-4.7549,10.68297],[-4.75543,10.68282],[-4.75805,10.68286],[-4.75878,10.68325],[-4.76061,10.68202],[-4.76063,10.68181],[-4.76098,10.68151],[-4.76308,10.68162],[-4.76505,10.68239],[-4.76633,10.68196],[-4.76786,10.68116],[-4.77001,10.68242],[-4.7722,10.68334],[-4.77323,10.68239],[-4.77373,10.68135],[-4.77386,10.68003],[-4.77432,10.67809],[-4.7767,10.67616],[-4.77804,10.67552],[-4.77976,10.67349],[-4.78176,10.67054],[-4.78151,10.66938],[-4.78038,10.66827],[-4.78138,10.66781],[-4.78279,10.66612],[-4.78338,10.66486],[-4.78089,10.65775],[-4.78179,10.65341],[-4.78447,10.649],[-4.78429,10.64763],[-4.78447,10.64436],[-4.78331,10.63782],[-4.78601,10.63492],[-4.78503,10.63305],[-4.78698,10.62782],[-4.7871,10.62387],[-4.78685,10.61903],[-4.78588,10.61817],[-4.78541,10.61648],[-4.78635,10.61338],[-4.78413,10.61028],[-4.78416,10.60865],[-4.78504,10.60758],[-4.78671,10.60714],[-4.78719,10.60655],[-4.78676,10.60528],[-4.78692,10.60408],[-4.78646,10.60247],[-4.7861,10.60207],[-4.78596,10.60064],[-4.78552,10.60018],[-4.78601,10.59839],[-4.78574,10.5981],[-4.78506,10.59645],[-4.78545,10.59618],[-4.78591,10.59623],[-4.78654,10.59679],[-4.78681,10.59681]]},"properties":{"name":"Como\u00e9","type":"River","flow_regime":"perennial","label":"Como\u00e9"}},{"type":"Feature","geometry":{"type":"LineString","coordinates":[[-2.90374,10.23968],[-2.90061,10.23839],[-2.89948,10.23767],[-2.89872,10.2376],[-2.89912,10.23596],[-2.89846,10.23569],[-2.89857,10.23605],[-2.89845,10.23606],[-2.89806,10.23538],[-2.89739,10.23586],[-2.89655,10.23571],[-2.89596,10.23638],[-2.89559,10.23596],[-2.89556,10.23647],[-2.89526,10.23678],[-2.89523,10.23705],[-2.89476,10.237],[-2.89478,10.23732],[-2.89445,10.23768],[-2.89397,10.23761],[-2.89381,10.23776],[-2.89343,10.23758],[-2.89322,10.23815],[-2.89266,10.23793],[-2.89247,10.23815],[-2.89231,10.23791],[-2.89194,10.23778],[-2.89134,10.23792],[-2.89123,10.23754],[-2.891,10.23809],[-2.89053,10.23777],[-2.89035,10.23785],[-2.89008,10.2377],[-2.88972,10.23855],[-2.88981,10.23884],[-2.88934,10.23877],[-2.88914,10.23926],[-2.88892,10.23895],[-2.88854,10.23906],[-2.88817,10.23866],[-2.88792,10.23875],[-2.88736,10.23844],[-2.88678,10.23837],[-2.88656,10.23866],[-2.88541,10.23808],[-2.88523,10.23835],[-2.88433,10.23854],[-2.88406,10.23888],[-2.88339,10.23883],[-2.88321,10.23921],[-2.88279,10.23929],[-2.88192,10.24021],[-2.88145,10.24039],[-2.88137,10.24067],[-2.881,10.24095],[-2.88078,10.24171],[-2.88027,10.24198],[-2.8801,10.24231],[-2.87955,10.24211],[-2.87941,10.24253],[-2.87898,10.24247],[-2.8789,10.24298],[-2.87831,10.24272],[-2.87789,10.24331],[-2.87751,10.24326],[-2.87706,10.24355],[-2.87667,10.24341],[-2.8767,10.24413],[-2.87626,10.24391],[-2.87574,10.24417],[-2.87559,10.24459],[-2.87541,10.2446],[-2.87538,10.24489],[-2.87489,10.24457],[-2.87458,10.24468],[-2.87418,10.2455],[-2.87366,10.24523],[-2.87357,10.24558],[-2.87286,10.24536],[-2.87277,10.24567],[-2.87229,10.24592],[-2.87205,10.24676],[-2.87147,10.24723],[-2.86996,10.24728],[-2.86981,10.24757],[-2.8699,10.24782],[-2.86949,10.24808],[-2.86907,10.24779],[-2.869,10.24799],[-2.86925,10.24865],[-2.86901,10.24875],[-2.86901,10.249],[-2.86866,10.24937],[-2.86817,10.24949],[-2.8682,10.2498],[-2.86799,10.25016],[-2.86846,10.25029],[-2.86845,10.25056],[-2.868,10.25073],[-2.86775,10.25147],[-2.86746,10.25152],[-2.86666,10.25278],[-2.86648,10.25333],[-2.86618,10.25357],[-2.86661,10.25436],[-2.8661,10.25427],[-2.86577,10.25513],[-2.8661,10.25552],[-2.86566,10.25577],[-2.86565,10.25604],[-2.86532,10.25615],[-2.86485,10.25695],[-2.86503,10.25752],[-2.86492,10.2576],[-2.86471,10.25746],[-2.8644,10.25876],[-2.86412,10.25896],[-2.86394,10.25873],[-2.86374,10.25881],[-2.8637,10.25905],[-2.86341,10.25924],[-2.86339,10.25962],[-2.86301,10.25954],[-2.86261,10.25992],[-2.86212,10.25943],[-2.86195,10.25947],[-2.86146,10.25909],[-2.86158,10.25961],[-2.86105,10.25953],[-2.86056,10.26039],[-2.86059,10.26085],[-2.86084,10.2609],[-2.8609,10.26107],[-2.86056,10.26127],[-2.86022,10.26117],[-2.85995,10.26151],[-2.85973,10.2615],[-2.85963,10.26169],[-2.85981,10.26205],[-2.85954,10.26201],[-2.85924,10.2617],[-2.85917,10.2619],[-2.8594,10.26254],[-2.85845,10.26219],[-2.85805,10.26283],[-2.85836,10.26332],[-2.85816,10.26355],[-2.85742,10.26357],[-2.85731,10.2638],[-2.85752,10.26419],[-2.85744,10.2643],[-2.85703,10.26431],[-2.85687,10.2647],[-2.85649,10.26492],[-2.85608,10.26474],[-2.85595,10.26433],[-2.85543,10.26447],[-2.8551,10.26421],[-2.85438,10.26463],[-2.85333,10.26477],[-2.85253,10.26545],[-2.85207,10.26632],[-2.85121,10.26699],[-2.85028,10.26744],[-2.84983,10.26703],[-2.84949,10.26722],[-2.84926,10.26764],[-2.84934,10.26803],[-2.84885,10.26818],[-2.84903,10.2688],[-2.8485,10.26888],[-2.84829,10.26913],[-2.84845,10.26965],[-2.84803,10.26974],[-2.84777,10.27036],[-2.84751,10.27046],[-2.84687,10.27031],[-2.84679,10.27064],[-2.84637,10.2706],[-2.84598,10.27111],[-2.84577,10.27167],[-2.84607,10.27284],[-2.84555,10.27368],[-2.84512,10.274],[-2.84453,10.27403],[-2.84434,10.27447],[-2.84396,10.27474],[-2.84392,10.27525],[-2.84433,10.2756],[-2.84385,10.27639],[-2.84396,10.27665],[-2.84419,10.27672],[-2.84471,10.27628],[-2.84518,10.27627],[-2.84537,10.2766],[-2.8451,10.27681],[-2.84509,10.27755],[-2.84542,10.2776],[-2.84559,10.27799],[-2.84603,10.27819],[-2.84628,10.27817],[-2.84653,10.27781],[-2.84675,10.27777],[-2.84677,10.2783],[-2.847,10.2785],[-2.84732,10.27823],[-2.84754,10.27835],[-2.84768,10.27876],[-2.84754,10.27902],[-2.84784,10.27953],[-2.84815,10.27973],[-2.84802,10.28014],[-2.84844,10.28067],[-2.84789,10.28134],[-2.84757,10.28126],[-2.84723,10.28147],[-2.84747,10.28211],[-2.84712,10.28236],[-2.84714,10.2827],[-2.8468,10.28281],[-2.84721,10.28323],[-2.84701,10.28406],[-2.84722,10.28426],[-2.84714,10.28452],[-2.84738,10.28486],[-2.84736,10.28572],[-2.84717,10.28603],[-2.8466,10.28606],[-2.84654,10.28685],[-2.84607,10.28714],[-2.84562,10.2878],[-2.84593,10.2889],[-2.84536,10.28944],[-2.84543,10.28985],[-2.84498,10.2899],[-2.84418,10.28927],[-2.84357,10.28928],[-2.84126,10.29035],[-2.83874,10.29098],[-2.83796,10.29095],[-2.8374,10.29143],[-2.83708,10.29263],[-2.83572,10.29436],[-2.8348,10.29513],[-2.83379,10.29553],[-2.83306,10.29564]]},"properties":{"name":"","type":"River","flow_regime":"perennial","label":"River"}},{"type":"Feature","geometry":{"type":"LineString","coordinates":[[-2.68464,12.26755],[-2.68309,12.26588],[-2.68222,12.26413],[-2.68154,12.26203],[-2.68115,12.26141],[-2.6808,12.26125],[-2.6804,12.26033]]},"properties":{"name":"","type":"River","flow_regime":"perennial","label":"River"}},{"type":"Feature","geometry":{"type":"LineString","coordinates":[[-2.65618,12.35214],[-2.65697,12.35179],[-2.65815,12.35095],[-2.65913,12.35053]]},"properties":{"name":"","type":"River","flow_regime":"perennial","label":"River"}},{"type":"Feature","geometry":{"type":"LineString","coordinates":[[-2.62432,12.38391],[-2.62481,12.38443],[-2.62559,12.38449],[-2.62573,12.38374],[-2.62564,12.38285],[-2.626,12.38194]]},"properties":{"name":"","type":"River","flow_regime":"perennial","label":"River"}},{"type":"Feature","geometry":{"type":"LineString","coordinates":[[-0.97931,13.99742],[-0.97957,13.9984],[-0.97866,13.99941],[-0.9777,14.0001],[-0.97733,14.00013],[-0.9774,14.0007],[-0.97705,14.00124]]},"properties":{"name":"","type":"River","flow_regime":"perennial","label":"River"}},{"type":"Feature","geometry":{"type":"LineString","coordinates":[[-2.60833,12.39569],[-2.60908,12.39535],[-2.60857,12.39424]]},"properties":{"name":"","type":"River","flow_regime":"perennial","label":"River"}},{"type":"Feature","geometry":{"type":"LineString","coordinates":[[-4.93871,10.76199],[-4.93858,10.76188]]},"properties":{"name":"Como\u00e9","type":"River","flow_regime":"perennial","label":"Como\u00e9"}},{"type":"Feature","geometry":{"type":"LineString","coordinates":[[-4.94455,10.77734],[-4.94601,10.77518],[-4.9462,10.77418],[-4.94807,10.77246],[-4.94784,10.77152],[-4.94844,10.76891],[-4.94698,10.76692],[-4.94671,10.76733],[-4.94592,10.76702],[-4.9457,10.76568],[-4.94392,10.76409],[-4.94416,10.76345],[-4.94346,10.7628],[-4.94223,10.7629],[-4.94226,10.76372],[-4.9413,10.76383],[-4.94062,10.76306],[-4.93978,10.76292],[-4.93871,10.76199]]},"properties":{"name":"Como\u00e9","type":"River","flow_regime":"perennial","label":"Como\u00e9"}},{"type":"Feature","geometry":{"type":"LineString","coordinates":[[-5.3046,11.05831],[-5.30525,11.06023],[-5.3062,11.06024],[-5.30654,11.06072],[-5.30766,11.06157],[-5.30793,11.06226],[-5.30857,11.06236],[-5.30891,11.06258],[-5.30905,11.06338],[-5.30941,11.06371],[-5.30976,11.06436],[-5.31033,11.06484],[-5.31048,11.06565],[-5.31124,11.06714],[-5.31117,11.06859],[-5.31149,11.06998],[-5.31135,11.0706],[-5.31166,11.07106],[-5.31139,11.07207],[-5.31073,11.07271],[-5.31044,11.07339],[-5.31041,11.07389],[-5.31079,11.07455],[-5.3108,11.07485],[-5.3101,11.07554],[-5.30926,11.07734],[-5.30866,11.07803],[-5.30845,11.07879],[-5.30718,11.08024],[-5.30702,11.08111],[-5.30613,11.0822],[-5.30527,11.08371],[-5.30442,11.0842],[-5.30386,11.08524],[-5.30333,11.08554],[-5.30262,11.08669],[-5.30097,11.08803],[-5.29948,11.09008],[-5.29903,11.09144],[-5.29799,11.09306],[-5.2976,11.09415],[-5.29643,11.09629],[-5.2963,11.09679],[-5.29647,11.09756],[-5.29634,11.09816],[-5.29608,11.09868],[-5.2949,11.09952],[-5.29458,11.10016],[-5.29451,11.10235],[-5.29438,11.10266],[-5.29291,11.10375],[-5.29111,11.10616],[-5.29031,11.10663],[-5.29011,11.10735],[-5.28893,11.10885],[-5.28829,11.11002],[-5.28686,11.1108],[-5.28574,11.11177],[-5.28497,11.11269],[-5.28363,11.11572],[-5.2828,11.11643],[-5.28265,11.11715],[-5.28152,11.11818],[-5.28137,11.11884],[-5.28079,11.1193],[-5.27981,11.12085],[-5.27939,11.12122],[-5.27879,11.12243],[-5.27753,11.12329],[-5.27701,11.12425],[-5.27598,11.12481],[-5.27496,11.12514],[-5.27418,11.12595],[-5.27313,11.1275],[-5.27246,11.12812],[-5.27178,11.12927],[-5.2718,11.12993],[-5.27143,11.13088],[-5.27167,11.13147],[-5.27162,11.13237],[-5.27241,11.13479],[-5.27234,11.13501],[-5.27147,11.1364],[-5.27098,11.13662],[-5.27035,11.13746],[-5.27,11.13822],[-5.2688,11.13874],[-5.26639,11.14167],[-5.26562,11.14148],[-5.2651,11.141],[-5.2648,11.14095],[-5.2637,11.14109],[-5.2627,11.14161],[-5.26087,11.14136],[-5.2605,11.14115],[-5.25962,11.14123],[-5.25902,11.14172],[-5.25819,11.14317],[-5.2565,11.14346],[-5.25334,11.14235],[-5.25322,11.14179],[-5.25237,11.14122],[-5.25233,11.14103],[-5.25254,11.14075],[-5.25214,11.14056],[-5.2517,11.14095],[-5.25129,11.14087],[-5.25113,11.14137],[-5.25083,11.14156],[-5.25141,11.14203],[-5.25189,11.14275],[-5.25165,11.143],[-5.25095,11.14282],[-5.25073,11.14245],[-5.25003,11.14239],[-5.24877,11.14289],[-5.24881,11.14349],[-5.24862,11.14363],[-5.24782,11.14379],[-5.24701,11.14342],[-5.24653,11.14368],[-5.24607,11.14343],[-5.24557,11.14345],[-5.24259,11.14509],[-5.24154,11.14548],[-5.24087,11.14545],[-5.23986,11.14571],[-5.23654,11.14488],[-5.2352,11.14529],[-5.23443,11.14532],[-5.23411,11.14524],[-5.2333,11.14431],[-5.23222,11.14383],[-5.23053,11.14341],[-5.22946,11.14427],[-5.22895,11.14409],[-5.22781,11.14304],[-5.22841,11.14272],[-5.22829,11.1419],[-5.22855,11.14122],[-5.22853,11.14086],[-5.22836,11.14073],[-5.2276,11.14055],[-5.22607,11.14064],[-5.22575,11.14007],[-5.22542,11.13984],[-5.22506,11.1399],[-5.2247,11.14048],[-5.22406,11.14051],[-5.22343,11.14001],[-5.22223,11.13958],[-5.22129,11.13898],[-5.22032,11.13883],[-5.21979,11.13903],[-5.21944,11.13864],[-5.2198,11.13829],[-5.21974,11.13769],[-5.21952,11.13744],[-5.21876,11.13738],[-5.21834,11.13671],[-5.21714,11.13647],[-5.21675,11.1359],[-5.21659,11.13534],[-5.21625,11.13534],[-5.21573,11.13593],[-5.21496,11.13576],[-5.21403,11.1349],[-5.21371,11.13409],[-5.2122,11.13365],[-5.21136,11.13461],[-5.21032,11.13503],[-5.20964,11.13461],[-5.20967,11.13431],[-5.20905,11.13375],[-5.20769,11.1332],[-5.20545,11.13311],[-5.20411,11.13268],[-5.20328,11.13276],[-5.19813,11.13221],[-5.19639,11.13138],[-5.1947,11.13095],[-5.19418,11.1298],[-5.19293,11.12977],[-5.19204,11.12829],[-5.19173,11.12815],[-5.19048,11.12829],[-5.19034,11.12867],[-5.19004,11.12888],[-5.18943,11.12827],[-5.18786,11.12872],[-5.18634,11.12972],[-5.18574,11.12919],[-5.18568,11.12891],[-5.18428,11.128],[-5.18382,11.12786],[-5.1835,11.12808],[-5.18378,11.12849],[-5.18369,11.12862],[-5.18134,11.12822],[-5.18118,11.12828],[-5.18108,11.12894],[-5.18091,11.12901],[-5.18013,11.12869],[-5.17961,11.1281],[-5.17905,11.1279],[-5.17863,11.12813],[-5.17857,11.12836],[-5.17906,11.12876],[-5.17932,11.12946],[-5.1789,11.12993],[-5.17859,11.12993],[-5.17778,11.12893],[-5.17811,11.12794],[-5.17802,11.12776],[-5.17738,11.12761],[-5.17726,11.12774],[-5.1774,11.12807],[-5.17716,11.12807],[-5.17675,11.12761],[-5.17665,11.12703],[-5.17609,11.12731],[-5.17648,11.12773],[-5.17642,11.1279],[-5.17571,11.12795],[-5.17469,11.12898],[-5.17328,11.1281],[-5.17286,11.12757],[-5.17239,11.12786],[-5.17204,11.12767],[-5.17186,11.1274],[-5.17205,11.12706],[-5.17135,11.1266],[-5.17108,11.12656],[-5.17059,11.1268],[-5.17029,11.12647],[-5.16925,11.12611],[-5.1693,11.12567],[-5.16918,11.12563],[-5.168,11.12575],[-5.16771,11.12602],[-5.16784,11.12647],[-5.16729,11.12679],[-5.1663,11.12684],[-5.16635,11.12645],[-5.1661,11.12626],[-5.16588,11.12639],[-5.1658,11.12679],[-5.16518,11.12679],[-5.16494,11.12704],[-5.16476,11.12675],[-5.16395,11.12704],[-5.16341,11.12683],[-5.16272,11.12686],[-5.16292,11.12659],[-5.16267,11.12645],[-5.16228,11.12658],[-5.1623,11.12617],[-5.16178,11.12592],[-5.16163,11.12554],[-5.16056,11.12559],[-5.15971,11.12504],[-5.15943,11.12511],[-5.15897,11.12491],[-5.15747,11.12538],[-5.15526,11.12515],[-5.15398,11.12573],[-5.15236,11.12601],[-5.15205,11.12617],[-5.15131,11.12708],[-5.15002,11.12782],[-5.14887,11.12752],[-5.1486,11.12768],[-5.14775,11.12773],[-5.14659,11.12816],[-5.14591,11.12876],[-5.14538,11.12892],[-5.14446,11.12872],[-5.14295,11.12877],[-5.14084,11.12946],[-5.14009,11.13018],[-5.13991,11.13164],[-5.13866,11.13165],[-5.13805,11.13149],[-5.1378,11.13166],[-5.13796,11.13184],[-5.13784,11.13198],[-5.13751,11.13189],[-5.13721,11.13155],[-5.13706,11.13178],[-5.13658,11.13188],[-5.1358,11.13289],[-5.13567,11.13266],[-5.13582,11.13215],[-5.13547,11.13215],[-5.1352,11.13254],[-5.13508,11.13321],[-5.13464,11.13311],[-5.13428,11.1339],[-5.13438,11.1342],[-5.13403,11.13439],[-5.13368,11.13438],[-5.13365,11.13454],[-5.13386,11.13469],[-5.13374,11.13499],[-5.13282,11.13539],[-5.13202,11.13533],[-5.1319,11.13594],[-5.1326,11.13722],[-5.13232,11.13762],[-5.13131,11.13775],[-5.13048,11.13736],[-5.12996,11.1379],[-5.12989,11.1381],[-5.13002,11.13841],[-5.12972,11.13869],[-5.12937,11.13949],[-5.12862,11.13952],[-5.12798,11.13996],[-5.12701,11.13998],[-5.12687,11.14013],[-5.12708,11.1403],[-5.12694,11.14061],[-5.12649,11.14054],[-5.1262,11.14103],[-5.12592,11.14086],[-5.12554,11.14127],[-5.1249,11.1414],[-5.12412,11.14307],[-5.12376,11.14293],[-5.12339,11.14331],[-5.12328,11.1429],[-5.12281,11.14295],[-5.12178,11.14363],[-5.12139,11.14529],[-5.12139,11.14655],[-5.12199,11.14866],[-5.12187,11.14896],[-5.12108,11.14917],[-5.12108,11.15031],[-5.12227,11.15201],[-5.12261,11.15211],[-5.12272,11.15234],[-5.12246,11.15275],[-5.12135,11.15323],[-5.1211,11.15389],[-5.12035,11.15495],[-5.11945,11.15562],[-5.1188,11.15668],[-5.1185,11.15751],[-5.11814,11.15987],[-5.11765,11.16104],[-5.11775,11.1614],[-5.11806,11.16101],[-5.11817,11.16108],[-5.11814,11.16141],[-5.11727,11.16261],[-5.11735,11.16422],[-5.11722,11.16451],[-5.11681,11.16481],[-5.11605,11.16471],[-5.11563,11.16513],[-5.11475,11.16749],[-5.11459,11.16826],[-5.11485,11.16864],[-5.11434,11.16975],[-5.11442,11.16999],[-5.11325,11.17062],[-5.11281,11.17061],[-5.11165,11.17133],[-5.11058,11.17228],[-5.11039,11.17261],[-5.11043,11.17314],[-5.11,11.17395],[-5.10991,11.17452],[-5.10918,11.17513],[-5.10918,11.17546],[-5.10896,11.1757],[-5.10813,11.17615],[-5.108,11.17655],[-5.10758,11.17672],[-5.10696,11.17739],[-5.10603,11.17752],[-5.10536,11.17738],[-5.10494,11.17768],[-5.10464,11.17751],[-5.1026,11.17741],[-5.1017,11.17807],[-5.10082,11.17845],[-5.10017,11.17866],[-5.09889,11.17872],[-5.0975,11.17943],[-5.0974,11.17965],[-5.09595,11.18025],[-5.09504,11.18083],[-5.09486,11.18153],[-5.09316,11.18246],[-5.09241,11.18332],[-5.09175,11.18368],[-5.09099,11.18529],[-5.09166,11.18598],[-5.09159,11.18724],[-5.09089,11.1881],[-5.0906,11.18938],[-5.08994,11.19029],[-5.08948,11.19197],[-5.0883,11.1942],[-5.08821,11.19504],[-5.08774,11.19614],[-5.0877,11.19691],[-5.08707,11.19775],[-5.087,11.19849],[-5.08636,11.19986],[-5.08536,11.20121],[-5.08521,11.20176],[-5.08456,11.20246],[-5.08317,11.20336],[-5.08242,11.20362],[-5.08133,11.20357],[-5.07943,11.20419],[-5.07941,11.20489],[-5.07907,11.20547],[-5.0772,11.20736],[-5.07702,11.20783],[-5.07732,11.20908],[-5.07691,11.20951],[-5.07691,11.21082],[-5.07657,11.21244],[-5.07561,11.21429],[-5.07539,11.21529],[-5.07422,11.21679],[-5.07388,11.21693],[-5.07295,11.21785],[-5.0725,11.21846],[-5.0724,11.21907],[-5.07214,11.21938],[-5.0707,11.22002],[-5.0705,11.22104],[-5.06988,11.22115],[-5.06952,11.22159],[-5.06805,11.22237],[-5.06713,11.22222],[-5.06413,11.22399],[-5.06314,11.22573],[-5.06219,11.22625],[-5.06188,11.22684],[-5.06048,11.22781],[-5.06008,11.22863],[-5.06051,11.22951],[-5.0602,11.23],[-5.05808,11.23148],[-5.05733,11.23256],[-5.05691,11.23276],[-5.05617,11.23273],[-5.05585,11.23292],[-5.05551,11.23333],[-5.05534,11.23405],[-5.05522,11.23643],[-5.05488,11.23702],[-5.05447,11.2387],[-5.05422,11.23911],[-5.05117,11.2417],[-5.05038,11.24198],[-5.04973,11.24196],[-5.0487,11.2427],[-5.04769,11.24306],[-5.04741,11.24295],[-5.04647,11.24195],[-5.04594,11.24208],[-5.04543,11.24281],[-5.04492,11.24416],[-5.04403,11.24566],[-5.0429,11.24639],[-5.04214,11.24827],[-5.04212,11.24872],[-5.04246,11.24967],[-5.04236,11.25086],[-5.04258,11.25239],[-5.04239,11.25282],[-5.04177,11.25351],[-5.04054,11.25356],[-5.03947,11.25424],[-5.03815,11.25559],[-5.0377,11.25629],[-5.03651,11.25668],[-5.03578,11.25728],[-5.03523,11.25788],[-5.03503,11.25833],[-5.03501,11.25929],[-5.03439,11.26064],[-5.03229,11.26252],[-5.03085,11.26334],[-5.03014,11.26334],[-5.0292,11.26286],[-5.02864,11.26282],[-5.02789,11.26302],[-5.02681,11.26406],[-5.02604,11.26521],[-5.02545,11.2656],[-5.02037,11.26609],[-5.01971,11.26629],[-5.019,11.26766],[-5.01919,11.26815],[-5.01908,11.2686],[-5.01866,11.26872],[-5.01821,11.26835],[-5.01723,11.26869],[-5.01616,11.26829],[-5.01401,11.26412],[-5.01312,11.26273],[-5.01175,11.26179],[-5.01099,11.26169],[-5.00904,11.26004],[-5.00798,11.25964],[-5.00757,11.25965],[-5.00556,11.26035],[-5.00461,11.26044],[-5.00331,11.25986],[-5.00235,11.25977],[-5.00134,11.26006],[-5.00096,11.26035],[-5.00027,11.26259],[-4.99868,11.26495],[-4.99786,11.26563],[-4.99651,11.26603],[-4.99399,11.26717],[-4.99296,11.26804],[-4.99222,11.2682],[-4.99093,11.26807],[-4.99025,11.26834],[-4.9903,11.27023],[-4.99083,11.27089],[-4.99103,11.27141],[-4.99071,11.272],[-4.99039,11.27207],[-4.98968,11.27186],[-4.98842,11.27248],[-4.98688,11.27254],[-4.98496,11.27287],[-4.98498,11.27332],[-4.98483,11.27354],[-4.98408,11.27314],[-4.98313,11.2732],[-4.98248,11.27305],[-4.98168,11.27241],[-4.98074,11.27124],[-4.98038,11.27112],[-4.97968,11.27131],[-4.97926,11.27185],[-4.97852,11.27221],[-4.97802,11.27222],[-4.9771,11.27203],[-4.97646,11.2717],[-4.9755,11.27089],[-4.97405,11.27039],[-4.97318,11.2703],[-4.97064,11.27058],[-4.96996,11.27042],[-4.96756,11.27054],[-4.9656,11.27117],[-4.96449,11.27091],[-4.96182,11.27064],[-4.96063,11.27015],[-4.95994,11.26962],[-4.95754,11.26714],[-4.95669,11.26665],[-4.95491,11.26665],[-4.95477,11.26654],[-4.95469,11.26588],[-4.95269,11.26368],[-4.95155,11.26307],[-4.95115,11.26267],[-4.95068,11.26246],[-4.95012,11.26244],[-4.94927,11.26263],[-4.94876,11.26297],[-4.94688,11.26367],[-4.94519,11.26341],[-4.94372,11.26379],[-4.94164,11.26382],[-4.9411,11.26369],[-4.93971,11.26397],[-4.9395,11.26415],[-4.93925,11.26541],[-4.93856,11.2667],[-4.93763,11.26725],[-4.93667,11.26863],[-4.9348,11.26946],[-4.93363,11.26948],[-4.9312,11.27064],[-4.92953,11.27207],[-4.92888,11.27286],[-4.92771,11.27336],[-4.92577,11.27529],[-4.9243,11.27614],[-4.92387,11.27585],[-4.92351,11.27478],[-4.9231,11.27412],[-4.92281,11.27394],[-4.92228,11.27416],[-4.92158,11.27398],[-4.9205,11.27295],[-4.91953,11.27246],[-4.91955,11.2716],[-4.91928,11.2708],[-4.91858,11.26971],[-4.91783,11.26927],[-4.91733,11.26919],[-4.91644,11.26933],[-4.91641,11.26916],[-4.91663,11.26892],[-4.91641,11.26878],[-4.91611,11.26899],[-4.91584,11.2688],[-4.91546,11.26788],[-4.91519,11.2681],[-4.91443,11.26815],[-4.91406,11.26837],[-4.91383,11.26825],[-4.91399,11.26806],[-4.9139,11.2679],[-4.91308,11.26802],[-4.91292,11.26824],[-4.91258,11.26811],[-4.91206,11.26834],[-4.91118,11.2681],[-4.9109,11.26817],[-4.91068,11.26778],[-4.91025,11.26775],[-4.91016,11.2682],[-4.90944,11.26838],[-4.90889,11.26877],[-4.90875,11.26939],[-4.90846,11.26958],[-4.90824,11.26956],[-4.90792,11.26912],[-4.90764,11.26899],[-4.90734,11.26985],[-4.90614,11.26886],[-4.90593,11.26893],[-4.90561,11.26934],[-4.90576,11.27061],[-4.90484,11.27062],[-4.90435,11.271],[-4.90453,11.2714],[-4.90334,11.2721],[-4.90294,11.27201],[-4.90178,11.27261],[-4.90162,11.27324],[-4.90111,11.27394],[-4.9004,11.27425],[-4.89953,11.27505],[-4.89872,11.27534],[-4.89787,11.27603],[-4.89802,11.27639],[-4.89757,11.27659],[-4.89752,11.27689],[-4.89635,11.27811],[-4.89632,11.27885],[-4.89565,11.27945],[-4.89573,11.28009],[-4.89607,11.28029],[-4.8964,11.28153],[-4.89602,11.28309],[-4.8957,11.2839],[-4.89536,11.28431],[-4.89381,11.28464],[-4.89281,11.28516],[-4.89188,11.2854],[-4.89148,11.28535],[-4.89087,11.28497],[-4.88881,11.28616],[-4.88782,11.28584],[-4.88684,11.28578],[-4.88592,11.28599],[-4.8852,11.28594],[-4.8847,11.28624],[-4.88476,11.28572],[-4.88398,11.28562],[-4.88366,11.28489],[-4.8831,11.28511],[-4.88266,11.28495],[-4.88224,11.28402],[-4.8819,11.2842],[-4.88197,11.28479],[-4.88152,11.2847],[-4.88135,11.28424],[-4.88175,11.28348],[-4.88167,11.28323],[-4.88109,11.28277],[-4.8813,11.28224],[-4.88109,11.28196],[-4.88014,11.28242],[-4.87975,11.28304],[-4.87909,11.28284],[-4.8787,11.28317],[-4.87879,11.28349],[-4.87955,11.28421],[-4.87955,11.28437],[-4.879,11.28481],[-4.87905,11.28507],[-4.87879,11.28511],[-4.87783,11.28611],[-4.87744,11.28625],[-4.87727,11.28666],[-4.87743,11.28691],[-4.87868,11.28685],[-4.87877,11.28721],[-4.87864,11.2876],[-4.87823,11.28807],[-4.87757,11.28829],[-4.87653,11.2883],[-4.87558,11.288],[-4.87537,11.28834],[-4.87565,11.28888],[-4.87559,11.28919],[-4.87467,11.28989],[-4.87201,11.29034],[-4.87155,11.29017],[-4.87129,11.28984],[-4.87125,11.28949],[-4.87197,11.28824],[-4.87189,11.28798],[-4.87132,11.28774],[-4.8707,11.28849],[-4.8702,11.28866],[-4.8699,11.28853],[-4.86985,11.28776],[-4.87029,11.28732],[-4.87023,11.28713],[-4.8698,11.28711],[-4.86925,11.28769],[-4.86888,11.28734],[-4.86835,11.28729],[-4.86802,11.28674],[-4.86769,11.28659],[-4.86709,11.28661],[-4.86657,11.28682],[-4.86564,11.28667],[-4.86504,11.28732],[-4.86414,11.28773],[-4.86379,11.28758],[-4.86361,11.28675],[-4.86333,11.28631],[-4.86303,11.28623],[-4.8614,11.28733],[-4.85979,11.28781],[-4.85794,11.289],[-4.85689,11.28939],[-4.85623,11.28986],[-4.85551,11.29071],[-4.85543,11.29102],[-4.8557,11.2913],[-4.8567,11.29127],[-4.85673,11.29168],[-4.85656,11.29189],[-4.85497,11.2924],[-4.85492,11.29332],[-4.85478,11.2935],[-4.85429,11.29353],[-4.85372,11.29324],[-4.85366,11.29278],[-4.8539,11.29241],[-4.85356,11.29183],[-4.8523,11.29161],[-4.85123,11.29161],[-4.85007,11.29263],[-4.84905,11.29265],[-4.84777,11.29303],[-4.84701,11.29349],[-4.8469,11.29375],[-4.84705,11.29411],[-4.84836,11.29403],[-4.84854,11.29469],[-4.8475,11.29546],[-4.84767,11.29644],[-4.84702,11.29717],[-4.847,11.29771],[-4.8473,11.29828],[-4.84725,11.29853],[-4.84631,11.29845],[-4.84608,11.29914],[-4.84564,11.29906],[-4.84567,11.29954],[-4.84631,11.29956],[-4.84686,11.29981],[-4.84716,11.30062],[-4.84703,11.30075],[-4.8466,11.30065],[-4.84608,11.30089],[-4.84506,11.30231],[-4.84484,11.3029],[-4.8441,11.30241],[-4.84413,11.30165],[-4.84373,11.30132],[-4.84236,11.30207],[-4.84211,11.30189],[-4.84223,11.30164],[-4.84205,11.30121],[-4.8417,11.30107],[-4.84111,11.30132],[-4.84093,11.30118],[-4.84113,11.30057],[-4.84173,11.30001],[-4.84146,11.29978],[-4.84031,11.29951],[-4.8406,11.30007],[-4.84035,11.30054],[-4.84006,11.30054],[-4.83929,11.30011],[-4.83932,11.29973],[-4.83974,11.29973],[-4.83982,11.29959],[-4.83976,11.29802],[-4.83927,11.29774],[-4.83885,11.29775],[-4.83868,11.29786],[-4.83851,11.29844],[-4.83836,11.29847],[-4.83763,11.29807],[-4.83726,11.29825],[-4.83611,11.29978],[-4.83578,11.29975],[-4.8357,11.29933],[-4.8349,11.30015],[-4.83455,11.30008],[-4.83406,11.29955],[-4.83361,11.29985],[-4.83294,11.29956],[-4.83257,11.29988],[-4.83246,11.30019],[-4.83263,11.30088],[-4.83245,11.30178],[-4.83177,11.30073],[-4.83148,11.30085],[-4.83115,11.3004],[-4.83086,11.30043],[-4.82975,11.30195],[-4.82971,11.3032],[-4.82892,11.3037],[-4.82874,11.30401],[-4.82889,11.30452],[-4.82869,11.3059],[-4.82895,11.30772],[-4.8287,11.30787],[-4.82834,11.30781],[-4.82826,11.30764],[-4.82843,11.30747],[-4.82809,11.30704],[-4.82814,11.30666],[-4.82739,11.30585],[-4.82606,11.30662],[-4.82567,11.30722],[-4.8246,11.30756],[-4.82525,11.30883],[-4.82545,11.30985],[-4.82575,11.30997],[-4.82635,11.30951],[-4.82686,11.3095],[-4.82716,11.30971],[-4.82679,11.31019],[-4.82627,11.31044],[-4.82578,11.31115],[-4.82539,11.31137],[-4.82501,11.31136],[-4.82372,11.31087],[-4.82348,11.31092],[-4.82372,11.3119],[-4.82283,11.31185],[-4.82191,11.31211],[-4.82081,11.31284],[-4.8201,11.31241],[-4.82048,11.31147],[-4.82087,11.31115],[-4.82063,11.3101],[-4.82039,11.31012],[-4.81985,11.31051],[-4.81942,11.31138],[-4.81815,11.31122]]},"properties":{"name":"","type":"River","flow_regime":"perennial","label":"River"}},{"type":"Feature","geometry":{"type":"LineString","coordinates":[[-1.80313,13.09145],[-1.80402,13.09068],[-1.8041,13.09033],[-1.80426,13.09028],[-1.80398,13.09014],[-1.80432,13.0894],[-1.80394,13.08898],[-1.80373,13.08898],[-1.80373,13.0888],[-1.80408,13.08856],[-1.80402,13.08829],[-1.80439,13.08789],[-1.8045,13.08745],[-1.80481,13.08734],[-1.80493,13.08707],[-1.8047,13.08685],[-1.80488,13.08647],[-1.80395,13.08534],[-1.80429,13.08472],[-1.80409,13.08416],[-1.80371,13.08381],[-1.80365,13.08349],[-1.80396,13.08297],[-1.80352,13.08261],[-1.80358,13.0824],[-1.80385,13.08228],[-1.80364,13.08198],[-1.80375,13.08167],[-1.80415,13.0818],[-1.80451,13.08064],[-1.80404,13.0803],[-1.80364,13.08041],[-1.80374,13.07951],[-1.80396,13.07919],[-1.80502,13.07904],[-1.80465,13.07877],[-1.80503,13.0779],[-1.80471,13.07778],[-1.80452,13.07711],[-1.80377,13.07641]]},"properties":{"name":"","type":"River","flow_regime":"perennial","label":"River"}},{"type":"Feature","geometry":{"type":"LineString","coordinates":[[-0.98312,12.9844],[-0.98449,12.98477],[-0.98505,12.98512],[-0.98545,12.98508],[-0.98606,12.98459],[-0.98625,12.98384],[-0.98668,12.9833],[-0.98699,12.98307],[-0.98784,12.98308],[-0.98769,12.98255],[-0.9893,12.98295],[-0.98969,12.9829],[-0.99057,12.9824],[-0.99183,12.98305],[-0.99216,12.98307],[-0.99351,12.9821],[-0.99418,12.98196],[-0.99865,12.98187],[-0.99897,12.98197],[-0.99958,12.98268],[-1.00032,12.98277],[-1.0007,12.98318],[-1.00096,12.98298],[-1.00151,12.98316],[-1.00235,12.98388],[-1.00285,12.984],[-1.00365,12.98466],[-1.00448,12.98482],[-1.00474,12.98463],[-1.00525,12.98475],[-1.00544,12.98508],[-1.00591,12.98527],[-1.007,12.98516],[-1.00755,12.98569],[-1.00792,12.98581],[-1.00803,12.98613],[-1.00844,12.9863],[-1.00876,12.98596],[-1.00924,12.98627],[-1.01014,12.98602],[-1.01063,12.9861],[-1.01115,12.98641],[-1.01114,12.98684],[-1.01179,12.98716],[-1.0125,12.98725],[-1.01286,12.98718],[-1.01443,12.9862],[-1.01507,12.98496],[-1.01584,12.98432],[-1.01656,12.98443],[-1.01742,12.98554],[-1.01828,12.98557],[-1.02085,12.98362],[-1.02133,12.98346],[-1.02147,12.98325],[-1.02195,12.98331],[-1.02265,12.98294],[-1.0246,12.98404],[-1.0251,12.98398],[-1.02592,12.98341],[-1.02653,12.98348],[-1.02751,12.98301],[-1.02862,12.98298],[-1.02937,12.98317],[-1.02956,12.983],[-1.03017,12.98293],[-1.03177,12.98436],[-1.0346,12.98447],[-1.03759,12.98449],[-1.04396,12.98338],[-1.04724,12.98375],[-1.0478,12.98365],[-1.05361,12.98539],[-1.05655,12.98589],[-1.06278,12.98677],[-1.06563,12.98697],[-1.06791,12.98773],[-1.06835,12.98774],[-1.07113,12.98885],[-1.07206,12.98839],[-1.0724,12.98766],[-1.07278,12.98754],[-1.07332,12.98705],[-1.07559,12.98827]]},"properties":{"name":"","type":"River","flow_regime":"perennial","label":"River"}},{"type":"Feature","geometry":{"type":"LineString","coordinates":[[-0.25923,12.55741],[-0.25485,12.55973],[-0.25012,12.55797],[-0.24677,12.55987],[-0.24482,12.56049],[-0.24241,12.56092],[-0.24061,12.56187],[-0.23745,12.56225],[-0.23633,12.56392],[-0.23796,12.56508],[-0.23859,12.56657],[-0.23747,12.56808],[-0.23638,12.56901],[-0.23474,12.56968],[-0.23383,12.56935],[-0.23298,12.56835],[-0.2291,12.56835],[-0.22838,12.56981],[-0.22682,12.57025],[-0.22609,12.57276],[-0.22474,12.57239],[-0.2237,12.57019],[-0.2236,12.56809],[-0.22265,12.56773]]},"properties":{"name":"","type":"River","flow_regime":"perennial","label":"River"}},{"type":"Feature","geometry":{"type":"LineString","coordinates":[[-0.5185,12.51081],[-0.51611,12.50855],[-0.51605,12.50739],[-0.51474,12.50709],[-0.51422,12.50593],[-0.51349,12.50644],[-0.51336,12.50733],[-0.51237,12.50757],[-0.50899,12.50587]]},"properties":{"name":"","type":"River","flow_regime":"perennial","label":"River"}},{"type":"Feature","geometry":{"type":"LineString","coordinates":[[-5.13641,10.49673],[-5.13624,10.49667]]},"properties":{"name":"","type":"River","flow_regime":"perennial","label":"River"}},{"type":"Feature","geometry":{"type":"LineString","coordinates":[[-5.13624,10.49667],[-5.13419,10.49596],[-5.12751,10.49177],[-5.12637,10.4913],[-5.11954,10.49345]]},"properties":{"name":"","type":"River","flow_regime":"perennial","label":"River"}},{"type":"Feature","geometry":{"type":"LineString","coordinates":[[-3.55288,12.71235],[-3.55222,12.71253],[-3.5513,12.71313],[-3.55053,12.71296],[-3.54836,12.71156],[-3.54782,12.71144],[-3.54505,12.71194],[-3.54262,12.71177],[-3.54223,12.7122],[-3.54231,12.71342],[-3.54218,12.71376],[-3.5411,12.71512],[-3.54065,12.71647],[-3.54038,12.71684],[-3.53974,12.71726],[-3.53879,12.71763],[-3.5376,12.71752],[-3.53497,12.71594],[-3.53412,12.71577],[-3.53236,12.71588],[-3.53102,12.71618],[-3.53027,12.71638],[-3.52796,12.71759],[-3.52429,12.71809],[-3.52401,12.7185],[-3.52413,12.71907],[-3.52479,12.72033],[-3.52527,12.72061],[-3.5255,12.72112],[-3.52505,12.72186],[-3.5238,12.7227],[-3.52254,12.72323],[-3.52216,12.72324],[-3.52168,12.72305],[-3.52035,12.722],[-3.51999,12.72237],[-3.51942,12.7225]]},"properties":{"name":"","type":"River","flow_regime":"perennial","label":"River"}},{"type":"Feature","geometry":{"type":"LineString","coordinates":[[-3.28224,12.3136],[-3.28172,12.31409],[-3.28139,12.3149],[-3.28013,12.31494],[-3.27883,12.31629],[-3.27514,12.31919],[-3.27191,12.32131],[-3.27068,12.32319],[-3.27064,12.32528],[-3.27097,12.32786],[-3.26965,12.32984],[-3.2698,12.33043],[-3.26926,12.33153],[-3.26873,12.33206],[-3.26873,12.33289],[-3.26752,12.33349],[-3.26678,12.33286],[-3.26534,12.33239],[-3.26322,12.33369],[-3.26242,12.33452],[-3.26247,12.33543],[-3.26161,12.33619],[-3.26049,12.3359],[-3.25838,12.33491],[-3.25726,12.33318],[-3.25643,12.33253],[-3.25513,12.33282],[-3.25433,12.33381],[-3.254,12.33537],[-3.25306,12.33601],[-3.25009,12.33573],[-3.24926,12.33619],[-3.24897,12.33711],[-3.24926,12.3381],[-3.25031,12.33884],[-3.25081,12.34029],[-3.25089,12.34181],[-3.25056,12.34358],[-3.249,12.34606],[-3.24839,12.34737],[-3.24857,12.3485],[-3.25027,12.34992],[-3.25071,12.35102],[-3.24987,12.35264],[-3.24973,12.35413],[-3.25016,12.35509],[-3.25401,12.35842],[-3.2543,12.35962],[-3.25361,12.36058],[-3.25343,12.3622],[-3.25354,12.36553],[-3.25311,12.3668],[-3.25093,12.37052],[-3.25052,12.37343],[-3.24939,12.37466],[-3.24878,12.37682],[-3.2486,12.37873],[-3.24939,12.38118],[-3.24925,12.38234],[-3.24769,12.38467],[-3.24765,12.38542],[-3.24697,12.38606],[-3.24682,12.38657],[-3.24705,12.38695],[-3.24682,12.38727],[-3.24586,12.3876],[-3.24573,12.38801],[-3.24647,12.38928],[-3.24528,12.39052],[-3.24589,12.39168],[-3.2456,12.3926],[-3.24622,12.39321],[-3.24636,12.39388],[-3.24535,12.39476],[-3.24455,12.39406],[-3.24343,12.39459],[-3.24238,12.39597],[-3.23926,12.39802],[-3.23618,12.39848],[-3.23405,12.40011],[-3.23394,12.40195],[-3.23329,12.4028],[-3.22926,12.40559],[-3.22821,12.40573],[-3.22811,12.40694],[-3.22872,12.40736],[-3.22937,12.40863],[-3.22836,12.40991],[-3.22687,12.41058],[-3.22637,12.41299],[-3.22397,12.41539],[-3.22155,12.41518],[-3.21941,12.41536],[-3.21818,12.41582],[-3.21738,12.41688],[-3.21734,12.41875],[-3.21958,12.42431],[-3.22131,12.4276],[-3.22222,12.42796],[-3.22292,12.42852],[-3.22271,12.42987],[-3.22108,12.43146],[-3.21868,12.43284],[-3.21854,12.43569],[-3.21644,12.43893],[-3.21507,12.4418],[-3.21516,12.44234],[-3.21453,12.44344],[-3.21324,12.44475],[-3.21312,12.44544],[-3.2119,12.44677],[-3.21136,12.44778],[-3.21061,12.45018],[-3.21076,12.45135],[-3.20986,12.4526],[-3.2082,12.45273],[-3.20735,12.45323],[-3.20446,12.45752],[-3.20417,12.4584],[-3.20585,12.46008],[-3.20535,12.46204],[-3.20703,12.46769],[-3.20635,12.46895],[-3.20451,12.46993],[-3.20361,12.47122],[-3.20406,12.47464],[-3.20462,12.47587],[-3.20322,12.4771],[-3.2021,12.4771],[-3.20121,12.47873],[-3.20417,12.48002],[-3.20602,12.48147],[-3.20608,12.48304],[-3.20507,12.48651],[-3.20557,12.48775],[-3.20871,12.48898],[-3.21034,12.48987],[-3.21073,12.49144],[-3.21045,12.49536],[-3.21162,12.49559],[-3.21381,12.49497],[-3.21465,12.4957],[-3.21465,12.49799],[-3.21487,12.49934],[-3.21745,12.50365],[-3.21728,12.50628],[-3.21851,12.5078],[-3.22014,12.50897],[-3.22131,12.51155],[-3.22082,12.51506]]},"properties":{"name":"Sonabou","type":"River","flow_regime":"perennial","label":"Sonabou"}},{"type":"Feature","geometry":{"type":"LineString","coordinates":[[-4.23634,10.1885],[-4.23655,10.18817],[-4.23654,10.18777],[-4.23629,10.18747],[-4.23646,10.18724],[-4.23619,10.18641],[-4.23628,10.18557],[-4.23658,10.18518],[-4.23635,10.18445],[-4.2366,10.18411],[-4.23642,10.18367],[-4.23603,10.18353],[-4.23609,10.18274],[-4.23537,10.18228],[-4.23549,10.18205],[-4.23525,10.18155],[-4.23521,10.18082],[-4.23541,10.18051],[-4.23509,10.18008],[-4.23514,10.1798],[-4.23474,10.17959],[-4.23447,10.17896],[-4.2345,10.17874],[-4.23484,10.17846],[-4.23496,10.17757],[-4.23465,10.17739],[-4.23467,10.17713],[-4.23411,10.17696],[-4.23411,10.17656],[-4.23393,10.17631],[-4.23412,10.17618],[-4.23404,10.1759],[-4.23381,10.17552],[-4.23341,10.17532],[-4.23337,10.17458],[-4.23398,10.17437],[-4.23402,10.17423],[-4.23392,10.17394],[-4.23367,10.17397],[-4.23348,10.17359],[-4.23367,10.17312],[-4.23347,10.17288],[-4.23344,10.17231],[-4.23317,10.17228],[-4.23291,10.17159],[-4.23259,10.17145],[-4.23241,10.1711],[-4.23265,10.1708],[-4.23314,10.17082],[-4.233,10.17013],[-4.23279,10.16997],[-4.23231,10.16995],[-4.23223,10.16966],[-4.23195,10.1695],[-4.2321,10.16919],[-4.232,10.16883],[-4.23216,10.16832],[-4.23193,10.16805],[-4.23249,10.16688],[-4.23298,10.16647],[-4.23295,10.16562],[-4.23334,10.16512],[-4.23304,10.16451],[-4.23271,10.16424],[-4.23279,10.16393],[-4.23265,10.16367],[-4.23221,10.16346],[-4.23205,10.16385],[-4.23196,10.16339],[-4.23151,10.16319],[-4.23122,10.16263],[-4.23136,10.16245],[-4.23168,10.16244],[-4.23132,10.16181],[-4.23165,10.16163],[-4.23187,10.16126],[-4.23153,10.16102],[-4.23144,10.16025],[-4.23117,10.16016],[-4.23118,10.15948],[-4.23154,10.15891],[-4.23129,10.1585],[-4.23107,10.15857],[-4.23092,10.15831],[-4.2312,10.15815],[-4.23111,10.15782],[-4.2313,10.15775],[-4.23089,10.15739],[-4.23122,10.15718],[-4.23097,10.15633],[-4.23128,10.15577],[-4.23123,10.15539],[-4.23164,10.15533],[-4.23171,10.15465],[-4.23223,10.15435],[-4.23185,10.15387],[-4.23248,10.153],[-4.23238,10.1516],[-4.23247,10.15139],[-4.23305,10.15116],[-4.23278,10.15081],[-4.23295,10.15022],[-4.23349,10.15017],[-4.23374,10.14993],[-4.23357,10.14946],[-4.23353,10.14833],[-4.23374,10.14804],[-4.23376,10.14759],[-4.23307,10.147],[-4.23347,10.14668],[-4.23329,10.14641],[-4.23336,10.14618],[-4.23384,10.14588],[-4.23361,10.14557],[-4.23317,10.14568],[-4.23296,10.1454],[-4.23298,10.1451],[-4.23266,10.14503],[-4.23276,10.14461],[-4.23233,10.14424],[-4.23306,10.14361],[-4.23307,10.14323],[-4.23343,10.14309],[-4.23337,10.14275],[-4.23384,10.14211],[-4.23348,10.14119],[-4.23377,10.14079],[-4.23332,10.1407],[-4.23313,10.14047],[-4.23352,10.13998],[-4.2336,10.13937],[-4.23337,10.13883],[-4.2335,10.13848],[-4.23317,10.13818],[-4.23308,10.13784],[-4.23334,10.13744],[-4.23391,10.13742],[-4.23445,10.13686],[-4.23474,10.137],[-4.23489,10.1365],[-4.23457,10.13579],[-4.23473,10.13532],[-4.23554,10.13526],[-4.23529,10.13461],[-4.23556,10.13388],[-4.23667,10.13331],[-4.2368,10.13275],[-4.23736,10.13258],[-4.23789,10.13216],[-4.23807,10.13059],[-4.23914,10.13018],[-4.23907,10.12977],[-4.2398,10.12991],[-4.24015,10.12924],[-4.24088,10.12921],[-4.24123,10.12895],[-4.24173,10.12891],[-4.24198,10.12867],[-4.24226,10.12877],[-4.24259,10.12842],[-4.243,10.12829],[-4.24319,10.12785],[-4.24366,10.12788],[-4.244,10.12764],[-4.24438,10.12702],[-4.24442,10.12663],[-4.24481,10.12615],[-4.24469,10.12557],[-4.24515,10.12539],[-4.24507,10.125],[-4.24528,10.12446],[-4.24509,10.12405],[-4.24519,10.1237],[-4.24673,10.12323],[-4.24691,10.12296],[-4.24751,10.12287],[-4.24784,10.12258],[-4.24792,10.1219],[-4.24773,10.12126],[-4.24889,10.11972],[-4.24859,10.11881],[-4.24893,10.11819],[-4.24972,10.11768],[-4.25007,10.11762],[-4.25034,10.11809],[-4.25167,10.11794],[-4.25226,10.11721],[-4.25221,10.11703],[-4.25143,10.1169],[-4.25202,10.11629],[-4.25184,10.11571],[-4.25264,10.11564]]},"properties":{"name":"","type":"River","flow_regime":"perennial","label":"River"}},{"type":"Feature","geometry":{"type":"LineString","coordinates":[[-1.10961,11.65591],[-1.10914,11.656],[-1.10885,11.65583],[-1.1091,11.65429],[-1.10891,11.65387],[-1.10756,11.6534],[-1.10688,11.65335],[-1.10624,11.65295],[-1.10454,11.6529],[-1.10422,11.6527],[-1.10424,11.65224]]},"properties":{"name":"","type":"River","flow_regime":"perennial","label":"River"}},{"type":"Feature","geometry":{"type":"LineString","coordinates":[[-0.69616,12.13323],[-0.69637,12.13244],[-0.69606,12.13236],[-0.69649,12.13184],[-0.69668,12.13205],[-0.6975,12.13224]]},"properties":{"name":"Guibga","type":"River","flow_regime":"perennial","label":"Guibga"}},{"type":"Feature","geometry":{"type":"LineString","coordinates":[[2.05183,11.62369],[2.0511,11.62315],[2.05065,11.62321],[2.05037,11.62363],[2.04951,11.62397],[2.04904,11.62405],[2.04859,11.62384],[2.04822,11.62281],[2.0482,11.62111],[2.04771,11.61995],[2.0479,11.61928],[2.04856,11.61878],[2.04878,11.61838],[2.04869,11.61779],[2.04837,11.61747],[2.04532,11.61642],[2.04453,11.61506],[2.04389,11.61485],[2.04258,11.6151],[2.04148,11.6159],[2.04097,11.61529],[2.03923,11.6147],[2.03878,11.61476],[2.03856,11.61516],[2.03818,11.61729],[2.03796,11.6175],[2.03732,11.61754],[2.03655,11.61718],[2.03605,11.61663],[2.0341,11.61609],[2.03374,11.61611],[2.03271,11.61678],[2.03114,11.61563],[2.03103,11.61468],[2.03075,11.61424],[2.02957,11.61331],[2.02936,11.61272],[2.02891,11.61237],[2.02887,11.61178],[2.02801,11.61073],[2.02824,11.6101],[2.02803,11.60953],[2.02773,11.60934],[2.02734,11.6094],[2.02691,11.61006],[2.02644,11.61006],[2.02603,11.60913],[2.02449,11.6089],[2.02402,11.60865],[2.02361,11.60829],[2.0232,11.60745],[2.02211,11.6073],[2.02078,11.60741],[2.0194,11.60655],[2.01925,11.60615],[2.01949,11.60524],[2.01949,11.60427],[2.01861,11.60226],[2.01923,11.60137],[2.01923,11.60089],[2.01878,11.59999],[2.0188,11.59818],[2.01906,11.59759],[2.01893,11.59608],[2.01966,11.5953],[2.02013,11.59519],[2.02073,11.59528],[2.02191,11.5961],[2.02239,11.59597],[2.02254,11.59526],[2.02236,11.59473],[2.02209,11.59461],[2.02118,11.59442],[2.0203,11.5945],[2.01985,11.59414],[2.01936,11.59339],[2.01949,11.59269],[2.01827,11.59194],[2.01816,11.59135],[2.01861,11.59091],[2.01951,11.59082],[2.02086,11.59023],[2.02148,11.58906],[2.0214,11.58769],[2.02174,11.58719],[2.02181,11.58662],[2.02157,11.58607],[2.02026,11.58494],[2.01957,11.5846],[2.01917,11.58412],[2.01927,11.58368],[2.02026,11.58332],[2.02131,11.58323],[2.02209,11.58401],[2.02249,11.58389],[2.02275,11.58349],[2.02266,11.58283],[2.02181,11.58225],[2.02114,11.58149],[2.02052,11.58006],[2.01827,11.57901],[2.01812,11.57876],[2.01782,11.57867],[2.01709,11.57884],[2.0155,11.57949],[2.01496,11.57941],[2.01455,11.57903],[2.01359,11.57724],[2.01361,11.57598],[2.01337,11.57527],[2.01292,11.57459],[2.01217,11.57447],[2.01103,11.57478],[2.00968,11.57359],[2.00992,11.57312],[2.01056,11.57274],[2.01086,11.57209],[2.01013,11.57003],[2.00981,11.56978],[2.00891,11.56978],[2.00771,11.57096],[2.00734,11.57073],[2.00717,11.5693],[2.00672,11.56883],[2.00597,11.56848],[2.0058,11.5681],[2.00631,11.56635],[2.00679,11.56564],[2.00694,11.56507],[2.00674,11.5644],[2.00573,11.56366],[2.00548,11.56291],[2.00573,11.56175],[2.00546,11.56127],[2.00406,11.56022],[2.00342,11.55906],[2.00241,11.55876],[2.00168,11.55813],[2.00153,11.55757],[2.00254,11.55584],[2.00232,11.55429],[2.00144,11.55347],[2.00037,11.55336],[1.99977,11.55292],[1.99964,11.55261],[1.99994,11.55189],[1.99923,11.55052],[2.00086,11.54834],[2.00093,11.5479],[2.00067,11.54739],[1.99902,11.54691],[1.99799,11.54619],[1.99726,11.54542],[1.997,11.54487],[1.99696,11.54405],[1.99747,11.54344],[1.99728,11.54264],[1.99692,11.54241],[1.99492,11.54235],[1.99402,11.54174],[1.99277,11.54167],[1.99237,11.54125],[1.99256,11.54083],[1.99292,11.5406],[1.99438,11.54014],[1.9946,11.53947],[1.99445,11.53829],[1.99378,11.53741],[1.99269,11.53638],[1.99187,11.53591],[1.99071,11.53577],[1.98844,11.53728],[1.98694,11.53776],[1.98601,11.5377],[1.98524,11.53703],[1.98507,11.53652],[1.98372,11.53539],[1.98363,11.53347],[1.98327,11.5331],[1.98211,11.53286],[1.98082,11.53312],[1.97984,11.53244],[1.97975,11.53141],[1.98078,11.53034],[1.98108,11.52958],[1.9799,11.52799],[1.98016,11.52723],[1.98009,11.5267],[1.97917,11.52563],[1.97835,11.5254],[1.97775,11.52557],[1.97662,11.52452],[1.97595,11.52357],[1.97563,11.5226],[1.97584,11.52111],[1.97619,11.52025],[1.97486,11.51501],[1.97436,11.51426],[1.96943,11.51051],[1.96874,11.51091],[1.96825,11.51047],[1.96814,11.50986],[1.96784,11.50932],[1.96503,11.50723],[1.96554,11.5066],[1.96509,11.50566],[1.96539,11.50532],[1.96539,11.50456],[1.96479,11.50353],[1.96346,11.50215],[1.96228,11.50151],[1.96166,11.50141],[1.96069,11.50166],[1.95999,11.50238],[1.9596,11.50255],[1.95881,11.50229],[1.95795,11.50166],[1.95537,11.50114],[1.94919,11.49908],[1.94773,11.49887],[1.94735,11.49884],[1.94664,11.50006],[1.94555,11.50002],[1.94336,11.49924],[1.94278,11.49948],[1.94226,11.49945],[1.94198,11.49847],[1.94072,11.49756],[1.94091,11.4971],[1.94143,11.49691],[1.94106,11.49556],[1.94065,11.49508],[1.94074,11.49447],[1.94119,11.49434],[1.94158,11.49395],[1.9416,11.49352],[1.94119,11.49315],[1.93999,11.49268],[1.93898,11.49188],[1.93866,11.49159],[1.9384,11.49052],[1.93774,11.49014],[1.93696,11.4902],[1.93529,11.48951],[1.93475,11.48947],[1.93349,11.48995],[1.93301,11.48997],[1.93261,11.4893],[1.93186,11.48871],[1.93138,11.48806],[1.93147,11.48759],[1.93201,11.48751],[1.93235,11.48673],[1.93226,11.48625],[1.93254,11.48551],[1.93299,11.48492],[1.93323,11.48364],[1.93359,11.48326],[1.93377,11.48272],[1.93319,11.48192],[1.93312,11.48139],[1.93228,11.48103],[1.93231,11.48063],[1.93198,11.48011],[1.93027,11.4791],[1.93005,11.47859],[1.92935,11.47784],[1.92844,11.47582],[1.9281,11.47559],[1.92784,11.47504],[1.92808,11.47426],[1.92754,11.47327],[1.92651,11.47323],[1.92278,11.4747],[1.92141,11.47464],[1.91765,11.47269],[1.91669,11.47159],[1.91621,11.4701],[1.91572,11.4701],[1.91512,11.4702],[1.91342,11.47239],[1.91276,11.47264],[1.9122,11.4726],[1.91102,11.47283],[1.90883,11.47285],[1.90823,11.47262],[1.90757,11.4721],[1.90696,11.47203],[1.90634,11.47245],[1.90497,11.47166],[1.90209,11.47121],[1.90061,11.47195],[1.899,11.47218],[1.8984,11.47277],[1.8987,11.47372],[1.89845,11.4743],[1.89757,11.47502],[1.89675,11.47502],[1.89583,11.47464],[1.89375,11.47296],[1.89312,11.47269],[1.89289,11.47214],[1.89263,11.47197],[1.89201,11.47241],[1.89154,11.47231],[1.89132,11.47189],[1.8922,11.47121],[1.89182,11.47073],[1.89117,11.47031],[1.89042,11.47027],[1.88913,11.47067],[1.88628,11.47342],[1.88493,11.47376],[1.88394,11.47372],[1.88298,11.47338],[1.88184,11.47241],[1.88092,11.47121],[1.88046,11.47094],[1.87986,11.47094],[1.87956,11.47136],[1.87926,11.47428],[1.87828,11.47643],[1.87592,11.47711],[1.87485,11.4771]]},"properties":{"name":"","type":"River","flow_regime":"perennial","label":"River"}},{"type":"Feature","geometry":{"type":"LineString","coordinates":[[2.10782,11.64177],[2.10723,11.64154],[2.10676,11.64206],[2.1065,11.64213],[2.10573,11.64135],[2.10541,11.64131],[2.10476,11.64167],[2.1044,11.64152],[2.1042,11.6412],[2.10345,11.64089],[2.1033,11.64061],[2.10337,11.63994],[2.10254,11.63962],[2.10228,11.63895],[2.1024,11.63845],[2.1019,11.63743],[2.10167,11.63729],[2.101,11.63742],[2.1003,11.63817],[2.10076,11.63946],[2.10063,11.63974],[2.0998,11.64036],[2.09988,11.64164],[2.09941,11.64202],[2.09834,11.64195],[2.09735,11.6427],[2.09659,11.6425],[2.09551,11.64172],[2.09414,11.64172],[2.0938,11.64156],[2.09347,11.64051],[2.09307,11.64004],[2.09243,11.63973],[2.09175,11.63986],[2.09117,11.63977],[2.0905,11.63898],[2.09028,11.63903],[2.09021,11.63976],[2.08999,11.63986],[2.08845,11.63902],[2.08751,11.63881],[2.08669,11.63882],[2.08594,11.63852],[2.08462,11.63744],[2.08367,11.63701],[2.08168,11.6355],[2.08146,11.63482],[2.08087,11.63388],[2.08098,11.63367],[2.08152,11.63351],[2.08169,11.63306],[2.08104,11.63229],[2.08075,11.63218],[2.08009,11.63232],[2.07931,11.632],[2.07865,11.63101],[2.07869,11.63054],[2.07842,11.63006],[2.07734,11.62977],[2.07672,11.62929],[2.07618,11.62944],[2.07583,11.62938],[2.07546,11.62866],[2.07488,11.62806],[2.07479,11.62769],[2.07482,11.62735],[2.07536,11.62656],[2.07519,11.62609],[2.075,11.62608],[2.07409,11.6268],[2.0729,11.62684],[2.07266,11.62703],[2.0725,11.62754],[2.07172,11.62748],[2.07145,11.62762],[2.07111,11.6283],[2.07039,11.62894],[2.06988,11.629],[2.06967,11.62927],[2.07013,11.63071],[2.06991,11.63119],[2.06974,11.63121],[2.06922,11.63098],[2.06835,11.63098],[2.06729,11.62996],[2.06632,11.62986],[2.06553,11.62921],[2.06502,11.62936],[2.06421,11.63015],[2.06368,11.62992],[2.06357,11.62907],[2.06294,11.6285],[2.06277,11.62797],[2.06223,11.62741],[2.06244,11.62707],[2.06201,11.62641],[2.06206,11.62581],[2.06149,11.62555],[2.06017,11.62545],[2.05842,11.62461],[2.05783,11.62461],[2.05721,11.62433],[2.05631,11.62459],[2.05536,11.62436],[2.05523,11.6246],[2.0549,11.62463],[2.05459,11.62426],[2.05407,11.624],[2.05348,11.62397],[2.05311,11.62426],[2.05183,11.62369]]},"properties":{"name":"","type":"River","flow_regime":"perennial","label":"River"}},{"type":"Feature","geometry":{"type":"LineString","coordinates":[[1.84307,11.45582],[1.84329,11.45545],[1.84434,11.45526],[1.84512,11.45486],[1.84546,11.45373],[1.84602,11.45315],[1.84787,11.45244],[1.8479,11.45214],[1.84757,11.45195],[1.84744,11.45148],[1.84752,11.45126],[1.84816,11.45091],[1.84802,11.45043],[1.84749,11.44989]]},"properties":{"name":"","type":"River","flow_regime":"perennial","label":"River"}},{"type":"Feature","geometry":{"type":"LineString","coordinates":[[1.46772,11.47559],[1.46789,11.47626],[1.46765,11.47738],[1.46742,11.47772],[1.46609,11.47787],[1.4653,11.47742],[1.46505,11.47691],[1.46517,11.4754],[1.4649,11.47487],[1.46419,11.47429],[1.46288,11.47401],[1.46235,11.47426],[1.46044,11.47625],[1.46028,11.47792],[1.45966,11.47823],[1.45922,11.47811],[1.45846,11.47727],[1.45715,11.47627],[1.45697,11.47554],[1.45715,11.47456],[1.45764,11.47324],[1.45809,11.47286],[1.45947,11.47221],[1.45975,11.47159]]},"properties":{"name":"","type":"River","flow_regime":"perennial","label":"River"}},{"type":"Feature","geometry":{"type":"LineString","coordinates":[[1.46837,11.46815],[1.46747,11.46862],[1.46548,11.46887],[1.46539,11.46926],[1.46556,11.4698],[1.46658,11.47116],[1.4665,11.47168],[1.46591,11.47184],[1.46503,11.47084],[1.46445,11.47043],[1.46438,11.47018],[1.46488,11.46895],[1.46434,11.46768],[1.46433,11.46645],[1.46488,11.46598],[1.46577,11.46609],[1.46611,11.46648],[1.46618,11.46735],[1.46649,11.46768],[1.46711,11.46797],[1.46751,11.46795],[1.46774,11.46775]]},"properties":{"name":"Le Pendjari","type":"River","flow_regime":"perennial","label":"Le Pendjari"}},{"type":"Feature","geometry":{"type":"LineString","coordinates":[[-1.04066,11.64585],[-1.0406,11.64554],[-1.0403,11.64551],[-1.04039,11.64502],[-1.04015,11.64475],[-1.04028,11.64425],[-1.03994,11.64387],[-1.03987,11.64354],[-1.0397,11.64325],[-1.0394,11.64325],[-1.03937,11.64292],[-1.03855,11.64211],[-1.03862,11.64167],[-1.03798,11.64123]]},"properties":{"name":"","type":"River","flow_regime":"perennial","label":"River"}},{"type":"Feature","geometry":{"type":"LineString","coordinates":[[-1.04055,11.64679],[-1.04043,11.6466],[-1.04073,11.64618],[-1.04066,11.64585]]},"properties":{"name":"","type":"River","flow_regime":"perennial","label":"River"}},{"type":"Feature","geometry":{"type":"LineString","coordinates":[[-1.04028,11.64425],[-1.04322,11.64364],[-1.04403,11.64331]]},"properties":{"name":"","type":"River","flow_regime":"perennial","label":"River"}},{"type":"Feature","geometry":{"type":"LineString","coordinates":[[0.90262,11.65258],[0.90339,11.65214],[0.90359,11.65166],[0.90351,11.6509],[0.9031,11.65041],[0.90329,11.64987],[0.90395,11.6498],[0.90394,11.65052],[0.90481,11.65081],[0.90511,11.65122]]},"properties":{"name":"wadi","type":"River","flow_regime":"perennial","label":"wadi"}},{"type":"Feature","geometry":{"type":"LineString","coordinates":[[0.88752,11.36837],[0.88907,11.3679],[0.88897,11.36741],[0.88946,11.36657]]},"properties":{"name":"Singou","type":"River","flow_regime":"perennial","label":"Singou"}},{"type":"Feature","geometry":{"type":"LineString","coordinates":[[-5.47537,10.37311],[-5.47398,10.37393],[-5.4737,10.37383],[-5.4733,10.37395],[-5.47269,10.37465],[-5.47167,10.37539],[-5.47132,10.3754],[-5.47073,10.3749],[-5.47038,10.37495],[-5.46825,10.37605],[-5.46778,10.37674],[-5.46716,10.37665],[-5.46574,10.37582],[-5.46535,10.37423],[-5.46435,10.37297],[-5.46344,10.37213],[-5.4633,10.37115],[-5.46374,10.36912],[-5.46289,10.36609],[-5.46253,10.36546],[-5.46034,10.36399],[-5.46018,10.36343],[-5.46056,10.36316],[-5.46047,10.36263],[-5.45918,10.36194],[-5.4581,10.36107],[-5.45749,10.35887],[-5.45746,10.35802],[-5.4572,10.35694],[-5.45759,10.35652],[-5.45783,10.35656],[-5.45853,10.35749],[-5.45911,10.35781],[-5.45955,10.35781],[-5.45999,10.35749],[-5.45979,10.35658],[-5.45882,10.35535],[-5.45871,10.35502],[-5.45918,10.35377],[-5.45915,10.35166],[-5.45965,10.35078],[-5.46027,10.35058],[-5.46064,10.35076],[-5.46148,10.35217],[-5.46248,10.35315],[-5.46283,10.35327],[-5.46361,10.35337],[-5.46427,10.35319],[-5.46467,10.35265],[-5.46469,10.35196],[-5.46343,10.3504],[-5.46251,10.34885],[-5.46203,10.34749],[-5.46153,10.34696],[-5.46088,10.34644],[-5.45921,10.34563],[-5.45744,10.34525],[-5.45687,10.34543],[-5.45593,10.34445],[-5.45612,10.34362],[-5.45583,10.34292],[-5.45495,10.34271],[-5.4541,10.34284],[-5.45385,10.34256],[-5.45316,10.34065],[-5.45263,10.33995],[-5.45193,10.33951],[-5.44982,10.33964],[-5.44647,10.34091],[-5.44617,10.34131],[-5.44617,10.34176],[-5.44575,10.34203],[-5.44466,10.34212],[-5.44356,10.34166],[-5.44347,10.34101],[-5.44255,10.34094],[-5.44163,10.34129],[-5.44079,10.3407],[-5.43849,10.33829],[-5.43717,10.33645],[-5.43743,10.3356],[-5.43665,10.33545],[-5.43671,10.33523],[-5.43718,10.33513],[-5.43733,10.33487],[-5.43633,10.33387],[-5.43617,10.3335],[-5.43661,10.33278],[-5.43644,10.33243],[-5.43645,10.33114],[-5.43684,10.3303],[-5.43671,10.32997],[-5.4369,10.32951],[-5.4369,10.32892],[-5.43719,10.32886],[-5.43742,10.32825],[-5.43715,10.32822],[-5.43745,10.32798],[-5.43731,10.32721],[-5.43766,10.32652],[-5.43751,10.32624],[-5.43786,10.32449],[-5.43766,10.32201],[-5.43729,10.32167],[-5.43518,10.32175],[-5.43471,10.32151],[-5.43422,10.31991],[-5.4333,10.31811],[-5.43181,10.31763],[-5.42906,10.31808],[-5.4284,10.31847],[-5.42775,10.31913],[-5.42738,10.31972],[-5.42733,10.32048],[-5.42703,10.32067],[-5.42669,10.32052],[-5.42639,10.32083],[-5.42614,10.32153],[-5.42638,10.32175],[-5.42638,10.32243],[-5.42625,10.32262],[-5.42562,10.32284],[-5.42523,10.32263],[-5.42393,10.32303],[-5.42296,10.3231],[-5.42169,10.32282],[-5.42092,10.32226],[-5.42078,10.32181],[-5.4204,10.32186],[-5.41999,10.3217],[-5.4195,10.32116],[-5.4175,10.31967],[-5.41654,10.31817],[-5.41612,10.31621],[-5.41495,10.31457],[-5.4149,10.31386],[-5.41528,10.31323],[-5.41617,10.30901],[-5.41644,10.3063],[-5.41546,10.30577],[-5.41437,10.30552],[-5.41399,10.30551],[-5.41371,10.3058],[-5.41308,10.30591],[-5.41184,10.30561],[-5.41118,10.30589],[-5.41073,10.30586],[-5.40748,10.30392],[-5.40727,10.30365],[-5.407,10.30256],[-5.40642,10.30182],[-5.40629,10.30134],[-5.40548,10.3],[-5.40467,10.29893],[-5.40456,10.29831],[-5.40482,10.29767],[-5.40444,10.29685],[-5.40397,10.29643],[-5.40286,10.29605],[-5.40088,10.29597],[-5.39996,10.29611],[-5.39926,10.29584],[-5.39844,10.29499],[-5.39804,10.29512],[-5.39725,10.2963],[-5.39537,10.29687],[-5.39516,10.29712],[-5.39481,10.29715],[-5.39307,10.29672],[-5.39043,10.29495],[-5.38999,10.29432],[-5.38888,10.29338],[-5.38904,10.29259],[-5.38774,10.29186],[-5.38693,10.29195],[-5.38664,10.29235],[-5.38621,10.29226],[-5.38409,10.2899],[-5.3831,10.28943],[-5.38231,10.2895],[-5.38136,10.29021],[-5.38049,10.29392],[-5.3802,10.29445],[-5.37937,10.29518],[-5.37856,10.29562],[-5.37685,10.29592],[-5.37542,10.29581],[-5.37449,10.29554],[-5.37406,10.29539],[-5.37259,10.29428],[-5.37285,10.29368],[-5.37242,10.2931],[-5.37221,10.29237],[-5.37157,10.29181],[-5.37144,10.29072],[-5.37026,10.28875],[-5.36992,10.28648],[-5.36853,10.28435],[-5.36812,10.28408],[-5.36785,10.28423],[-5.36697,10.28413],[-5.36619,10.28372],[-5.36475,10.28347],[-5.36291,10.28248],[-5.3621,10.28254],[-5.36174,10.28288],[-5.36068,10.28295],[-5.36041,10.2829],[-5.36029,10.28266],[-5.35977,10.28259],[-5.35961,10.28281],[-5.35935,10.28278],[-5.35902,10.28301],[-5.35842,10.28384],[-5.35844,10.2849],[-5.35761,10.28567],[-5.35654,10.28715],[-5.3551,10.28809],[-5.35504,10.2887],[-5.35473,10.28917],[-5.35451,10.29021],[-5.35483,10.29121],[-5.35467,10.29203],[-5.35402,10.29247],[-5.35364,10.29241],[-5.35335,10.29357],[-5.35382,10.29425],[-5.35412,10.29508],[-5.35423,10.29606],[-5.35376,10.2962],[-5.35306,10.29753],[-5.35314,10.29792],[-5.35335,10.29799],[-5.35328,10.29867],[-5.35243,10.30065],[-5.35216,10.30277],[-5.35163,10.30343],[-5.35004,10.30418],[-5.34874,10.30524],[-5.34763,10.30573],[-5.3471,10.30565],[-5.34684,10.30544],[-5.34666,10.30498],[-5.34656,10.30279],[-5.3464,10.30226],[-5.34585,10.30163],[-5.34518,10.30135],[-5.34495,10.30148],[-5.3444,10.30133],[-5.34313,10.30042],[-5.34158,10.29962],[-5.33965,10.29906],[-5.33884,10.29926],[-5.33837,10.29883],[-5.33744,10.29854],[-5.33659,10.2986],[-5.33628,10.29799],[-5.33542,10.29746],[-5.33333,10.29628],[-5.3319,10.29592],[-5.33125,10.29449],[-5.33077,10.29431],[-5.33008,10.29436],[-5.32967,10.29391],[-5.32728,10.29228],[-5.3274,10.29161],[-5.32644,10.29079],[-5.32598,10.29068],[-5.32569,10.2908],[-5.32539,10.29121],[-5.32503,10.29128],[-5.32431,10.29116],[-5.32287,10.29036],[-5.31997,10.29348],[-5.31932,10.29447],[-5.31905,10.2956],[-5.31859,10.2962],[-5.31807,10.29657],[-5.3176,10.29652],[-5.31695,10.29675],[-5.3162,10.29764],[-5.31498,10.29836],[-5.31478,10.29918],[-5.31489,10.29997],[-5.31474,10.30013],[-5.31402,10.29971],[-5.31321,10.29948],[-5.31303,10.29896],[-5.31237,10.29888],[-5.31186,10.2998],[-5.3109,10.30088],[-5.31129,10.30145],[-5.31104,10.30167],[-5.31006,10.30186],[-5.30819,10.30168],[-5.306,10.3005],[-5.30549,10.30062],[-5.30433,10.30122],[-5.30382,10.30241],[-5.30345,10.30287],[-5.30263,10.30372],[-5.30178,10.3042],[-5.30107,10.30508],[-5.30055,10.30607],[-5.29999,10.30639],[-5.29911,10.30605],[-5.29598,10.30425],[-5.29578,10.30375],[-5.29528,10.30334],[-5.29477,10.30335],[-5.29413,10.30362],[-5.29354,10.3043],[-5.29336,10.30476],[-5.29241,10.30563],[-5.29138,10.30706],[-5.29139,10.30791],[-5.29117,10.3087],[-5.29141,10.30888],[-5.29188,10.30984],[-5.29197,10.31147],[-5.29174,10.312],[-5.2918,10.31223],[-5.29225,10.31328],[-5.29267,10.31375],[-5.2936,10.31403],[-5.29424,10.31405],[-5.29533,10.31346],[-5.29576,10.31345],[-5.29615,10.31318],[-5.29658,10.31324],[-5.29765,10.31395],[-5.29848,10.31381],[-5.29876,10.31393],[-5.29895,10.31504],[-5.29654,10.31606],[-5.29523,10.31588],[-5.29458,10.31597],[-5.29288,10.31679],[-5.29237,10.31741],[-5.29144,10.31808],[-5.29139,10.31836],[-5.29173,10.31888],[-5.29169,10.3191],[-5.28976,10.32018],[-5.28912,10.32021],[-5.28881,10.32005],[-5.28853,10.31927],[-5.28887,10.31872],[-5.28865,10.31825],[-5.28682,10.31794],[-5.28612,10.318],[-5.28612,10.31895],[-5.28651,10.31946],[-5.28658,10.31993],[-5.28637,10.32024],[-5.28582,10.32042],[-5.28549,10.32038],[-5.28442,10.31906],[-5.28458,10.31818],[-5.28425,10.31765],[-5.28423,10.31714],[-5.28465,10.31684],[-5.2852,10.31684],[-5.2852,10.31664],[-5.28465,10.31625],[-5.28409,10.31614],[-5.28405,10.31556],[-5.28363,10.31479],[-5.28313,10.3143],[-5.28295,10.31383],[-5.28261,10.31368],[-5.28181,10.31286],[-5.28115,10.31163],[-5.28049,10.31088],[-5.27779,10.31015],[-5.27647,10.30937],[-5.27487,10.30885],[-5.2738,10.30825],[-5.27267,10.30856],[-5.27184,10.30812],[-5.27132,10.30813],[-5.27048,10.30781],[-5.26998,10.30785],[-5.2693,10.30821],[-5.26907,10.30866],[-5.26911,10.30896],[-5.27,10.31071],[-5.271,10.31184],[-5.27116,10.31232],[-5.27099,10.31274],[-5.26936,10.31401],[-5.26861,10.31429],[-5.26753,10.31364],[-5.26685,10.31342],[-5.26622,10.31344],[-5.26506,10.31387],[-5.26407,10.31398],[-5.26131,10.31249],[-5.26082,10.31248],[-5.26042,10.31222],[-5.25999,10.3095],[-5.26054,10.3089],[-5.26081,10.30831],[-5.26068,10.30766],[-5.26027,10.30708],[-5.25987,10.30672],[-5.25887,10.30642],[-5.25714,10.30551],[-5.2567,10.30544],[-5.25417,10.30762],[-5.25355,10.30862],[-5.25263,10.309],[-5.25172,10.30976],[-5.25069,10.31027],[-5.24832,10.31217],[-5.24764,10.31239],[-5.2466,10.31175],[-5.24505,10.31205],[-5.24459,10.3123],[-5.24454,10.31258],[-5.24418,10.3129],[-5.24243,10.31324],[-5.24203,10.31349],[-5.2419,10.31392],[-5.24209,10.31426],[-5.24203,10.31445],[-5.24164,10.31465],[-5.24133,10.31461],[-5.24096,10.31428],[-5.24004,10.31412],[-5.23916,10.31353],[-5.23812,10.314],[-5.23776,10.31397],[-5.23716,10.31322],[-5.2368,10.31314],[-5.23456,10.31316],[-5.23303,10.31415],[-5.23257,10.31428],[-5.23041,10.31423],[-5.22745,10.31476],[-5.22664,10.31471],[-5.22626,10.31443],[-5.22452,10.31469],[-5.22219,10.31443],[-5.22127,10.31404],[-5.22059,10.31355],[-5.22036,10.31313],[-5.22031,10.31182],[-5.21776,10.30988],[-5.21752,10.30946],[-5.21703,10.30937],[-5.21602,10.30961],[-5.21581,10.30949],[-5.21568,10.30821],[-5.21546,10.30797],[-5.21495,10.3079],[-5.2133,10.30658],[-5.21103,10.30655],[-5.21013,10.30721],[-5.20968,10.30831],[-5.2084,10.30961],[-5.20802,10.31066],[-5.20827,10.31142],[-5.20673,10.31279],[-5.20593,10.3142],[-5.20535,10.31469],[-5.2049,10.31482],[-5.20436,10.31456],[-5.20407,10.31399],[-5.20362,10.31429],[-5.2029,10.31677],[-5.20133,10.31938],[-5.20135,10.32041],[-5.20115,10.32081],[-5.20047,10.32116],[-5.1981,10.3215],[-5.19547,10.32055],[-5.19415,10.31912],[-5.19408,10.31863],[-5.19578,10.31762],[-5.196,10.31544],[-5.19679,10.3144],[-5.19733,10.314],[-5.19793,10.31265],[-5.19885,10.31194],[-5.19919,10.31142],[-5.19967,10.31023],[-5.19949,10.30813],[-5.19921,10.30811],[-5.1988,10.30762],[-5.19798,10.30716],[-5.1958,10.3064],[-5.19363,10.30531],[-5.19203,10.30504],[-5.18711,10.30191],[-5.18317,10.2988],[-5.18231,10.29876],[-5.18184,10.29857],[-5.18164,10.29807],[-5.18172,10.29727],[-5.18216,10.29677],[-5.1817,10.29527],[-5.18172,10.29472],[-5.18299,10.29425],[-5.18499,10.29427],[-5.18533,10.2945],[-5.1867,10.29753],[-5.18685,10.29957],[-5.18701,10.29995],[-5.18788,10.30084],[-5.18842,10.30083],[-5.18886,10.30046],[-5.18934,10.29828],[-5.18856,10.29771],[-5.18895,10.29693],[-5.19036,10.29581],[-5.19021,10.29543],[-5.19112,10.29425],[-5.19144,10.2936],[-5.1915,10.29306],[-5.19096,10.29044],[-5.18975,10.28844],[-5.18894,10.28783],[-5.18791,10.28795],[-5.18708,10.2878],[-5.18479,10.288],[-5.18372,10.28872],[-5.18344,10.28936],[-5.18286,10.28959],[-5.18231,10.28927],[-5.18209,10.28937],[-5.18154,10.2901],[-5.17827,10.29238],[-5.17763,10.29251],[-5.17659,10.29365],[-5.17628,10.29374],[-5.17525,10.29349],[-5.17316,10.29359],[-5.17273,10.29349],[-5.17259,10.29188],[-5.17227,10.29138],[-5.17235,10.29045],[-5.17214,10.28999],[-5.17127,10.28898],[-5.16869,10.28723],[-5.16708,10.28708],[-5.16445,10.28754],[-5.16263,10.28712],[-5.1612,10.28736],[-5.15912,10.28699],[-5.15884,10.2868],[-5.15577,10.28642],[-5.15567,10.28664],[-5.15422,10.2876],[-5.15278,10.28825],[-5.14968,10.28897],[-5.14861,10.2894],[-5.1475,10.29039],[-5.14667,10.29156],[-5.14641,10.29288],[-5.14546,10.29505],[-5.14355,10.29615],[-5.14108,10.29784],[-5.13896,10.29966],[-5.13871,10.30009],[-5.13788,10.30045],[-5.13725,10.30119],[-5.13652,10.30259],[-5.13612,10.30281],[-5.1354,10.30262],[-5.13453,10.30149],[-5.13396,10.30134],[-5.13208,10.30295],[-5.13083,10.30521],[-5.13073,10.30623],[-5.13111,10.30731],[-5.13127,10.30876],[-5.13053,10.31031],[-5.13014,10.31069],[-5.12983,10.3107],[-5.12884,10.31023],[-5.1274,10.3092],[-5.1256,10.30491],[-5.12498,10.30391],[-5.12475,10.30378],[-5.12413,10.30158],[-5.12369,10.30111],[-5.12283,10.30093],[-5.12225,10.30088],[-5.12104,10.3014],[-5.1192,10.3032],[-5.11887,10.30391],[-5.1181,10.30402],[-5.11628,10.30475],[-5.11445,10.30589],[-5.11385,10.30648],[-5.11329,10.30742],[-5.1127,10.30774],[-5.11153,10.30797],[-5.11096,10.30765],[-5.11058,10.30721],[-5.11003,10.30598],[-5.11047,10.3045],[-5.11197,10.30239],[-5.11206,10.30178],[-5.11183,10.30063],[-5.1121,10.29881],[-5.11364,10.2958],[-5.11461,10.29221],[-5.11527,10.29127],[-5.1169,10.29024],[-5.11756,10.28842]]},"properties":{"name":"L\u00e9raba","type":"River","flow_regime":"perennial","label":"L\u00e9raba"}},{"type":"Feature","geometry":{"type":"LineString","coordinates":[[2.31393,11.67985],[2.31181,11.68011],[2.31111,11.68057],[2.3097,11.68195]]},"properties":{"name":"M\u00e9krou","type":"River","flow_regime":"perennial","label":"M\u00e9krou"}},{"type":"Feature","geometry":{"type":"LineString","coordinates":[[-1.10251,11.67787],[-1.10294,11.67906]]},"properties":{"name":"","type":"River","flow_regime":"perennial","label":"River"}},{"type":"Feature","geometry":{"type":"LineString","coordinates":[[-1.10294,11.67906],[-1.10285,11.67967],[-1.10314,11.67979]]},"properties":{"name":"","type":"River","flow_regime":"perennial","label":"River"}},{"type":"Feature","geometry":{"type":"LineString","coordinates":[[-4.66141,11.54405],[-4.66253,11.54299],[-4.66309,11.54297],[-4.66361,11.54258],[-4.66368,11.54215],[-4.6635,11.54141],[-4.66449,11.54029],[-4.66467,11.53959],[-4.66575,11.5393],[-4.66602,11.53899],[-4.66695,11.53714],[-4.66755,11.53671],[-4.66789,11.53556],[-4.66865,11.53484],[-4.66867,11.53431],[-4.67007,11.53307],[-4.6706,11.53166],[-4.671,11.53146],[-4.67148,11.53145],[-4.67141,11.53097],[-4.67216,11.53037],[-4.67249,11.5288],[-4.67284,11.52828],[-4.67323,11.52804],[-4.67341,11.52734],[-4.67374,11.52716],[-4.6745,11.52581],[-4.67625,11.52462],[-4.6762,11.52395],[-4.67673,11.52341],[-4.67652,11.52291],[-4.67675,11.52162],[-4.67722,11.52138],[-4.67908,11.52118],[-4.67971,11.52094],[-4.68006,11.52003],[-4.67986,11.51923],[-4.68019,11.51742],[-4.68067,11.51623],[-4.68198,11.51395],[-4.67805,11.49912]]},"properties":{"name":"","type":"River","flow_regime":"perennial","label":"River"}},{"type":"Feature","geometry":{"type":"LineString","coordinates":[[-4.87793,11.56273],[-4.87761,11.563],[-4.8771,11.56313],[-4.87682,11.56345],[-4.87583,11.56386],[-4.87538,11.56463],[-4.87486,11.56479],[-4.87445,11.56483],[-4.87398,11.56415],[-4.87315,11.56474],[-4.87269,11.56453],[-4.87198,11.56378],[-4.87144,11.56385],[-4.87121,11.56401],[-4.8703,11.56627],[-4.87008,11.56641],[-4.86978,11.56627],[-4.86934,11.56566],[-4.86908,11.56488],[-4.86856,11.56452],[-4.86692,11.56507],[-4.86624,11.56503],[-4.86554,11.56541],[-4.86464,11.56549],[-4.86382,11.56514],[-4.863,11.56504],[-4.8623,11.56461],[-4.86199,11.56472],[-4.86123,11.5663]]},"properties":{"name":"","type":"River","flow_regime":"perennial","label":"River"}},{"type":"Feature","geometry":{"type":"LineString","coordinates":[[-4.89989,11.54566],[-4.89873,11.5458],[-4.89726,11.54704],[-4.89639,11.54571],[-4.896,11.54611],[-4.89547,11.54635],[-4.89481,11.54758],[-4.89432,11.54795],[-4.89431,11.54823],[-4.89467,11.54857],[-4.89474,11.54891],[-4.89461,11.54949],[-4.89271,11.54929],[-4.89243,11.54965],[-4.89243,11.55017],[-4.89113,11.55066],[-4.89102,11.55081],[-4.89104,11.55181],[-4.89082,11.55215],[-4.89023,11.55218],[-4.88949,11.55277],[-4.8889,11.55377],[-4.88804,11.55391],[-4.88778,11.5548],[-4.88684,11.55538],[-4.88663,11.55613],[-4.88577,11.55679],[-4.88571,11.55777],[-4.88452,11.55824],[-4.88442,11.55896],[-4.88415,11.55932],[-4.88369,11.55922],[-4.88338,11.55937],[-4.88314,11.56001],[-4.88205,11.56038],[-4.88196,11.56071],[-4.88219,11.56144],[-4.88208,11.56158],[-4.88081,11.56133],[-4.88057,11.56153],[-4.88028,11.56244],[-4.87993,11.56254],[-4.87924,11.56208],[-4.87874,11.56256],[-4.87819,11.56246],[-4.87793,11.56273]]},"properties":{"name":"","type":"River","flow_regime":"perennial","label":"River"}},{"type":"Feature","geometry":{"type":"LineString","coordinates":[[-4.69152,11.99631],[-4.69213,11.99584],[-4.69288,11.99475],[-4.69319,11.99408],[-4.69325,11.99351]]},"properties":{"name":"","type":"River","flow_regime":"perennial","label":"River"}},{"type":"Feature","geometry":{"type":"LineString","coordinates":[[-4.79744,11.73129],[-4.79669,11.73172],[-4.79619,11.73221],[-4.79606,11.7326],[-4.79673,11.73413],[-4.79652,11.73481],[-4.797,11.73544],[-4.79686,11.73638],[-4.79778,11.73681],[-4.79795,11.73725]]},"properties":{"name":"","type":"River","flow_regime":"perennial","label":"River"}},{"type":"Feature","geometry":{"type":"LineString","coordinates":[[1.43177,12.00316],[1.43129,12.0017],[1.43027,12.00093]]},"properties":{"name":"","type":"River","flow_regime":"perennial","label":"River"}},{"type":"Feature","geometry":{"type":"LineString","coordinates":[[-1.06494,13.41188],[-1.06381,13.41188],[-1.06272,13.41232],[-1.06207,13.41284],[-1.0606,13.41281]]},"properties":{"name":"","type":"River","flow_regime":"perennial","label":"River"}},{"type":"Feature","geometry":{"type":"LineString","coordinates":[[-1.06385,13.41083],[-1.0635,13.41137],[-1.06365,13.41195]]},"properties":{"name":"","type":"River","flow_regime":"perennial","label":"River"}},{"type":"Feature","geometry":{"type":"LineString","coordinates":[[-1.05347,13.41289],[-1.05336,13.41301]]},"properties":{"name":"","type":"River","flow_regime":"perennial","label":"River"}},{"type":"Feature","geometry":{"type":"LineString","coordinates":[[-1.0606,13.41281],[-1.05982,13.41299],[-1.05907,13.41264],[-1.05572,13.41232],[-1.05516,13.41265],[-1.05413,13.41247],[-1.05347,13.41289]]},"properties":{"name":"","type":"River","flow_regime":"perennial","label":"River"}},{"type":"Feature","geometry":{"type":"LineString","coordinates":[[-5.09636,10.67918],[-5.09628,10.67876]]},"properties":{"name":"","type":"River","flow_regime":"perennial","label":"River"}},{"type":"Feature","geometry":{"type":"LineString","coordinates":[[-5.10083,10.68212],[-5.09798,10.6806],[-5.09636,10.67918]]},"properties":{"name":"","type":"River","flow_regime":"perennial","label":"River"}},{"type":"Feature","geometry":{"type":"LineString","coordinates":[[-1.03234,11.68046],[-1.03208,11.6801]]},"properties":{"name":"","type":"River","flow_regime":"perennial","label":"River"}},{"type":"Feature","geometry":{"type":"LineString","coordinates":[[-1.03131,11.67974],[-1.0312,11.67962]]},"properties":{"name":"","type":"River","flow_regime":"perennial","label":"River"}},{"type":"Feature","geometry":{"type":"LineString","coordinates":[[-1.02256,11.67835],[-1.02221,11.67836],[-1.02203,11.67815],[-1.0218,11.67879]]},"properties":{"name":"","type":"River","flow_regime":"perennial","label":"River"}},{"type":"Feature","geometry":{"type":"LineString","coordinates":[[-1.02686,11.67378],[-1.02597,11.67406]]},"properties":{"name":"","type":"River","flow_regime":"perennial","label":"River"}},{"type":"Feature","geometry":{"type":"LineString","coordinates":[[-1.02319,11.67782],[-1.02256,11.67835]]},"properties":{"name":"","type":"River","flow_regime":"perennial","label":"River"}},{"type":"Feature","geometry":{"type":"LineString","coordinates":[[-1.10314,11.67979],[-1.10381,11.67975],[-1.10413,11.68067]]},"properties":{"name":"","type":"River","flow_regime":"perennial","label":"River"}},{"type":"Feature","geometry":{"type":"LineString","coordinates":[[-0.94464,11.65202],[-0.945,11.65193],[-0.94542,11.65209],[-0.94615,11.65147],[-0.94647,11.65155],[-0.94655,11.65108],[-0.94684,11.6507],[-0.94706,11.65066],[-0.94712,11.65028],[-0.94762,11.64959],[-0.94837,11.64908],[-0.94857,11.64873],[-0.94916,11.64894],[-0.94952,11.6489],[-0.94932,11.64841],[-0.9497,11.64814],[-0.9507,11.64821],[-0.95193,11.64783],[-0.95224,11.64822],[-0.95202,11.64857],[-0.95239,11.64887],[-0.95263,11.64892],[-0.95294,11.64853],[-0.95403,11.64864],[-0.95434,11.64848],[-0.95451,11.64889],[-0.95494,11.648],[-0.95544,11.64811],[-0.95622,11.64791],[-0.9565,11.64778],[-0.9565,11.64749],[-0.95706,11.64726],[-0.95711,11.6474],[-0.95689,11.64756],[-0.95717,11.64754],[-0.95733,11.64698],[-0.95803,11.64662],[-0.9582,11.64626],[-0.95875,11.64615],[-0.96014,11.64512],[-0.96034,11.64514],[-0.9605,11.6445],[-0.96078,11.64429],[-0.96113,11.64411],[-0.96131,11.64452],[-0.96148,11.64444],[-0.96181,11.64388],[-0.96182,11.64347],[-0.9616,11.64339],[-0.96154,11.64304],[-0.96165,11.64266],[-0.96204,11.64259],[-0.96257,11.6421],[-0.96291,11.64206],[-0.96336,11.64144]]},"properties":{"name":"","type":"River","flow_regime":"perennial","label":"River"}},{"type":"Feature","geometry":{"type":"LineString","coordinates":[[-5.09958,11.71463],[-5.09848,11.7144],[-5.09767,11.71452],[-5.09682,11.71441],[-5.09628,11.71414],[-5.09553,11.71438],[-5.09481,11.71434],[-5.092,11.71351],[-5.09004,11.7134],[-5.08789,11.71288],[-5.08597,11.71181],[-5.08503,11.71074],[-5.08113,11.71127],[-5.08005,11.71212],[-5.07906,11.71192],[-5.07776,11.71116],[-5.07758,11.70969]]},"properties":{"name":"","type":"River","flow_regime":"perennial","label":"River"}},{"type":"Feature","geometry":{"type":"LineString","coordinates":[[-5.16369,11.72934],[-5.16428,11.73006],[-5.16479,11.73278],[-5.16511,11.73364],[-5.16552,11.73398],[-5.16716,11.7345],[-5.16991,11.73372],[-5.17072,11.73372],[-5.17186,11.73422],[-5.17274,11.73388],[-5.17616,11.73312],[-5.17728,11.73393],[-5.17874,11.73388],[-5.18021,11.73297],[-5.18125,11.73295],[-5.1856,11.73364]]},"properties":{"name":"","type":"River","flow_regime":"perennial","label":"River"}},{"type":"Feature","geometry":{"type":"LineString","coordinates":[[-5.16962,11.7166],[-5.16872,11.71748],[-5.16836,11.71855],[-5.16679,11.72137],[-5.16676,11.72242],[-5.1664,11.72403],[-5.1643,11.7276],[-5.16323,11.72823],[-5.16309,11.72862],[-5.16369,11.72934]]},"properties":{"name":"","type":"River","flow_regime":"perennial","label":"River"}},{"type":"Feature","geometry":{"type":"LineString","coordinates":[[-4.812,11.60386],[-4.81112,11.60447],[-4.81086,11.60504],[-4.80967,11.60586],[-4.80904,11.60692],[-4.8087,11.60798],[-4.80758,11.60785],[-4.80683,11.60809],[-4.80623,11.60797],[-4.80468,11.60861],[-4.80408,11.60917]]},"properties":{"name":"","type":"River","flow_regime":"perennial","label":"River"}},{"type":"Feature","geometry":{"type":"LineString","coordinates":[[-4.81646,11.70896],[-4.81618,11.70909],[-4.81619,11.70945],[-4.81497,11.71037],[-4.81486,11.71066],[-4.8145,11.71091],[-4.81438,11.71157],[-4.81314,11.71229],[-4.81289,11.71251],[-4.81243,11.71351],[-4.81176,11.71393],[-4.81148,11.71503],[-4.81182,11.71531],[-4.81182,11.7155],[-4.81121,11.71559],[-4.8106,11.71528],[-4.81016,11.71528],[-4.80954,11.71576],[-4.80859,11.71605],[-4.80857,11.71725],[-4.80767,11.71801],[-4.80728,11.71861],[-4.80671,11.71884],[-4.80631,11.71946],[-4.80615,11.71952],[-4.80568,11.71917],[-4.80498,11.71951],[-4.80557,11.72127],[-4.80441,11.72216],[-4.80412,11.72338],[-4.8033,11.72424],[-4.80273,11.72547],[-4.80202,11.72618],[-4.8013,11.72761],[-4.80045,11.72836],[-4.80036,11.7296],[-4.8002,11.72986],[-4.7988,11.73016],[-4.79744,11.73129]]},"properties":{"name":"","type":"River","flow_regime":"perennial","label":"River"}},{"type":"Feature","geometry":{"type":"LineString","coordinates":[[-5.15804,11.21822],[-5.15709,11.21722],[-5.15585,11.21692],[-5.1545,11.21576],[-5.15368,11.21544],[-5.15094,11.21483],[-5.15035,11.21441],[-5.14751,11.21481],[-5.14665,11.21452],[-5.14595,11.21451],[-5.14552,11.21499],[-5.14507,11.21518],[-5.14422,11.21615],[-5.14279,11.21672],[-5.14226,11.21729],[-5.14083,11.21774],[-5.14032,11.21816],[-5.13909,11.21797],[-5.13854,11.21814],[-5.13858,11.21836],[-5.13885,11.21851],[-5.13872,11.21878],[-5.13816,11.2191],[-5.13718,11.21924],[-5.13665,11.21981],[-5.13625,11.2197],[-5.13571,11.22013],[-5.13453,11.22018],[-5.13294,11.22067],[-5.13273,11.22084],[-5.13271,11.22118],[-5.13234,11.22125],[-5.13213,11.22143],[-5.1321,11.22173],[-5.13141,11.22217],[-5.13008,11.22227],[-5.12949,11.22301],[-5.12965,11.22309],[-5.1299,11.22287],[-5.13014,11.2229],[-5.1299,11.22344],[-5.12869,11.22372],[-5.12734,11.22484],[-5.1262,11.22543],[-5.12481,11.22581],[-5.12406,11.22569],[-5.12359,11.22639],[-5.12305,11.22649],[-5.12274,11.22673],[-5.12244,11.22669],[-5.12172,11.22696],[-5.12098,11.22688],[-5.12001,11.22745],[-5.11943,11.22807],[-5.11858,11.22843],[-5.11684,11.22863],[-5.11619,11.22839],[-5.11504,11.22854],[-5.11411,11.22835],[-5.11362,11.22881],[-5.11307,11.22898],[-5.11246,11.22969],[-5.11186,11.22985],[-5.11133,11.23032],[-5.11048,11.23049],[-5.10903,11.23111],[-5.10883,11.23129],[-5.10881,11.2322],[-5.10851,11.23263],[-5.10798,11.23298],[-5.10741,11.23379],[-5.10697,11.23398],[-5.10696,11.2348],[-5.10675,11.23513],[-5.1071,11.23563],[-5.10706,11.2359],[-5.10666,11.23731],[-5.10635,11.23749],[-5.10532,11.23738],[-5.10317,11.23889],[-5.10251,11.23841],[-5.10176,11.23857],[-5.10092,11.23901],[-5.10014,11.23842],[-5.09916,11.23842],[-5.0987,11.23817],[-5.09788,11.23857],[-5.09643,11.23881],[-5.09565,11.23857],[-5.09544,11.23833],[-5.09423,11.23816],[-5.0941,11.23785],[-5.09319,11.23785],[-5.09274,11.23818],[-5.09258,11.23911],[-5.09124,11.23963],[-5.08893,11.23956],[-5.08782,11.23913],[-5.08725,11.23921],[-5.08689,11.23949],[-5.0863,11.24048],[-5.08597,11.24059],[-5.08592,11.2409],[-5.08529,11.24121],[-5.08511,11.24154],[-5.08321,11.24134],[-5.08244,11.24175],[-5.08093,11.24212],[-5.0801,11.24312],[-5.07905,11.24357],[-5.07835,11.24338],[-5.07752,11.24275],[-5.07716,11.24275],[-5.07714,11.244],[-5.07673,11.24417],[-5.07558,11.24415],[-5.07412,11.2447],[-5.07368,11.24549],[-5.07333,11.24559],[-5.073,11.24616],[-5.07267,11.24679],[-5.07269,11.24736],[-5.07171,11.24787],[-5.07131,11.24832],[-5.07132,11.24856],[-5.07075,11.2489],[-5.06925,11.24927],[-5.06802,11.24993],[-5.06777,11.25022],[-5.06774,11.25086],[-5.0673,11.25092],[-5.0669,11.25166],[-5.06457,11.25131],[-5.06423,11.25181],[-5.06412,11.25277],[-5.06296,11.25357],[-5.06213,11.25355],[-5.06177,11.2537],[-5.06138,11.25438],[-5.06108,11.25427],[-5.0604,11.25457],[-5.05868,11.25466],[-5.05813,11.25484],[-5.05787,11.25514],[-5.05684,11.2553],[-5.05555,11.25638],[-5.0549,11.25632],[-5.05485,11.25667],[-5.05451,11.25693],[-5.05375,11.257],[-5.05356,11.25646],[-5.05328,11.25639],[-5.05208,11.25667],[-5.05196,11.25691],[-5.05131,11.25702],[-5.05008,11.25754],[-5.04964,11.25686],[-5.04802,11.25619],[-5.04713,11.25642],[-5.04593,11.25753],[-5.04473,11.25759],[-5.04443,11.25736],[-5.04404,11.25666],[-5.04327,11.25614],[-5.04239,11.25591],[-5.04131,11.25519],[-5.04073,11.25429],[-5.03989,11.25398]]},"properties":{"name":"","type":"River","flow_regime":"perennial","label":"River"}},{"type":"Feature","geometry":{"type":"LineString","coordinates":[[-5.13077,11.25076],[-5.12913,11.25012],[-5.12883,11.2495],[-5.12784,11.24969],[-5.12756,11.24959],[-5.1272,11.24912],[-5.12719,11.2487],[-5.12619,11.24811],[-5.12553,11.24706],[-5.12514,11.24681],[-5.12433,11.24663],[-5.12381,11.24611],[-5.1237,11.24549],[-5.1231,11.24466],[-5.12236,11.24447],[-5.12234,11.24419],[-5.12201,11.24375],[-5.12151,11.24378],[-5.1211,11.24336],[-5.11988,11.24321],[-5.11968,11.24305],[-5.11861,11.24303],[-5.11536,11.24139],[-5.11419,11.24127],[-5.11364,11.24099],[-5.11347,11.24064],[-5.11246,11.24052],[-5.11197,11.23991],[-5.11069,11.23972],[-5.11069,11.23905],[-5.10985,11.23816],[-5.10916,11.23806],[-5.10841,11.23853],[-5.10826,11.23818],[-5.10833,11.23776],[-5.10812,11.23734],[-5.1073,11.23687],[-5.10678,11.23689]]},"properties":{"name":"","type":"River","flow_regime":"perennial","label":"River"}},{"type":"Feature","geometry":{"type":"LineString","coordinates":[[-3.80246,13.36381],[-3.80313,13.36419],[-3.8035,13.36411],[-3.80406,13.36434],[-3.80514,13.36499],[-3.80571,13.36496]]},"properties":{"name":"","type":"River","flow_regime":"perennial","label":"River"}},{"type":"Feature","geometry":{"type":"LineString","coordinates":[[-3.80379,13.36997],[-3.80431,13.36803],[-3.80442,13.36674],[-3.80514,13.36499]]},"properties":{"name":"","type":"River","flow_regime":"perennial","label":"River"}},{"type":"Feature","geometry":{"type":"LineString","coordinates":[[-0.01003,12.53997],[-0.00995,12.54009]]},"properties":{"name":"Sirba","type":"River","flow_regime":"perennial","label":"Sirba"}},{"type":"Feature","geometry":{"type":"LineString","coordinates":[[1.87485,11.4771],[1.87398,11.47575],[1.87379,11.47485],[1.87348,11.47442],[1.8725,11.47372]]},"properties":{"name":"","type":"River","flow_regime":"perennial","label":"River"}},{"type":"Feature","geometry":{"type":"LineString","coordinates":[[-0.57713,14.45296],[-0.57702,14.45318],[-0.57717,14.45353],[-0.57574,14.45426],[-0.57536,14.45406],[-0.5741,14.45423],[-0.57355,14.45551],[-0.57369,14.45585]]},"properties":{"name":"","type":"River","flow_regime":"perennial","label":"River"}},{"type":"Feature","geometry":{"type":"LineString","coordinates":[[-0.65882,14.44376],[-0.65896,14.44573],[-0.65877,14.4483],[-0.65827,14.45015]]},"properties":{"name":"","type":"River","flow_regime":"perennial","label":"River"}},{"type":"Feature","geometry":{"type":"LineString","coordinates":[[-2.30751,12.22516],[-2.30716,12.2267],[-2.30681,12.22728],[-2.30686,12.22773],[-2.30663,12.22825],[-2.30634,12.2284],[-2.30637,12.22913],[-2.30616,12.22993]]},"properties":{"name":"","type":"River","flow_regime":"perennial","label":"River"}},{"type":"Feature","geometry":{"type":"LineString","coordinates":[[-0.1619,14.01771],[-0.16183,14.02136],[-0.16282,14.02385],[-0.16583,14.02643],[-0.16642,14.02851],[-0.16646,14.03167],[-0.16722,14.03374],[-0.16924,14.03528],[-0.17105,14.04072]]},"properties":{"name":"","type":"River","flow_regime":"perennial","label":"River"}},{"type":"Feature","geometry":{"type":"LineString","coordinates":[[-2.82793,11.86376],[-2.8285,11.86367],[-2.82995,11.86267],[-2.83045,11.861],[-2.83088,11.86017],[-2.8319,11.85913],[-2.83303,11.85841],[-2.83361,11.85776],[-2.83418,11.85666],[-2.8351,11.85557],[-2.83703,11.85158],[-2.8378,11.8489],[-2.83836,11.84622],[-2.83917,11.84097],[-2.83982,11.83924],[-2.84063,11.83542],[-2.84285,11.83259],[-2.84538,11.83005],[-2.84767,11.82843],[-2.85535,11.82434],[-2.85947,11.82296],[-2.8615,11.82202],[-2.86305,11.82161],[-2.86547,11.82041],[-2.8678,11.81885],[-2.87331,11.81596],[-2.87666,11.81482],[-2.88199,11.81361],[-2.88781,11.81354],[-2.89064,11.81319],[-2.89301,11.81332],[-2.89665,11.8142],[-2.89749,11.81457],[-2.90151,11.81494],[-2.90308,11.81522],[-2.90453,11.81569],[-2.90592,11.81578],[-2.90806,11.81489],[-2.91309,11.81518],[-2.91793,11.81475],[-2.91882,11.81446],[-2.92001,11.81345],[-2.92106,11.81161]]},"properties":{"name":"Le Mouhoun","type":"River","flow_regime":"perennial","label":"Le Mouhoun"}},{"type":"Feature","geometry":{"type":"LineString","coordinates":[[-3.54444,11.45497],[-3.54271,11.45442],[-3.54119,11.45198],[-3.54039,11.45181]]},"properties":{"name":"","type":"River","flow_regime":"perennial","label":"River"}},{"type":"Feature","geometry":{"type":"LineString","coordinates":[[-3.58223,10.14988],[-3.57656,10.15664],[-3.57107,10.16407],[-3.57,10.17458],[-3.56656,10.18522],[-3.55476,10.19736],[-3.54257,10.20006],[-3.5388,10.20411],[-3.53777,10.20867],[-3.53468,10.21324],[-3.52519,10.2202],[-3.51734,10.2183],[-3.51047,10.2183],[-3.5055,10.21695],[-3.49382,10.21797],[-3.48485,10.21597],[-3.4794,10.21087],[-3.47494,10.21121],[-3.4646,10.2109],[-3.46035,10.20766],[-3.4531,10.20482],[-3.44576,10.20124],[-3.43576,10.19164],[-3.42052,10.19026],[-3.41452,10.18823],[-3.41057,10.1857],[-3.40954,10.1786],[-3.40319,10.17641],[-3.39765,10.17813],[-3.39151,10.17776],[-3.38756,10.17505],[-3.38173,10.1737],[-3.3743,10.1788],[-3.36933,10.18573],[-3.36285,10.18654],[-3.35598,10.18553],[-3.35537,10.18952]]},"properties":{"name":"","type":"River","flow_regime":"perennial","label":"River"}},{"type":"Feature","geometry":{"type":"LineString","coordinates":[[-1.06877,13.04666],[-1.06853,13.04794],[-1.0687,13.04887],[-1.06893,13.04921],[-1.06885,13.04943],[-1.06921,13.04992],[-1.06914,13.05007],[-1.06944,13.05084]]},"properties":{"name":"","type":"River","flow_regime":"perennial","label":"River"}},{"type":"Feature","geometry":{"type":"LineString","coordinates":[[-1.49124,12.53525],[-1.49116,12.53566],[-1.48983,12.53641],[-1.4894,12.53632],[-1.4885,12.53722],[-1.48773,12.53725],[-1.48683,12.53775],[-1.48633,12.53847],[-1.48577,12.53879],[-1.48558,12.53857],[-1.48479,12.53888],[-1.48427,12.53943],[-1.48455,12.53956],[-1.48388,12.54098],[-1.48295,12.54111],[-1.48241,12.54136],[-1.48217,12.54187],[-1.48221,12.54306],[-1.48166,12.54401],[-1.48091,12.54473],[-1.48018,12.54409],[-1.48019,12.54366],[-1.47958,12.54341],[-1.47885,12.54332],[-1.47796,12.54368]]},"properties":{"name":"","type":"River","flow_regime":"perennial","label":"River"}},{"type":"Feature","geometry":{"type":"LineString","coordinates":[[0.61321,11.16283],[0.62501,11.14418],[0.63308,11.13833],[0.64348,11.1356],[0.65428,11.13496],[0.66346,11.13332],[0.66806,11.13112],[0.67088,11.12839],[0.6734,11.12466],[0.67578,11.11934],[0.6795,11.10669]]},"properties":{"name":"Koulp\u00e9logo","type":"River","flow_regime":"perennial","label":"Koulp\u00e9logo"}},{"type":"Feature","geometry":{"type":"LineString","coordinates":[[-0.00114,12.63125],[-0.00073,12.63233],[-0.00066,12.63295]]},"properties":{"name":"","type":"River","flow_regime":"perennial","label":"River"}},{"type":"Feature","geometry":{"type":"LineString","coordinates":[[-0.0016,12.63121],[-0.00114,12.63125]]},"properties":{"name":"","type":"River","flow_regime":"perennial","label":"River"}},{"type":"Feature","geometry":{"type":"LineString","coordinates":[[-0.70931,12.09611],[-0.70967,12.09609],[-0.71036,12.09571],[-0.71131,12.09422],[-0.71178,12.09292],[-0.71153,12.09182],[-0.71207,12.08961],[-0.7119,12.08865],[-0.71267,12.08694],[-0.71191,12.08621],[-0.7118,12.08256],[-0.70806,12.07316],[-0.71064,12.06141],[-0.71304,12.04747],[-0.7012,12.02481],[-0.69708,12.01356],[-0.69525,12.0114],[-0.69775,12.0104],[-0.69598,12.00913],[-0.69726,12.00819],[-0.69512,12.00755],[-0.69433,12.00681],[-0.69255,12.00738],[-0.69025,12.00576],[-0.68633,12.00559],[-0.68665,12.00291],[-0.68529,12.00182],[-0.68327,12.00184],[-0.68198,12.00113],[-0.67931,11.99912],[-0.67863,11.99723],[-0.68096,11.99643],[-0.68088,11.99571],[-0.67984,11.99558],[-0.67928,11.99525],[-0.68106,11.99364],[-0.67977,11.98944],[-0.67842,11.98892],[-0.67524,11.9873],[-0.67492,11.9875],[-0.67463,11.98738],[-0.6744,11.98752],[-0.6739,11.98695],[-0.67398,11.98676],[-0.67383,11.98669],[-0.67352,11.98686],[-0.67314,11.9866],[-0.67337,11.9863],[-0.67318,11.98588],[-0.6733,11.98576],[-0.67283,11.98515],[-0.67336,11.98471],[-0.67343,11.98356],[-0.67232,11.98253],[-0.67209,11.98135],[-0.67084,11.9789],[-0.67116,11.97864],[-0.67136,11.97882],[-0.67164,11.97877],[-0.67156,11.9783],[-0.67168,11.97789],[-0.67249,11.97769],[-0.67269,11.97748],[-0.67267,11.97717],[-0.67369,11.97713],[-0.67373,11.97687],[-0.67346,11.97653],[-0.67366,11.97618],[-0.67404,11.976],[-0.67405,11.97562],[-0.67309,11.97539],[-0.67306,11.97491],[-0.67234,11.97429],[-0.67278,11.97376],[-0.67283,11.9733],[-0.67363,11.97121],[-0.67257,11.97104],[-0.6722,11.9705],[-0.6725,11.96994],[-0.67235,11.96941],[-0.67191,11.96881],[-0.67124,11.96866],[-0.67047,11.96772],[-0.67072,11.96485],[-0.67121,11.96425],[-0.67078,11.96371],[-0.67076,11.96337],[-0.67204,11.96375],[-0.67092,11.96133],[-0.6707,11.96138],[-0.67039,11.96222],[-0.67003,11.9624],[-0.66932,11.96172],[-0.66891,11.96028],[-0.67006,11.96026],[-0.67106,11.95953],[-0.67046,11.95586],[-0.6687,11.95288],[-0.66532,11.94874],[-0.6612,11.94589],[-0.65674,11.94068],[-0.65742,11.9338],[-0.65951,11.92782]]},"properties":{"name":"Guibga","type":"River","flow_regime":"perennial","label":"Guibga"}},{"type":"Feature","geometry":{"type":"LineString","coordinates":[[-0.70917,12.09638],[-0.70931,12.09611]]},"properties":{"name":"Guibga","type":"River","flow_regime":"perennial","label":"Guibga"}},{"type":"Feature","geometry":{"type":"LineString","coordinates":[[-3.20756,10.38744],[-3.20687,10.38672],[-3.20685,10.38638],[-3.20545,10.38558],[-3.20533,10.38514],[-3.20491,10.38491],[-3.20466,10.38419],[-3.20478,10.38376],[-3.20371,10.38339],[-3.20344,10.38245],[-3.20284,10.38168],[-3.20249,10.38165],[-3.20143,10.38113],[-3.20119,10.38049],[-3.20132,10.37981],[-3.20022,10.37884],[-3.19971,10.37769],[-3.19883,10.37752],[-3.19828,10.37704],[-3.19835,10.37686],[-3.19806,10.37636],[-3.19741,10.37592],[-3.19665,10.37506],[-3.19592,10.37463],[-3.1956,10.37413],[-3.19572,10.37402],[-3.19487,10.37341],[-3.19445,10.37297],[-3.19442,10.37269],[-3.19332,10.37205],[-3.19299,10.37212],[-3.19294,10.3719],[-3.19178,10.37148],[-3.19105,10.37095],[-3.19081,10.37098],[-3.18947,10.37036]]},"properties":{"name":"","type":"River","flow_regime":"perennial","label":"River"}},{"type":"Feature","geometry":{"type":"LineString","coordinates":[[-3.19168,10.36633],[-3.19191,10.3648],[-3.19254,10.36424],[-3.19283,10.36427],[-3.19361,10.36388],[-3.19391,10.36333],[-3.19347,10.36265],[-3.1936,10.36229],[-3.19402,10.36196],[-3.19411,10.36159],[-3.19383,10.36104],[-3.194,10.36069],[-3.19401,10.3599],[-3.19359,10.35891],[-3.19379,10.35829],[-3.19404,10.35839],[-3.19375,10.35814],[-3.19353,10.3574],[-3.19394,10.35643],[-3.19383,10.35606],[-3.19447,10.35579],[-3.19496,10.35533],[-3.19513,10.35479],[-3.19552,10.35467],[-3.19552,10.35434],[-3.19611,10.35377],[-3.196,10.35358],[-3.19643,10.35333],[-3.19639,10.35297],[-3.19609,10.35256],[-3.19659,10.35218],[-3.19634,10.35191],[-3.19632,10.35141],[-3.19578,10.35101],[-3.19596,10.35071],[-3.19653,10.35052],[-3.19647,10.34963],[-3.19681,10.34939],[-3.19645,10.34925],[-3.19631,10.34792],[-3.19599,10.34774],[-3.1962,10.34723],[-3.19566,10.34697],[-3.19602,10.34649],[-3.19588,10.34602]]},"properties":{"name":"Poni","type":"River","flow_regime":"perennial","label":"Poni"}},{"type":"Feature","geometry":{"type":"LineString","coordinates":[[-3.19588,10.34602],[-3.19579,10.34556],[-3.19605,10.34504],[-3.19616,10.34382],[-3.19608,10.34327],[-3.19574,10.34284],[-3.1963,10.34221],[-3.19655,10.34267],[-3.19678,10.34257],[-3.19659,10.34214],[-3.19676,10.34101],[-3.19622,10.3405],[-3.19701,10.33886],[-3.19668,10.33835],[-3.19675,10.33804],[-3.19725,10.33787],[-3.19743,10.33755],[-3.19745,10.33724],[-3.19703,10.33693],[-3.19726,10.33661],[-3.19729,10.33621],[-3.19853,10.33575],[-3.1987,10.33555],[-3.19814,10.33482],[-3.1981,10.33391],[-3.19788,10.3334],[-3.1983,10.3325],[-3.1991,10.33222],[-3.19909,10.33192],[-3.19877,10.33173],[-3.19878,10.32994],[-3.19886,10.32975],[-3.1992,10.32981],[-3.19927,10.32961],[-3.19895,10.32938],[-3.19911,10.32918],[-3.19896,10.32898],[-3.19916,10.3287],[-3.19908,10.32837],[-3.19883,10.3282],[-3.19907,10.32803],[-3.19898,10.32767],[-3.19851,10.32722],[-3.19864,10.32689],[-3.19842,10.32674],[-3.19836,10.32647],[-3.19797,10.32622],[-3.19762,10.32611],[-3.19743,10.32626],[-3.19722,10.32619],[-3.1969,10.32577],[-3.19706,10.32547],[-3.19688,10.32475],[-3.19625,10.32463],[-3.19636,10.32423],[-3.19674,10.3239],[-3.19681,10.32413],[-3.19698,10.32412],[-3.1972,10.32367],[-3.19716,10.32354],[-3.19637,10.32337],[-3.19622,10.32315],[-3.19623,10.32275],[-3.19665,10.32271],[-3.19655,10.3222]]},"properties":{"name":"Poni","type":"River","flow_regime":"perennial","label":"Poni"}},{"type":"Feature","geometry":{"type":"LineString","coordinates":[[-3.17525,10.39162],[-3.17547,10.39092],[-3.17583,10.39046],[-3.17588,10.38972],[-3.17743,10.38938],[-3.1782,10.38878],[-3.17856,10.38759],[-3.17816,10.38697],[-3.17865,10.38616],[-3.17913,10.38582],[-3.17938,10.3849],[-3.17917,10.38411],[-3.17989,10.38314],[-3.17998,10.38274],[-3.18089,10.3818],[-3.17996,10.38087],[-3.17901,10.3811],[-3.1787,10.38085],[-3.1781,10.38083],[-3.17784,10.38061],[-3.17803,10.3801],[-3.17778,10.37891],[-3.17809,10.37729],[-3.17791,10.37695],[-3.17798,10.37658],[-3.1794,10.37612],[-3.1795,10.3755],[-3.17962,10.37545],[-3.18009,10.3759],[-3.18038,10.37592],[-3.18151,10.37499],[-3.18212,10.37476],[-3.18281,10.37481],[-3.18337,10.37512],[-3.18376,10.37606],[-3.18424,10.37584],[-3.18489,10.375],[-3.18505,10.37431],[-3.18593,10.37404],[-3.1867,10.3735],[-3.18732,10.37338],[-3.18804,10.3723],[-3.189,10.37141],[-3.18966,10.36991],[-3.19009,10.36985],[-3.19065,10.3691],[-3.19062,10.36884],[-3.191,10.36849],[-3.19127,10.36776],[-3.19118,10.36738],[-3.19168,10.36633]]},"properties":{"name":"Poni","type":"River","flow_regime":"perennial","label":"Poni"}},{"type":"Feature","geometry":{"type":"LineString","coordinates":[[-5.22617,10.89527],[-5.22613,10.89517]]},"properties":{"name":"","type":"River","flow_regime":"perennial","label":"River"}},{"type":"Feature","geometry":{"type":"LineString","coordinates":[[-5.17166,10.82404],[-5.17176,10.82403]]},"properties":{"name":"","type":"River","flow_regime":"perennial","label":"River"}},{"type":"Feature","geometry":{"type":"LineString","coordinates":[[-5.15814,10.77884],[-5.15684,10.77777],[-5.15627,10.77638],[-5.15536,10.77573],[-5.15514,10.77491],[-5.15375,10.77373],[-5.15191,10.77285]]},"properties":{"name":"","type":"River","flow_regime":"perennial","label":"River"}},{"type":"Feature","geometry":{"type":"LineString","coordinates":[[-5.15191,10.77285],[-5.1518,10.77281]]},"properties":{"name":"","type":"River","flow_regime":"perennial","label":"River"}},{"type":"Feature","geometry":{"type":"LineString","coordinates":[[-5.06036,10.63127],[-5.05944,10.62994],[-5.05747,10.62328],[-5.0572,10.61704],[-5.05917,10.61269],[-5.05677,10.6023],[-5.05811,10.59779],[-5.0635,10.59066],[-5.06835,10.58657],[-5.07145,10.58164],[-5.07387,10.5763],[-5.07971,10.57095],[-5.08202,10.57043],[-5.08445,10.56826],[-5.08749,10.56468],[-5.09183,10.5623],[-5.09384,10.56136],[-5.0941,10.56057],[-5.09376,10.55865]]},"properties":{"name":"","type":"River","flow_regime":"perennial","label":"River"}},{"type":"Feature","geometry":{"type":"LineString","coordinates":[[-5.06043,10.63136],[-5.06036,10.63127]]},"properties":{"name":"","type":"River","flow_regime":"perennial","label":"River"}},{"type":"Feature","geometry":{"type":"LineString","coordinates":[[-5.36716,10.39566],[-5.36716,10.39591],[-5.36798,10.396],[-5.36938,10.39564],[-5.37008,10.39657],[-5.37099,10.39669],[-5.37097,10.39723],[-5.37178,10.39734]]},"properties":{"name":"","type":"River","flow_regime":"perennial","label":"River"}},{"type":"Feature","geometry":{"type":"LineString","coordinates":[[-5.37178,10.39734],[-5.37193,10.39732]]},"properties":{"name":"","type":"River","flow_regime":"perennial","label":"River"}},{"type":"Feature","geometry":{"type":"LineString","coordinates":[[-4.61553,11.41519],[-4.61342,11.41553],[-4.61098,11.41645],[-4.60874,11.41671],[-4.60733,11.41561],[-4.60656,11.41397],[-4.60484,11.41351],[-4.60458,11.41221],[-4.60188,11.41023],[-4.59982,11.40934],[-4.59862,11.40821],[-4.59737,11.40831],[-4.59544,11.40781],[-4.59368,11.40655],[-4.59329,11.4059],[-4.5925,11.40535],[-4.59179,11.40461],[-4.5913,11.40352],[-4.59166,11.4023],[-4.59126,11.40167],[-4.59162,11.4002],[-4.59297,11.39811],[-4.59319,11.39712],[-4.59284,11.39643],[-4.59297,11.39508],[-4.59256,11.39409],[-4.59046,11.39241],[-4.58855,11.39165],[-4.58611,11.39132],[-4.57712,11.38823],[-4.5763,11.38822]]},"properties":{"name":"","type":"River","flow_regime":"perennial","label":"River"}},{"type":"Feature","geometry":{"type":"LineString","coordinates":[[-4.5763,11.38822],[-4.57544,11.38831]]},"properties":{"name":"","type":"River","flow_regime":"perennial","label":"River"}},{"type":"Feature","geometry":{"type":"LineString","coordinates":[[-3.54018,11.45176],[-3.53917,11.45147],[-3.53928,11.45076],[-3.53919,11.44946],[-3.53883,11.44862]]},"properties":{"name":"","type":"River","flow_regime":"perennial","label":"River"}},{"type":"Feature","geometry":{"type":"LineString","coordinates":[[-3.54039,11.45181],[-3.54018,11.45176]]},"properties":{"name":"","type":"River","flow_regime":"perennial","label":"River"}},{"type":"Feature","geometry":{"type":"LineString","coordinates":[[1.65543,12.11792],[1.65676,12.11762],[1.65828,12.11683],[1.66005,12.1169],[1.66029,12.11719],[1.66034,12.11777],[1.66066,12.11814],[1.66146,12.11817],[1.66163,12.11733],[1.66305,12.11788],[1.66359,12.11953],[1.6638,12.11962],[1.66428,12.11955],[1.66509,12.11905],[1.66514,12.11876],[1.66489,12.11849],[1.66515,12.11803],[1.66564,12.11783],[1.66609,12.11721],[1.66652,12.11708],[1.66796,12.11711],[1.66951,12.11805],[1.67194,12.11849],[1.67224,12.11841],[1.67266,12.11795],[1.67334,12.11838],[1.67373,12.1183],[1.67335,12.11757],[1.67337,12.11708],[1.67365,12.11696],[1.67474,12.11729],[1.6756,12.11803],[1.67596,12.11811],[1.67675,12.11712],[1.67758,12.11669],[1.67893,12.11525],[1.67898,12.11497],[1.67868,12.11437],[1.67868,12.11394],[1.6794,12.1131],[1.68032,12.11271],[1.68168,12.113],[1.6829,12.1126],[1.69396,12.1174],[1.69723,12.11712],[1.69872,12.11728],[1.70088,12.11716],[1.70255,12.11761],[1.7037,12.11764],[1.70517,12.11673],[1.7088,12.11781],[1.70913,12.11813],[1.7087,12.1187],[1.70872,12.11895],[1.70896,12.11915],[1.71376,12.11898],[1.71458,12.11886],[1.71631,12.11774],[1.71707,12.11749],[1.71763,12.1171],[1.71946,12.11715],[1.72069,12.11693],[1.722,12.11634],[1.72533,12.11575],[1.73165,12.11408],[1.73304,12.11379],[1.73495,12.11363],[1.73555,12.1137],[1.73625,12.11402],[1.7378,12.11566],[1.74095,12.11806],[1.74297,12.12044],[1.74396,12.12096],[1.74553,12.12141],[1.74886,12.12192],[1.75405,12.12201],[1.75461,12.12218],[1.75593,12.12368],[1.75707,12.12577],[1.75854,12.12712],[1.75984,12.12864],[1.76045,12.12905],[1.76098,12.12925],[1.76167,12.12926],[1.76229,12.12904],[1.76304,12.1284],[1.76369,12.12808],[1.76514,12.12776],[1.76623,12.12787]]},"properties":{"name":"Tapoa","type":"River","flow_regime":"perennial","label":"Tapoa"}},{"type":"Feature","geometry":{"type":"LineString","coordinates":[[1.76623,12.12787],[1.76658,12.1281]]},"properties":{"name":"Tapoa","type":"River","flow_regime":"perennial","label":"Tapoa"}},{"type":"Feature","geometry":{"type":"LineString","coordinates":[[-0.27162,13.58116],[-0.27089,13.58056],[-0.2694,13.58138],[-0.26922,13.5813]]},"properties":{"name":"","type":"River","flow_regime":"perennial","label":"River"}},{"type":"Feature","geometry":{"type":"LineString","coordinates":[[-0.27162,13.58116],[-0.27087,13.58046],[-0.27064,13.57999]]},"properties":{"name":"Faga","type":"River","flow_regime":"perennial","label":"Faga"}},{"type":"Feature","geometry":{"type":"LineString","coordinates":[[-0.27064,13.57999],[-0.27059,13.57975]]},"properties":{"name":"Faga","type":"River","flow_regime":"perennial","label":"Faga"}},{"type":"Feature","geometry":{"type":"LineString","coordinates":[[-1.53541,12.38425],[-1.53452,12.38496],[-1.53369,12.38612],[-1.53303,12.38632],[-1.53242,12.38674],[-1.53203,12.38762]]},"properties":{"name":"","type":"River","flow_regime":"perennial","label":"River"}},{"type":"Feature","geometry":{"type":"LineString","coordinates":[[-1.53757,12.35302],[-1.53745,12.35378]]},"properties":{"name":"","type":"River","flow_regime":"perennial","label":"River"}},{"type":"Feature","geometry":{"type":"LineString","coordinates":[[-1.53557,12.37374],[-1.53501,12.38164],[-1.53539,12.38376],[-1.53545,12.38547],[-1.53522,12.38757],[-1.53593,12.38838],[-1.53558,12.3896],[-1.53524,12.38969]]},"properties":{"name":"","type":"River","flow_regime":"perennial","label":"River"}},{"type":"Feature","geometry":{"type":"LineString","coordinates":[[-3.61841,12.3977],[-3.61865,12.3981],[-3.61843,12.39842],[-3.61853,12.39908],[-3.6183,12.39945],[-3.61752,12.39992],[-3.61702,12.40098]]},"properties":{"name":"","type":"River","flow_regime":"perennial","label":"River"}},{"type":"Feature","geometry":{"type":"LineString","coordinates":[[-0.57105,12.45457],[-0.57046,12.45498],[-0.56901,12.45543],[-0.56791,12.4562],[-0.56626,12.45683],[-0.56527,12.45836],[-0.56329,12.4596],[-0.5618,12.46206],[-0.5608,12.463],[-0.5592,12.4631],[-0.55425,12.46817],[-0.55103,12.47186],[-0.54465,12.47567],[-0.53331,12.48414],[-0.53086,12.48648],[-0.5283,12.49088],[-0.52601,12.49922],[-0.52281,12.50655],[-0.52144,12.50873],[-0.51951,12.51056],[-0.5185,12.51081]]},"properties":{"name":"","type":"River","flow_regime":"perennial","label":"River"}},{"type":"Feature","geometry":{"type":"LineString","coordinates":[[1.31299,12.8404],[1.31332,12.84044],[1.31371,12.84027],[1.31444,12.83955],[1.31483,12.83945],[1.31528,12.83995],[1.31568,12.84],[1.31654,12.83966],[1.31664,12.83944],[1.3165,12.83876],[1.31666,12.83834],[1.31744,12.8376],[1.31852,12.838],[1.32052,12.83719],[1.32286,12.83564],[1.3236,12.83483],[1.32619,12.83306],[1.32792,12.83212],[1.32965,12.83144],[1.33116,12.83137],[1.33132,12.83195],[1.33179,12.83216],[1.33325,12.8321],[1.33452,12.83372],[1.33512,12.83569],[1.33511,12.83621],[1.33456,12.83681],[1.3345,12.83738],[1.33502,12.83805],[1.33504,12.83849],[1.33526,12.83852],[1.33541,12.83874],[1.33493,12.8393],[1.33505,12.83969],[1.33587,12.84053],[1.33667,12.84228],[1.33707,12.84275],[1.33764,12.84314],[1.33915,12.84353],[1.34249,12.84325],[1.34386,12.84374],[1.34372,12.84456],[1.34382,12.84479],[1.34608,12.84629],[1.34665,12.84718],[1.34673,12.8476],[1.34713,12.84786],[1.34786,12.84787],[1.34811,12.84819],[1.34826,12.84896],[1.34937,12.84973],[1.34989,12.85055],[1.35003,12.85161],[1.34983,12.85229],[1.34891,12.85364],[1.34834,12.85403],[1.34806,12.85414],[1.34665,12.85389],[1.34484,12.85455],[1.34318,12.85419],[1.34162,12.8534],[1.34032,12.85236],[1.33781,12.851],[1.33637,12.85049],[1.33533,12.85047],[1.33446,12.85078],[1.33336,12.85146],[1.3321,12.85282],[1.33117,12.85412],[1.32999,12.85458],[1.32942,12.85513],[1.3299,12.85573],[1.32999,12.85632],[1.32951,12.85779],[1.33,12.85865],[1.32984,12.85917],[1.32903,12.85999],[1.32952,12.86206],[1.32922,12.86248],[1.32921,12.86293],[1.32953,12.86329],[1.32946,12.86405],[1.33007,12.86478],[1.33212,12.86593],[1.33287,12.8668],[1.33387,12.86693],[1.33448,12.86727],[1.335,12.86717],[1.33577,12.86731],[1.33633,12.86711],[1.33736,12.86707],[1.339,12.86772],[1.34043,12.86766],[1.34159,12.8678],[1.34199,12.86759],[1.3429,12.86748],[1.34468,12.86816],[1.34545,12.86828],[1.34613,12.86801],[1.34701,12.86624],[1.34699,12.86558],[1.34644,12.86587],[1.34623,12.86574],[1.34574,12.86471],[1.34648,12.86342],[1.34821,12.86184],[1.35112,12.86131],[1.35186,12.86151],[1.35327,12.86293],[1.35319,12.86377],[1.35346,12.86411],[1.35387,12.86408],[1.35425,12.86383],[1.3545,12.86437],[1.35468,12.86438],[1.35522,12.86409],[1.35552,12.86373],[1.35514,12.86261],[1.35529,12.86226],[1.35598,12.8625],[1.35631,12.86295],[1.35646,12.86363],[1.35662,12.86369],[1.357,12.86309],[1.35782,12.86241],[1.35842,12.86294],[1.35865,12.8629],[1.35935,12.86216],[1.35997,12.86264],[1.36037,12.86275],[1.36136,12.86272],[1.36175,12.86231],[1.3621,12.8623],[1.36234,12.86252],[1.36235,12.86292],[1.3619,12.86316],[1.36177,12.86353],[1.36198,12.86382],[1.36231,12.86388],[1.36252,12.86438],[1.36243,12.86525],[1.36259,12.86557],[1.36394,12.86566],[1.36408,12.86738],[1.36505,12.86833],[1.36536,12.86907],[1.36583,12.86948],[1.36638,12.86956],[1.36679,12.86933],[1.36712,12.86959],[1.36681,12.87027],[1.36683,12.87066],[1.36751,12.87074],[1.36757,12.87087],[1.36751,12.87107],[1.36713,12.87122],[1.36717,12.87158],[1.36814,12.8728],[1.36807,12.87438],[1.3684,12.87537],[1.36903,12.87568],[1.369,12.87612],[1.36832,12.87684],[1.36847,12.87812],[1.36872,12.87844],[1.36847,12.87903],[1.36856,12.87967],[1.36889,12.87979],[1.36994,12.87961],[1.37009,12.87993],[1.36918,12.88119],[1.36942,12.88137],[1.36983,12.88135],[1.36991,12.88164],[1.36964,12.88197],[1.3698,12.8829],[1.36887,12.88385],[1.36847,12.88505],[1.36845,12.88553],[1.36745,12.8865],[1.36667,12.88655],[1.3657,12.88692],[1.36518,12.88671],[1.3644,12.88523],[1.36352,12.88537],[1.36131,12.88506],[1.35998,12.88552],[1.35802,12.88564],[1.35662,12.88586],[1.35592,12.88613],[1.3554,12.88669],[1.35499,12.88817],[1.35512,12.88957],[1.3546,12.89017],[1.3543,12.89087],[1.35423,12.8916],[1.35373,12.89233],[1.35317,12.89285],[1.3476,12.89649],[1.34745,12.89697],[1.34587,12.8983],[1.34492,12.89868],[1.34465,12.89909],[1.34459,12.90013],[1.34431,12.90118],[1.34467,12.90213],[1.34508,12.90252]]},"properties":{"name":"Le Gouroubi","type":"River","flow_regime":"perennial","label":"Le Gouroubi"}},{"type":"Feature","geometry":{"type":"LineString","coordinates":[[1.2883,12.8566],[1.29069,12.85347],[1.29509,12.84821],[1.29747,12.84662],[1.30193,12.84441],[1.30373,12.84261],[1.30604,12.84235],[1.30766,12.84091],[1.30878,12.84135],[1.30916,12.84222],[1.30971,12.84268],[1.31075,12.8427],[1.31166,12.84103],[1.31299,12.8404]]},"properties":{"name":"Le Gouroubi","type":"River","flow_regime":"perennial","label":"Le Gouroubi"}},{"type":"Feature","geometry":{"type":"LineString","coordinates":[[-0.63568,11.19985],[-0.63601,11.19995],[-0.63627,11.20038],[-0.63657,11.20013],[-0.63753,11.19993],[-0.63772,11.20026]]},"properties":{"name":"","type":"River","flow_regime":"perennial","label":"River"}},{"type":"Feature","geometry":{"type":"LineString","coordinates":[[-0.62754,11.19402],[-0.62781,11.19397],[-0.62783,11.19427],[-0.6286,11.1952],[-0.62871,11.1957],[-0.62954,11.19571],[-0.62987,11.19597],[-0.63034,11.19581],[-0.63176,11.19713],[-0.63262,11.19888],[-0.63335,11.19973],[-0.63443,11.20023],[-0.63605,11.20013]]},"properties":{"name":"","type":"River","flow_regime":"perennial","label":"River"}},{"type":"Feature","geometry":{"type":"LineString","coordinates":[[-0.73799,11.86543],[-0.73828,11.86504],[-0.73814,11.86475],[-0.73706,11.86432],[-0.73701,11.86399],[-0.73776,11.86372],[-0.73803,11.86386],[-0.73845,11.86375],[-0.73857,11.86354],[-0.73799,11.863],[-0.73777,11.86242],[-0.73822,11.86208],[-0.73806,11.86188],[-0.73756,11.86207],[-0.73733,11.86188],[-0.73715,11.86168],[-0.73718,11.86105],[-0.73695,11.86097],[-0.73655,11.8615],[-0.73603,11.86102],[-0.73449,11.86127],[-0.73403,11.86115],[-0.73299,11.85964],[-0.73301,11.85881],[-0.73275,11.85846],[-0.7316,11.85803],[-0.73013,11.85583],[-0.73007,11.85528],[-0.72969,11.85519],[-0.72945,11.85468],[-0.72884,11.85421],[-0.7285,11.8542],[-0.72797,11.85378],[-0.72808,11.85346],[-0.7278,11.85311],[-0.72773,11.85219],[-0.72725,11.85159]]},"properties":{"name":"","type":"River","flow_regime":"perennial","label":"River"}},{"type":"Feature","geometry":{"type":"LineString","coordinates":[[-0.20018,11.33366],[-0.20053,11.33373],[-0.20061,11.33406],[-0.20132,11.33393],[-0.2023,11.33445],[-0.20512,11.33487]]},"properties":{"name":"","type":"River","flow_regime":"perennial","label":"River"}},{"type":"Feature","geometry":{"type":"LineString","coordinates":[[-0.7772,11.72521],[-0.77781,11.72473],[-0.77801,11.72434],[-0.77857,11.72406],[-0.78056,11.72243],[-0.78061,11.72211],[-0.78117,11.7217],[-0.78212,11.72148],[-0.78252,11.72125],[-0.78258,11.72101],[-0.78373,11.72028],[-0.78489,11.71998],[-0.78529,11.71906],[-0.78527,11.7178],[-0.78457,11.71696],[-0.78452,11.71663],[-0.78457,11.71582],[-0.7849,11.71476],[-0.78384,11.71364],[-0.78363,11.71205],[-0.7837,11.7115],[-0.78466,11.71018],[-0.78619,11.71022],[-0.78673,11.71]]},"properties":{"name":"","type":"River","flow_regime":"perennial","label":"River"}},{"type":"Feature","geometry":{"type":"LineString","coordinates":[[-0.7812,11.75806],[-0.78073,11.75807],[-0.78009,11.75842],[-0.7796,11.75847],[-0.77932,11.75823],[-0.77898,11.75735],[-0.77816,11.75751],[-0.77719,11.75724],[-0.77588,11.75727],[-0.77557,11.75698],[-0.77515,11.75612],[-0.77483,11.75603],[-0.77401,11.75614],[-0.77354,11.75684],[-0.7733,11.75689],[-0.77226,11.7563],[-0.77167,11.75651],[-0.77071,11.75652],[-0.76894,11.75635],[-0.7682,11.75605],[-0.76582,11.75606],[-0.76471,11.7554],[-0.76446,11.75539],[-0.76416,11.75554],[-0.76411,11.75608],[-0.7638,11.75636],[-0.7635,11.75616],[-0.76292,11.75482],[-0.76238,11.75416],[-0.76173,11.75396],[-0.76129,11.75403],[-0.76055,11.75438],[-0.76001,11.75497],[-0.75824,11.75491],[-0.75753,11.75456],[-0.757,11.75392],[-0.75684,11.75363],[-0.75691,11.75288]]},"properties":{"name":"","type":"River","flow_regime":"perennial","label":"River"}},{"type":"Feature","geometry":{"type":"LineString","coordinates":[[-0.76555,11.76058],[-0.76548,11.7592],[-0.76528,11.75846],[-0.76534,11.75693]]},"properties":{"name":"","type":"River","flow_regime":"perennial","label":"River"}},{"type":"Feature","geometry":{"type":"LineString","coordinates":[[-5.39841,10.87604],[-5.39926,10.87551],[-5.40025,10.87517],[-5.40089,10.87515],[-5.40123,10.87478],[-5.40204,10.87433],[-5.4029,10.87407],[-5.40321,10.87331],[-5.40361,10.87308],[-5.40399,10.87242],[-5.4044,10.87217],[-5.40574,10.87077],[-5.4059,10.87025],[-5.4072,10.86883],[-5.40788,10.86842],[-5.40826,10.86734],[-5.40893,10.8668],[-5.40905,10.86624],[-5.4093,10.86598],[-5.40957,10.866],[-5.40967,10.86569],[-5.41006,10.8658],[-5.41087,10.86539],[-5.41131,10.86475],[-5.41436,10.86374],[-5.41496,10.86365],[-5.41561,10.86385],[-5.41618,10.86364],[-5.41719,10.86359],[-5.41844,10.86278],[-5.42059,10.86264],[-5.42119,10.86238],[-5.42169,10.86238],[-5.42276,10.86272],[-5.42313,10.86303],[-5.4235,10.86307],[-5.42364,10.86334],[-5.42392,10.86345],[-5.42521,10.86341],[-5.42617,10.86371],[-5.42676,10.86422],[-5.4282,10.86481],[-5.4287,10.86525],[-5.42932,10.86615],[-5.43055,10.86605],[-5.43324,10.86615],[-5.43759,10.86788],[-5.43873,10.86817],[-5.4393,10.86765],[-5.43972,10.86761],[-5.44012,10.86796],[-5.44085,10.86784],[-5.44184,10.86814],[-5.4423,10.86903],[-5.44261,10.86895],[-5.44407,10.86921],[-5.44538,10.86963],[-5.44594,10.8694],[-5.44629,10.86998],[-5.44657,10.86997],[-5.447,10.86951],[-5.44751,10.86931],[-5.44851,10.86968],[-5.45077,10.86901],[-5.45305,10.87079],[-5.45429,10.87244],[-5.45633,10.87357],[-5.45672,10.87399],[-5.45701,10.87478],[-5.45742,10.87523],[-5.45797,10.87533],[-5.45799,10.87564],[-5.4595,10.87765],[-5.46043,10.8786],[-5.46067,10.87866],[-5.46233,10.88074],[-5.46452,10.88156],[-5.46527,10.88247],[-5.46652,10.88302],[-5.46704,10.88415],[-5.46763,10.88433],[-5.46808,10.8848],[-5.46881,10.88523]]},"properties":{"name":"","type":"River","flow_regime":"perennial","label":"River"}},{"type":"Feature","geometry":{"type":"LineString","coordinates":[[-5.33439,10.84125],[-5.33627,10.84125],[-5.33845,10.84179],[-5.33948,10.84103],[-5.34131,10.84057],[-5.34235,10.84058],[-5.34363,10.83984],[-5.3448,10.83957],[-5.34608,10.83894],[-5.34667,10.83845],[-5.34808,10.83793],[-5.34877,10.83744],[-5.35261,10.83581],[-5.35459,10.83603],[-5.35609,10.83564],[-5.35747,10.83625],[-5.35818,10.83603],[-5.35878,10.83617],[-5.35913,10.83593],[-5.35971,10.83594],[-5.36035,10.83622],[-5.36044,10.83655],[-5.36077,10.83662],[-5.36139,10.83732],[-5.36195,10.8369],[-5.36221,10.83731],[-5.36262,10.83742],[-5.36322,10.8373],[-5.3643,10.83752],[-5.36484,10.83787],[-5.3661,10.8378],[-5.36814,10.83862],[-5.36891,10.83803],[-5.36951,10.83822],[-5.36988,10.83793],[-5.37022,10.83824],[-5.37052,10.83826],[-5.37097,10.83776],[-5.37129,10.83791],[-5.37168,10.83776],[-5.37193,10.83736],[-5.37247,10.83721],[-5.37292,10.83666],[-5.37494,10.83677],[-5.3755,10.83616],[-5.37616,10.83607],[-5.37659,10.83624],[-5.37756,10.83586],[-5.37784,10.83555],[-5.37869,10.83559],[-5.38002,10.83491],[-5.38082,10.83426],[-5.38451,10.83295],[-5.38494,10.833],[-5.38618,10.83228],[-5.38775,10.83171],[-5.39028,10.8312],[-5.39159,10.8304],[-5.39267,10.8303],[-5.39335,10.83],[-5.39436,10.8292],[-5.39492,10.82899],[-5.39627,10.8291],[-5.39657,10.82887],[-5.39696,10.82813],[-5.39784,10.82887],[-5.39816,10.82884],[-5.39844,10.82815],[-5.40078,10.82756],[-5.40132,10.82684],[-5.40181,10.82684],[-5.40215,10.82632],[-5.40433,10.82653],[-5.40539,10.82603],[-5.40583,10.82617],[-5.40674,10.82573],[-5.40701,10.82575],[-5.4072,10.82536],[-5.40796,10.82541],[-5.40898,10.82517],[-5.40928,10.82488],[-5.40908,10.82448],[-5.40937,10.82404],[-5.41008,10.82399],[-5.41032,10.82444],[-5.41085,10.82456],[-5.41146,10.82404],[-5.41219,10.82412],[-5.41272,10.82437],[-5.41292,10.82414],[-5.41379,10.82419],[-5.41533,10.82367],[-5.41607,10.82376],[-5.41654,10.82323],[-5.4166,10.82282],[-5.41637,10.82241],[-5.41648,10.82206],[-5.41749,10.82127],[-5.41763,10.82184],[-5.41835,10.8221],[-5.41934,10.82167],[-5.41967,10.82181],[-5.42013,10.82163],[-5.42078,10.8217],[-5.4214,10.82189],[-5.42218,10.82149],[-5.42331,10.82182],[-5.42357,10.8221],[-5.42351,10.82255],[-5.4238,10.82263],[-5.42394,10.82305],[-5.42518,10.82382],[-5.42559,10.82373],[-5.42572,10.8235],[-5.42674,10.82342],[-5.42717,10.82323],[-5.42741,10.82322],[-5.4275,10.82345],[-5.42835,10.82355],[-5.42897,10.82414],[-5.42883,10.8245],[-5.42903,10.82528],[-5.43057,10.82552],[-5.43048,10.82585],[-5.43015,10.82593],[-5.43035,10.82617],[-5.4305,10.82669],[-5.43042,10.82701],[-5.43088,10.82792],[-5.43085,10.82814],[-5.42989,10.82911],[-5.43007,10.82955],[-5.43063,10.8301],[-5.43127,10.83014],[-5.43176,10.83047],[-5.43184,10.83114],[-5.43324,10.83302],[-5.43422,10.83372],[-5.43584,10.8345],[-5.4377,10.836],[-5.43883,10.8359],[-5.44225,10.83753],[-5.44391,10.83776],[-5.44522,10.83817],[-5.44555,10.83887],[-5.44687,10.84036],[-5.44757,10.84041],[-5.44816,10.84076],[-5.45085,10.84099],[-5.45127,10.84135],[-5.45204,10.84158],[-5.45326,10.84147],[-5.45452,10.84193],[-5.4552,10.8425],[-5.45632,10.84248],[-5.45689,10.84274],[-5.45793,10.8428],[-5.45846,10.84271],[-5.45903,10.84216],[-5.45987,10.84213],[-5.46072,10.84186],[-5.4626,10.84097],[-5.46457,10.83968],[-5.46691,10.83982],[-5.46787,10.83957],[-5.46845,10.83931],[-5.46889,10.83885],[-5.4693,10.83881],[-5.47011,10.83933],[-5.47145,10.83954],[-5.47258,10.83777],[-5.47333,10.83749],[-5.47361,10.83757],[-5.47373,10.83782],[-5.4737,10.83906],[-5.47411,10.8398],[-5.47562,10.83978],[-5.47564,10.84007],[-5.47529,10.84048],[-5.47546,10.84094],[-5.47624,10.84095],[-5.47658,10.84144],[-5.47684,10.84151],[-5.47972,10.84092],[-5.48082,10.84145],[-5.48102,10.84162],[-5.48106,10.84212],[-5.48142,10.84231],[-5.48203,10.8422],[-5.48184,10.84154],[-5.48242,10.84125],[-5.48254,10.84086],[-5.48377,10.84146],[-5.48512,10.84248],[-5.48545,10.84251],[-5.48631,10.84184],[-5.48696,10.84178],[-5.48722,10.84152],[-5.48885,10.84149],[-5.48981,10.84097],[-5.49173,10.84104],[-5.49214,10.84139],[-5.49332,10.84153],[-5.49435,10.84229],[-5.49499,10.84242],[-5.49562,10.84292],[-5.49696,10.84283],[-5.4983,10.84336],[-5.49891,10.84332],[-5.49995,10.8436],[-5.50099,10.84426],[-5.50144,10.84407],[-5.50189,10.8441],[-5.50218,10.84429],[-5.50265,10.84502],[-5.50322,10.84534],[-5.50391,10.84632],[-5.50455,10.84653],[-5.50503,10.84703],[-5.50499,10.84776],[-5.50563,10.84844],[-5.50575,10.84885],[-5.5061,10.84897],[-5.50631,10.85026],[-5.50659,10.85089],[-5.50652,10.85154],[-5.50664,10.85193],[-5.50708,10.8523],[-5.50737,10.85292],[-5.50764,10.85325],[-5.508,10.85324],[-5.50823,10.85346],[-5.50894,10.85346],[-5.50955,10.85433],[-5.51009,10.85446],[-5.51024,10.85492],[-5.50849,10.85659],[-5.50794,10.85692],[-5.50783,10.8573],[-5.5072,10.85725],[-5.50702,10.85745],[-5.5072,10.85816],[-5.50701,10.85864],[-5.50715,10.85925],[-5.50705,10.86116],[-5.50722,10.86169],[-5.50654,10.86193],[-5.50563,10.86315],[-5.50541,10.86308],[-5.50522,10.86329],[-5.50522,10.86381],[-5.50466,10.86411],[-5.5045,10.86438],[-5.50451,10.86511],[-5.50517,10.86626],[-5.50512,10.86646],[-5.50457,10.86669],[-5.50468,10.8678],[-5.50437,10.86939],[-5.50391,10.87016],[-5.50325,10.8704],[-5.5027,10.87108],[-5.50272,10.87171],[-5.50307,10.87206],[-5.50247,10.87277],[-5.50255,10.87325],[-5.50301,10.87376],[-5.50267,10.87402],[-5.50269,10.87421]]},"properties":{"name":"B\u00e2","type":"River","flow_regime":"perennial","label":"B\u00e2"}},{"type":"Feature","geometry":{"type":"LineString","coordinates":[[-5.41721,10.79585],[-5.41724,10.7966],[-5.41706,10.79725],[-5.41736,10.79826],[-5.41704,10.79909],[-5.41627,10.79977],[-5.41566,10.80063],[-5.41522,10.80157],[-5.41493,10.80299],[-5.41429,10.80352],[-5.41418,10.80401],[-5.41355,10.80405],[-5.41346,10.80425],[-5.41368,10.80468],[-5.41357,10.80555],[-5.41432,10.80616],[-5.41441,10.80671],[-5.41491,10.8075],[-5.41415,10.80911],[-5.41443,10.81056],[-5.41428,10.81102],[-5.41366,10.8117],[-5.41269,10.81381],[-5.41268,10.81489],[-5.41235,10.8157],[-5.41228,10.81661],[-5.41209,10.81688],[-5.41251,10.81742],[-5.41237,10.8184],[-5.41261,10.81855],[-5.41266,10.8188],[-5.41244,10.8194],[-5.4126,10.81972],[-5.41237,10.82072],[-5.41271,10.82183],[-5.41282,10.82206],[-5.41351,10.82236],[-5.41396,10.82328],[-5.41445,10.82359],[-5.41514,10.82374]]},"properties":{"name":"Sanf\u00e9bol\u00e9","type":"River","flow_regime":"perennial","label":"Sanf\u00e9bol\u00e9"}},{"type":"Feature","geometry":{"type":"LineString","coordinates":[[-5.33831,10.92921],[-5.33937,10.92877],[-5.33975,10.92811],[-5.34258,10.92595],[-5.34322,10.92478],[-5.34309,10.92366],[-5.34344,10.92322],[-5.34349,10.92269],[-5.34313,10.92158],[-5.34348,10.92109],[-5.34349,10.92017],[-5.34369,10.91993],[-5.34363,10.91962],[-5.3439,10.91912],[-5.34364,10.91785],[-5.34325,10.91749],[-5.34326,10.91715],[-5.34393,10.91593],[-5.34444,10.91551],[-5.34484,10.91479],[-5.34578,10.91432],[-5.34652,10.91295],[-5.34649,10.91233],[-5.34804,10.91087],[-5.34859,10.90988],[-5.34859,10.90952],[-5.34882,10.90942],[-5.34953,10.90972],[-5.35001,10.90967],[-5.35081,10.90896],[-5.35108,10.90908],[-5.35123,10.90938],[-5.35153,10.90933],[-5.3519,10.9087],[-5.35421,10.90906],[-5.35602,10.90881],[-5.35636,10.90864],[-5.35653,10.90761],[-5.35636,10.90676],[-5.35649,10.90655],[-5.35788,10.90657],[-5.35886,10.90634],[-5.3596,10.90562],[-5.36338,10.90397],[-5.36551,10.90228],[-5.36603,10.90212],[-5.36751,10.90118],[-5.36885,10.90068],[-5.36989,10.90001],[-5.37232,10.89927],[-5.37317,10.89931],[-5.37355,10.89949],[-5.37387,10.89993],[-5.37445,10.90012],[-5.37522,10.90004],[-5.37804,10.9004],[-5.38077,10.90115],[-5.382,10.90112],[-5.3833,10.90149],[-5.38428,10.90127],[-5.38531,10.90152],[-5.38687,10.90039],[-5.38774,10.90045],[-5.38983,10.89995],[-5.39047,10.90034],[-5.39211,10.9006],[-5.39336,10.9003],[-5.39432,10.90096],[-5.3948,10.90181],[-5.39522,10.90198],[-5.39728,10.90225],[-5.39812,10.90217],[-5.39921,10.90256],[-5.39969,10.903],[-5.39978,10.90351],[-5.39946,10.90396],[-5.39951,10.90413],[-5.40157,10.90579],[-5.40187,10.9065],[-5.40244,10.90687],[-5.40284,10.90679],[-5.40408,10.90697],[-5.4058,10.90792],[-5.40681,10.90829],[-5.40767,10.90858],[-5.40882,10.90866],[-5.40929,10.90888],[-5.41044,10.91013],[-5.41105,10.91036],[-5.41275,10.91032],[-5.41356,10.91074],[-5.41552,10.91103],[-5.41663,10.91203],[-5.41732,10.91222],[-5.4176,10.91227],[-5.41856,10.91199],[-5.41916,10.91248],[-5.42002,10.91235],[-5.42188,10.91383],[-5.42239,10.91394],[-5.42336,10.91309],[-5.42527,10.9127],[-5.42608,10.9121],[-5.42666,10.91227],[-5.4275,10.91182],[-5.4278,10.91191],[-5.42806,10.91227],[-5.42884,10.91251],[-5.42922,10.91306],[-5.4297,10.91286],[-5.42983,10.91244],[-5.43,10.91236],[-5.4312,10.91251],[-5.43229,10.91218],[-5.43352,10.91255],[-5.43486,10.91256],[-5.43582,10.91295],[-5.43675,10.9129],[-5.43734,10.91372],[-5.43761,10.91387],[-5.43894,10.9136],[-5.44002,10.91299],[-5.44052,10.91295],[-5.44176,10.91327],[-5.44271,10.91229],[-5.44342,10.9119],[-5.44533,10.91204],[-5.44532,10.9117],[-5.44504,10.9113],[-5.44521,10.9107],[-5.44574,10.90994],[-5.44574,10.90956],[-5.44543,10.90898],[-5.44593,10.90855],[-5.44619,10.9065],[-5.44667,10.90551],[-5.44682,10.90541],[-5.44711,10.90554],[-5.44757,10.9053],[-5.44771,10.90492],[-5.44887,10.90356],[-5.44902,10.90329],[-5.44899,10.90266],[-5.44985,10.90203],[-5.45044,10.90183],[-5.4513,10.90181],[-5.45154,10.90141],[-5.45149,10.90113],[-5.45393,10.89922],[-5.45437,10.89908],[-5.45477,10.89847],[-5.45762,10.89691],[-5.45892,10.89554],[-5.46064,10.89491],[-5.4609,10.89457],[-5.46145,10.89436],[-5.46312,10.89274],[-5.4639,10.89218],[-5.46431,10.89117],[-5.46518,10.89062],[-5.46679,10.89003],[-5.46757,10.8892],[-5.4678,10.88816],[-5.46842,10.88746],[-5.46872,10.88622],[-5.46866,10.88568],[-5.46881,10.88523],[-5.46917,10.88489],[-5.46952,10.88388],[-5.47009,10.88357],[-5.47085,10.88367],[-5.47106,10.88357],[-5.47161,10.88158],[-5.472,10.88103],[-5.47494,10.87872],[-5.47543,10.8787],[-5.47588,10.87914],[-5.47628,10.87924],[-5.47663,10.8792],[-5.47698,10.87877],[-5.47725,10.87868],[-5.47785,10.87899],[-5.47849,10.87766],[-5.47934,10.87691],[-5.48041,10.87723],[-5.48121,10.87697],[-5.48194,10.87704],[-5.48267,10.87752],[-5.48283,10.87745],[-5.48284,10.87671],[-5.4837,10.87555],[-5.4843,10.8762],[-5.48456,10.87578],[-5.48531,10.87546],[-5.48556,10.87517],[-5.48626,10.87529],[-5.48718,10.87482],[-5.48749,10.87503],[-5.48855,10.87522],[-5.49011,10.87522],[-5.49139,10.87454],[-5.49176,10.87464],[-5.49241,10.87411],[-5.49402,10.87424],[-5.49582,10.8738],[-5.49766,10.87292],[-5.49962,10.87322],[-5.50024,10.87364],[-5.50071,10.87353],[-5.5016,10.87375],[-5.50191,10.87398],[-5.50225,10.87391],[-5.50269,10.87421]]},"properties":{"name":"Z\u00e9oloko","type":"River","flow_regime":"perennial","label":"Z\u00e9oloko"}},{"type":"Feature","geometry":{"type":"LineString","coordinates":[[-5.35943,10.99406],[-5.35978,10.99363],[-5.36064,10.99315],[-5.36118,10.99177],[-5.36206,10.99136],[-5.36223,10.99109],[-5.36221,10.99057],[-5.36328,10.98937],[-5.36386,10.98846],[-5.36461,10.98665],[-5.36716,10.98556],[-5.36787,10.98456],[-5.36948,10.98373],[-5.36991,10.98319],[-5.37067,10.98303],[-5.37128,10.98247],[-5.37293,10.98154],[-5.37354,10.98149],[-5.37426,10.9806],[-5.3746,10.9805],[-5.37628,10.97837],[-5.37754,10.9773],[-5.37803,10.97615],[-5.37826,10.97613],[-5.3784,10.97591],[-5.3784,10.97541],[-5.37878,10.97534],[-5.3788,10.97498],[-5.38026,10.97186],[-5.38017,10.97022],[-5.38086,10.96971],[-5.3811,10.96891],[-5.3827,10.96895],[-5.38398,10.96834],[-5.38551,10.9688],[-5.38731,10.96846],[-5.38786,10.96754],[-5.38841,10.96725],[-5.39011,10.96696],[-5.39041,10.96646],[-5.39115,10.96586],[-5.3908,10.9651],[-5.39088,10.96475],[-5.39142,10.96434],[-5.39169,10.96448],[-5.39373,10.96427],[-5.39462,10.96348],[-5.39516,10.96264],[-5.39612,10.96261],[-5.39675,10.96193],[-5.39822,10.96148],[-5.39876,10.96022],[-5.39852,10.95959],[-5.39866,10.95826],[-5.39842,10.95725],[-5.39858,10.95666],[-5.39771,10.9532],[-5.3979,10.95282],[-5.39867,10.95218],[-5.39852,10.95164],[-5.39869,10.95122],[-5.39902,10.95124],[-5.39951,10.95075],[-5.39984,10.94977],[-5.40187,10.94699],[-5.40184,10.94621],[-5.40236,10.94508],[-5.40277,10.94365],[-5.40286,10.94087],[-5.40256,10.94003],[-5.40311,10.93902],[-5.40335,10.93813],[-5.40307,10.93706],[-5.40243,10.93653],[-5.40226,10.93562],[-5.40155,10.93461],[-5.40103,10.93438],[-5.40084,10.93402],[-5.40093,10.93366],[-5.40118,10.93343],[-5.40116,10.93248],[-5.40155,10.93177],[-5.40148,10.9312],[-5.40093,10.93084],[-5.40067,10.93114],[-5.40043,10.93088],[-5.40002,10.92943],[-5.39957,10.92857],[-5.39844,10.92755],[-5.39818,10.92623],[-5.39766,10.92589],[-5.3973,10.92541],[-5.39734,10.92408],[-5.39657,10.92163],[-5.3959,10.9214],[-5.39565,10.9206],[-5.39477,10.92005],[-5.3938,10.91902],[-5.39239,10.91799],[-5.39168,10.91761],[-5.39116,10.91769],[-5.39095,10.91651],[-5.39045,10.9159],[-5.39013,10.91449],[-5.38951,10.91401],[-5.38906,10.91289],[-5.38824,10.91169],[-5.38762,10.9111],[-5.38741,10.90988],[-5.387,10.90977],[-5.38685,10.90937],[-5.38582,10.90825],[-5.38606,10.90735],[-5.38567,10.90543],[-5.38561,10.90246],[-5.38539,10.9021],[-5.38555,10.90143]]},"properties":{"name":"","type":"River","flow_regime":"perennial","label":"River"}},{"type":"Feature","geometry":{"type":"LineString","coordinates":[[-1.04251,11.66778],[-1.04183,11.66787],[-1.03891,11.66747],[-1.03762,11.66786],[-1.03599,11.6697],[-1.03418,11.67081]]},"properties":{"name":"","type":"River","flow_regime":"perennial","label":"River"}},{"type":"Feature","geometry":{"type":"LineString","coordinates":[[-0.90826,11.69242],[-0.90798,11.6929],[-0.90763,11.69263],[-0.90717,11.69266],[-0.90692,11.69305],[-0.90648,11.69312],[-0.90628,11.69331],[-0.9061,11.693],[-0.90516,11.69249],[-0.90415,11.69267],[-0.90388,11.69292],[-0.90332,11.69304],[-0.90303,11.69342],[-0.90345,11.6943],[-0.90342,11.69455],[-0.9029,11.69486],[-0.90235,11.69455],[-0.90181,11.69455],[-0.90153,11.69422],[-0.90153,11.69402],[-0.90193,11.6937],[-0.90193,11.69332],[-0.90134,11.69252],[-0.90167,11.69202],[-0.90138,11.69179],[-0.90044,11.69171],[-0.89982,11.69242],[-0.89871,11.69248],[-0.89837,11.69283],[-0.8984,11.6934],[-0.89822,11.69375],[-0.89734,11.6942],[-0.89702,11.69392],[-0.89662,11.69415],[-0.89606,11.69399],[-0.89624,11.69368],[-0.89616,11.69308],[-0.89659,11.69295],[-0.89654,11.6927],[-0.89561,11.69291],[-0.89414,11.69183],[-0.89277,11.69225],[-0.8925,11.69263],[-0.8913,11.69325],[-0.89039,11.69343],[-0.89013,11.69382],[-0.88884,11.69411],[-0.88849,11.69448],[-0.88869,11.69475],[-0.8887,11.6951],[-0.88838,11.6952],[-0.88794,11.69508],[-0.88707,11.69594],[-0.88663,11.69594],[-0.88656,11.69707],[-0.88641,11.69726],[-0.886,11.69733],[-0.88598,11.69678],[-0.88564,11.69642],[-0.88492,11.6959],[-0.88405,11.69576],[-0.88368,11.69528],[-0.8838,11.69497],[-0.88448,11.69502],[-0.88428,11.69445],[-0.88451,11.69427],[-0.88505,11.6946],[-0.8853,11.69452],[-0.88532,11.69419],[-0.88506,11.6939],[-0.88533,11.69317],[-0.88489,11.69299],[-0.88473,11.69248],[-0.88377,11.69228],[-0.88352,11.69291],[-0.88336,11.69297],[-0.8831,11.6929],[-0.88288,11.69262],[-0.88232,11.69275],[-0.88093,11.69188],[-0.8806,11.69118],[-0.87967,11.69071],[-0.87933,11.69072],[-0.8791,11.69104],[-0.87885,11.69219],[-0.87792,11.69217],[-0.87741,11.69268],[-0.87728,11.69342],[-0.87666,11.69369],[-0.87591,11.69359],[-0.87577,11.69471],[-0.87555,11.69488],[-0.87506,11.69489],[-0.87475,11.69348],[-0.87325,11.69294],[-0.87247,11.69281],[-0.87211,11.69239],[-0.87228,11.69206],[-0.87295,11.69173],[-0.87277,11.69116],[-0.87202,11.69087],[-0.87182,11.69034],[-0.87188,11.68994],[-0.87248,11.68981],[-0.87295,11.68948],[-0.87256,11.68846],[-0.87169,11.68827],[-0.87087,11.68739],[-0.86982,11.68695],[-0.86906,11.68602],[-0.86876,11.68623],[-0.8686,11.68696],[-0.86798,11.68741],[-0.86801,11.68777],[-0.86865,11.68822],[-0.86871,11.68882],[-0.86922,11.68943],[-0.86909,11.68975],[-0.8687,11.68996],[-0.86822,11.69007],[-0.86768,11.68987],[-0.8673,11.68899],[-0.86689,11.68866],[-0.86639,11.68867],[-0.86562,11.68905],[-0.8639,11.68861],[-0.86368,11.68845],[-0.86355,11.68805],[-0.86385,11.68733],[-0.86378,11.68701],[-0.86312,11.68604],[-0.86213,11.68593],[-0.86093,11.68639],[-0.86012,11.68564],[-0.85993,11.68574],[-0.85987,11.68608],[-0.86061,11.68785],[-0.86046,11.68836],[-0.85956,11.68875],[-0.85848,11.68854],[-0.85771,11.68925],[-0.85674,11.68875],[-0.85545,11.6888],[-0.85468,11.68802],[-0.85358,11.68616],[-0.8536,11.68461],[-0.85335,11.68443],[-0.85257,11.68458],[-0.85189,11.68522],[-0.85133,11.68497],[-0.85123,11.68442],[-0.85152,11.68338],[-0.85146,11.68311],[-0.85101,11.68285],[-0.84934,11.683],[-0.84865,11.68345],[-0.84758,11.68361],[-0.84501,11.6851],[-0.84361,11.68551],[-0.84252,11.68613],[-0.84198,11.68615],[-0.84095,11.68578],[-0.83935,11.68559],[-0.83887,11.68561],[-0.83766,11.6863],[-0.83428,11.68444],[-0.83324,11.68419],[-0.83225,11.68431],[-0.82987,11.68416],[-0.82889,11.68433],[-0.82809,11.68426],[-0.82768,11.68439],[-0.82732,11.68473],[-0.82445,11.6853],[-0.82329,11.6857],[-0.82274,11.6856],[-0.82053,11.68349],[-0.81932,11.68323],[-0.81909,11.68292],[-0.81939,11.68137],[-0.8192,11.6809],[-0.81811,11.68016],[-0.81563,11.67939],[-0.81461,11.67823],[-0.81336,11.67769],[-0.81173,11.6781],[-0.81077,11.67892],[-0.8085,11.67866],[-0.80769,11.67802],[-0.80744,11.67754],[-0.80728,11.67658],[-0.80696,11.67623],[-0.80657,11.67608],[-0.80616,11.67611],[-0.80275,11.67821],[-0.80193,11.67818],[-0.80119,11.67773],[-0.80078,11.67679],[-0.80039,11.67647],[-0.79963,11.67642],[-0.7989,11.67652],[-0.79843,11.6768],[-0.79739,11.67805],[-0.7967,11.67838],[-0.79046,11.67855]]},"properties":{"name":"","type":"River","flow_regime":"perennial","label":"River"}},{"type":"Feature","geometry":{"type":"LineString","coordinates":[[-2.41698,12.77526],[-2.41767,12.77464],[-2.41835,12.77237],[-2.41824,12.77189],[-2.41856,12.77133],[-2.41863,12.77049],[-2.41927,12.76983],[-2.4191,12.76932],[-2.4195,12.76893],[-2.41951,12.76819],[-2.42023,12.76696],[-2.42022,12.76646],[-2.42042,12.76606],[-2.42114,12.76598],[-2.42116,12.76536],[-2.42079,12.76509],[-2.42114,12.76452],[-2.42139,12.76352],[-2.4213,12.76325],[-2.42151,12.76235],[-2.42125,12.76198],[-2.42155,12.7619],[-2.42157,12.76156],[-2.42178,12.76135],[-2.42201,12.76127],[-2.42204,12.7616],[-2.42233,12.76141],[-2.42247,12.76093],[-2.42207,12.75969],[-2.42213,12.75898],[-2.42234,12.75867],[-2.42184,12.75844],[-2.42192,12.75824],[-2.42237,12.75825],[-2.42268,12.75765],[-2.42227,12.75737],[-2.42234,12.75705],[-2.42206,12.75692],[-2.42236,12.75638],[-2.42212,12.7561],[-2.42168,12.75598],[-2.42159,12.7557],[-2.42218,12.75512],[-2.42172,12.75461],[-2.42183,12.75429],[-2.42441,12.75264],[-2.42531,12.75024],[-2.42629,12.749],[-2.42641,12.74823],[-2.42624,12.74779],[-2.4257,12.74732],[-2.42613,12.74659],[-2.4282,12.74585],[-2.42902,12.74607],[-2.43048,12.74437],[-2.43109,12.74337],[-2.431,12.74238],[-2.43053,12.74183],[-2.42988,12.73957],[-2.42945,12.7391],[-2.42927,12.73806],[-2.42863,12.73759],[-2.4289,12.73687],[-2.42872,12.73653],[-2.42916,12.73603],[-2.42823,12.73343],[-2.4281,12.73184],[-2.42829,12.7316],[-2.42829,12.73129],[-2.42798,12.73091],[-2.42796,12.73057],[-2.42838,12.73034],[-2.42887,12.72914],[-2.42869,12.7281],[-2.429,12.72752],[-2.42926,12.72617],[-2.4321,12.72407],[-2.43298,12.72091],[-2.43491,12.72001],[-2.43491,12.71734],[-2.43596,12.71777],[-2.43656,12.71712],[-2.4357,12.71361],[-2.43588,12.70666],[-2.43511,12.70313],[-2.43417,12.70282],[-2.4336,12.69899],[-2.43433,12.68801],[-2.43468,12.68709],[-2.43752,12.68188],[-2.43953,12.67981],[-2.44106,12.67901],[-2.44062,12.67832]]},"properties":{"name":"","type":"River","flow_regime":"perennial","label":"River"}},{"type":"Feature","geometry":{"type":"LineString","coordinates":[[1.91581,11.85019],[1.91519,11.84973],[1.91527,11.849],[1.91618,11.84811],[1.91647,11.84808],[1.91656,11.84746],[1.91638,11.84711],[1.91652,11.84673],[1.91765,11.84617],[1.91783,11.84584],[1.91785,11.84508],[1.91823,11.84415],[1.9185,11.84396],[1.91882,11.84406],[1.91961,11.84386],[1.9198,11.84335],[1.91955,11.84296],[1.92,11.84272],[1.92009,11.84209],[1.9205,11.84171],[1.92114,11.84145],[1.92143,11.84108],[1.92266,11.84118],[1.92297,11.84094],[1.92329,11.83959],[1.92385,11.83858],[1.92462,11.83836],[1.92457,11.83794],[1.92491,11.83767],[1.92498,11.8371],[1.92535,11.83692],[1.92578,11.83625],[1.92639,11.83606],[1.92691,11.83507],[1.92793,11.83482],[1.9283,11.83394],[1.92885,11.83381],[1.92915,11.83292],[1.92976,11.83216],[1.92993,11.83169],[1.93026,11.83153],[1.93087,11.83164],[1.93156,11.8312],[1.93149,11.83062],[1.93124,11.83045],[1.93102,11.8296],[1.93136,11.82926],[1.93185,11.82897],[1.93208,11.82903],[1.93218,11.82886],[1.93215,11.82769],[1.93197,11.82736],[1.9322,11.82664],[1.93184,11.82634],[1.93186,11.82614],[1.93266,11.82505],[1.93385,11.82488],[1.93407,11.82395],[1.93457,11.82355],[1.93448,11.82262],[1.93389,11.82219],[1.93356,11.82214],[1.93338,11.82171],[1.93338,11.82117],[1.93347,11.82107],[1.93379,11.82115],[1.93499,11.81984],[1.93492,11.81913],[1.93458,11.81858],[1.93487,11.81803],[1.93705,11.81718],[1.93765,11.81749],[1.93879,11.81733],[1.93955,11.81684],[1.93988,11.81638],[1.93988,11.81605],[1.93953,11.81571],[1.93968,11.81519],[1.94047,11.81493],[1.94117,11.81521],[1.94133,11.81503],[1.94121,11.81484],[1.94146,11.81425],[1.9423,11.81433],[1.94245,11.81382],[1.94294,11.81404],[1.94327,11.81381],[1.94373,11.81383],[1.94458,11.81302],[1.94465,11.81275],[1.94664,11.81223],[1.94658,11.81245],[1.94679,11.81272],[1.947,11.81351],[1.94674,11.81377],[1.94698,11.81398],[1.94741,11.81371],[1.94762,11.81393],[1.94789,11.81385],[1.94806,11.81355],[1.94835,11.81378],[1.94847,11.8136],[1.94862,11.81393],[1.94888,11.81388],[1.94877,11.81403],[1.94901,11.81408],[1.94955,11.81394],[1.94953,11.81351],[1.95023,11.81353],[1.95049,11.81328],[1.95076,11.81335],[1.951,11.81319],[1.95145,11.8136],[1.95169,11.81331],[1.95206,11.81339],[1.95219,11.81324],[1.95249,11.81331],[1.95253,11.81351],[1.95304,11.81338],[1.95313,11.81373],[1.9529,11.81386],[1.95311,11.81393],[1.95327,11.81442],[1.95356,11.81435],[1.95371,11.81449],[1.95384,11.81437],[1.95368,11.81405],[1.95392,11.81413],[1.9542,11.81382],[1.95484,11.8141],[1.9557,11.81395],[1.95579,11.81379],[1.95548,11.81338],[1.95588,11.81319],[1.95613,11.81274],[1.9563,11.81295],[1.9562,11.81315],[1.9565,11.81311],[1.95655,11.81285],[1.95671,11.81289],[1.95691,11.81263],[1.95685,11.81239],[1.95717,11.81223],[1.95739,11.81187],[1.9577,11.81212],[1.95801,11.81202],[1.9583,11.81215],[1.95843,11.81232],[1.95837,11.81254],[1.95889,11.81251],[1.95951,11.81288],[1.95943,11.8132],[1.9596,11.81339],[1.95929,11.81419],[1.96008,11.81436],[1.96047,11.81405],[1.96057,11.81429],[1.96155,11.81459],[1.9622,11.81449],[1.96389,11.81584],[1.96408,11.81627],[1.96467,11.81591],[1.96548,11.81638],[1.96588,11.81685],[1.9663,11.81653],[1.96648,11.81662],[1.96644,11.81677],[1.96677,11.81687],[1.96766,11.81675],[1.96877,11.81593],[1.96939,11.81637],[1.96988,11.81624],[1.9704,11.81663],[1.9718,11.81677],[1.97252,11.81651],[1.97252,11.8163],[1.97225,11.81611],[1.97288,11.81547],[1.97276,11.81454],[1.97238,11.81422],[1.97255,11.81392],[1.97296,11.81367],[1.97302,11.81402],[1.97325,11.81408],[1.97339,11.81324],[1.97382,11.81307],[1.97407,11.81334],[1.97375,11.81359],[1.97387,11.81385],[1.97407,11.81387],[1.97448,11.81352],[1.97463,11.81304],[1.97494,11.81282],[1.97553,11.81293],[1.97594,11.81241],[1.97617,11.81241],[1.97683,11.813],[1.97732,11.81281],[1.97762,11.81246],[1.97747,11.81221],[1.97826,11.81144],[1.97816,11.81127],[1.97833,11.81113],[1.97828,11.81091],[1.97854,11.81065],[1.97877,11.81092]]},"properties":{"name":"","type":"River","flow_regime":"perennial","label":"River"}},{"type":"Feature","geometry":{"type":"LineString","coordinates":[[1.92385,11.83858],[1.92411,11.83801],[1.92438,11.83782],[1.92465,11.83785]]},"properties":{"name":"","type":"River","flow_regime":"perennial","label":"River"}},{"type":"Feature","geometry":{"type":"LineString","coordinates":[[1.79738,11.78777],[1.79843,11.78613]]},"properties":{"name":"","type":"River","flow_regime":"perennial","label":"River"}},{"type":"Feature","geometry":{"type":"LineString","coordinates":[[-4.82148,10.72121],[-4.8214,10.72059],[-4.82046,10.72002],[-4.82046,10.71875],[-4.82075,10.71851],[-4.82097,10.71783],[-4.82064,10.71734],[-4.8209,10.71667],[-4.82064,10.71622],[-4.82001,10.7161],[-4.81982,10.71622],[-4.81973,10.71576],[-4.81997,10.71508],[-4.81987,10.71484],[-4.82013,10.71429],[-4.81842,10.71167],[-4.81704,10.71028],[-4.81662,10.71006],[-4.816,10.71],[-4.81421,10.70652],[-4.81452,10.70498],[-4.8143,10.70209],[-4.81439,10.70064],[-4.81416,10.70001],[-4.81465,10.69874],[-4.81467,10.69775],[-4.81498,10.69737],[-4.8139,10.69622],[-4.81244,10.69414],[-4.81206,10.69409],[-4.81098,10.69281],[-4.81036,10.69282],[-4.81019,10.69249],[-4.81027,10.69164],[-4.8098,10.6909],[-4.80951,10.69073],[-4.80968,10.69019],[-4.80876,10.6901],[-4.80867,10.68971],[-4.80744,10.68842],[-4.80717,10.68695],[-4.80682,10.68635],[-4.80648,10.68625],[-4.80608,10.68545],[-4.80575,10.68522],[-4.80541,10.68522],[-4.80486,10.68431],[-4.80466,10.68378],[-4.80483,10.68312],[-4.80457,10.68307],[-4.80378,10.68335],[-4.80292,10.68311],[-4.80281,10.68284],[-4.8031,10.68227],[-4.80217,10.68124],[-4.80206,10.68091],[-4.80245,10.67971],[-4.80302,10.67973],[-4.80311,10.6796],[-4.80314,10.67946],[-4.8027,10.67902],[-4.8027,10.67856],[-4.80286,10.67745],[-4.80327,10.67711],[-4.80341,10.67678],[-4.80343,10.67576],[-4.80323,10.6749],[-4.80337,10.67477],[-4.80389,10.67487],[-4.80478,10.67328],[-4.80508,10.67314],[-4.80543,10.6725],[-4.80593,10.67221],[-4.80634,10.67166],[-4.80675,10.67147],[-4.8078,10.67154],[-4.80882,10.67089],[-4.81078,10.67043],[-4.81108,10.67013],[-4.81121,10.66963],[-4.81089,10.66783],[-4.80973,10.66694],[-4.80992,10.66582],[-4.81009,10.66564],[-4.81074,10.66552],[-4.81165,10.66567],[-4.81208,10.66467],[-4.81227,10.66499],[-4.81284,10.66525],[-4.81261,10.6656],[-4.81221,10.66575],[-4.81233,10.66591],[-4.81271,10.666],[-4.81318,10.66581],[-4.81367,10.66624],[-4.81448,10.66626],[-4.8147,10.66603],[-4.81458,10.66569],[-4.81487,10.66546],[-4.81489,10.6652],[-4.81466,10.66482],[-4.81541,10.66398],[-4.81555,10.6635],[-4.81591,10.6634],[-4.8166,10.66376],[-4.81683,10.66364],[-4.81664,10.66309],[-4.81667,10.66189],[-4.81587,10.66115],[-4.81598,10.66037],[-4.81547,10.65993],[-4.81529,10.6595],[-4.81465,10.6593],[-4.81401,10.65861],[-4.81409,10.65768],[-4.81432,10.65688],[-4.81476,10.65643],[-4.81518,10.65565],[-4.81569,10.65531],[-4.8166,10.65516],[-4.81652,10.65433],[-4.8171,10.65378],[-4.81716,10.65354],[-4.81702,10.65299],[-4.81637,10.653],[-4.81557,10.65231],[-4.81551,10.65204],[-4.81585,10.65189],[-4.81637,10.65219],[-4.81727,10.65205],[-4.81749,10.64964],[-4.81825,10.64981],[-4.81875,10.64941],[-4.81951,10.64957],[-4.81996,10.64908],[-4.82001,10.64801],[-4.81986,10.64705],[-4.81951,10.64654],[-4.81839,10.64601],[-4.81771,10.64463],[-4.81773,10.64445],[-4.8182,10.64436],[-4.81842,10.64411],[-4.81789,10.64368],[-4.81768,10.64287],[-4.81733,10.6429],[-4.81679,10.64342],[-4.81618,10.64327],[-4.81579,10.64285],[-4.81613,10.64215],[-4.8168,10.64134],[-4.81796,10.64071],[-4.81858,10.64118],[-4.81934,10.64098],[-4.81974,10.64107],[-4.81983,10.64052],[-4.8189,10.6403],[-4.81851,10.64004],[-4.81817,10.63941],[-4.81839,10.63901],[-4.81913,10.63874],[-4.81939,10.63845],[-4.81974,10.63774],[-4.82026,10.63724],[-4.82028,10.63692],[-4.81986,10.63606],[-4.81949,10.63413],[-4.81897,10.63378],[-4.81897,10.63327],[-4.81882,10.63305],[-4.81864,10.633],[-4.81828,10.63338],[-4.81729,10.63339],[-4.81704,10.63305],[-4.81721,10.63282],[-4.8172,10.63244],[-4.81669,10.63235],[-4.81483,10.63123],[-4.81485,10.63051],[-4.81522,10.63037],[-4.81561,10.62985],[-4.81642,10.62988],[-4.81652,10.62965],[-4.81561,10.62894],[-4.8152,10.62902],[-4.81505,10.62938],[-4.81448,10.62923],[-4.8144,10.62846],[-4.81486,10.62772],[-4.8146,10.62641],[-4.81422,10.62584],[-4.81393,10.6249],[-4.81488,10.62475],[-4.81501,10.62485],[-4.81482,10.62534],[-4.81489,10.62553],[-4.81568,10.62604],[-4.81572,10.62573],[-4.81532,10.62517],[-4.81522,10.62463],[-4.81537,10.62436],[-4.81575,10.62438],[-4.81588,10.62388],[-4.8158,10.62341],[-4.8163,10.62319],[-4.81715,10.62333],[-4.81737,10.62304],[-4.81767,10.62299],[-4.81852,10.62322],[-4.81871,10.62301],[-4.81877,10.62255],[-4.81919,10.62235],[-4.81865,10.62147],[-4.81922,10.62114],[-4.81926,10.62097],[-4.81891,10.6204],[-4.81908,10.61966],[-4.81899,10.6194],[-4.81954,10.61887],[-4.81924,10.61865],[-4.81845,10.61868],[-4.81766,10.61839],[-4.81651,10.61827],[-4.81591,10.61841],[-4.81535,10.61805],[-4.81546,10.61757],[-4.81595,10.61746],[-4.8162,10.61709],[-4.81672,10.61722],[-4.81693,10.61712],[-4.81663,10.61667],[-4.81642,10.61573],[-4.81619,10.61563],[-4.81597,10.61582],[-4.81561,10.61575],[-4.81429,10.61461],[-4.81382,10.61398],[-4.81326,10.61412],[-4.81303,10.6134],[-4.81343,10.61318],[-4.81418,10.61353],[-4.81503,10.61322],[-4.81562,10.61335],[-4.816,10.61321],[-4.81613,10.61286],[-4.81605,10.61271],[-4.81529,10.61279],[-4.81497,10.61196],[-4.81419,10.61179],[-4.81399,10.61149],[-4.81353,10.6113],[-4.81324,10.61142],[-4.81337,10.61219],[-4.81297,10.61265],[-4.81212,10.6127],[-4.81047,10.61317],[-4.8097,10.61389],[-4.80883,10.61404],[-4.80797,10.61322],[-4.80761,10.6131],[-4.8067,10.61319],[-4.806,10.61264],[-4.80532,10.61286],[-4.80453,10.61267],[-4.80425,10.61138],[-4.80404,10.61118],[-4.80323,10.61113],[-4.80282,10.6113],[-4.80207,10.61109],[-4.80176,10.61083],[-4.80142,10.61094],[-4.80108,10.61082],[-4.80067,10.61129],[-4.79979,10.61079],[-4.79969,10.61058],[-4.79996,10.6104],[-4.79991,10.61009],[-4.79905,10.60995],[-4.79864,10.61068],[-4.7982,10.6106],[-4.79747,10.61104],[-4.79729,10.61137],[-4.7972,10.61255],[-4.79678,10.61247],[-4.79578,10.61336],[-4.79513,10.61349],[-4.79488,10.6134],[-4.79473,10.61303],[-4.79484,10.61259],[-4.79511,10.6123],[-4.79507,10.61178],[-4.79488,10.61154],[-4.79509,10.61116],[-4.79449,10.61144],[-4.7938,10.61094],[-4.79352,10.60996],[-4.79303,10.61006],[-4.79219,10.60959],[-4.7913,10.60975],[-4.79081,10.60933],[-4.79128,10.60811],[-4.78978,10.60681],[-4.78965,10.60634],[-4.78992,10.60507],[-4.7898,10.60343],[-4.78998,10.60294],[-4.79033,10.60283],[-4.79002,10.60196],[-4.79003,10.6015],[-4.79072,10.60076],[-4.79071,10.60058],[-4.79026,10.60064],[-4.78979,10.60047],[-4.78935,10.6011],[-4.78936,10.60151],[-4.78887,10.60169],[-4.78859,10.60155],[-4.78838,10.60133],[-4.7886,10.6002],[-4.78812,10.59978],[-4.78795,10.59794],[-4.78761,10.59748],[-4.78733,10.59745],[-4.78695,10.59765],[-4.78638,10.59751],[-4.78642,10.59724],[-4.78681,10.59681]]},"properties":{"name":"Como\u00e9","type":"River","flow_regime":"perennial","label":"Como\u00e9"}},{"type":"Feature","geometry":{"type":"LineString","coordinates":[[-1.94362,12.40553],[-1.94641,12.40412],[-1.94771,12.40327],[-1.94969,12.4034],[-1.95403,12.40444],[-1.95615,12.40451],[-1.95979,12.40299]]},"properties":{"name":"","type":"River","flow_regime":"perennial","label":"River"}},{"type":"Feature","geometry":{"type":"LineString","coordinates":[[-1.17318,12.25071],[-1.1727,12.25106],[-1.17218,12.25096],[-1.17189,12.25122],[-1.1719,12.25165],[-1.1716,12.25159],[-1.17157,12.25184],[-1.17135,12.25155],[-1.17101,12.25165],[-1.17106,12.25139],[-1.17071,12.2515],[-1.171,12.25088],[-1.1707,12.2507],[-1.16962,12.25069],[-1.16956,12.25094],[-1.16992,12.25115],[-1.16959,12.25134],[-1.16884,12.25084],[-1.16853,12.25083],[-1.16836,12.25172],[-1.16818,12.25183],[-1.16781,12.25115],[-1.16751,12.25099],[-1.16766,12.25088],[-1.16746,12.25027],[-1.16704,12.25001],[-1.16684,12.25007],[-1.16676,12.25042],[-1.16702,12.25051],[-1.167,12.25079],[-1.1666,12.2507],[-1.16624,12.25087],[-1.16558,12.25091],[-1.16544,12.25128],[-1.16593,12.2514],[-1.16563,12.25156],[-1.16514,12.25123],[-1.1647,12.25138],[-1.16416,12.25104],[-1.16428,12.25086],[-1.16456,12.25086],[-1.16454,12.25068],[-1.16419,12.25031],[-1.16399,12.25042],[-1.16381,12.25027],[-1.16338,12.25095],[-1.16306,12.25102],[-1.1629,12.25153],[-1.16242,12.25172],[-1.16229,12.252],[-1.16142,12.2526],[-1.16063,12.25226],[-1.16035,12.25254],[-1.15995,12.25265],[-1.15974,12.25241],[-1.15931,12.25241],[-1.15901,12.25264],[-1.15896,12.25303],[-1.15868,12.25314],[-1.15867,12.25342],[-1.15822,12.25341],[-1.15708,12.25425],[-1.15646,12.25401],[-1.15626,12.25373],[-1.15588,12.25389],[-1.1558,12.25444],[-1.15598,12.25509],[-1.15582,12.25534],[-1.15611,12.25612],[-1.15557,12.25658],[-1.15471,12.25693],[-1.15462,12.25735],[-1.1543,12.2574],[-1.1539,12.25719],[-1.15362,12.25739],[-1.15251,12.25885],[-1.15208,12.2589],[-1.15187,12.25933],[-1.15142,12.25931],[-1.15145,12.25997],[-1.15066,12.25989],[-1.15,12.26009],[-1.14958,12.25996],[-1.14935,12.26011],[-1.14912,12.26069],[-1.1486,12.26084],[-1.14803,12.26132],[-1.14629,12.26117],[-1.14613,12.26142],[-1.1462,12.26172],[-1.14601,12.26183],[-1.14557,12.26165],[-1.14484,12.2618],[-1.1449,12.26151],[-1.14462,12.26118],[-1.14372,12.26089],[-1.14324,12.26027],[-1.14286,12.26016],[-1.14283,12.25989],[-1.14302,12.2596],[-1.14295,12.25913],[-1.14327,12.2591],[-1.14369,12.25861],[-1.14343,12.25834],[-1.14282,12.25847],[-1.14252,12.25817],[-1.14102,12.25789],[-1.13986,12.258],[-1.13933,12.25766],[-1.13835,12.25746],[-1.13807,12.2576],[-1.13783,12.25809]]},"properties":{"name":"","type":"River","flow_regime":"perennial","label":"River"}},{"type":"Feature","geometry":{"type":"LineString","coordinates":[[-1.17318,12.25071],[-1.17292,12.25042],[-1.17191,12.25024],[-1.17177,12.2506],[-1.17116,12.25096],[-1.171,12.25088]]},"properties":{"name":"","type":"River","flow_regime":"perennial","label":"River"}},{"type":"Feature","geometry":{"type":"LineString","coordinates":[[-1.19855,12.24673],[-1.19757,12.24699],[-1.19693,12.24679],[-1.1967,12.24702],[-1.1966,12.24751],[-1.1956,12.24807],[-1.19509,12.24814],[-1.1948,12.24775],[-1.19459,12.24777],[-1.19369,12.24925],[-1.19218,12.24975],[-1.19214,12.25041],[-1.19195,12.25056],[-1.19128,12.25057],[-1.19099,12.25083],[-1.19034,12.25083],[-1.18987,12.25108],[-1.18937,12.25092],[-1.18913,12.25126],[-1.18831,12.25105],[-1.18745,12.25054],[-1.18752,12.25014],[-1.18724,12.25001],[-1.18714,12.24957],[-1.18564,12.249],[-1.18569,12.24885],[-1.1861,12.24871],[-1.1861,12.24856],[-1.18527,12.24783],[-1.18502,12.24784],[-1.18519,12.24828],[-1.18483,12.24897],[-1.18459,12.24906],[-1.1842,12.2481],[-1.18356,12.24795],[-1.18343,12.24854],[-1.18313,12.2486],[-1.18316,12.24807],[-1.18236,12.24744],[-1.18159,12.24759],[-1.18121,12.24784],[-1.17986,12.24765],[-1.17938,12.24811],[-1.17889,12.24824],[-1.17846,12.24876],[-1.17792,12.24875],[-1.17758,12.24849],[-1.17715,12.24868],[-1.17675,12.24854],[-1.1765,12.24884],[-1.17629,12.24868],[-1.17609,12.24883],[-1.17597,12.24852],[-1.1749,12.24857],[-1.17479,12.24885],[-1.17452,12.24888],[-1.17398,12.24966],[-1.17419,12.25007],[-1.17374,12.25066],[-1.17318,12.25071]]},"properties":{"name":"","type":"River","flow_regime":"perennial","label":"River"}},{"type":"Feature","geometry":{"type":"LineString","coordinates":[[-1.18132,12.2478],[-1.18189,12.24854],[-1.18105,12.24884],[-1.18099,12.24926],[-1.18113,12.24941],[-1.18141,12.24938],[-1.18147,12.24992],[-1.18052,12.25105],[-1.18006,12.25104],[-1.17978,12.2508],[-1.17897,12.2508],[-1.17851,12.25063],[-1.17831,12.25024],[-1.17779,12.25015],[-1.17763,12.25039],[-1.1774,12.25027],[-1.17663,12.25039],[-1.17656,12.25066],[-1.17632,12.2503],[-1.17589,12.2504],[-1.17576,12.25051],[-1.17591,12.25077],[-1.17555,12.25092],[-1.17548,12.25123],[-1.17422,12.25188],[-1.17397,12.25179],[-1.17387,12.25128],[-1.17364,12.25161],[-1.17379,12.25183],[-1.17354,12.2519],[-1.17308,12.25148],[-1.17291,12.25211],[-1.17254,12.25203],[-1.17254,12.25173],[-1.17202,12.25196],[-1.17196,12.25182],[-1.17217,12.25167],[-1.17192,12.25153]]},"properties":{"name":"","type":"River","flow_regime":"perennial","label":"River"}},{"type":"Feature","geometry":{"type":"LineString","coordinates":[[-0.49629,11.60932],[-0.50022,11.60659],[-0.50866,11.60208],[-0.51172,11.59912],[-0.51267,11.59586]]},"properties":{"name":"","type":"River","flow_regime":"perennial","label":"River"}},{"type":"Feature","geometry":{"type":"LineString","coordinates":[[-3.23603,9.89658],[-3.23509,9.8971],[-3.23414,9.89686],[-3.23348,9.89734],[-3.23294,9.89709],[-3.23264,9.89731],[-3.2314,9.89703],[-3.23089,9.89653],[-3.23034,9.89686],[-3.23006,9.89668],[-3.22982,9.89602],[-3.22943,9.89585],[-3.22902,9.89613],[-3.22892,9.89654],[-3.2283,9.89676],[-3.22832,9.89722],[-3.22814,9.89745],[-3.22692,9.8978],[-3.22684,9.89795],[-3.2272,9.89842],[-3.22699,9.89862],[-3.22615,9.89822],[-3.22606,9.89753],[-3.22587,9.89751],[-3.22562,9.89779],[-3.2245,9.89777],[-3.22418,9.8971],[-3.22394,9.89704],[-3.22368,9.89765],[-3.22319,9.89763],[-3.22225,9.89863],[-3.22186,9.89947],[-3.2212,9.89957],[-3.22095,9.89947],[-3.22098,9.89869],[-3.22087,9.89862],[-3.21963,9.89938],[-3.21883,9.89951],[-3.21867,9.90043],[-3.21847,9.90061],[-3.21775,9.90065],[-3.21756,9.9008],[-3.21757,9.90105],[-3.21793,9.90147],[-3.21791,9.9017],[-3.217,9.90223],[-3.21642,9.90226],[-3.21561,9.90139],[-3.21524,9.90147],[-3.21491,9.9018],[-3.21504,9.90245],[-3.21461,9.90276],[-3.21439,9.90391],[-3.21495,9.90515],[-3.21482,9.90531],[-3.21425,9.90539],[-3.21387,9.90696],[-3.21317,9.9071],[-3.21172,9.90839],[-3.21115,9.9081],[-3.20958,9.90836],[-3.2091,9.90921],[-3.20916,9.91041],[-3.20872,9.91072],[-3.20795,9.91074],[-3.20775,9.91087],[-3.20785,9.91243],[-3.20863,9.91355],[-3.20833,9.91471],[-3.20883,9.91583],[-3.20846,9.91622],[-3.20823,9.91679],[-3.20837,9.91726],[-3.20801,9.91743],[-3.20735,9.9172],[-3.20707,9.91744],[-3.20704,9.91799],[-3.20656,9.91845],[-3.20721,9.91877],[-3.20732,9.91915],[-3.20716,9.91939],[-3.2066,9.91944],[-3.20555,9.92036],[-3.20531,9.92037],[-3.20515,9.92002],[-3.20494,9.91996],[-3.20465,9.92036],[-3.20395,9.92023],[-3.20309,9.92089],[-3.20234,9.9224],[-3.20232,9.92307],[-3.20202,9.92384],[-3.20213,9.92471],[-3.20246,9.92542],[-3.20236,9.92612],[-3.20258,9.92638],[-3.20161,9.92685],[-3.20157,9.927],[-3.20199,9.92759],[-3.20159,9.92811],[-3.20105,9.92823],[-3.2011,9.92883],[-3.20066,9.92926],[-3.20075,9.92966],[-3.19986,9.93011],[-3.19969,9.93091],[-3.19887,9.93237],[-3.19832,9.93201],[-3.19803,9.93219],[-3.19759,9.93291],[-3.19696,9.933],[-3.19516,9.93387],[-3.19478,9.9342],[-3.19504,9.93489],[-3.19488,9.93515],[-3.19426,9.93501],[-3.19366,9.93511],[-3.19288,9.93566],[-3.19187,9.93479],[-3.1915,9.93467],[-3.19132,9.93473],[-3.19097,9.93548],[-3.19051,9.93575],[-3.18971,9.93577],[-3.18923,9.93552]]},"properties":{"name":"Poni","type":"River","flow_regime":"perennial","label":"Poni"}},{"type":"Feature","geometry":{"type":"LineString","coordinates":[[-4.25792,9.7374],[-4.2581,9.73456],[-4.25911,9.73278],[-4.26126,9.73195],[-4.26194,9.73136],[-4.26331,9.7319],[-4.26425,9.73205],[-4.2652,9.73205],[-4.26636,9.73173],[-4.26718,9.73113],[-4.26803,9.73087],[-4.26825,9.73023],[-4.26931,9.73001],[-4.26995,9.72967],[-4.27019,9.72932],[-4.27024,9.728],[-4.2701,9.72784],[-4.26904,9.7277],[-4.26875,9.72736],[-4.26885,9.72609],[-4.2687,9.72538],[-4.26804,9.72422],[-4.26751,9.72275],[-4.26648,9.72207],[-4.26624,9.72175],[-4.26618,9.72131],[-4.26644,9.72071],[-4.26627,9.71985],[-4.26707,9.71943],[-4.26713,9.71897],[-4.26705,9.71853],[-4.2663,9.71773],[-4.26588,9.71696],[-4.26566,9.71548],[-4.26586,9.71479],[-4.26678,9.71413],[-4.26716,9.71333],[-4.26704,9.71222],[-4.26644,9.71133],[-4.26726,9.71019],[-4.26764,9.70892],[-4.26831,9.70886],[-4.26849,9.70905],[-4.26877,9.71017],[-4.26924,9.71018],[-4.27046,9.70984],[-4.27134,9.70937],[-4.27203,9.70927],[-4.27261,9.70848],[-4.27355,9.70776],[-4.27378,9.70738],[-4.27383,9.70478],[-4.2737,9.70436],[-4.2719,9.70129],[-4.27134,9.69971],[-4.27057,9.69865],[-4.27046,9.69823],[-4.27098,9.69525],[-4.27222,9.69354],[-4.27289,9.69369],[-4.27346,9.69323],[-4.27367,9.69281],[-4.27438,9.69273],[-4.27524,9.69314],[-4.27547,9.69354],[-4.27556,9.69472],[-4.27576,9.69515],[-4.27686,9.69555],[-4.27722,9.69588],[-4.27765,9.69693],[-4.27833,9.69706],[-4.27916,9.69752],[-4.28002,9.69714],[-4.28104,9.69593],[-4.28098,9.6948],[-4.28116,9.69246],[-4.28066,9.6909],[-4.28063,9.68999],[-4.28112,9.6896],[-4.28123,9.68916],[-4.28115,9.68875],[-4.28075,9.68819],[-4.27957,9.68779],[-4.27862,9.68758],[-4.27745,9.68761],[-4.27665,9.68801],[-4.2751,9.68706],[-4.27418,9.68482],[-4.27451,9.68308],[-4.27404,9.68226],[-4.27396,9.68087],[-4.2744,9.67822],[-4.275,9.6778],[-4.27738,9.67758],[-4.27858,9.67723],[-4.27936,9.67663],[-4.28132,9.67421],[-4.2817,9.67391],[-4.28276,9.67352],[-4.28288,9.67333],[-4.2828,9.67289],[-4.28299,9.67274],[-4.28408,9.67247],[-4.28581,9.67316],[-4.2868,9.67266],[-4.2871,9.67182],[-4.28718,9.66981],[-4.28576,9.66741],[-4.28532,9.66427],[-4.28478,9.66355],[-4.28334,9.66281],[-4.28289,9.66268],[-4.28229,9.66287],[-4.28208,9.6628],[-4.28149,9.66141],[-4.28159,9.66097],[-4.28219,9.66052],[-4.28463,9.65977],[-4.28533,9.65856],[-4.28689,9.65711],[-4.28706,9.65671],[-4.28688,9.65586],[-4.2874,9.65539],[-4.28785,9.65434],[-4.28782,9.65388],[-4.28744,9.65332],[-4.28659,9.65271],[-4.28628,9.65215],[-4.28626,9.6517],[-4.28721,9.65099],[-4.28739,9.65036],[-4.28678,9.64976],[-4.28594,9.64944],[-4.28552,9.64893],[-4.2855,9.64625],[-4.28539,9.64607],[-4.28467,9.64594],[-4.28365,9.64549],[-4.28385,9.64447],[-4.28366,9.64353],[-4.28387,9.64266],[-4.28369,9.64159],[-4.28381,9.64066],[-4.28494,9.63863],[-4.28575,9.63612],[-4.28586,9.63483],[-4.28665,9.63487],[-4.2872,9.63533],[-4.28768,9.63535],[-4.28962,9.63456],[-4.28994,9.63417],[-4.28936,9.63332],[-4.28933,9.63299],[-4.29108,9.63071],[-4.29166,9.62967],[-4.29166,9.62926],[-4.29085,9.62738],[-4.29055,9.62625],[-4.2905,9.62514],[-4.29073,9.62428],[-4.29074,9.62317],[-4.29303,9.62082],[-4.29342,9.6198],[-4.29351,9.61847],[-4.29439,9.61803],[-4.29778,9.61754],[-4.29882,9.61659],[-4.29967,9.61624],[-4.30002,9.61581],[-4.30017,9.61501],[-4.29943,9.6132],[-4.29932,9.61257],[-4.30004,9.61243],[-4.3007,9.61267],[-4.30143,9.61265],[-4.30184,9.61185],[-4.30222,9.61044],[-4.30175,9.60925],[-4.30102,9.60842],[-4.30108,9.6082],[-4.30172,9.60795],[-4.30346,9.60773],[-4.30387,9.6075],[-4.3043,9.60672],[-4.30374,9.60608],[-4.30346,9.60528],[-4.30411,9.60466],[-4.30456,9.60462],[-4.30585,9.60526],[-4.3063,9.6053],[-4.30774,9.60507],[-4.30952,9.60441],[-4.30999,9.60367],[-4.31042,9.60244],[-4.31151,9.6016],[-4.31162,9.60117],[-4.31113,9.60041],[-4.3093,9.59912],[-4.30904,9.59834],[-4.30926,9.59796],[-4.31117,9.59791],[-4.31293,9.59672]]},"properties":{"name":"","type":"River","flow_regime":"perennial","label":"River"}},{"type":"Feature","geometry":{"type":"LineString","coordinates":[[-4.95817,9.9255],[-4.95841,9.92478],[-4.95832,9.92406],[-4.9576,9.92318],[-4.95686,9.92121],[-4.95655,9.92007],[-4.95683,9.91951],[-4.9574,9.91909],[-4.96261,9.91771],[-4.96572,9.91596],[-4.96841,9.9141],[-4.96878,9.91369],[-4.96828,9.90769],[-4.96797,9.90662],[-4.96806,9.9059],[-4.96974,9.90453],[-4.97024,9.90343],[-4.96992,9.90148],[-4.97039,9.90107],[-4.97049,9.89982],[-4.96939,9.89787],[-4.96843,9.8973],[-4.96747,9.89629],[-4.96694,9.89485],[-4.96694,9.8921],[-4.96562,9.89106],[-4.96379,9.89056],[-4.96285,9.88999],[-4.95843,9.88577],[-4.95487,9.8831],[-4.95388,9.88269],[-4.95182,9.88273],[-4.94587,9.88174],[-4.94286,9.88053],[-4.941,9.87938],[-4.93955,9.87744],[-4.93863,9.87534],[-4.93647,9.87319],[-4.9301,9.86839],[-4.92875,9.86835],[-4.92786,9.86869],[-4.92742,9.86932],[-4.92709,9.8716],[-4.92753,9.87348],[-4.92864,9.87532],[-4.93043,9.87766],[-4.93106,9.87939],[-4.93102,9.88044],[-4.92912,9.88317],[-4.92852,9.88385],[-4.92532,9.88599],[-4.92189,9.88713],[-4.9199,9.88743],[-4.91816,9.88821],[-4.9166,9.8892],[-4.91424,9.88993],[-4.91377,9.89056],[-4.91257,9.89123],[-4.91112,9.89129],[-4.9091,9.89096],[-4.90476,9.88982],[-4.90253,9.88867],[-4.8989,9.8859],[-4.89852,9.88502],[-4.89837,9.88315],[-4.89851,9.88181],[-4.89813,9.87853],[-4.89771,9.8769],[-4.89735,9.87652],[-4.89642,9.87627],[-4.89433,9.87811],[-4.89308,9.87817],[-4.89237,9.87885],[-4.89089,9.87951],[-4.89038,9.87944],[-4.88948,9.87849],[-4.88887,9.8785],[-4.88802,9.87945],[-4.88752,9.88046],[-4.88697,9.88102],[-4.88674,9.88151],[-4.88627,9.88183],[-4.88523,9.88129],[-4.88461,9.88126],[-4.88349,9.88083],[-4.88037,9.87911],[-4.88,9.87878],[-4.87989,9.87831],[-4.88024,9.87675],[-4.87956,9.87605],[-4.87869,9.87688],[-4.87664,9.87657],[-4.8762,9.87663],[-4.87531,9.87637],[-4.87571,9.87306],[-4.87528,9.87091],[-4.87423,9.87],[-4.87358,9.87028]]},"properties":{"name":"L\u00e9raba","type":"River","flow_regime":"perennial","label":"L\u00e9raba"}},{"type":"Feature","geometry":{"type":"LineString","coordinates":[[-4.6979,9.68554],[-4.69597,9.68521],[-4.69288,9.68524],[-4.6922,9.68499],[-4.69137,9.68401],[-4.69117,9.68321],[-4.6914,9.68264],[-4.69151,9.6803],[-4.69145,9.67965],[-4.69111,9.67897],[-4.69063,9.67847],[-4.68765,9.67745],[-4.68726,9.67745],[-4.68556,9.67846],[-4.68427,9.67838],[-4.67986,9.67949],[-4.67846,9.68035],[-4.67557,9.68105],[-4.67473,9.68146],[-4.67303,9.68347],[-4.67188,9.6842],[-4.66563,9.68677],[-4.66274,9.68738],[-4.66036,9.68845],[-4.65962,9.68847],[-4.65917,9.68816],[-4.65865,9.68736],[-4.65761,9.68673],[-4.65626,9.6866],[-4.65574,9.68681],[-4.65513,9.68825],[-4.65424,9.6895],[-4.65387,9.69032],[-4.65379,9.69245],[-4.6535,9.69364],[-4.65145,9.69684],[-4.65121,9.69774],[-4.65121,9.69848],[-4.65153,9.69971],[-4.65133,9.70102],[-4.65059,9.70319],[-4.65092,9.70631],[-4.65059,9.70709],[-4.65043,9.70963],[-4.64977,9.71074],[-4.64883,9.71119],[-4.64706,9.71086],[-4.64624,9.71148],[-4.64542,9.7125],[-4.64415,9.71312],[-4.64333,9.71312],[-4.64095,9.7114],[-4.63923,9.71086],[-4.63849,9.71025],[-4.63734,9.70684],[-4.63607,9.70602],[-4.63451,9.7057],[-4.63181,9.70553],[-4.62951,9.70492],[-4.62832,9.70447],[-4.62717,9.70348],[-4.62623,9.70315],[-4.62492,9.70295],[-4.62375,9.70249],[-4.62177,9.70251],[-4.62065,9.70301],[-4.62005,9.70504],[-4.61741,9.70866],[-4.6159,9.71381],[-4.61531,9.71639],[-4.61469,9.71701],[-4.61419,9.7185],[-4.61405,9.72056],[-4.61441,9.72149],[-4.61451,9.72266],[-4.61344,9.72456],[-4.61272,9.72501],[-4.61183,9.72509],[-4.61074,9.72493],[-4.60975,9.72453],[-4.60888,9.72366],[-4.60867,9.72308],[-4.60699,9.72092],[-4.60544,9.71934],[-4.60487,9.71905],[-4.60064,9.71889],[-4.59964,9.71873],[-4.59897,9.71827],[-4.59744,9.71509],[-4.5965,9.71378],[-4.59395,9.71181],[-4.59154,9.71136],[-4.59072,9.71103],[-4.58998,9.71021],[-4.58907,9.70865],[-4.58858,9.70574],[-4.58825,9.705],[-4.58626,9.70259]]},"properties":{"name":"L\u00e9raba","type":"River","flow_regime":"perennial","label":"L\u00e9raba"}},{"type":"Feature","geometry":{"type":"LineString","coordinates":[[-5.07312,10.11572],[-5.07347,10.11278],[-5.07339,10.11191],[-5.07221,10.10997],[-5.07124,10.10895],[-5.07025,10.10685],[-5.06984,10.10654],[-5.06886,10.10626],[-5.06663,10.10688],[-5.06517,10.10763],[-5.06296,10.10796],[-5.06068,10.10796],[-5.05727,10.10624],[-5.05588,10.10588],[-5.05172,10.10575],[-5.04769,10.10442],[-5.04652,10.10444],[-5.04499,10.10494],[-5.04338,10.10596],[-5.0425,10.10784],[-5.04193,10.10868],[-5.04025,10.10874],[-5.03934,10.10926],[-5.03842,10.10857],[-5.03814,10.10762],[-5.03929,10.10466],[-5.03956,10.10323],[-5.03954,10.10236],[-5.04014,10.10133],[-5.04067,10.10078],[-5.04216,10.10048],[-5.04315,10.09992],[-5.04459,10.0996],[-5.04566,10.09877],[-5.04685,10.09761],[-5.04743,10.09665],[-5.04906,10.09589],[-5.04932,10.09535],[-5.05104,10.09379],[-5.05184,10.09278],[-5.05302,10.09181],[-5.05423,10.09001],[-5.05527,10.08928],[-5.05595,10.08786],[-5.05563,10.08327],[-5.05545,10.08293],[-5.05412,10.08265],[-5.05237,10.08294],[-5.05041,10.08489],[-5.04939,10.08556],[-5.04647,10.08624],[-5.04599,10.08689],[-5.04559,10.08696],[-5.04374,10.08652],[-5.04329,10.08585],[-5.04267,10.08432],[-5.04157,10.08425],[-5.04025,10.08514],[-5.03857,10.08416],[-5.03826,10.08383],[-5.03829,10.08348],[-5.03773,10.08344],[-5.0379,10.08257],[-5.03667,10.08195],[-5.03531,10.08202],[-5.03442,10.08277],[-5.03327,10.08461],[-5.03132,10.08802],[-5.03111,10.08942],[-5.02971,10.09154],[-5.02835,10.0923],[-5.0278,10.09342],[-5.02778,10.09473],[-5.027,10.09523],[-5.0256,10.09534],[-5.02493,10.09606],[-5.02383,10.09838],[-5.02248,10.09924],[-5.02143,10.09947],[-5.02083,10.09891],[-5.02075,10.09845],[-5.02036,10.09851],[-5.01955,10.099],[-5.0191,10.09985],[-5.01902,10.10083],[-5.01699,10.10161],[-5.01407,10.10227],[-5.01106,10.10171],[-5.0081,10.10179],[-5.00551,10.10319],[-5.00363,10.10496],[-5.0013,10.10644],[-4.99962,10.1074],[-4.99917,10.1071],[-4.99956,10.10521],[-4.99912,10.10383],[-5.00009,10.10131],[-5.00075,10.09775],[-5.00064,10.09644],[-5.00089,10.09571],[-5.00256,10.09347],[-5.00425,10.09062],[-5.00385,10.08963],[-5.00341,10.0894],[-5.00327,10.08908],[-5.00343,10.0884],[-5.00392,10.08755],[-5.00568,10.08679],[-5.006,10.08529],[-5.00842,10.08332],[-5.00986,10.08305],[-5.01088,10.08188],[-5.01056,10.08039],[-5.01137,10.07955],[-5.01223,10.07921],[-5.01362,10.07916],[-5.01406,10.07832],[-5.01373,10.07576],[-5.0146,10.07443],[-5.01522,10.07381],[-5.0153,10.07325],[-5.0151,10.0725],[-5.01409,10.07122],[-5.0106,10.06757],[-5.00992,10.06626],[-5.00913,10.06517],[-5.00843,10.0649],[-5.00713,10.0648],[-5.00631,10.06447],[-5.00553,10.0634],[-5.00484,10.06329],[-5.00196,10.06415],[-4.99561,10.06519],[-4.99462,10.06498],[-4.99303,10.06314],[-4.99256,10.06306],[-4.99101,10.06339],[-4.99,10.06276],[-4.98859,10.061],[-4.98766,10.06027],[-4.98661,10.05864],[-4.98651,10.05758],[-4.98738,10.05365],[-4.98722,10.05222],[-4.98645,10.05132],[-4.9852,10.05059],[-4.97878,10.04956],[-4.97705,10.0486],[-4.97431,10.04844],[-4.97268,10.04777],[-4.97178,10.04685],[-4.96955,10.04196],[-4.96897,10.03876],[-4.9698,10.03438],[-4.96932,10.03266],[-4.96827,10.03122],[-4.96753,10.02943],[-4.96494,10.02707],[-4.96315,10.02588],[-4.96216,10.02582],[-4.96152,10.02505],[-4.96124,10.02269],[-4.96175,10.02167],[-4.96344,10.01978],[-4.96319,10.01789],[-4.96124,10.01345],[-4.96009,10.01205],[-4.9597,10.01083],[-4.95977,10.00939],[-4.96012,10.0084],[-4.9629,10.00649],[-4.9644,10.00591],[-4.9667,10.00604],[-4.96977,10.00684],[-4.97306,10.0069],[-4.97447,10.00728],[-4.97523,10.0078],[-4.97817,10.01128],[-4.97952,10.01195],[-4.98115,10.01364],[-4.9821,10.01406],[-4.98325,10.01396],[-4.98421,10.0131],[-4.98578,10.01016],[-4.98578,10.00946],[-4.9853,10.00898],[-4.98335,10.00796],[-4.9815,10.00671],[-4.98121,10.00578],[-4.98137,10.00495],[-4.98443,10.00093],[-4.98529,10.0001],[-4.98605,9.99759],[-4.98655,9.99524],[-4.98677,9.99092],[-4.98536,9.98677],[-4.98453,9.98467],[-4.98386,9.98383],[-4.98134,9.98182],[-4.97907,9.97942],[-4.97837,9.97923],[-4.97734,9.97945],[-4.97511,9.97936],[-4.97143,9.97865],[-4.96542,9.97699],[-4.96303,9.97616],[-4.95954,9.97597],[-4.95906,9.97527],[-4.959,9.97408],[-4.95996,9.96891],[-4.95993,9.96708],[-4.95973,9.966],[-4.95887,9.96498],[-4.95673,9.96411],[-4.95264,9.9613],[-4.95149,9.96082],[-4.94999,9.95932],[-4.94874,9.95922],[-4.94666,9.95945],[-4.94548,9.9589],[-4.94305,9.95737],[-4.9405,9.95456],[-4.94008,9.95357],[-4.94015,9.95248],[-4.94059,9.95181],[-4.94241,9.95069],[-4.94519,9.94823],[-4.94654,9.94641],[-4.9482,9.94551],[-4.94941,9.94532],[-4.95008,9.94567],[-4.95619,9.94574],[-4.95865,9.94606],[-4.96012,9.94692],[-4.96188,9.94734],[-4.96299,9.94679],[-4.96357,9.94615],[-4.96373,9.94513],[-4.96319,9.94219],[-4.96274,9.94024],[-4.96117,9.93695],[-4.96124,9.93567],[-4.96076,9.93494],[-4.9581,9.93321],[-4.95732,9.93068],[-4.95764,9.92703],[-4.95817,9.9255]]},"properties":{"name":"La L\u00e9raba","type":"River","flow_regime":"perennial","label":"La L\u00e9raba"}},{"type":"Feature","geometry":{"type":"LineString","coordinates":[[-4.7319,10.78101],[-4.7324,10.7769],[-4.73224,10.77376],[-4.72967,10.77171],[-4.72383,10.76158],[-4.71958,10.75336],[-4.71759,10.75214],[-4.71745,10.75088],[-4.71666,10.75044],[-4.7159,10.74953],[-4.71595,10.74849],[-4.71537,10.74788],[-4.71453,10.7477],[-4.714,10.74675],[-4.7133,10.74605],[-4.71298,10.74482],[-4.714,10.74516],[-4.71435,10.74466],[-4.7145,10.74391],[-4.71279,10.74074],[-4.71145,10.74],[-4.71125,10.73972],[-4.71117,10.73881],[-4.71038,10.73746],[-4.70854,10.73706],[-4.70836,10.73682],[-4.70827,10.73596],[-4.70806,10.73566],[-4.7066,10.7346],[-4.70591,10.73385],[-4.70583,10.73341],[-4.70563,10.73329],[-4.7045,10.73098],[-4.70464,10.7307],[-4.70528,10.73081],[-4.70577,10.73055],[-4.7058,10.7291],[-4.70601,10.72803],[-4.70719,10.7268],[-4.70722,10.72623],[-4.70755,10.72617],[-4.7076,10.72642],[-4.70794,10.7265],[-4.7084,10.72635],[-4.70861,10.72608],[-4.70836,10.72585]]},"properties":{"name":"Como\u00e9","type":"River","flow_regime":"perennial","label":"Como\u00e9"}},{"type":"Feature","geometry":{"type":"LineString","coordinates":[[-4.27038,9.77982],[-4.26866,9.78003],[-4.26821,9.78037],[-4.26761,9.78155],[-4.26645,9.78248],[-4.26561,9.78246],[-4.26435,9.78217],[-4.26308,9.78288],[-4.26124,9.78339],[-4.26104,9.78295],[-4.26117,9.78253],[-4.26074,9.78229],[-4.26027,9.78259],[-4.25873,9.7824],[-4.25838,9.78214],[-4.25828,9.78172],[-4.25682,9.78043],[-4.256,9.7787],[-4.25585,9.77781],[-4.25688,9.77618],[-4.25583,9.77546],[-4.25617,9.77411],[-4.25611,9.77337],[-4.2551,9.7729],[-4.25439,9.77288],[-4.25366,9.77138],[-4.2531,9.76906],[-4.25212,9.76912],[-4.25175,9.76889],[-4.2507,9.76705],[-4.25034,9.76669],[-4.2495,9.76652],[-4.24907,9.76565],[-4.24793,9.76552],[-4.24757,9.76506],[-4.24806,9.76375],[-4.24976,9.76165],[-4.25051,9.76106],[-4.25109,9.75967],[-4.25274,9.75855],[-4.25366,9.75698],[-4.25462,9.75716],[-4.25483,9.75658],[-4.25538,9.75649],[-4.25561,9.75506],[-4.25611,9.75395],[-4.25645,9.75373],[-4.25688,9.7538],[-4.25748,9.75419],[-4.25795,9.75487],[-4.25804,9.75568],[-4.25877,9.7563],[-4.25979,9.7561],[-4.26053,9.75574],[-4.26125,9.75584],[-4.26219,9.75632],[-4.26261,9.75679],[-4.26272,9.75808],[-4.26297,9.75859],[-4.26293,9.75883],[-4.26243,9.75882],[-4.26216,9.75932],[-4.26235,9.75986],[-4.26354,9.76083],[-4.26401,9.76108],[-4.26481,9.76026],[-4.26554,9.76036],[-4.26627,9.75995],[-4.26639,9.75943],[-4.26596,9.75811],[-4.26597,9.75711],[-4.26633,9.7555],[-4.26682,9.75484],[-4.26701,9.7531],[-4.26729,9.75249],[-4.2671,9.75193],[-4.26737,9.7514],[-4.26824,9.74997],[-4.27073,9.748],[-4.27147,9.74768],[-4.27148,9.74665],[-4.27184,9.74618],[-4.27237,9.74582],[-4.27273,9.74497],[-4.27334,9.74501],[-4.27356,9.74528],[-4.27464,9.74463],[-4.27531,9.74341],[-4.27532,9.74253],[-4.27614,9.742],[-4.2766,9.74149],[-4.27673,9.74096],[-4.27669,9.74041],[-4.27496,9.73931],[-4.27474,9.73903],[-4.27409,9.73726],[-4.27354,9.73639],[-4.2728,9.73585],[-4.27126,9.73532],[-4.2684,9.73535],[-4.26673,9.73556],[-4.26598,9.73575],[-4.26525,9.73646],[-4.26465,9.73661],[-4.26409,9.73664],[-4.26344,9.73613],[-4.26257,9.73613],[-4.2619,9.73689],[-4.26101,9.73685],[-4.26051,9.73724],[-4.25993,9.73712],[-4.25964,9.73741],[-4.25818,9.73724],[-4.25792,9.7374]]},"properties":{"name":"","type":"River","flow_regime":"perennial","label":"River"}},{"type":"Feature","geometry":{"type":"LineString","coordinates":[[-3.28183,9.85615],[-3.28095,9.85588],[-3.28056,9.85506],[-3.2803,9.85488],[-3.28021,9.85434],[-3.27966,9.85399],[-3.27952,9.85328],[-3.27904,9.85332],[-3.27868,9.8528],[-3.27845,9.85274],[-3.27834,9.85226],[-3.27842,9.85148],[-3.27801,9.85096],[-3.27744,9.8506],[-3.27683,9.84864],[-3.27654,9.8483],[-3.2753,9.84735],[-3.27471,9.8471],[-3.27404,9.84744],[-3.27363,9.84789],[-3.27339,9.8475],[-3.27299,9.84735],[-3.27234,9.84757],[-3.27217,9.84741],[-3.2722,9.84675],[-3.27186,9.8465],[-3.27175,9.84605],[-3.27154,9.84594],[-3.27131,9.84594],[-3.27064,9.84642]]},"properties":{"name":"Poni","type":"River","flow_regime":"perennial","label":"Poni"}},{"type":"Feature","geometry":{"type":"LineString","coordinates":[[-4.57544,11.38831],[-4.57484,11.3884]]},"properties":{"name":"","type":"River","flow_regime":"perennial","label":"River"}},{"type":"Feature","geometry":{"type":"LineString","coordinates":[[-4.69881,11.53561],[-4.69913,11.53492],[-4.69899,11.53444],[-4.69862,11.53413],[-4.69843,11.5332],[-4.69868,11.53289],[-4.6986,11.53254],[-4.69773,11.53177],[-4.69769,11.53122],[-4.69672,11.5303],[-4.6965,11.52953],[-4.69572,11.52923],[-4.69431,11.52919],[-4.694,11.52903],[-4.69374,11.52857],[-4.694,11.52801],[-4.69393,11.52785],[-4.69243,11.52838],[-4.69233,11.52831],[-4.69208,11.52696],[-4.69121,11.52613],[-4.69077,11.52508],[-4.69087,11.52456],[-4.6905,11.52373],[-4.69105,11.52257],[-4.69107,11.52222],[-4.69073,11.5219],[-4.68944,11.52134],[-4.68908,11.52135],[-4.68847,11.52097],[-4.68818,11.52042],[-4.68737,11.52008],[-4.686,11.51881],[-4.68568,11.51801],[-4.68407,11.51535],[-4.68198,11.51395]]},"properties":{"name":"","type":"River","flow_regime":"perennial","label":"River"}},{"type":"Feature","geometry":{"type":"LineString","coordinates":[[-3.75964,10.18738],[-3.74269,10.18491],[-3.73506,10.17587],[-3.73323,10.16686],[-3.727,10.15951],[-3.7266,10.14964],[-3.72866,10.14478],[-3.73297,10.1416],[-3.73156,10.13181],[-3.74136,10.12025],[-3.74393,10.11366],[-3.74518,10.10618],[-3.74838,10.09954],[-3.75137,10.09634],[-3.753,10.09214],[-3.75332,10.08598],[-3.75415,10.07917],[-3.75452,10.07894],[-3.75442,10.07842],[-3.75497,10.07771],[-3.75461,10.07699],[-3.75504,10.07696],[-3.75512,10.07683],[-3.75478,10.07642],[-3.7551,10.07569],[-3.7548,10.07554],[-3.75487,10.07528],[-3.75456,10.07522],[-3.7546,10.07504],[-3.75515,10.07501],[-3.7552,10.07487],[-3.75504,10.07471],[-3.75475,10.07489],[-3.75456,10.07479],[-3.75513,10.07375],[-3.75503,10.07313],[-3.75521,10.07287],[-3.75464,10.07244],[-3.75472,10.07208],[-3.75432,10.07205],[-3.75422,10.07182],[-3.75455,10.07135],[-3.75518,10.07152],[-3.75542,10.0712],[-3.75599,10.07132],[-3.75614,10.07122],[-3.75598,10.07034],[-3.7561,10.07015],[-3.75647,10.0703],[-3.75664,10.07],[-3.75626,10.06963],[-3.75635,10.06932],[-3.75623,10.06895],[-3.75659,10.06854],[-3.75484,10.06191],[-3.75453,10.05629],[-3.74917,10.05152],[-3.74726,10.04234],[-3.74104,10.03516],[-3.73722,10.02817],[-3.73728,10.02198],[-3.73851,10.01566],[-3.74086,10.01122],[-3.74432,10.00749],[-3.74261,10.00464],[-3.7411,9.99985],[-3.74047,9.99661],[-3.73763,9.99289],[-3.73516,9.98907],[-3.7316,9.987],[-3.72806,9.98295],[-3.72454,9.97709],[-3.72585,9.97115],[-3.72269,9.96598],[-3.71916,9.96062],[-3.71718,9.94102],[-3.71642,9.93994],[-3.71527,9.93936],[-3.71504,9.93866],[-3.71459,9.93822],[-3.71434,9.93675],[-3.71401,9.93618],[-3.71388,9.93553],[-3.71423,9.93533],[-3.71492,9.93544],[-3.71513,9.93534],[-3.71512,9.93513],[-3.71481,9.93483],[-3.71471,9.93441],[-3.71427,9.93427],[-3.71369,9.93358],[-3.71354,9.93316],[-3.71374,9.93265],[-3.71306,9.93268],[-3.71248,9.93241],[-3.71221,9.93184],[-3.71232,9.93102],[-3.70976,9.93075],[-3.7097,9.93034],[-3.7101,9.92957],[-3.71009,9.92855],[-3.70919,9.92792],[-3.70869,9.92723],[-3.70847,9.9266],[-3.70779,9.92604],[-3.70866,9.92582],[-3.70873,9.92519],[-3.7081,9.92506],[-3.70784,9.9247],[-3.70744,9.92486],[-3.70731,9.92467],[-3.7075,9.92427],[-3.70801,9.92383],[-3.70795,9.92316],[-3.70813,9.92283],[-3.70926,9.92251],[-3.71041,9.92248],[-3.7109,9.92202],[-3.71095,9.92157],[-3.71074,9.92154],[-3.71031,9.9216],[-3.70984,9.92208],[-3.70941,9.92208],[-3.70914,9.92103],[-3.70933,9.92042],[-3.70975,9.92051],[-3.71017,9.92035],[-3.7104,9.91973],[-3.71174,9.91931],[-3.71197,9.91909],[-3.71171,9.91782],[-3.7114,9.91751],[-3.7113,9.91663],[-3.71094,9.91595],[-3.71095,9.91548],[-3.70956,9.91438],[-3.70942,9.91397],[-3.70951,9.91368],[-3.71016,9.91342],[-3.71029,9.91301],[-3.71062,9.91268],[-3.71053,9.91206],[-3.71124,9.91206],[-3.71162,9.9118],[-3.71224,9.91197],[-3.71302,9.91149],[-3.71369,9.91133],[-3.71432,9.91154],[-3.71453,9.91147],[-3.71449,9.91104],[-3.71467,9.9109],[-3.71515,9.91088],[-3.71528,9.9107],[-3.71502,9.90934],[-3.71472,9.90927],[-3.71431,9.90875],[-3.71367,9.90885],[-3.71309,9.90918],[-3.7127,9.90895],[-3.71276,9.9085],[-3.71327,9.90777],[-3.71445,9.90766],[-3.71514,9.90742],[-3.71585,9.90744],[-3.71654,9.90686],[-3.71649,9.90555],[-3.71628,9.90515],[-3.71691,9.90447],[-3.71724,9.90321],[-3.71732,9.90181],[-3.7182,9.90093],[-3.71909,9.90076],[-3.71941,9.89995],[-3.71987,9.89987],[-3.71995,9.90049],[-3.7208,9.90087],[-3.72183,9.90026],[-3.72205,9.90028],[-3.72238,9.90061],[-3.72254,9.90047],[-3.72236,9.90011],[-3.72235,9.89945],[-3.72321,9.8981],[-3.7239,9.89819],[-3.72419,9.8985],[-3.72346,9.89903],[-3.72337,9.89923],[-3.72353,9.89955],[-3.72437,9.89929],[-3.72475,9.89966],[-3.72508,9.89972],[-3.7257,9.89924],[-3.72625,9.89925],[-3.7268,9.89862],[-3.72683,9.8971],[-3.72642,9.89704],[-3.72625,9.89674],[-3.72637,9.89654],[-3.7275,9.89645],[-3.72818,9.89699],[-3.72844,9.89676],[-3.72838,9.89626],[-3.72755,9.89431],[-3.72685,9.89376]]},"properties":{"name":"","type":"River","flow_regime":"perennial","label":"River"}},{"type":"Feature","geometry":{"type":"LineString","coordinates":[[-4.82356,10.72734],[-4.82412,10.72585],[-4.82274,10.72336],[-4.82154,10.72173],[-4.82148,10.72121]]},"properties":{"name":"Como\u00e9","type":"River","flow_regime":"perennial","label":"Como\u00e9"}},{"type":"Feature","geometry":{"type":"LineString","coordinates":[[-4.93858,10.76188],[-4.9381,10.76103],[-4.9376,10.76092],[-4.93716,10.75965],[-4.93581,10.75827],[-4.93375,10.75657],[-4.93288,10.7553],[-4.93254,10.75595],[-4.93208,10.75581],[-4.93151,10.75468],[-4.93185,10.75382],[-4.93176,10.7533],[-4.9315,10.75286],[-4.93136,10.75188],[-4.93053,10.75135],[-4.93045,10.75109],[-4.9304,10.74989],[-4.93062,10.74902],[-4.93024,10.74776],[-4.93095,10.74493],[-4.93156,10.7445],[-4.93234,10.74338],[-4.93255,10.74263],[-4.93236,10.74088],[-4.93204,10.74031],[-4.93202,10.73897],[-4.9314,10.73738],[-4.93114,10.73706],[-4.92824,10.73793],[-4.92741,10.73789],[-4.92567,10.73708],[-4.92522,10.73662],[-4.92349,10.73666],[-4.92272,10.73645],[-4.92226,10.73612],[-4.92227,10.7358],[-4.92145,10.73493],[-4.92078,10.73463],[-4.92045,10.73482],[-4.9199,10.73482],[-4.91947,10.73463],[-4.91924,10.73431],[-4.91862,10.73416],[-4.91789,10.73333],[-4.91702,10.73302],[-4.91613,10.73191],[-4.91596,10.73118],[-4.91467,10.7303],[-4.91427,10.73028],[-4.91367,10.72957],[-4.91127,10.72921],[-4.90943,10.72854],[-4.90812,10.72786],[-4.90737,10.72776],[-4.90661,10.72795],[-4.90534,10.72959],[-4.90499,10.7303],[-4.90454,10.73071],[-4.904,10.73047],[-4.90338,10.73054],[-4.90263,10.73115],[-4.90058,10.7319],[-4.8998,10.73171],[-4.8985,10.73195],[-4.8971,10.73172],[-4.89555,10.73107],[-4.89339,10.72959],[-4.89287,10.72939],[-4.89184,10.72996],[-4.891,10.73014],[-4.88871,10.73024],[-4.88762,10.72987],[-4.88665,10.72989],[-4.8854,10.72959],[-4.88412,10.73024],[-4.88412,10.73041],[-4.88325,10.73103],[-4.88257,10.73108],[-4.88045,10.7318],[-4.8782,10.73327],[-4.87748,10.73351],[-4.87713,10.73348],[-4.877,10.7333],[-4.87656,10.73339],[-4.87636,10.7338],[-4.87409,10.73538],[-4.87212,10.73592],[-4.87125,10.73589],[-4.87044,10.73632],[-4.86945,10.73642],[-4.86931,10.73665],[-4.86877,10.73659],[-4.8686,10.73639],[-4.86697,10.73615],[-4.86689,10.73594],[-4.86661,10.73586],[-4.86538,10.73642],[-4.86411,10.73656],[-4.86307,10.73646],[-4.86232,10.7371],[-4.8623,10.73777],[-4.86133,10.73784],[-4.86118,10.73758],[-4.8608,10.73745],[-4.85839,10.73733],[-4.8572,10.73804],[-4.85531,10.73887],[-4.85355,10.7389],[-4.85157,10.7383],[-4.85001,10.73859],[-4.84877,10.73903],[-4.84525,10.73911],[-4.84416,10.73905],[-4.84181,10.73787],[-4.84068,10.7377],[-4.83928,10.73682],[-4.83784,10.73627],[-4.83774,10.73553],[-4.83725,10.73465],[-4.83671,10.73417],[-4.83628,10.73299],[-4.83623,10.73246],[-4.83647,10.732],[-4.83594,10.73136],[-4.83551,10.73135],[-4.8355,10.73104],[-4.83422,10.73103],[-4.83211,10.73216],[-4.82913,10.73273],[-4.82856,10.73245],[-4.82865,10.73174],[-4.82821,10.7312],[-4.82763,10.73146],[-4.82601,10.73085],[-4.82484,10.73069],[-4.82432,10.73005],[-4.82317,10.72921],[-4.82289,10.72849],[-4.82296,10.72815],[-4.82356,10.72734]]},"properties":{"name":"Como\u00e9","type":"River","flow_regime":"perennial","label":"Como\u00e9"}},{"type":"Feature","geometry":{"type":"LineString","coordinates":[[-1.20276,12.32537],[-1.20153,12.32286],[-1.2018,12.32239],[-1.20165,12.32032],[-1.2009,12.32038],[-1.20085,12.32074],[-1.20023,12.3213],[-1.20027,12.32171],[-1.19966,12.32186],[-1.19925,12.32146],[-1.19936,12.31989],[-1.19852,12.31954],[-1.19784,12.31985],[-1.19788,12.31923],[-1.19893,12.31868],[-1.19902,12.318],[-1.20011,12.31713],[-1.19998,12.31661],[-1.19942,12.31583],[-1.19792,12.31459],[-1.1977,12.31292],[-1.19719,12.31174],[-1.19618,12.31166],[-1.19644,12.31086],[-1.19586,12.31059],[-1.19523,12.31097],[-1.19575,12.30963],[-1.19607,12.30755],[-1.19599,12.30698],[-1.19678,12.30608],[-1.19719,12.3048],[-1.19667,12.30472],[-1.19676,12.30187],[-1.19553,12.30124],[-1.19545,12.30172],[-1.1945,12.30197],[-1.19388,12.30114]]},"properties":{"name":"","type":"River","flow_regime":"perennial","label":"River"}}]}