{"type":"FeatureCollection","name":"gbf_wells_catchment_2km","features":[{"type":"Feature","geometry":{"type":"Polygon","coordinates":[[[-1.41803,12.012456],[-1.41563,12.012303],[-1.413271,12.011844],[-1.410993,12.011087],[-1.408836,12.010047],[-1.406836,12.008739],[-1.405027,12.007188],[-1.403441,12.005419],[-1.402105,12.003463],[-1.401041,12.001353],[-1.400268,11.999125],[-1.399799,11.996817],[-1.399642,11.994469],[-1.3998,11.992122],[-1.400269,11.989814],[-1.401042,11.987586],[-1.402106,11.985476],[-1.403443,11.98352],[-1.405028,11.981751],[-1.406837,11.9802],[-1.408837,11.978893],[-1.410994,11.977853],[-1.413271,11.977096],[-1.41563,11.976637],[-1.41803,11.976484],[-1.42043,11.976637],[-1.422789,11.977096],[-1.425066,11.977853],[-1.427223,11.978893],[-1.429223,11.9802],[-1.431032,11.981751],[-1.432617,11.98352],[-1.433954,11.985476],[-1.435018,11.987586],[-1.435791,11.989814],[-1.43626,11.992122],[-1.436418,11.994469],[-1.436261,11.996817],[-1.435792,11.999125],[-1.435019,12.001353],[-1.433955,12.003463],[-1.432619,12.005419],[-1.431033,12.007188],[-1.429224,12.008739],[-1.427224,12.010047],[-1.425067,12.011087],[-1.422789,12.011844],[-1.42043,12.012303],[-1.41803,12.012456]]]},"properties":{"well_id":"GBF-B-001","label":"Kombissiri well 001 \u2014 2 km catchment","commune":"Kombissiri","province":"Bazega","region":"Centre-Sud","asset_type":"built","year":"2020","funder":"[PENDING]","population_dependent":500,"status_today":"NEVER_REPORTED","status_month6_illustrative":"BROKEN","report_count_month6":29,"pump_type":"Vergnet HPV-60","depth_m":"52","coordinate_confidence":"ILLUSTRATIVE_COMMUNE_CENTROID_PLUS_JITTER","provenance":"ILLUSTRATIVE_STRUCTURE_ONLY","marker_state_today":"NEVER_REPORTED","marker_style":"dashed-outline-no-fill","catchment_km":2,"catchment_label":"2 km radius \u2014 approximate walking catchment","note":"Straight-line distance from an illustrative position. Actual walking distance is longer, and precise coordinates are pending from the country team."}},{"type":"Feature","geometry":{"type":"Polygon","coordinates":[[[-1.59977,12.142906],[-1.597369,12.142753],[-1.595008,12.142294],[-1.592729,12.141537],[-1.590571,12.140497],[-1.58857,12.139189],[-1.586761,12.137638],[-1.585174,12.135869],[-1.583837,12.133913],[-1.582773,12.131803],[-1.582,12.129575],[-1.58153,12.127267],[-1.581373,12.124919],[-1.581531,12.122572],[-1.582,12.120264],[-1.582774,12.118036],[-1.583838,12.115926],[-1.585175,12.11397],[-1.586762,12.112201],[-1.588571,12.11065],[-1.590572,12.109343],[-1.59273,12.108303],[-1.595009,12.107546],[-1.597369,12.107087],[-1.59977,12.106934],[-1.602171,12.107087],[-1.604531,12.107546],[-1.60681,12.108303],[-1.608968,12.109343],[-1.610969,12.11065],[-1.612778,12.112201],[-1.614365,12.11397],[-1.615702,12.115926],[-1.616766,12.118036],[-1.61754,12.120264],[-1.618009,12.122572],[-1.618167,12.124919],[-1.61801,12.127267],[-1.61754,12.129575],[-1.616767,12.131803],[-1.615703,12.133913],[-1.614366,12.135869],[-1.612779,12.137638],[-1.61097,12.139189],[-1.608969,12.140497],[-1.606811,12.141537],[-1.604532,12.142294],[-1.602171,12.142753],[-1.59977,12.142906]]]},"properties":{"well_id":"GBF-B-002","label":"Komsilga well 002 \u2014 2 km catchment","commune":"Komsilga","province":"Kadiogo","region":"Centre","asset_type":"built","year":"2019","funder":"Newday Impact","population_dependent":240,"status_today":"NEVER_REPORTED","status_month6_illustrative":"NOT_REPORTED_SINCE","report_count_month6":38,"pump_type":"[PENDING]","depth_m":"63","coordinate_confidence":"ILLUSTRATIVE_COMMUNE_CENTROID_PLUS_JITTER","provenance":"ILLUSTRATIVE_STRUCTURE_ONLY","marker_state_today":"NEVER_REPORTED","marker_style":"dashed-outline-no-fill","catchment_km":2,"catchment_label":"2 km radius \u2014 approximate walking catchment","note":"Straight-line distance from an illustrative position. Actual walking distance is longer, and precise coordinates are pending from the country team."}},{"type":"Feature","geometry":{"type":"Polygon","coordinates":[[[-1.61655,12.246896],[-1.614148,12.246743],[-1.611786,12.246284],[-1.609507,12.245527],[-1.607347,12.244487],[-1.605346,12.243179],[-1.603536,12.241628],[-1.601948,12.239859],[-1.600611,12.237903],[-1.599546,12.235793],[-1.598773,12.233565],[-1.598303,12.231257],[-1.598146,12.228909],[-1.598304,12.226562],[-1.598773,12.224254],[-1.599547,12.222026],[-1.600612,12.219916],[-1.60195,12.21796],[-1.603537,12.216191],[-1.605347,12.21464],[-1.607349,12.213333],[-1.609508,12.212293],[-1.611787,12.211536],[-1.614148,12.211077],[-1.61655,12.210924],[-1.618952,12.211077],[-1.621313,12.211536],[-1.623592,12.212293],[-1.625751,12.213333],[-1.627753,12.21464],[-1.629563,12.216191],[-1.63115,12.21796],[-1.632488,12.219916],[-1.633553,12.222026],[-1.634327,12.224254],[-1.634796,12.226562],[-1.634954,12.228909],[-1.634797,12.231257],[-1.634327,12.233565],[-1.633554,12.235793],[-1.632489,12.237903],[-1.631152,12.239859],[-1.629564,12.241628],[-1.627754,12.243179],[-1.625753,12.244487],[-1.623593,12.245527],[-1.621314,12.246284],[-1.618952,12.246743],[-1.61655,12.246896]]]},"properties":{"well_id":"GBF-B-003","label":"Tanghin-Dassouri well 003 \u2014 2 km catchment","commune":"Tanghin-Dassouri","province":"Kadiogo","region":"Centre","asset_type":"built","year":"2022","funder":"Individual donors (Water Ball)","population_dependent":180,"status_today":"NEVER_REPORTED","status_month6_illustrative":"WORKING","report_count_month6":8,"pump_type":"[PENDING]","depth_m":"34","coordinate_confidence":"ILLUSTRATIVE_COMMUNE_CENTROID_PLUS_JITTER","provenance":"ILLUSTRATIVE_STRUCTURE_ONLY","marker_state_today":"NEVER_REPORTED","marker_style":"dashed-outline-no-fill","catchment_km":2,"catchment_label":"2 km radius \u2014 approximate walking catchment","note":"Straight-line distance from an illustrative position. Actual walking distance is longer, and precise coordinates are pending from the country team."}},{"type":"Feature","geometry":{"type":"Polygon","coordinates":[[[-1.36652,12.313876],[-1.364117,12.313723],[-1.361755,12.313264],[-1.359475,12.312507],[-1.357315,12.311467],[-1.355313,12.310159],[-1.353502,12.308608],[-1.351915,12.306839],[-1.350577,12.304883],[-1.349512,12.302773],[-1.348738,12.300545],[-1.348269,12.298237],[-1.348111,12.295889],[-1.348269,12.293542],[-1.348739,12.291234],[-1.349513,12.289006],[-1.350578,12.286896],[-1.351916,12.28494],[-1.353504,12.283171],[-1.355314,12.28162],[-1.357316,12.280313],[-1.359476,12.279273],[-1.361756,12.278516],[-1.364117,12.278057],[-1.36652,12.277904],[-1.368923,12.278057],[-1.371284,12.278516],[-1.373564,12.279273],[-1.375724,12.280313],[-1.377726,12.28162],[-1.379536,12.283171],[-1.381124,12.28494],[-1.382462,12.286896],[-1.383527,12.289006],[-1.384301,12.291234],[-1.384771,12.293542],[-1.384929,12.295889],[-1.384771,12.298237],[-1.384302,12.300545],[-1.383528,12.302773],[-1.382463,12.304883],[-1.381125,12.306839],[-1.379538,12.308608],[-1.377727,12.310159],[-1.375725,12.311467],[-1.373565,12.312507],[-1.371285,12.313264],[-1.368923,12.313723],[-1.36652,12.313876]]]},"properties":{"well_id":"GBF-B-004","label":"Saaba well 004 \u2014 2 km catchment","commune":"Saaba","province":"Kadiogo","region":"Centre","asset_type":"built","year":"2022","funder":"Newday Impact","population_dependent":3000,"status_today":"NEVER_REPORTED","status_month6_illustrative":"NOT_REPORTED_SINCE","report_count_month6":12,"pump_type":"India Mark II","depth_m":"","coordinate_confidence":"ILLUSTRATIVE_COMMUNE_CENTROID_PLUS_JITTER","provenance":"ILLUSTRATIVE_STRUCTURE_ONLY","marker_state_today":"NEVER_REPORTED","marker_style":"dashed-outline-no-fill","catchment_km":2,"catchment_label":"2 km radius \u2014 approximate walking catchment","note":"Straight-line distance from an illustrative position. Actual walking distance is longer, and precise coordinates are pending from the country team."}},{"type":"Feature","geometry":{"type":"Polygon","coordinates":[[[-1.57328,12.271886],[-1.570877,12.271733],[-1.568516,12.271274],[-1.566236,12.270517],[-1.564077,12.269477],[-1.562075,12.268169],[-1.560265,12.266618],[-1.558677,12.264849],[-1.55734,12.262893],[-1.556275,12.260783],[-1.555501,12.258555],[-1.555032,12.256247],[-1.554874,12.253899],[-1.555032,12.251552],[-1.555502,12.249244],[-1.556276,12.247016],[-1.557341,12.244906],[-1.558678,12.24295],[-1.560266,12.241181],[-1.562076,12.23963],[-1.564078,12.238323],[-1.566237,12.237283],[-1.568517,12.236526],[-1.570878,12.236067],[-1.57328,12.235914],[-1.575682,12.236067],[-1.578043,12.236526],[-1.580323,12.237283],[-1.582482,12.238323],[-1.584484,12.23963],[-1.586294,12.241181],[-1.587882,12.24295],[-1.589219,12.244906],[-1.590284,12.247016],[-1.591058,12.249244],[-1.591528,12.251552],[-1.591686,12.253899],[-1.591528,12.256247],[-1.591059,12.258555],[-1.590285,12.260783],[-1.58922,12.262893],[-1.587883,12.264849],[-1.586295,12.266618],[-1.584485,12.268169],[-1.582483,12.269477],[-1.580324,12.270517],[-1.578044,12.271274],[-1.575683,12.271733],[-1.57328,12.271886]]]},"properties":{"well_id":"GBF-B-005","label":"Komsilga well 005 \u2014 2 km catchment","commune":"Komsilga","province":"Kadiogo","region":"Centre","asset_type":"built","year":"2023","funder":"Newday Impact","population_dependent":950,"status_today":"NEVER_REPORTED","status_month6_illustrative":"WORKING","report_count_month6":36,"pump_type":"India Mark II","depth_m":"63","coordinate_confidence":"ILLUSTRATIVE_COMMUNE_CENTROID_PLUS_JITTER","provenance":"ILLUSTRATIVE_STRUCTURE_ONLY","marker_state_today":"NEVER_REPORTED","marker_style":"dashed-outline-no-fill","catchment_km":2,"catchment_label":"2 km radius \u2014 approximate walking catchment","note":"Straight-line distance from an illustrative position. Actual walking distance is longer, and precise coordinates are pending from the country team."}},{"type":"Feature","geometry":{"type":"Polygon","coordinates":[[[-1.61038,12.290486],[-1.607977,12.290333],[-1.605616,12.289874],[-1.603335,12.289117],[-1.601176,12.288077],[-1.599174,12.286769],[-1.597364,12.285218],[-1.595776,12.283449],[-1.594438,12.281493],[-1.593374,12.279383],[-1.5926,12.277155],[-1.59213,12.274847],[-1.591973,12.272499],[-1.592131,12.270152],[-1.5926,12.267844],[-1.593375,12.265616],[-1.59444,12.263506],[-1.595777,12.26155],[-1.597365,12.259781],[-1.599175,12.25823],[-1.601177,12.256923],[-1.603336,12.255883],[-1.605616,12.255126],[-1.607978,12.254667],[-1.61038,12.254514],[-1.612782,12.254667],[-1.615144,12.255126],[-1.617424,12.255883],[-1.619583,12.256923],[-1.621585,12.25823],[-1.623395,12.259781],[-1.624983,12.26155],[-1.62632,12.263506],[-1.627385,12.265616],[-1.62816,12.267844],[-1.628629,12.270152],[-1.628787,12.272499],[-1.62863,12.274847],[-1.62816,12.277155],[-1.627386,12.279383],[-1.626322,12.281493],[-1.624984,12.283449],[-1.623396,12.285218],[-1.621586,12.286769],[-1.619584,12.288077],[-1.617425,12.289117],[-1.615144,12.289874],[-1.612783,12.290333],[-1.61038,12.290486]]]},"properties":{"well_id":"GBF-B-006","label":"Tanghin-Dassouri well 006 \u2014 2 km catchment","commune":"Tanghin-Dassouri","province":"Kadiogo","region":"Centre","asset_type":"built","year":"2023","funder":"Newday Impact","population_dependent":320,"status_today":"NEVER_REPORTED","status_month6_illustrative":"WORKING","report_count_month6":8,"pump_type":"Volanta","depth_m":"47","coordinate_confidence":"ILLUSTRATIVE_COMMUNE_CENTROID_PLUS_JITTER","provenance":"ILLUSTRATIVE_STRUCTURE_ONLY","marker_state_today":"NEVER_REPORTED","marker_style":"dashed-outline-no-fill","catchment_km":2,"catchment_label":"2 km radius \u2014 approximate walking catchment","note":"Straight-line distance from an illustrative position. Actual walking distance is longer, and precise coordinates are pending from the country team."}},{"type":"Feature","geometry":{"type":"Polygon","coordinates":[[[-1.37881,12.152226],[-1.376408,12.152073],[-1.374048,12.151614],[-1.371769,12.150857],[-1.369611,12.149817],[-1.36761,12.148509],[-1.3658,12.146958],[-1.364214,12.145189],[-1.362877,12.143233],[-1.361813,12.141123],[-1.361039,12.138895],[-1.36057,12.136587],[-1.360413,12.134239],[-1.36057,12.131892],[-1.36104,12.129584],[-1.361813,12.127356],[-1.362878,12.125246],[-1.364215,12.12329],[-1.365802,12.121521],[-1.367611,12.11997],[-1.369612,12.118663],[-1.37177,12.117623],[-1.374049,12.116866],[-1.376409,12.116407],[-1.37881,12.116254],[-1.381211,12.116407],[-1.383571,12.116866],[-1.38585,12.117623],[-1.388008,12.118663],[-1.390009,12.11997],[-1.391818,12.121521],[-1.393405,12.12329],[-1.394742,12.125246],[-1.395807,12.127356],[-1.39658,12.129584],[-1.39705,12.131892],[-1.397207,12.134239],[-1.39705,12.136587],[-1.396581,12.138895],[-1.395807,12.141123],[-1.394743,12.143233],[-1.393406,12.145189],[-1.39182,12.146958],[-1.39001,12.148509],[-1.388009,12.149817],[-1.385851,12.150857],[-1.383572,12.151614],[-1.381212,12.152073],[-1.37881,12.152226]]]},"properties":{"well_id":"GBF-B-007","label":"Kombissiri well 007 \u2014 2 km catchment","commune":"Kombissiri","province":"Bazega","region":"Centre-Sud","asset_type":"built","year":"2021","funder":"Newday Impact","population_dependent":950,"status_today":"NEVER_REPORTED","status_month6_illustrative":"WORKING_DEGRADING","report_count_month6":12,"pump_type":"India Mark II","depth_m":"47","coordinate_confidence":"ILLUSTRATIVE_COMMUNE_CENTROID_PLUS_JITTER","provenance":"ILLUSTRATIVE_STRUCTURE_ONLY","marker_state_today":"NEVER_REPORTED","marker_style":"dashed-outline-no-fill","catchment_km":2,"catchment_label":"2 km radius \u2014 approximate walking catchment","note":"Straight-line distance from an illustrative position. Actual walking distance is longer, and precise coordinates are pending from the country team."}},{"type":"Feature","geometry":{"type":"Polygon","coordinates":[[[-1.43574,12.401126],[-1.433336,12.400973],[-1.430974,12.400514],[-1.428692,12.399757],[-1.426532,12.398717],[-1.424529,12.397409],[-1.422718,12.395858],[-1.42113,12.394089],[-1.419792,12.392133],[-1.418726,12.390023],[-1.417952,12.387795],[-1.417483,12.385487],[-1.417325,12.383139],[-1.417483,12.380792],[-1.417953,12.378484],[-1.418727,12.376256],[-1.419793,12.374146],[-1.421131,12.37219],[-1.422719,12.370421],[-1.42453,12.36887],[-1.426533,12.367563],[-1.428693,12.366523],[-1.430974,12.365766],[-1.433337,12.365307],[-1.43574,12.365154],[-1.438143,12.365307],[-1.440506,12.365766],[-1.442787,12.366523],[-1.444947,12.367563],[-1.44695,12.36887],[-1.448761,12.370421],[-1.450349,12.37219],[-1.451687,12.374146],[-1.452753,12.376256],[-1.453527,12.378484],[-1.453997,12.380792],[-1.454155,12.383139],[-1.453997,12.385487],[-1.453528,12.387795],[-1.452754,12.390023],[-1.451688,12.392133],[-1.45035,12.394089],[-1.448762,12.395858],[-1.446951,12.397409],[-1.444948,12.398717],[-1.442788,12.399757],[-1.440506,12.400514],[-1.438144,12.400973],[-1.43574,12.401126]]]},"properties":{"well_id":"GBF-B-008","label":"Saaba well 008 \u2014 2 km catchment","commune":"Saaba","province":"Kadiogo","region":"Centre","asset_type":"built","year":"2023","funder":"[PENDING]","population_dependent":3000,"status_today":"NEVER_REPORTED","status_month6_illustrative":"WORKING","report_count_month6":26,"pump_type":"India Mark II","depth_m":"","coordinate_confidence":"ILLUSTRATIVE_COMMUNE_CENTROID_PLUS_JITTER","provenance":"ILLUSTRATIVE_STRUCTURE_ONLY","marker_state_today":"NEVER_REPORTED","marker_style":"dashed-outline-no-fill","catchment_km":2,"catchment_label":"2 km radius \u2014 approximate walking catchment","note":"Straight-line distance from an illustrative position. Actual walking distance is longer, and precise coordinates are pending from the country team."}},{"type":"Feature","geometry":{"type":"Polygon","coordinates":[[[-1.66683,12.553576],[-1.664425,12.553423],[-1.662061,12.552964],[-1.659778,12.552207],[-1.657617,12.551167],[-1.655613,12.549859],[-1.6538,12.548308],[-1.652211,12.546539],[-1.650872,12.544583],[-1.649806,12.542473],[-1.649032,12.540245],[-1.648562,12.537937],[-1.648404,12.535589],[-1.648562,12.533242],[-1.649032,12.530934],[-1.649807,12.528706],[-1.650873,12.526596],[-1.652213,12.52464],[-1.653802,12.522871],[-1.655614,12.52132],[-1.657618,12.520013],[-1.659779,12.518973],[-1.662061,12.518216],[-1.664425,12.517757],[-1.66683,12.517604],[-1.669235,12.517757],[-1.671599,12.518216],[-1.673881,12.518973],[-1.676042,12.520013],[-1.678046,12.52132],[-1.679858,12.522871],[-1.681447,12.52464],[-1.682787,12.526596],[-1.683853,12.528706],[-1.684628,12.530934],[-1.685098,12.533242],[-1.685256,12.535589],[-1.685098,12.537937],[-1.684628,12.540245],[-1.683854,12.542473],[-1.682788,12.544583],[-1.681449,12.546539],[-1.67986,12.548308],[-1.678047,12.549859],[-1.676043,12.551167],[-1.673882,12.552207],[-1.671599,12.552964],[-1.669235,12.553423],[-1.66683,12.553576]]]},"properties":{"well_id":"GBF-B-009","label":"Pabre well 009 \u2014 2 km catchment","commune":"Pabre","province":"Kadiogo","region":"Centre","asset_type":"built","year":"2025","funder":"[PENDING]","population_dependent":3000,"status_today":"NEVER_REPORTED","status_month6_illustrative":"WORKING","report_count_month6":3,"pump_type":"India Mark II","depth_m":"47","coordinate_confidence":"ILLUSTRATIVE_COMMUNE_CENTROID_PLUS_JITTER","provenance":"ILLUSTRATIVE_STRUCTURE_ONLY","marker_state_today":"NEVER_REPORTED","marker_style":"dashed-outline-no-fill","catchment_km":2,"catchment_label":"2 km radius \u2014 approximate walking catchment","note":"Straight-line distance from an illustrative position. Actual walking distance is longer, and precise coordinates are pending from the country team."}},{"type":"Feature","geometry":{"type":"Polygon","coordinates":[[[-1.38304,12.194356],[-1.380638,12.194203],[-1.378277,12.193744],[-1.375998,12.192987],[-1.373839,12.191947],[-1.371838,12.190639],[-1.370028,12.189088],[-1.368441,12.187319],[-1.367104,12.185363],[-1.36604,12.183253],[-1.365266,12.181025],[-1.364797,12.178717],[-1.36464,12.176369],[-1.364797,12.174022],[-1.365267,12.171714],[-1.366041,12.169486],[-1.367105,12.167376],[-1.368443,12.16542],[-1.37003,12.163651],[-1.371839,12.1621],[-1.37384,12.160793],[-1.375999,12.159753],[-1.378278,12.158996],[-1.380638,12.158537],[-1.38304,12.158384],[-1.385442,12.158537],[-1.387802,12.158996],[-1.390081,12.159753],[-1.39224,12.160793],[-1.394241,12.1621],[-1.39605,12.163651],[-1.397637,12.16542],[-1.398975,12.167376],[-1.400039,12.169486],[-1.400813,12.171714],[-1.401283,12.174022],[-1.40144,12.176369],[-1.401283,12.178717],[-1.400814,12.181025],[-1.40004,12.183253],[-1.398976,12.185363],[-1.397639,12.187319],[-1.396052,12.189088],[-1.394242,12.190639],[-1.392241,12.191947],[-1.390082,12.192987],[-1.387803,12.193744],[-1.385442,12.194203],[-1.38304,12.194356]]]},"properties":{"well_id":"GBF-B-010","label":"Koubri well 010 \u2014 2 km catchment","commune":"Koubri","province":"Kadiogo","region":"Centre","asset_type":"built","year":"2021","funder":"[PENDING]","population_dependent":1200,"status_today":"NEVER_REPORTED","status_month6_illustrative":"WORKING","report_count_month6":40,"pump_type":"Vergnet HPV-60","depth_m":"","coordinate_confidence":"ILLUSTRATIVE_COMMUNE_CENTROID_PLUS_JITTER","provenance":"ILLUSTRATIVE_STRUCTURE_ONLY","marker_state_today":"NEVER_REPORTED","marker_style":"dashed-outline-no-fill","catchment_km":2,"catchment_label":"2 km radius \u2014 approximate walking catchment","note":"Straight-line distance from an illustrative position. Actual walking distance is longer, and precise coordinates are pending from the country team."}},{"type":"Feature","geometry":{"type":"Polygon","coordinates":[[[-1.35228,12.015316],[-1.34988,12.015163],[-1.347521,12.014704],[-1.345243,12.013947],[-1.343085,12.012907],[-1.341085,12.011599],[-1.339277,12.010048],[-1.337691,12.008279],[-1.336355,12.006323],[-1.335291,12.004213],[-1.334518,12.001985],[-1.334049,11.999677],[-1.333892,11.997329],[-1.334049,11.994982],[-1.334519,11.992674],[-1.335292,11.990446],[-1.336356,11.988336],[-1.337692,11.98638],[-1.339278,11.984611],[-1.341087,11.98306],[-1.343086,11.981753],[-1.345244,11.980713],[-1.347521,11.979956],[-1.34988,11.979497],[-1.35228,11.979344],[-1.35468,11.979497],[-1.357039,11.979956],[-1.359316,11.980713],[-1.361474,11.981753],[-1.363473,11.98306],[-1.365282,11.984611],[-1.366868,11.98638],[-1.368204,11.988336],[-1.369268,11.990446],[-1.370041,11.992674],[-1.370511,11.994982],[-1.370668,11.997329],[-1.370511,11.999677],[-1.370042,12.001985],[-1.369269,12.004213],[-1.368205,12.006323],[-1.366869,12.008279],[-1.365283,12.010048],[-1.363475,12.011599],[-1.361475,12.012907],[-1.359317,12.013947],[-1.357039,12.014704],[-1.35468,12.015163],[-1.35228,12.015316]]]},"properties":{"well_id":"GBF-B-011","label":"Kombissiri well 011 \u2014 2 km catchment","commune":"Kombissiri","province":"Bazega","region":"Centre-Sud","asset_type":"built","year":"2018","funder":"Individual donors (Water Ball)","population_dependent":3000,"status_today":"NEVER_REPORTED","status_month6_illustrative":"WORKING","report_count_month6":10,"pump_type":"[PENDING]","depth_m":"52","coordinate_confidence":"ILLUSTRATIVE_COMMUNE_CENTROID_PLUS_JITTER","provenance":"ILLUSTRATIVE_STRUCTURE_ONLY","marker_state_today":"NEVER_REPORTED","marker_style":"dashed-outline-no-fill","catchment_km":2,"catchment_label":"2 km radius \u2014 approximate walking catchment","note":"Straight-line distance from an illustrative position. Actual walking distance is longer, and precise coordinates are pending from the country team."}},{"type":"Feature","geometry":{"type":"Polygon","coordinates":[[[-1.95415,12.650666],[-1.951744,12.650513],[-1.949379,12.650054],[-1.947096,12.649297],[-1.944933,12.648257],[-1.942928,12.646949],[-1.941116,12.645398],[-1.939526,12.643629],[-1.938186,12.641673],[-1.93712,12.639563],[-1.936345,12.637335],[-1.935875,12.635027],[-1.935717,12.632679],[-1.935875,12.630332],[-1.936346,12.628024],[-1.937121,12.625796],[-1.938187,12.623686],[-1.939527,12.62173],[-1.941117,12.619961],[-1.94293,12.61841],[-1.944934,12.617103],[-1.947097,12.616063],[-1.94938,12.615306],[-1.951744,12.614847],[-1.95415,12.614694],[-1.956556,12.614847],[-1.95892,12.615306],[-1.961203,12.616063],[-1.963366,12.617103],[-1.96537,12.61841],[-1.967183,12.619961],[-1.968773,12.62173],[-1.970113,12.623686],[-1.971179,12.625796],[-1.971954,12.628024],[-1.972425,12.630332],[-1.972583,12.632679],[-1.972425,12.635027],[-1.971955,12.637335],[-1.97118,12.639563],[-1.970114,12.641673],[-1.968774,12.643629],[-1.967184,12.645398],[-1.965372,12.646949],[-1.963367,12.648257],[-1.961204,12.649297],[-1.958921,12.650054],[-1.956556,12.650513],[-1.95415,12.650666]]]},"properties":{"well_id":"GBF-B-012","label":"Bouss\u00e9 well 012 \u2014 2 km catchment","commune":"Bouss\u00e9","province":"Kourweogo","region":"Plateau-Central","asset_type":"built","year":"2018","funder":"[PENDING]","population_dependent":2600,"status_today":"NEVER_REPORTED","status_month6_illustrative":"WORKING_DEGRADING","report_count_month6":10,"pump_type":"Volanta","depth_m":"34","coordinate_confidence":"ILLUSTRATIVE_COMMUNE_CENTROID_PLUS_JITTER","provenance":"ILLUSTRATIVE_STRUCTURE_ONLY","marker_state_today":"NEVER_REPORTED","marker_style":"dashed-outline-no-fill","catchment_km":2,"catchment_label":"2 km radius \u2014 approximate walking catchment","note":"Straight-line distance from an illustrative position. Actual walking distance is longer, and precise coordinates are pending from the country team."}},{"type":"Feature","geometry":{"type":"Polygon","coordinates":[[[-1.40513,12.156906],[-1.402728,12.156753],[-1.400368,12.156294],[-1.398089,12.155537],[-1.395931,12.154497],[-1.39393,12.153189],[-1.39212,12.151638],[-1.390533,12.149869],[-1.389197,12.147913],[-1.388132,12.145803],[-1.387359,12.143575],[-1.386889,12.141267],[-1.386732,12.138919],[-1.38689,12.136572],[-1.387359,12.134264],[-1.388133,12.132036],[-1.389198,12.129926],[-1.390535,12.12797],[-1.392121,12.126201],[-1.393931,12.12465],[-1.395932,12.123343],[-1.39809,12.122303],[-1.400369,12.121546],[-1.402729,12.121087],[-1.40513,12.120934],[-1.407531,12.121087],[-1.409891,12.121546],[-1.41217,12.122303],[-1.414328,12.123343],[-1.416329,12.12465],[-1.418139,12.126201],[-1.419725,12.12797],[-1.421062,12.129926],[-1.422127,12.132036],[-1.422901,12.134264],[-1.42337,12.136572],[-1.423528,12.138919],[-1.423371,12.141267],[-1.422901,12.143575],[-1.422128,12.145803],[-1.421063,12.147913],[-1.419727,12.149869],[-1.41814,12.151638],[-1.41633,12.153189],[-1.414329,12.154497],[-1.412171,12.155537],[-1.409892,12.156294],[-1.407532,12.156753],[-1.40513,12.156906]]]},"properties":{"well_id":"GBF-B-013","label":"Kombissiri well 013 \u2014 2 km catchment","commune":"Kombissiri","province":"Bazega","region":"Centre-Sud","asset_type":"built","year":"2024","funder":"Newday Impact","population_dependent":650,"status_today":"NEVER_REPORTED","status_month6_illustrative":"WORKING","report_count_month6":38,"pump_type":"Vergnet HPV-60","depth_m":"","coordinate_confidence":"ILLUSTRATIVE_COMMUNE_CENTROID_PLUS_JITTER","provenance":"ILLUSTRATIVE_STRUCTURE_ONLY","marker_state_today":"NEVER_REPORTED","marker_style":"dashed-outline-no-fill","catchment_km":2,"catchment_label":"2 km radius \u2014 approximate walking catchment","note":"Straight-line distance from an illustrative position. Actual walking distance is longer, and precise coordinates are pending from the country team."}},{"type":"Feature","geometry":{"type":"Polygon","coordinates":[[[-1.39208,12.239826],[-1.389678,12.239673],[-1.387316,12.239214],[-1.385037,12.238457],[-1.382878,12.237417],[-1.380876,12.236109],[-1.379066,12.234558],[-1.377479,12.232789],[-1.376142,12.230833],[-1.375077,12.228723],[-1.374303,12.226495],[-1.373834,12.224187],[-1.373676,12.221839],[-1.373834,12.219492],[-1.374304,12.217184],[-1.375078,12.214956],[-1.376143,12.212846],[-1.37748,12.21089],[-1.379067,12.209121],[-1.380877,12.20757],[-1.382879,12.206263],[-1.385038,12.205223],[-1.387317,12.204466],[-1.389678,12.204007],[-1.39208,12.203854],[-1.394482,12.204007],[-1.396843,12.204466],[-1.399122,12.205223],[-1.401281,12.206263],[-1.403283,12.20757],[-1.405093,12.209121],[-1.40668,12.21089],[-1.408017,12.212846],[-1.409082,12.214956],[-1.409856,12.217184],[-1.410326,12.219492],[-1.410484,12.221839],[-1.410326,12.224187],[-1.409857,12.226495],[-1.409083,12.228723],[-1.408018,12.230833],[-1.406681,12.232789],[-1.405094,12.234558],[-1.403284,12.236109],[-1.401282,12.237417],[-1.399123,12.238457],[-1.396844,12.239214],[-1.394482,12.239673],[-1.39208,12.239826]]]},"properties":{"well_id":"GBF-B-014","label":"Koubri well 014 \u2014 2 km catchment","commune":"Koubri","province":"Kadiogo","region":"Centre","asset_type":"built","year":"2021","funder":"[PENDING]","population_dependent":2600,"status_today":"NEVER_REPORTED","status_month6_illustrative":"WORKING","report_count_month6":26,"pump_type":"Volanta","depth_m":"","coordinate_confidence":"ILLUSTRATIVE_COMMUNE_CENTROID_PLUS_JITTER","provenance":"ILLUSTRATIVE_STRUCTURE_ONLY","marker_state_today":"NEVER_REPORTED","marker_style":"dashed-outline-no-fill","catchment_km":2,"catchment_label":"2 km radius \u2014 approximate walking catchment","note":"Straight-line distance from an illustrative position. Actual walking distance is longer, and precise coordinates are pending from the country team."}},{"type":"Feature","geometry":{"type":"Polygon","coordinates":[[[-1.7448,12.208386],[-1.742398,12.208233],[-1.740037,12.207774],[-1.737758,12.207017],[-1.735599,12.205977],[-1.733597,12.204669],[-1.731788,12.203118],[-1.730201,12.201349],[-1.728863,12.199393],[-1.727799,12.197283],[-1.727025,12.195055],[-1.726556,12.192747],[-1.726399,12.190399],[-1.726556,12.188052],[-1.727026,12.185744],[-1.7278,12.183516],[-1.728864,12.181406],[-1.730202,12.17945],[-1.731789,12.177681],[-1.733599,12.17613],[-1.7356,12.174823],[-1.737759,12.173783],[-1.740038,12.173026],[-1.742398,12.172567],[-1.7448,12.172414],[-1.747202,12.172567],[-1.749562,12.173026],[-1.751841,12.173783],[-1.754,12.174823],[-1.756001,12.17613],[-1.757811,12.177681],[-1.759398,12.17945],[-1.760736,12.181406],[-1.7618,12.183516],[-1.762574,12.185744],[-1.763044,12.188052],[-1.763201,12.190399],[-1.763044,12.192747],[-1.762575,12.195055],[-1.761801,12.197283],[-1.760737,12.199393],[-1.759399,12.201349],[-1.757812,12.203118],[-1.756003,12.204669],[-1.754001,12.205977],[-1.751842,12.207017],[-1.749563,12.207774],[-1.747202,12.208233],[-1.7448,12.208386]]]},"properties":{"well_id":"GBF-B-015","label":"Tanghin-Dassouri well 015 \u2014 2 km catchment","commune":"Tanghin-Dassouri","province":"Kadiogo","region":"Centre","asset_type":"built","year":"2020","funder":"Individual donors (Water Ball)","population_dependent":800,"status_today":"NEVER_REPORTED","status_month6_illustrative":"WORKING","report_count_month6":9,"pump_type":"India Mark II","depth_m":"47","coordinate_confidence":"ILLUSTRATIVE_COMMUNE_CENTROID_PLUS_JITTER","provenance":"ILLUSTRATIVE_STRUCTURE_ONLY","marker_state_today":"NEVER_REPORTED","marker_style":"dashed-outline-no-fill","catchment_km":2,"catchment_label":"2 km radius \u2014 approximate walking catchment","note":"Straight-line distance from an illustrative position. Actual walking distance is longer, and precise coordinates are pending from the country team."}},{"type":"Feature","geometry":{"type":"Polygon","coordinates":[[[-2.07331,12.215206],[-2.070908,12.215053],[-2.068547,12.214594],[-2.066267,12.213837],[-2.064109,12.212797],[-2.062107,12.211489],[-2.060297,12.209938],[-2.05871,12.208169],[-2.057373,12.206213],[-2.056308,12.204103],[-2.055535,12.201875],[-2.055065,12.199567],[-2.054908,12.197219],[-2.055066,12.194872],[-2.055536,12.192564],[-2.056309,12.190336],[-2.057374,12.188226],[-2.058711,12.18627],[-2.060299,12.184501],[-2.062108,12.18295],[-2.06411,12.181643],[-2.066268,12.180603],[-2.068548,12.179846],[-2.070908,12.179387],[-2.07331,12.179234],[-2.075712,12.179387],[-2.078072,12.179846],[-2.080352,12.180603],[-2.08251,12.181643],[-2.084512,12.18295],[-2.086321,12.184501],[-2.087909,12.18627],[-2.089246,12.188226],[-2.090311,12.190336],[-2.091084,12.192564],[-2.091554,12.194872],[-2.091712,12.197219],[-2.091555,12.199567],[-2.091085,12.201875],[-2.090312,12.204103],[-2.089247,12.206213],[-2.08791,12.208169],[-2.086323,12.209938],[-2.084513,12.211489],[-2.082511,12.212797],[-2.080353,12.213837],[-2.078073,12.214594],[-2.075712,12.215053],[-2.07331,12.215206]]]},"properties":{"well_id":"GBF-B-016","label":"Kokologho well 016 \u2014 2 km catchment","commune":"Kokologho","province":"Boulkiemde","region":"Centre-Ouest","asset_type":"built","year":"2021","funder":"[PENDING]","population_dependent":320,"status_today":"NEVER_REPORTED","status_month6_illustrative":"BROKEN","report_count_month6":38,"pump_type":"India Mark II","depth_m":"","coordinate_confidence":"ILLUSTRATIVE_COMMUNE_CENTROID_PLUS_JITTER","provenance":"ILLUSTRATIVE_STRUCTURE_ONLY","marker_state_today":"NEVER_REPORTED","marker_style":"dashed-outline-no-fill","catchment_km":2,"catchment_label":"2 km radius \u2014 approximate walking catchment","note":"Straight-line distance from an illustrative position. Actual walking distance is longer, and precise coordinates are pending from the country team."}},{"type":"Feature","geometry":{"type":"Polygon","coordinates":[[[-1.5706,12.509146],[-1.568195,12.508993],[-1.565832,12.508534],[-1.56355,12.507777],[-1.561388,12.506737],[-1.559384,12.505429],[-1.557573,12.503878],[-1.555984,12.502109],[-1.554645,12.500153],[-1.553579,12.498043],[-1.552805,12.495815],[-1.552335,12.493507],[-1.552177,12.491159],[-1.552335,12.488812],[-1.552806,12.486504],[-1.55358,12.484276],[-1.554646,12.482166],[-1.555985,12.48021],[-1.557574,12.478441],[-1.559386,12.47689],[-1.561389,12.475583],[-1.56355,12.474543],[-1.565832,12.473786],[-1.568196,12.473327],[-1.5706,12.473174],[-1.573004,12.473327],[-1.575368,12.473786],[-1.57765,12.474543],[-1.579811,12.475583],[-1.581814,12.47689],[-1.583626,12.478441],[-1.585215,12.48021],[-1.586554,12.482166],[-1.58762,12.484276],[-1.588394,12.486504],[-1.588865,12.488812],[-1.589023,12.491159],[-1.588865,12.493507],[-1.588395,12.495815],[-1.587621,12.498043],[-1.586555,12.500153],[-1.585216,12.502109],[-1.583627,12.503878],[-1.581816,12.505429],[-1.579812,12.506737],[-1.57765,12.507777],[-1.575368,12.508534],[-1.573005,12.508993],[-1.5706,12.509146]]]},"properties":{"well_id":"GBF-B-017","label":"Pabre well 017 \u2014 2 km catchment","commune":"Pabre","province":"Kadiogo","region":"Centre","asset_type":"built","year":"2018","funder":"[PENDING]","population_dependent":240,"status_today":"NEVER_REPORTED","status_month6_illustrative":"WORKING_DEGRADING","report_count_month6":22,"pump_type":"India Mark II","depth_m":"41","coordinate_confidence":"ILLUSTRATIVE_COMMUNE_CENTROID_PLUS_JITTER","provenance":"ILLUSTRATIVE_STRUCTURE_ONLY","marker_state_today":"NEVER_REPORTED","marker_style":"dashed-outline-no-fill","catchment_km":2,"catchment_label":"2 km radius \u2014 approximate walking catchment","note":"Straight-line distance from an illustrative position. Actual walking distance is longer, and precise coordinates are pending from the country team."}},{"type":"Feature","geometry":{"type":"Polygon","coordinates":[[[-1.63351,12.097596],[-1.631109,12.097443],[-1.628749,12.096984],[-1.626471,12.096227],[-1.624313,12.095187],[-1.622312,12.093879],[-1.620503,12.092328],[-1.618917,12.090559],[-1.61758,12.088603],[-1.616516,12.086493],[-1.615743,12.084265],[-1.615273,12.081957],[-1.615116,12.079609],[-1.615274,12.077262],[-1.615743,12.074954],[-1.616517,12.072726],[-1.617581,12.070616],[-1.618918,12.06866],[-1.620504,12.066891],[-1.622313,12.06534],[-1.624314,12.064033],[-1.626471,12.062993],[-1.62875,12.062236],[-1.631109,12.061777],[-1.63351,12.061624],[-1.635911,12.061777],[-1.63827,12.062236],[-1.640549,12.062993],[-1.642706,12.064033],[-1.644707,12.06534],[-1.646516,12.066891],[-1.648102,12.06866],[-1.649439,12.070616],[-1.650503,12.072726],[-1.651277,12.074954],[-1.651746,12.077262],[-1.651904,12.079609],[-1.651747,12.081957],[-1.651277,12.084265],[-1.650504,12.086493],[-1.64944,12.088603],[-1.648103,12.090559],[-1.646517,12.092328],[-1.644708,12.093879],[-1.642707,12.095187],[-1.640549,12.096227],[-1.638271,12.096984],[-1.635911,12.097443],[-1.63351,12.097596]]]},"properties":{"well_id":"GBF-B-018","label":"Doulougou well 018 \u2014 2 km catchment","commune":"Doulougou","province":"Bazega","region":"Centre-Sud","asset_type":"built","year":"2017","funder":"L'Oreal Fund for Women","population_dependent":950,"status_today":"NEVER_REPORTED","status_month6_illustrative":"WORKING","report_count_month6":31,"pump_type":"Volanta","depth_m":"58","coordinate_confidence":"ILLUSTRATIVE_COMMUNE_CENTROID_PLUS_JITTER","provenance":"ILLUSTRATIVE_STRUCTURE_ONLY","marker_state_today":"NEVER_REPORTED","marker_style":"dashed-outline-no-fill","catchment_km":2,"catchment_label":"2 km radius \u2014 approximate walking catchment","note":"Straight-line distance from an illustrative position. Actual walking distance is longer, and precise coordinates are pending from the country team."}},{"type":"Feature","geometry":{"type":"Polygon","coordinates":[[[-1.44284,12.121706],[-1.440439,12.121553],[-1.438079,12.121094],[-1.4358,12.120337],[-1.433642,12.119297],[-1.431641,12.117989],[-1.429832,12.116438],[-1.428245,12.114669],[-1.426909,12.112713],[-1.425844,12.110603],[-1.425071,12.108375],[-1.424602,12.106067],[-1.424445,12.103719],[-1.424602,12.101372],[-1.425072,12.099064],[-1.425845,12.096836],[-1.42691,12.094726],[-1.428247,12.09277],[-1.429833,12.091001],[-1.431642,12.08945],[-1.433643,12.088143],[-1.435801,12.087103],[-1.438079,12.086346],[-1.440439,12.085887],[-1.44284,12.085734],[-1.445241,12.085887],[-1.447601,12.086346],[-1.449879,12.087103],[-1.452037,12.088143],[-1.454038,12.08945],[-1.455847,12.091001],[-1.457433,12.09277],[-1.45877,12.094726],[-1.459835,12.096836],[-1.460608,12.099064],[-1.461078,12.101372],[-1.461235,12.103719],[-1.461078,12.106067],[-1.460609,12.108375],[-1.459836,12.110603],[-1.458771,12.112713],[-1.457435,12.114669],[-1.455848,12.116438],[-1.454039,12.117989],[-1.452038,12.119297],[-1.44988,12.120337],[-1.447601,12.121094],[-1.445241,12.121553],[-1.44284,12.121706]]]},"properties":{"well_id":"GBF-B-019","label":"Koubri well 019 \u2014 2 km catchment","commune":"Koubri","province":"Kadiogo","region":"Centre","asset_type":"built","year":"2023","funder":"[PENDING]","population_dependent":1200,"status_today":"NEVER_REPORTED","status_month6_illustrative":"WORKING","report_count_month6":27,"pump_type":"[PENDING]","depth_m":"58","coordinate_confidence":"ILLUSTRATIVE_COMMUNE_CENTROID_PLUS_JITTER","provenance":"ILLUSTRATIVE_STRUCTURE_ONLY","marker_state_today":"NEVER_REPORTED","marker_style":"dashed-outline-no-fill","catchment_km":2,"catchment_label":"2 km radius \u2014 approximate walking catchment","note":"Straight-line distance from an illustrative position. Actual walking distance is longer, and precise coordinates are pending from the country team."}},{"type":"Feature","geometry":{"type":"Polygon","coordinates":[[[-1.57168,12.115226],[-1.569279,12.115073],[-1.566919,12.114614],[-1.56464,12.113857],[-1.562482,12.112817],[-1.560481,12.111509],[-1.558672,12.109958],[-1.557086,12.108189],[-1.555749,12.106233],[-1.554685,12.104123],[-1.553912,12.101895],[-1.553442,12.099587],[-1.553285,12.097239],[-1.553443,12.094892],[-1.553912,12.092584],[-1.554686,12.090356],[-1.55575,12.088246],[-1.557087,12.08629],[-1.558673,12.084521],[-1.560482,12.08297],[-1.562483,12.081663],[-1.564641,12.080623],[-1.566919,12.079866],[-1.569279,12.079407],[-1.57168,12.079254],[-1.574081,12.079407],[-1.576441,12.079866],[-1.578719,12.080623],[-1.580877,12.081663],[-1.582878,12.08297],[-1.584687,12.084521],[-1.586273,12.08629],[-1.58761,12.088246],[-1.588674,12.090356],[-1.589448,12.092584],[-1.589917,12.094892],[-1.590075,12.097239],[-1.589918,12.099587],[-1.589448,12.101895],[-1.588675,12.104123],[-1.587611,12.106233],[-1.586274,12.108189],[-1.584688,12.109958],[-1.582879,12.111509],[-1.580878,12.112817],[-1.57872,12.113857],[-1.576441,12.114614],[-1.574081,12.115073],[-1.57168,12.115226]]]},"properties":{"well_id":"GBF-B-020","label":"Doulougou well 020 \u2014 2 km catchment","commune":"Doulougou","province":"Bazega","region":"Centre-Sud","asset_type":"built","year":"2022","funder":"[PENDING]","population_dependent":1800,"status_today":"NEVER_REPORTED","status_month6_illustrative":"BROKEN","report_count_month6":35,"pump_type":"[PENDING]","depth_m":"","coordinate_confidence":"ILLUSTRATIVE_COMMUNE_CENTROID_PLUS_JITTER","provenance":"ILLUSTRATIVE_STRUCTURE_ONLY","marker_state_today":"NEVER_REPORTED","marker_style":"dashed-outline-no-fill","catchment_km":2,"catchment_label":"2 km radius \u2014 approximate walking catchment","note":"Straight-line distance from an illustrative position. Actual walking distance is longer, and precise coordinates are pending from the country team."}},{"type":"Feature","geometry":{"type":"Polygon","coordinates":[[[-1.61128,12.229626],[-1.608878,12.229473],[-1.606517,12.229014],[-1.604237,12.228257],[-1.602078,12.227217],[-1.600076,12.225909],[-1.598267,12.224358],[-1.596679,12.222589],[-1.595342,12.220633],[-1.594278,12.218523],[-1.593504,12.216295],[-1.593034,12.213987],[-1.592877,12.211639],[-1.593035,12.209292],[-1.593505,12.206984],[-1.594278,12.204756],[-1.595343,12.202646],[-1.596681,12.20069],[-1.598268,12.198921],[-1.600078,12.19737],[-1.602079,12.196063],[-1.604238,12.195023],[-1.606517,12.194266],[-1.608878,12.193807],[-1.61128,12.193654],[-1.613682,12.193807],[-1.616043,12.194266],[-1.618322,12.195023],[-1.620481,12.196063],[-1.622482,12.19737],[-1.624292,12.198921],[-1.625879,12.20069],[-1.627217,12.202646],[-1.628282,12.204756],[-1.629055,12.206984],[-1.629525,12.209292],[-1.629683,12.211639],[-1.629526,12.213987],[-1.629056,12.216295],[-1.628282,12.218523],[-1.627218,12.220633],[-1.625881,12.222589],[-1.624293,12.224358],[-1.622484,12.225909],[-1.620482,12.227217],[-1.618323,12.228257],[-1.616043,12.229014],[-1.613682,12.229473],[-1.61128,12.229626]]]},"properties":{"well_id":"GBF-B-021","label":"Tanghin-Dassouri well 021 \u2014 2 km catchment","commune":"Tanghin-Dassouri","province":"Kadiogo","region":"Centre","asset_type":"built","year":"2019","funder":"[PENDING]","population_dependent":3000,"status_today":"NEVER_REPORTED","status_month6_illustrative":"WORKING","report_count_month6":40,"pump_type":"India Mark II","depth_m":"","coordinate_confidence":"ILLUSTRATIVE_COMMUNE_CENTROID_PLUS_JITTER","provenance":"ILLUSTRATIVE_STRUCTURE_ONLY","marker_state_today":"NEVER_REPORTED","marker_style":"dashed-outline-no-fill","catchment_km":2,"catchment_label":"2 km radius \u2014 approximate walking catchment","note":"Straight-line distance from an illustrative position. Actual walking distance is longer, and precise coordinates are pending from the country team."}},{"type":"Feature","geometry":{"type":"Polygon","coordinates":[[[-1.4502,12.236576],[-1.447798,12.236423],[-1.445437,12.235964],[-1.443157,12.235207],[-1.440998,12.234167],[-1.438996,12.232859],[-1.437186,12.231308],[-1.435599,12.229539],[-1.434262,12.227583],[-1.433197,12.225473],[-1.432423,12.223245],[-1.431954,12.220937],[-1.431797,12.218589],[-1.431954,12.216242],[-1.432424,12.213934],[-1.433198,12.211706],[-1.434263,12.209596],[-1.4356,12.20764],[-1.437188,12.205871],[-1.438997,12.20432],[-1.440999,12.203013],[-1.443158,12.201973],[-1.445437,12.201216],[-1.447798,12.200757],[-1.4502,12.200604],[-1.452602,12.200757],[-1.454963,12.201216],[-1.457242,12.201973],[-1.459401,12.203013],[-1.461403,12.20432],[-1.463212,12.205871],[-1.4648,12.20764],[-1.466137,12.209596],[-1.467202,12.211706],[-1.467976,12.213934],[-1.468446,12.216242],[-1.468603,12.218589],[-1.468446,12.220937],[-1.467977,12.223245],[-1.467203,12.225473],[-1.466138,12.227583],[-1.464801,12.229539],[-1.463214,12.231308],[-1.461404,12.232859],[-1.459402,12.234167],[-1.457243,12.235207],[-1.454963,12.235964],[-1.452602,12.236423],[-1.4502,12.236576]]]},"properties":{"well_id":"GBF-R-022","label":"Koubri well 022 \u2014 2 km catchment","commune":"Koubri","province":"Kadiogo","region":"Centre","asset_type":"restored","year":"2022","funder":"[PENDING]","population_dependent":950,"status_today":"NEVER_REPORTED","status_month6_illustrative":"WORKING","report_count_month6":12,"pump_type":"India Mark II","depth_m":"41","coordinate_confidence":"ILLUSTRATIVE_COMMUNE_CENTROID_PLUS_JITTER","provenance":"ILLUSTRATIVE_STRUCTURE_ONLY","marker_state_today":"NEVER_REPORTED","marker_style":"dashed-outline-no-fill","catchment_km":2,"catchment_label":"2 km radius \u2014 approximate walking catchment","note":"Straight-line distance from an illustrative position. Actual walking distance is longer, and precise coordinates are pending from the country team."}},{"type":"Feature","geometry":{"type":"Polygon","coordinates":[[[-1.61827,12.207126],[-1.615868,12.206973],[-1.613507,12.206514],[-1.611228,12.205757],[-1.609069,12.204717],[-1.607067,12.203409],[-1.605258,12.201858],[-1.603671,12.200089],[-1.602333,12.198133],[-1.601269,12.196023],[-1.600495,12.193795],[-1.600026,12.191487],[-1.599869,12.189139],[-1.600026,12.186792],[-1.600496,12.184484],[-1.60127,12.182256],[-1.602335,12.180146],[-1.603672,12.17819],[-1.605259,12.176421],[-1.607069,12.17487],[-1.60907,12.173563],[-1.611229,12.172523],[-1.613508,12.171766],[-1.615868,12.171307],[-1.61827,12.171154],[-1.620672,12.171307],[-1.623032,12.171766],[-1.625311,12.172523],[-1.62747,12.173563],[-1.629471,12.17487],[-1.631281,12.176421],[-1.632868,12.17819],[-1.634205,12.180146],[-1.63527,12.182256],[-1.636044,12.184484],[-1.636514,12.186792],[-1.636671,12.189139],[-1.636514,12.191487],[-1.636045,12.193795],[-1.635271,12.196023],[-1.634207,12.198133],[-1.632869,12.200089],[-1.631282,12.201858],[-1.629473,12.203409],[-1.627471,12.204717],[-1.625312,12.205757],[-1.623033,12.206514],[-1.620672,12.206973],[-1.61827,12.207126]]]},"properties":{"well_id":"GBF-R-023","label":"Tanghin-Dassouri well 023 \u2014 2 km catchment","commune":"Tanghin-Dassouri","province":"Kadiogo","region":"Centre","asset_type":"restored","year":"2024","funder":"L'Oreal Fund for Women","population_dependent":800,"status_today":"NEVER_REPORTED","status_month6_illustrative":"WORKING_DEGRADING","report_count_month6":12,"pump_type":"Vergnet HPV-60","depth_m":"47","coordinate_confidence":"ILLUSTRATIVE_COMMUNE_CENTROID_PLUS_JITTER","provenance":"ILLUSTRATIVE_STRUCTURE_ONLY","marker_state_today":"NEVER_REPORTED","marker_style":"dashed-outline-no-fill","catchment_km":2,"catchment_label":"2 km radius \u2014 approximate walking catchment","note":"Straight-line distance from an illustrative position. Actual walking distance is longer, and precise coordinates are pending from the country team."}},{"type":"Feature","geometry":{"type":"Polygon","coordinates":[[[-1.49707,12.048506],[-1.494669,12.048353],[-1.49231,12.047894],[-1.490032,12.047137],[-1.487874,12.046097],[-1.485874,12.044789],[-1.484065,12.043238],[-1.482479,12.041469],[-1.481143,12.039513],[-1.480079,12.037403],[-1.479306,12.035175],[-1.478837,12.032867],[-1.47868,12.030519],[-1.478837,12.028172],[-1.479307,12.025864],[-1.48008,12.023636],[-1.481144,12.021526],[-1.482481,12.01957],[-1.484067,12.017801],[-1.485875,12.01625],[-1.487875,12.014943],[-1.490033,12.013903],[-1.492311,12.013146],[-1.49467,12.012687],[-1.49707,12.012534],[-1.49947,12.012687],[-1.501829,12.013146],[-1.504107,12.013903],[-1.506265,12.014943],[-1.508265,12.01625],[-1.510073,12.017801],[-1.511659,12.01957],[-1.512996,12.021526],[-1.51406,12.023636],[-1.514833,12.025864],[-1.515303,12.028172],[-1.51546,12.030519],[-1.515303,12.032867],[-1.514834,12.035175],[-1.514061,12.037403],[-1.512997,12.039513],[-1.511661,12.041469],[-1.510075,12.043238],[-1.508266,12.044789],[-1.506266,12.046097],[-1.504108,12.047137],[-1.50183,12.047894],[-1.499471,12.048353],[-1.49707,12.048506]]]},"properties":{"well_id":"GBF-R-024","label":"Doulougou well 024 \u2014 2 km catchment","commune":"Doulougou","province":"Bazega","region":"Centre-Sud","asset_type":"restored","year":"2023","funder":"[PENDING]","population_dependent":320,"status_today":"NEVER_REPORTED","status_month6_illustrative":"WORKING_DEGRADING","report_count_month6":22,"pump_type":"Volanta","depth_m":"52","coordinate_confidence":"ILLUSTRATIVE_COMMUNE_CENTROID_PLUS_JITTER","provenance":"ILLUSTRATIVE_STRUCTURE_ONLY","marker_state_today":"NEVER_REPORTED","marker_style":"dashed-outline-no-fill","catchment_km":2,"catchment_label":"2 km radius \u2014 approximate walking catchment","note":"Straight-line distance from an illustrative position. Actual walking distance is longer, and precise coordinates are pending from the country team."}},{"type":"Feature","geometry":{"type":"Polygon","coordinates":[[[-1.74568,11.577246],[-1.743284,11.577093],[-1.740928,11.576634],[-1.738654,11.575877],[-1.7365,11.574837],[-1.734503,11.573529],[-1.732698,11.571978],[-1.731114,11.570209],[-1.72978,11.568253],[-1.728718,11.566143],[-1.727946,11.563915],[-1.727478,11.561607],[-1.727321,11.559259],[-1.727478,11.556912],[-1.727947,11.554604],[-1.728719,11.552376],[-1.729781,11.550266],[-1.731116,11.54831],[-1.732699,11.546541],[-1.734504,11.54499],[-1.736501,11.543683],[-1.738655,11.542643],[-1.740929,11.541886],[-1.743284,11.541427],[-1.74568,11.541274],[-1.748076,11.541427],[-1.750431,11.541886],[-1.752705,11.542643],[-1.754859,11.543683],[-1.756856,11.54499],[-1.758661,11.546541],[-1.760244,11.54831],[-1.761579,11.550266],[-1.762641,11.552376],[-1.763413,11.554604],[-1.763882,11.556912],[-1.764039,11.559259],[-1.763882,11.561607],[-1.763414,11.563915],[-1.762642,11.566143],[-1.76158,11.568253],[-1.760246,11.570209],[-1.758662,11.571978],[-1.756857,11.573529],[-1.75486,11.574837],[-1.752706,11.575877],[-1.750432,11.576634],[-1.748076,11.577093],[-1.74568,11.577246]]]},"properties":{"well_id":"GBF-R-025","label":"Sapouy well 025 \u2014 2 km catchment","commune":"Sapouy","province":"Ziro","region":"Centre-Ouest","asset_type":"restored","year":"2019","funder":"School partner network","population_dependent":650,"status_today":"NEVER_REPORTED","status_month6_illustrative":"WORKING_DEGRADING","report_count_month6":18,"pump_type":"India Mark II","depth_m":"","coordinate_confidence":"ILLUSTRATIVE_COMMUNE_CENTROID_PLUS_JITTER","provenance":"ILLUSTRATIVE_STRUCTURE_ONLY","marker_state_today":"NEVER_REPORTED","marker_style":"dashed-outline-no-fill","catchment_km":2,"catchment_label":"2 km radius \u2014 approximate walking catchment","note":"Straight-line distance from an illustrative position. Actual walking distance is longer, and precise coordinates are pending from the country team."}},{"type":"Feature","geometry":{"type":"Polygon","coordinates":[[[-1.60208,12.258026],[-1.599678,12.257873],[-1.597316,12.257414],[-1.595036,12.256657],[-1.592877,12.255617],[-1.590875,12.254309],[-1.589065,12.252758],[-1.587478,12.250989],[-1.58614,12.249033],[-1.585076,12.246923],[-1.584302,12.244695],[-1.583832,12.242387],[-1.583675,12.240039],[-1.583833,12.237692],[-1.584303,12.235384],[-1.585077,12.233156],[-1.586142,12.231046],[-1.587479,12.22909],[-1.589066,12.227321],[-1.590876,12.22577],[-1.592878,12.224463],[-1.595037,12.223423],[-1.597317,12.222666],[-1.599678,12.222207],[-1.60208,12.222054],[-1.604482,12.222207],[-1.606843,12.222666],[-1.609123,12.223423],[-1.611282,12.224463],[-1.613284,12.22577],[-1.615094,12.227321],[-1.616681,12.22909],[-1.618018,12.231046],[-1.619083,12.233156],[-1.619857,12.235384],[-1.620327,12.237692],[-1.620485,12.240039],[-1.620328,12.242387],[-1.619858,12.244695],[-1.619084,12.246923],[-1.61802,12.249033],[-1.616682,12.250989],[-1.615095,12.252758],[-1.613285,12.254309],[-1.611283,12.255617],[-1.609124,12.256657],[-1.606844,12.257414],[-1.604482,12.257873],[-1.60208,12.258026]]]},"properties":{"well_id":"GBF-R-026","label":"Komsilga well 026 \u2014 2 km catchment","commune":"Komsilga","province":"Kadiogo","region":"Centre","asset_type":"restored","year":"2023","funder":"[PENDING]","population_dependent":410,"status_today":"NEVER_REPORTED","status_month6_illustrative":"WORKING","report_count_month6":37,"pump_type":"India Mark II","depth_m":"52","coordinate_confidence":"ILLUSTRATIVE_COMMUNE_CENTROID_PLUS_JITTER","provenance":"ILLUSTRATIVE_STRUCTURE_ONLY","marker_state_today":"NEVER_REPORTED","marker_style":"dashed-outline-no-fill","catchment_km":2,"catchment_label":"2 km radius \u2014 approximate walking catchment","note":"Straight-line distance from an illustrative position. Actual walking distance is longer, and precise coordinates are pending from the country team."}},{"type":"Feature","geometry":{"type":"Polygon","coordinates":[[[-1.75316,12.194426],[-1.750758,12.194273],[-1.748397,12.193814],[-1.746118,12.193057],[-1.743959,12.192017],[-1.741958,12.190709],[-1.740148,12.189158],[-1.738561,12.187389],[-1.737224,12.185433],[-1.73616,12.183323],[-1.735386,12.181095],[-1.734917,12.178787],[-1.73476,12.176439],[-1.734917,12.174092],[-1.735387,12.171784],[-1.736161,12.169556],[-1.737225,12.167446],[-1.738563,12.16549],[-1.74015,12.163721],[-1.741959,12.16217],[-1.74396,12.160863],[-1.746119,12.159823],[-1.748398,12.159066],[-1.750758,12.158607],[-1.75316,12.158454],[-1.755562,12.158607],[-1.757922,12.159066],[-1.760201,12.159823],[-1.76236,12.160863],[-1.764361,12.16217],[-1.76617,12.163721],[-1.767757,12.16549],[-1.769095,12.167446],[-1.770159,12.169556],[-1.770933,12.171784],[-1.771403,12.174092],[-1.77156,12.176439],[-1.771403,12.178787],[-1.770934,12.181095],[-1.77016,12.183323],[-1.769096,12.185433],[-1.767759,12.187389],[-1.766172,12.189158],[-1.764362,12.190709],[-1.762361,12.192017],[-1.760202,12.193057],[-1.757923,12.193814],[-1.755562,12.194273],[-1.75316,12.194426]]]},"properties":{"well_id":"GBF-R-027","label":"Tanghin-Dassouri well 027 \u2014 2 km catchment","commune":"Tanghin-Dassouri","province":"Kadiogo","region":"Centre","asset_type":"restored","year":"2023","funder":"Individual donors (Water Ball)","population_dependent":410,"status_today":"NEVER_REPORTED","status_month6_illustrative":"NOT_REPORTED_SINCE","report_count_month6":31,"pump_type":"Volanta","depth_m":"","coordinate_confidence":"ILLUSTRATIVE_COMMUNE_CENTROID_PLUS_JITTER","provenance":"ILLUSTRATIVE_STRUCTURE_ONLY","marker_state_today":"NEVER_REPORTED","marker_style":"dashed-outline-no-fill","catchment_km":2,"catchment_label":"2 km radius \u2014 approximate walking catchment","note":"Straight-line distance from an illustrative position. Actual walking distance is longer, and precise coordinates are pending from the country team."}},{"type":"Feature","geometry":{"type":"Polygon","coordinates":[[[-1.75084,12.217426],[-1.748438,12.217273],[-1.746077,12.216814],[-1.743797,12.216057],[-1.741638,12.215017],[-1.739637,12.213709],[-1.737827,12.212158],[-1.73624,12.210389],[-1.734903,12.208433],[-1.733838,12.206323],[-1.733065,12.204095],[-1.732595,12.201787],[-1.732438,12.199439],[-1.732596,12.197092],[-1.733065,12.194784],[-1.733839,12.192556],[-1.734904,12.190446],[-1.736241,12.18849],[-1.737828,12.186721],[-1.739638,12.18517],[-1.74164,12.183863],[-1.743798,12.182823],[-1.746078,12.182066],[-1.748438,12.181607],[-1.75084,12.181454],[-1.753242,12.181607],[-1.755602,12.182066],[-1.757882,12.182823],[-1.76004,12.183863],[-1.762042,12.18517],[-1.763852,12.186721],[-1.765439,12.18849],[-1.766776,12.190446],[-1.767841,12.192556],[-1.768615,12.194784],[-1.769084,12.197092],[-1.769242,12.199439],[-1.769085,12.201787],[-1.768615,12.204095],[-1.767842,12.206323],[-1.766777,12.208433],[-1.76544,12.210389],[-1.763853,12.212158],[-1.762043,12.213709],[-1.760042,12.215017],[-1.757883,12.216057],[-1.755603,12.216814],[-1.753242,12.217273],[-1.75084,12.217426]]]},"properties":{"well_id":"GBF-R-028","label":"Tanghin-Dassouri well 028 \u2014 2 km catchment","commune":"Tanghin-Dassouri","province":"Kadiogo","region":"Centre","asset_type":"restored","year":"2024","funder":"L'Oreal Fund for Women","population_dependent":3000,"status_today":"NEVER_REPORTED","status_month6_illustrative":"WORKING","report_count_month6":31,"pump_type":"Volanta","depth_m":"","coordinate_confidence":"ILLUSTRATIVE_COMMUNE_CENTROID_PLUS_JITTER","provenance":"ILLUSTRATIVE_STRUCTURE_ONLY","marker_state_today":"NEVER_REPORTED","marker_style":"dashed-outline-no-fill","catchment_km":2,"catchment_label":"2 km radius \u2014 approximate walking catchment","note":"Straight-line distance from an illustrative position. Actual walking distance is longer, and precise coordinates are pending from the country team."}},{"type":"Feature","geometry":{"type":"Polygon","coordinates":[[[-2.01632,12.172696],[-2.013918,12.172543],[-2.011558,12.172084],[-2.009279,12.171327],[-2.00712,12.170287],[-2.005119,12.168979],[-2.003309,12.167428],[-2.001723,12.165659],[-2.000386,12.163703],[-1.999321,12.161593],[-1.998548,12.159365],[-1.998078,12.157057],[-1.997921,12.154709],[-1.998079,12.152362],[-1.998548,12.150054],[-1.999322,12.147826],[-2.000387,12.145716],[-2.001724,12.14376],[-2.003311,12.141991],[-2.00512,12.14044],[-2.007121,12.139133],[-2.009279,12.138093],[-2.011558,12.137336],[-2.013919,12.136877],[-2.01632,12.136724],[-2.018721,12.136877],[-2.021082,12.137336],[-2.023361,12.138093],[-2.025519,12.139133],[-2.02752,12.14044],[-2.029329,12.141991],[-2.030916,12.14376],[-2.032253,12.145716],[-2.033318,12.147826],[-2.034092,12.150054],[-2.034561,12.152362],[-2.034719,12.154709],[-2.034562,12.157057],[-2.034092,12.159365],[-2.033319,12.161593],[-2.032254,12.163703],[-2.030917,12.165659],[-2.029331,12.167428],[-2.027521,12.168979],[-2.02552,12.170287],[-2.023361,12.171327],[-2.021082,12.172084],[-2.018722,12.172543],[-2.01632,12.172696]]]},"properties":{"well_id":"GBF-R-029","label":"Kokologho well 029 \u2014 2 km catchment","commune":"Kokologho","province":"Boulkiemde","region":"Centre-Ouest","asset_type":"restored","year":"2020","funder":"School partner network","population_dependent":180,"status_today":"NEVER_REPORTED","status_month6_illustrative":"WORKING","report_count_month6":15,"pump_type":"[PENDING]","depth_m":"47","coordinate_confidence":"ILLUSTRATIVE_COMMUNE_CENTROID_PLUS_JITTER","provenance":"ILLUSTRATIVE_STRUCTURE_ONLY","marker_state_today":"NEVER_REPORTED","marker_style":"dashed-outline-no-fill","catchment_km":2,"catchment_label":"2 km radius \u2014 approximate walking catchment","note":"Straight-line distance from an illustrative position. Actual walking distance is longer, and precise coordinates are pending from the country team."}},{"type":"Feature","geometry":{"type":"Polygon","coordinates":[[[-1.40085,12.209216],[-1.398448,12.209063],[-1.396087,12.208604],[-1.393808,12.207847],[-1.391649,12.206807],[-1.389647,12.205499],[-1.387838,12.203948],[-1.386251,12.202179],[-1.384913,12.200223],[-1.383849,12.198113],[-1.383075,12.195885],[-1.382606,12.193577],[-1.382449,12.191229],[-1.382606,12.188882],[-1.383076,12.186574],[-1.38385,12.184346],[-1.384914,12.182236],[-1.386252,12.18028],[-1.387839,12.178511],[-1.389649,12.17696],[-1.39165,12.175653],[-1.393809,12.174613],[-1.396088,12.173856],[-1.398448,12.173397],[-1.40085,12.173244],[-1.403252,12.173397],[-1.405612,12.173856],[-1.407891,12.174613],[-1.41005,12.175653],[-1.412051,12.17696],[-1.413861,12.178511],[-1.415448,12.18028],[-1.416786,12.182236],[-1.41785,12.184346],[-1.418624,12.186574],[-1.419094,12.188882],[-1.419251,12.191229],[-1.419094,12.193577],[-1.418625,12.195885],[-1.417851,12.198113],[-1.416787,12.200223],[-1.415449,12.202179],[-1.413862,12.203948],[-1.412053,12.205499],[-1.410051,12.206807],[-1.407892,12.207847],[-1.405613,12.208604],[-1.403252,12.209063],[-1.40085,12.209216]]]},"properties":{"well_id":"GBF-R-030","label":"Koubri well 030 \u2014 2 km catchment","commune":"Koubri","province":"Kadiogo","region":"Centre","asset_type":"restored","year":"2020","funder":"Individual donors (Water Ball)","population_dependent":3000,"status_today":"NEVER_REPORTED","status_month6_illustrative":"WORKING","report_count_month6":6,"pump_type":"India Mark II","depth_m":"","coordinate_confidence":"ILLUSTRATIVE_COMMUNE_CENTROID_PLUS_JITTER","provenance":"ILLUSTRATIVE_STRUCTURE_ONLY","marker_state_today":"NEVER_REPORTED","marker_style":"dashed-outline-no-fill","catchment_km":2,"catchment_label":"2 km radius \u2014 approximate walking catchment","note":"Straight-line distance from an illustrative position. Actual walking distance is longer, and precise coordinates are pending from the country team."}},{"type":"Feature","geometry":{"type":"Polygon","coordinates":[[[-1.4523,12.369146],[-1.449897,12.368993],[-1.447534,12.368534],[-1.445253,12.367777],[-1.443093,12.366737],[-1.441091,12.365429],[-1.43928,12.363878],[-1.437692,12.362109],[-1.436354,12.360153],[-1.435289,12.358043],[-1.434514,12.355815],[-1.434045,12.353507],[-1.433887,12.351159],[-1.434045,12.348812],[-1.434515,12.346504],[-1.435289,12.344276],[-1.436355,12.342166],[-1.437693,12.34021],[-1.439281,12.338441],[-1.441092,12.33689],[-1.443094,12.335583],[-1.445254,12.334543],[-1.447535,12.333786],[-1.449897,12.333327],[-1.4523,12.333174],[-1.454703,12.333327],[-1.457065,12.333786],[-1.459346,12.334543],[-1.461506,12.335583],[-1.463508,12.33689],[-1.465319,12.338441],[-1.466907,12.34021],[-1.468245,12.342166],[-1.469311,12.344276],[-1.470085,12.346504],[-1.470555,12.348812],[-1.470713,12.351159],[-1.470555,12.353507],[-1.470086,12.355815],[-1.469311,12.358043],[-1.468246,12.360153],[-1.466908,12.362109],[-1.46532,12.363878],[-1.463509,12.365429],[-1.461507,12.366737],[-1.459347,12.367777],[-1.457066,12.368534],[-1.454703,12.368993],[-1.4523,12.369146]]]},"properties":{"well_id":"GBF-R-031","label":"Saaba well 031 \u2014 2 km catchment","commune":"Saaba","province":"Kadiogo","region":"Centre","asset_type":"restored","year":"2023","funder":"L'Oreal Fund for Women","population_dependent":180,"status_today":"NEVER_REPORTED","status_month6_illustrative":"BROKEN","report_count_month6":23,"pump_type":"Vergnet HPV-60","depth_m":"58","coordinate_confidence":"ILLUSTRATIVE_COMMUNE_CENTROID_PLUS_JITTER","provenance":"ILLUSTRATIVE_STRUCTURE_ONLY","marker_state_today":"NEVER_REPORTED","marker_style":"dashed-outline-no-fill","catchment_km":2,"catchment_label":"2 km radius \u2014 approximate walking catchment","note":"Straight-line distance from an illustrative position. Actual walking distance is longer, and precise coordinates are pending from the country team."}},{"type":"Feature","geometry":{"type":"Polygon","coordinates":[[[-1.54721,12.535586],[-1.544805,12.535433],[-1.542441,12.534974],[-1.540159,12.534217],[-1.537997,12.533177],[-1.535993,12.531869],[-1.534181,12.530318],[-1.532592,12.528549],[-1.531253,12.526593],[-1.530188,12.524483],[-1.529413,12.522255],[-1.528943,12.519947],[-1.528786,12.517599],[-1.528943,12.515252],[-1.529414,12.512944],[-1.530189,12.510716],[-1.531255,12.508606],[-1.532594,12.50665],[-1.534183,12.504881],[-1.535995,12.50333],[-1.537998,12.502023],[-1.54016,12.500983],[-1.542442,12.500226],[-1.544805,12.499767],[-1.54721,12.499614],[-1.549615,12.499767],[-1.551978,12.500226],[-1.55426,12.500983],[-1.556422,12.502023],[-1.558425,12.50333],[-1.560237,12.504881],[-1.561826,12.50665],[-1.563165,12.508606],[-1.564231,12.510716],[-1.565006,12.512944],[-1.565477,12.515252],[-1.565634,12.517599],[-1.565477,12.519947],[-1.565007,12.522255],[-1.564232,12.524483],[-1.563167,12.526593],[-1.561828,12.528549],[-1.560239,12.530318],[-1.558427,12.531869],[-1.556423,12.533177],[-1.554261,12.534217],[-1.551979,12.534974],[-1.549615,12.535433],[-1.54721,12.535586]]]},"properties":{"well_id":"GBF-R-032","label":"Pabre well 032 \u2014 2 km catchment","commune":"Pabre","province":"Kadiogo","region":"Centre","asset_type":"restored","year":"2021","funder":"Newday Impact","population_dependent":800,"status_today":"NEVER_REPORTED","status_month6_illustrative":"WORKING","report_count_month6":29,"pump_type":"India Mark II","depth_m":"41","coordinate_confidence":"ILLUSTRATIVE_COMMUNE_CENTROID_PLUS_JITTER","provenance":"ILLUSTRATIVE_STRUCTURE_ONLY","marker_state_today":"NEVER_REPORTED","marker_style":"dashed-outline-no-fill","catchment_km":2,"catchment_label":"2 km radius \u2014 approximate walking catchment","note":"Straight-line distance from an illustrative position. Actual walking distance is longer, and precise coordinates are pending from the country team."}},{"type":"Feature","geometry":{"type":"Polygon","coordinates":[[[-1.58223,12.147126],[-1.579829,12.146973],[-1.577468,12.146514],[-1.575189,12.145757],[-1.573031,12.144717],[-1.57103,12.143409],[-1.569221,12.141858],[-1.567634,12.140089],[-1.566297,12.138133],[-1.565233,12.136023],[-1.564459,12.133795],[-1.56399,12.131487],[-1.563833,12.129139],[-1.56399,12.126792],[-1.56446,12.124484],[-1.565234,12.122256],[-1.566298,12.120146],[-1.567635,12.11819],[-1.569222,12.116421],[-1.571031,12.11487],[-1.573032,12.113563],[-1.57519,12.112523],[-1.577469,12.111766],[-1.579829,12.111307],[-1.58223,12.111154],[-1.584631,12.111307],[-1.586991,12.111766],[-1.58927,12.112523],[-1.591428,12.113563],[-1.593429,12.11487],[-1.595238,12.116421],[-1.596825,12.11819],[-1.598162,12.120146],[-1.599226,12.122256],[-1.6,12.124484],[-1.60047,12.126792],[-1.600627,12.129139],[-1.60047,12.131487],[-1.600001,12.133795],[-1.599227,12.136023],[-1.598163,12.138133],[-1.596826,12.140089],[-1.595239,12.141858],[-1.59343,12.143409],[-1.591429,12.144717],[-1.589271,12.145757],[-1.586992,12.146514],[-1.584631,12.146973],[-1.58223,12.147126]]]},"properties":{"well_id":"GBF-R-033","label":"Komsilga well 033 \u2014 2 km catchment","commune":"Komsilga","province":"Kadiogo","region":"Centre","asset_type":"restored","year":"2017","funder":"Individual donors (Water Ball)","population_dependent":410,"status_today":"NEVER_REPORTED","status_month6_illustrative":"NOT_REPORTED_SINCE","report_count_month6":38,"pump_type":"India Mark II","depth_m":"","coordinate_confidence":"ILLUSTRATIVE_COMMUNE_CENTROID_PLUS_JITTER","provenance":"ILLUSTRATIVE_STRUCTURE_ONLY","marker_state_today":"NEVER_REPORTED","marker_style":"dashed-outline-no-fill","catchment_km":2,"catchment_label":"2 km radius \u2014 approximate walking catchment","note":"Straight-line distance from an illustrative position. Actual walking distance is longer, and precise coordinates are pending from the country team."}},{"type":"Feature","geometry":{"type":"Polygon","coordinates":[[[-2.10033,12.204686],[-2.097928,12.204533],[-2.095567,12.204074],[-2.093288,12.203317],[-2.091129,12.202277],[-2.089128,12.200969],[-2.087318,12.199418],[-2.085731,12.197649],[-2.084394,12.195693],[-2.083329,12.193583],[-2.082556,12.191355],[-2.082086,12.189047],[-2.081929,12.186699],[-2.082086,12.184352],[-2.082556,12.182044],[-2.08333,12.179816],[-2.084395,12.177706],[-2.085732,12.17575],[-2.087319,12.173981],[-2.089129,12.17243],[-2.09113,12.171123],[-2.093289,12.170083],[-2.095568,12.169326],[-2.097928,12.168867],[-2.10033,12.168714],[-2.102732,12.168867],[-2.105092,12.169326],[-2.107371,12.170083],[-2.10953,12.171123],[-2.111531,12.17243],[-2.113341,12.173981],[-2.114928,12.17575],[-2.116265,12.177706],[-2.11733,12.179816],[-2.118104,12.182044],[-2.118574,12.184352],[-2.118731,12.186699],[-2.118574,12.189047],[-2.118104,12.191355],[-2.117331,12.193583],[-2.116266,12.195693],[-2.114929,12.197649],[-2.113342,12.199418],[-2.111532,12.200969],[-2.109531,12.202277],[-2.107372,12.203317],[-2.105093,12.204074],[-2.102732,12.204533],[-2.10033,12.204686]]]},"properties":{"well_id":"GBF-R-034","label":"Kokologho well 034 \u2014 2 km catchment","commune":"Kokologho","province":"Boulkiemde","region":"Centre-Ouest","asset_type":"restored","year":"2022","funder":"[PENDING]","population_dependent":240,"status_today":"NEVER_REPORTED","status_month6_illustrative":"WORKING_DEGRADING","report_count_month6":41,"pump_type":"Volanta","depth_m":"","coordinate_confidence":"ILLUSTRATIVE_COMMUNE_CENTROID_PLUS_JITTER","provenance":"ILLUSTRATIVE_STRUCTURE_ONLY","marker_state_today":"NEVER_REPORTED","marker_style":"dashed-outline-no-fill","catchment_km":2,"catchment_label":"2 km radius \u2014 approximate walking catchment","note":"Straight-line distance from an illustrative position. Actual walking distance is longer, and precise coordinates are pending from the country team."}},{"type":"Feature","geometry":{"type":"Polygon","coordinates":[[[-1.4244,12.324346],[-1.421997,12.324193],[-1.419635,12.323734],[-1.417355,12.322977],[-1.415195,12.321937],[-1.413192,12.320629],[-1.411382,12.319078],[-1.409794,12.317309],[-1.408456,12.315353],[-1.407391,12.313243],[-1.406618,12.311015],[-1.406148,12.308707],[-1.405991,12.306359],[-1.406148,12.304012],[-1.406618,12.301704],[-1.407392,12.299476],[-1.408457,12.297366],[-1.409795,12.29541],[-1.411383,12.293641],[-1.413194,12.29209],[-1.415196,12.290783],[-1.417355,12.289743],[-1.419636,12.288986],[-1.421997,12.288527],[-1.4244,12.288374],[-1.426803,12.288527],[-1.429164,12.288986],[-1.431445,12.289743],[-1.433604,12.290783],[-1.435606,12.29209],[-1.437417,12.293641],[-1.439005,12.29541],[-1.440343,12.297366],[-1.441408,12.299476],[-1.442182,12.301704],[-1.442652,12.304012],[-1.442809,12.306359],[-1.442652,12.308707],[-1.442182,12.311015],[-1.441409,12.313243],[-1.440344,12.315353],[-1.439006,12.317309],[-1.437418,12.319078],[-1.435608,12.320629],[-1.433605,12.321937],[-1.431445,12.322977],[-1.429165,12.323734],[-1.426803,12.324193],[-1.4244,12.324346]]]},"properties":{"well_id":"GBF-R-035","label":"Saaba well 035 \u2014 2 km catchment","commune":"Saaba","province":"Kadiogo","region":"Centre","asset_type":"restored","year":"2019","funder":"[PENDING]","population_dependent":2200,"status_today":"NEVER_REPORTED","status_month6_illustrative":"WORKING_DEGRADING","report_count_month6":34,"pump_type":"India Mark II","depth_m":"41","coordinate_confidence":"ILLUSTRATIVE_COMMUNE_CENTROID_PLUS_JITTER","provenance":"ILLUSTRATIVE_STRUCTURE_ONLY","marker_state_today":"NEVER_REPORTED","marker_style":"dashed-outline-no-fill","catchment_km":2,"catchment_label":"2 km radius \u2014 approximate walking catchment","note":"Straight-line distance from an illustrative position. Actual walking distance is longer, and precise coordinates are pending from the country team."}},{"type":"Feature","geometry":{"type":"Polygon","coordinates":[[[-1.41365,12.165946],[-1.411248,12.165793],[-1.408888,12.165334],[-1.406609,12.164577],[-1.40445,12.163537],[-1.402449,12.162229],[-1.40064,12.160678],[-1.399053,12.158909],[-1.397716,12.156953],[-1.396652,12.154843],[-1.395878,12.152615],[-1.395409,12.150307],[-1.395252,12.147959],[-1.395409,12.145612],[-1.395879,12.143304],[-1.396653,12.141076],[-1.397717,12.138966],[-1.399054,12.13701],[-1.400641,12.135241],[-1.40245,12.13369],[-1.404451,12.132383],[-1.40661,12.131343],[-1.408888,12.130586],[-1.411249,12.130127],[-1.41365,12.129974],[-1.416051,12.130127],[-1.418412,12.130586],[-1.42069,12.131343],[-1.422849,12.132383],[-1.42485,12.13369],[-1.426659,12.135241],[-1.428246,12.13701],[-1.429583,12.138966],[-1.430647,12.141076],[-1.431421,12.143304],[-1.431891,12.145612],[-1.432048,12.147959],[-1.431891,12.150307],[-1.431422,12.152615],[-1.430648,12.154843],[-1.429584,12.156953],[-1.428247,12.158909],[-1.42666,12.160678],[-1.424851,12.162229],[-1.42285,12.163537],[-1.420691,12.164577],[-1.418412,12.165334],[-1.416052,12.165793],[-1.41365,12.165946]]]},"properties":{"well_id":"GBF-R-036","label":"Koubri well 036 \u2014 2 km catchment","commune":"Koubri","province":"Kadiogo","region":"Centre","asset_type":"restored","year":"2021","funder":"[PENDING]","population_dependent":240,"status_today":"NEVER_REPORTED","status_month6_illustrative":"WORKING","report_count_month6":13,"pump_type":"[PENDING]","depth_m":"","coordinate_confidence":"ILLUSTRATIVE_COMMUNE_CENTROID_PLUS_JITTER","provenance":"ILLUSTRATIVE_STRUCTURE_ONLY","marker_state_today":"NEVER_REPORTED","marker_style":"dashed-outline-no-fill","catchment_km":2,"catchment_label":"2 km radius \u2014 approximate walking catchment","note":"Straight-line distance from an illustrative position. Actual walking distance is longer, and precise coordinates are pending from the country team."}},{"type":"Feature","geometry":{"type":"Polygon","coordinates":[[[-1.73574,12.189756],[-1.733338,12.189603],[-1.730977,12.189144],[-1.728698,12.188387],[-1.726539,12.187347],[-1.724538,12.186039],[-1.722729,12.184488],[-1.721142,12.182719],[-1.719805,12.180763],[-1.71874,12.178653],[-1.717967,12.176425],[-1.717497,12.174117],[-1.71734,12.171769],[-1.717498,12.169422],[-1.717967,12.167114],[-1.718741,12.164886],[-1.719806,12.162776],[-1.721143,12.16082],[-1.72273,12.159051],[-1.724539,12.1575],[-1.726541,12.156193],[-1.728699,12.155153],[-1.730978,12.154396],[-1.733338,12.153937],[-1.73574,12.153784],[-1.738142,12.153937],[-1.740502,12.154396],[-1.742781,12.155153],[-1.744939,12.156193],[-1.746941,12.1575],[-1.74875,12.159051],[-1.750337,12.16082],[-1.751674,12.162776],[-1.752739,12.164886],[-1.753513,12.167114],[-1.753982,12.169422],[-1.75414,12.171769],[-1.753983,12.174117],[-1.753513,12.176425],[-1.75274,12.178653],[-1.751675,12.180763],[-1.750338,12.182719],[-1.748751,12.184488],[-1.746942,12.186039],[-1.744941,12.187347],[-1.742782,12.188387],[-1.740503,12.189144],[-1.738142,12.189603],[-1.73574,12.189756]]]},"properties":{"well_id":"GBF-R-037","label":"Tanghin-Dassouri well 037 \u2014 2 km catchment","commune":"Tanghin-Dassouri","province":"Kadiogo","region":"Centre","asset_type":"restored","year":"2023","funder":"[PENDING]","population_dependent":3000,"status_today":"NEVER_REPORTED","status_month6_illustrative":"NOT_REPORTED_SINCE","report_count_month6":26,"pump_type":"India Mark II","depth_m":"41","coordinate_confidence":"ILLUSTRATIVE_COMMUNE_CENTROID_PLUS_JITTER","provenance":"ILLUSTRATIVE_STRUCTURE_ONLY","marker_state_today":"NEVER_REPORTED","marker_style":"dashed-outline-no-fill","catchment_km":2,"catchment_label":"2 km radius \u2014 approximate walking catchment","note":"Straight-line distance from an illustrative position. Actual walking distance is longer, and precise coordinates are pending from the country team."}},{"type":"Feature","geometry":{"type":"Polygon","coordinates":[[[-1.41639,12.143576],[-1.413989,12.143423],[-1.411628,12.142964],[-1.409349,12.142207],[-1.407191,12.141167],[-1.40519,12.139859],[-1.403381,12.138308],[-1.401794,12.136539],[-1.400457,12.134583],[-1.399393,12.132473],[-1.39862,12.130245],[-1.39815,12.127937],[-1.397993,12.125589],[-1.398151,12.123242],[-1.39862,12.120934],[-1.399394,12.118706],[-1.400458,12.116596],[-1.401795,12.11464],[-1.403382,12.112871],[-1.405191,12.11132],[-1.407192,12.110013],[-1.40935,12.108973],[-1.411629,12.108216],[-1.413989,12.107757],[-1.41639,12.107604],[-1.418791,12.107757],[-1.421151,12.108216],[-1.42343,12.108973],[-1.425588,12.110013],[-1.427589,12.11132],[-1.429398,12.112871],[-1.430985,12.11464],[-1.432322,12.116596],[-1.433386,12.118706],[-1.43416,12.120934],[-1.434629,12.123242],[-1.434787,12.125589],[-1.43463,12.127937],[-1.43416,12.130245],[-1.433387,12.132473],[-1.432323,12.134583],[-1.430986,12.136539],[-1.429399,12.138308],[-1.42759,12.139859],[-1.425589,12.141167],[-1.423431,12.142207],[-1.421152,12.142964],[-1.418791,12.143423],[-1.41639,12.143576]]]},"properties":{"well_id":"GBF-R-038","label":"Koubri well 038 \u2014 2 km catchment","commune":"Koubri","province":"Kadiogo","region":"Centre","asset_type":"restored","year":"2017","funder":"School partner network","population_dependent":1500,"status_today":"NEVER_REPORTED","status_month6_illustrative":"WORKING","report_count_month6":15,"pump_type":"[PENDING]","depth_m":"58","coordinate_confidence":"ILLUSTRATIVE_COMMUNE_CENTROID_PLUS_JITTER","provenance":"ILLUSTRATIVE_STRUCTURE_ONLY","marker_state_today":"NEVER_REPORTED","marker_style":"dashed-outline-no-fill","catchment_km":2,"catchment_label":"2 km radius \u2014 approximate walking catchment","note":"Straight-line distance from an illustrative position. Actual walking distance is longer, and precise coordinates are pending from the country team."}},{"type":"Feature","geometry":{"type":"Polygon","coordinates":[[[-1.67108,12.543696],[-1.668675,12.543543],[-1.666311,12.543084],[-1.664029,12.542327],[-1.661867,12.541287],[-1.659863,12.539979],[-1.658051,12.538428],[-1.656462,12.536659],[-1.655123,12.534703],[-1.654057,12.532593],[-1.653283,12.530365],[-1.652812,12.528057],[-1.652655,12.525709],[-1.652813,12.523362],[-1.653283,12.521054],[-1.654058,12.518826],[-1.655124,12.516716],[-1.656463,12.51476],[-1.658052,12.512991],[-1.659864,12.51144],[-1.661868,12.510133],[-1.66403,12.509093],[-1.666312,12.508336],[-1.668675,12.507877],[-1.67108,12.507724],[-1.673485,12.507877],[-1.675848,12.508336],[-1.67813,12.509093],[-1.680292,12.510133],[-1.682296,12.51144],[-1.684108,12.512991],[-1.685697,12.51476],[-1.687036,12.516716],[-1.688102,12.518826],[-1.688877,12.521054],[-1.689347,12.523362],[-1.689505,12.525709],[-1.689348,12.528057],[-1.688877,12.530365],[-1.688103,12.532593],[-1.687037,12.534703],[-1.685698,12.536659],[-1.684109,12.538428],[-1.682297,12.539979],[-1.680293,12.541287],[-1.678131,12.542327],[-1.675849,12.543084],[-1.673485,12.543543],[-1.67108,12.543696]]]},"properties":{"well_id":"GBF-R-039","label":"Pabre well 039 \u2014 2 km catchment","commune":"Pabre","province":"Kadiogo","region":"Centre","asset_type":"restored","year":"2025","funder":"[PENDING]","population_dependent":320,"status_today":"NEVER_REPORTED","status_month6_illustrative":"WORKING","report_count_month6":37,"pump_type":"Vergnet HPV-60","depth_m":"63","coordinate_confidence":"ILLUSTRATIVE_COMMUNE_CENTROID_PLUS_JITTER","provenance":"ILLUSTRATIVE_STRUCTURE_ONLY","marker_state_today":"NEVER_REPORTED","marker_style":"dashed-outline-no-fill","catchment_km":2,"catchment_label":"2 km radius \u2014 approximate walking catchment","note":"Straight-line distance from an illustrative position. Actual walking distance is longer, and precise coordinates are pending from the country team."}},{"type":"Feature","geometry":{"type":"Polygon","coordinates":[[[-1.49956,12.060136],[-1.497159,12.059983],[-1.4948,12.059524],[-1.492522,12.058767],[-1.490364,12.057727],[-1.488364,12.056419],[-1.486555,12.054868],[-1.484969,12.053099],[-1.483632,12.051143],[-1.482568,12.049033],[-1.481795,12.046805],[-1.481326,12.044497],[-1.481169,12.042149],[-1.481326,12.039802],[-1.481796,12.037494],[-1.482569,12.035266],[-1.483633,12.033156],[-1.48497,12.0312],[-1.486556,12.029431],[-1.488365,12.02788],[-1.490365,12.026573],[-1.492522,12.025533],[-1.4948,12.024776],[-1.49716,12.024317],[-1.49956,12.024164],[-1.50196,12.024317],[-1.50432,12.024776],[-1.506598,12.025533],[-1.508755,12.026573],[-1.510755,12.02788],[-1.512564,12.029431],[-1.51415,12.0312],[-1.515487,12.033156],[-1.516551,12.035266],[-1.517324,12.037494],[-1.517794,12.039802],[-1.517951,12.042149],[-1.517794,12.044497],[-1.517325,12.046805],[-1.516552,12.049033],[-1.515488,12.051143],[-1.514151,12.053099],[-1.512565,12.054868],[-1.510756,12.056419],[-1.508756,12.057727],[-1.506598,12.058767],[-1.50432,12.059524],[-1.501961,12.059983],[-1.49956,12.060136]]]},"properties":{"well_id":"GBF-R-040","label":"Doulougou well 040 \u2014 2 km catchment","commune":"Doulougou","province":"Bazega","region":"Centre-Sud","asset_type":"restored","year":"2021","funder":"[PENDING]","population_dependent":320,"status_today":"NEVER_REPORTED","status_month6_illustrative":"WORKING","report_count_month6":2,"pump_type":"Vergnet HPV-60","depth_m":"52","coordinate_confidence":"ILLUSTRATIVE_COMMUNE_CENTROID_PLUS_JITTER","provenance":"ILLUSTRATIVE_STRUCTURE_ONLY","marker_state_today":"NEVER_REPORTED","marker_style":"dashed-outline-no-fill","catchment_km":2,"catchment_label":"2 km radius \u2014 approximate walking catchment","note":"Straight-line distance from an illustrative position. Actual walking distance is longer, and precise coordinates are pending from the country team."}},{"type":"Feature","geometry":{"type":"Polygon","coordinates":[[[-1.54255,12.177636],[-1.540148,12.177483],[-1.537788,12.177024],[-1.535508,12.176267],[-1.53335,12.175227],[-1.531349,12.173919],[-1.529539,12.172368],[-1.527952,12.170599],[-1.526615,12.168643],[-1.525551,12.166533],[-1.524777,12.164305],[-1.524308,12.161997],[-1.524151,12.159649],[-1.524308,12.157302],[-1.524778,12.154994],[-1.525552,12.152766],[-1.526616,12.150656],[-1.527954,12.1487],[-1.52954,12.146931],[-1.53135,12.14538],[-1.533351,12.144073],[-1.535509,12.143033],[-1.537788,12.142276],[-1.540149,12.141817],[-1.54255,12.141664],[-1.544951,12.141817],[-1.547312,12.142276],[-1.549591,12.143033],[-1.551749,12.144073],[-1.55375,12.14538],[-1.55556,12.146931],[-1.557146,12.1487],[-1.558484,12.150656],[-1.559548,12.152766],[-1.560322,12.154994],[-1.560792,12.157302],[-1.560949,12.159649],[-1.560792,12.161997],[-1.560323,12.164305],[-1.559549,12.166533],[-1.558485,12.168643],[-1.557148,12.170599],[-1.555561,12.172368],[-1.553751,12.173919],[-1.55175,12.175227],[-1.549592,12.176267],[-1.547312,12.177024],[-1.544952,12.177483],[-1.54255,12.177636]]]},"properties":{"well_id":"GBF-R-041","label":"Komsilga well 041 \u2014 2 km catchment","commune":"Komsilga","province":"Kadiogo","region":"Centre","asset_type":"restored","year":"2024","funder":"[PENDING]","population_dependent":1500,"status_today":"NEVER_REPORTED","status_month6_illustrative":"WORKING","report_count_month6":21,"pump_type":"India Mark II","depth_m":"47","coordinate_confidence":"ILLUSTRATIVE_COMMUNE_CENTROID_PLUS_JITTER","provenance":"ILLUSTRATIVE_STRUCTURE_ONLY","marker_state_today":"NEVER_REPORTED","marker_style":"dashed-outline-no-fill","catchment_km":2,"catchment_label":"2 km radius \u2014 approximate walking catchment","note":"Straight-line distance from an illustrative position. Actual walking distance is longer, and precise coordinates are pending from the country team."}},{"type":"Feature","geometry":{"type":"Polygon","coordinates":[[[-1.80919,11.599516],[-1.806793,11.599363],[-1.804438,11.598904],[-1.802163,11.598147],[-1.800009,11.597107],[-1.798012,11.595799],[-1.796207,11.594248],[-1.794623,11.592479],[-1.793289,11.590523],[-1.792227,11.588413],[-1.791455,11.586185],[-1.790987,11.583877],[-1.79083,11.581529],[-1.790987,11.579182],[-1.791456,11.576874],[-1.792228,11.574646],[-1.79329,11.572536],[-1.794624,11.57058],[-1.796208,11.568811],[-1.798014,11.56726],[-1.80001,11.565953],[-1.802164,11.564913],[-1.804438,11.564156],[-1.806794,11.563697],[-1.80919,11.563544],[-1.811586,11.563697],[-1.813942,11.564156],[-1.816216,11.564913],[-1.81837,11.565953],[-1.820366,11.56726],[-1.822172,11.568811],[-1.823756,11.57058],[-1.82509,11.572536],[-1.826152,11.574646],[-1.826924,11.576874],[-1.827393,11.579182],[-1.82755,11.581529],[-1.827393,11.583877],[-1.826925,11.586185],[-1.826153,11.588413],[-1.825091,11.590523],[-1.823757,11.592479],[-1.822173,11.594248],[-1.820368,11.595799],[-1.818371,11.597107],[-1.816217,11.598147],[-1.813942,11.598904],[-1.811587,11.599363],[-1.80919,11.599516]]]},"properties":{"well_id":"GBF-R-042","label":"Sapouy well 042 \u2014 2 km catchment","commune":"Sapouy","province":"Ziro","region":"Centre-Ouest","asset_type":"restored","year":"2025","funder":"Individual donors (Water Ball)","population_dependent":180,"status_today":"NEVER_REPORTED","status_month6_illustrative":"BROKEN","report_count_month6":33,"pump_type":"Vergnet HPV-60","depth_m":"52","coordinate_confidence":"ILLUSTRATIVE_COMMUNE_CENTROID_PLUS_JITTER","provenance":"ILLUSTRATIVE_STRUCTURE_ONLY","marker_state_today":"NEVER_REPORTED","marker_style":"dashed-outline-no-fill","catchment_km":2,"catchment_label":"2 km radius \u2014 approximate walking catchment","note":"Straight-line distance from an illustrative position. Actual walking distance is longer, and precise coordinates are pending from the country team."}},{"type":"Feature","geometry":{"type":"Polygon","coordinates":[[[-1.34585,12.098576],[-1.343449,12.098423],[-1.341089,12.097964],[-1.338811,12.097207],[-1.336653,12.096167],[-1.334652,12.094859],[-1.332843,12.093308],[-1.331257,12.091539],[-1.32992,12.089583],[-1.328856,12.087473],[-1.328083,12.085245],[-1.327613,12.082937],[-1.327456,12.080589],[-1.327614,12.078242],[-1.328083,12.075934],[-1.328857,12.073706],[-1.329921,12.071596],[-1.331258,12.06964],[-1.332844,12.067871],[-1.334653,12.06632],[-1.336654,12.065013],[-1.338811,12.063973],[-1.34109,12.063216],[-1.343449,12.062757],[-1.34585,12.062604],[-1.348251,12.062757],[-1.35061,12.063216],[-1.352889,12.063973],[-1.355046,12.065013],[-1.357047,12.06632],[-1.358856,12.067871],[-1.360442,12.06964],[-1.361779,12.071596],[-1.362843,12.073706],[-1.363617,12.075934],[-1.364086,12.078242],[-1.364244,12.080589],[-1.364087,12.082937],[-1.363617,12.085245],[-1.362844,12.087473],[-1.36178,12.089583],[-1.360443,12.091539],[-1.358857,12.093308],[-1.357048,12.094859],[-1.355047,12.096167],[-1.352889,12.097207],[-1.350611,12.097964],[-1.348251,12.098423],[-1.34585,12.098576]]]},"properties":{"well_id":"GBF-R-043","label":"Kombissiri well 043 \u2014 2 km catchment","commune":"Kombissiri","province":"Bazega","region":"Centre-Sud","asset_type":"restored","year":"2023","funder":"[PENDING]","population_dependent":800,"status_today":"NEVER_REPORTED","status_month6_illustrative":"BROKEN","report_count_month6":37,"pump_type":"Vergnet HPV-60","depth_m":"41","coordinate_confidence":"ILLUSTRATIVE_COMMUNE_CENTROID_PLUS_JITTER","provenance":"ILLUSTRATIVE_STRUCTURE_ONLY","marker_state_today":"NEVER_REPORTED","marker_style":"dashed-outline-no-fill","catchment_km":2,"catchment_label":"2 km radius \u2014 approximate walking catchment","note":"Straight-line distance from an illustrative position. Actual walking distance is longer, and precise coordinates are pending from the country team."}},{"type":"Feature","geometry":{"type":"Polygon","coordinates":[[[-1.42131,12.266476],[-1.418907,12.266323],[-1.416546,12.265864],[-1.414266,12.265107],[-1.412107,12.264067],[-1.410105,12.262759],[-1.408295,12.261208],[-1.406707,12.259439],[-1.40537,12.257483],[-1.404305,12.255373],[-1.403531,12.253145],[-1.403062,12.250837],[-1.402905,12.248489],[-1.403062,12.246142],[-1.403532,12.243834],[-1.404306,12.241606],[-1.405371,12.239496],[-1.406709,12.23754],[-1.408296,12.235771],[-1.410106,12.23422],[-1.412108,12.232913],[-1.414267,12.231873],[-1.416547,12.231116],[-1.418908,12.230657],[-1.42131,12.230504],[-1.423712,12.230657],[-1.426073,12.231116],[-1.428353,12.231873],[-1.430512,12.232913],[-1.432514,12.23422],[-1.434324,12.235771],[-1.435911,12.23754],[-1.437249,12.239496],[-1.438314,12.241606],[-1.439088,12.243834],[-1.439558,12.246142],[-1.439715,12.248489],[-1.439558,12.250837],[-1.439089,12.253145],[-1.438315,12.255373],[-1.43725,12.257483],[-1.435913,12.259439],[-1.434325,12.261208],[-1.432515,12.262759],[-1.430513,12.264067],[-1.428354,12.265107],[-1.426074,12.265864],[-1.423713,12.266323],[-1.42131,12.266476]]]},"properties":{"well_id":"GBF-R-044","label":"Koubri well 044 \u2014 2 km catchment","commune":"Koubri","province":"Kadiogo","region":"Centre","asset_type":"restored","year":"2021","funder":"Newday Impact","population_dependent":320,"status_today":"NEVER_REPORTED","status_month6_illustrative":"WORKING","report_count_month6":41,"pump_type":"[PENDING]","depth_m":"41","coordinate_confidence":"ILLUSTRATIVE_COMMUNE_CENTROID_PLUS_JITTER","provenance":"ILLUSTRATIVE_STRUCTURE_ONLY","marker_state_today":"NEVER_REPORTED","marker_style":"dashed-outline-no-fill","catchment_km":2,"catchment_label":"2 km radius \u2014 approximate walking catchment","note":"Straight-line distance from an illustrative position. Actual walking distance is longer, and precise coordinates are pending from the country team."}},{"type":"Feature","geometry":{"type":"Polygon","coordinates":[[[-1.4114,12.065086],[-1.408999,12.064933],[-1.40664,12.064474],[-1.404361,12.063717],[-1.402204,12.062677],[-1.400203,12.061369],[-1.398395,12.059818],[-1.396808,12.058049],[-1.395472,12.056093],[-1.394408,12.053983],[-1.393635,12.051755],[-1.393166,12.049447],[-1.393009,12.047099],[-1.393166,12.044752],[-1.393636,12.042444],[-1.394409,12.040216],[-1.395473,12.038106],[-1.39681,12.03615],[-1.398396,12.034381],[-1.400205,12.03283],[-1.402205,12.031523],[-1.404362,12.030483],[-1.40664,12.029726],[-1.409,12.029267],[-1.4114,12.029114],[-1.4138,12.029267],[-1.41616,12.029726],[-1.418438,12.030483],[-1.420595,12.031523],[-1.422595,12.03283],[-1.424404,12.034381],[-1.42599,12.03615],[-1.427327,12.038106],[-1.428391,12.040216],[-1.429164,12.042444],[-1.429634,12.044752],[-1.429791,12.047099],[-1.429634,12.049447],[-1.429165,12.051755],[-1.428392,12.053983],[-1.427328,12.056093],[-1.425992,12.058049],[-1.424405,12.059818],[-1.422597,12.061369],[-1.420596,12.062677],[-1.418439,12.063717],[-1.41616,12.064474],[-1.413801,12.064933],[-1.4114,12.065086]]]},"properties":{"well_id":"GBF-R-045","label":"Kombissiri well 045 \u2014 2 km catchment","commune":"Kombissiri","province":"Bazega","region":"Centre-Sud","asset_type":"restored","year":"2025","funder":"L'Oreal Fund for Women","population_dependent":950,"status_today":"NEVER_REPORTED","status_month6_illustrative":"WORKING","report_count_month6":16,"pump_type":"Vergnet HPV-60","depth_m":"","coordinate_confidence":"ILLUSTRATIVE_COMMUNE_CENTROID_PLUS_JITTER","provenance":"ILLUSTRATIVE_STRUCTURE_ONLY","marker_state_today":"NEVER_REPORTED","marker_style":"dashed-outline-no-fill","catchment_km":2,"catchment_label":"2 km radius \u2014 approximate walking catchment","note":"Straight-line distance from an illustrative position. Actual walking distance is longer, and precise coordinates are pending from the country team."}},{"type":"Feature","geometry":{"type":"Polygon","coordinates":[[[-1.51737,12.074106],[-1.514969,12.073953],[-1.512609,12.073494],[-1.510331,12.072737],[-1.508173,12.071697],[-1.506173,12.070389],[-1.504364,12.068838],[-1.502778,12.067069],[-1.501441,12.065113],[-1.500377,12.063003],[-1.499604,12.060775],[-1.499135,12.058467],[-1.498978,12.056119],[-1.499135,12.053772],[-1.499605,12.051464],[-1.500378,12.049236],[-1.501443,12.047126],[-1.502779,12.04517],[-1.504365,12.043401],[-1.506174,12.04185],[-1.508174,12.040543],[-1.510332,12.039503],[-1.51261,12.038746],[-1.51497,12.038287],[-1.51737,12.038134],[-1.51977,12.038287],[-1.52213,12.038746],[-1.524408,12.039503],[-1.526566,12.040543],[-1.528566,12.04185],[-1.530375,12.043401],[-1.531961,12.04517],[-1.533297,12.047126],[-1.534362,12.049236],[-1.535135,12.051464],[-1.535605,12.053772],[-1.535762,12.056119],[-1.535605,12.058467],[-1.535136,12.060775],[-1.534363,12.063003],[-1.533299,12.065113],[-1.531962,12.067069],[-1.530376,12.068838],[-1.528567,12.070389],[-1.526567,12.071697],[-1.524409,12.072737],[-1.522131,12.073494],[-1.519771,12.073953],[-1.51737,12.074106]]]},"properties":{"well_id":"GBF-R-046","label":"Doulougou well 046 \u2014 2 km catchment","commune":"Doulougou","province":"Bazega","region":"Centre-Sud","asset_type":"restored","year":"2022","funder":"[PENDING]","population_dependent":800,"status_today":"NEVER_REPORTED","status_month6_illustrative":"WORKING","report_count_month6":29,"pump_type":"India Mark II","depth_m":"58","coordinate_confidence":"ILLUSTRATIVE_COMMUNE_CENTROID_PLUS_JITTER","provenance":"ILLUSTRATIVE_STRUCTURE_ONLY","marker_state_today":"NEVER_REPORTED","marker_style":"dashed-outline-no-fill","catchment_km":2,"catchment_label":"2 km radius \u2014 approximate walking catchment","note":"Straight-line distance from an illustrative position. Actual walking distance is longer, and precise coordinates are pending from the country team."}},{"type":"Feature","geometry":{"type":"Polygon","coordinates":[[[-1.63642,12.448636],[-1.634016,12.448483],[-1.631653,12.448024],[-1.629371,12.447267],[-1.62721,12.446227],[-1.625207,12.444919],[-1.623396,12.443368],[-1.621807,12.441599],[-1.620469,12.439643],[-1.619403,12.437533],[-1.618629,12.435305],[-1.618159,12.432997],[-1.618002,12.430649],[-1.61816,12.428302],[-1.61863,12.425994],[-1.619404,12.423766],[-1.62047,12.421656],[-1.621808,12.4197],[-1.623397,12.417931],[-1.625208,12.41638],[-1.627211,12.415073],[-1.629372,12.414033],[-1.631653,12.413276],[-1.634016,12.412817],[-1.63642,12.412664],[-1.638824,12.412817],[-1.641187,12.413276],[-1.643468,12.414033],[-1.645629,12.415073],[-1.647632,12.41638],[-1.649443,12.417931],[-1.651032,12.4197],[-1.65237,12.421656],[-1.653436,12.423766],[-1.65421,12.425994],[-1.65468,12.428302],[-1.654838,12.430649],[-1.654681,12.432997],[-1.654211,12.435305],[-1.653437,12.437533],[-1.652371,12.439643],[-1.651033,12.441599],[-1.649444,12.443368],[-1.647633,12.444919],[-1.64563,12.446227],[-1.643469,12.447267],[-1.641187,12.448024],[-1.638824,12.448483],[-1.63642,12.448636]]]},"properties":{"well_id":"GBF-R-047","label":"Pabre well 047 \u2014 2 km catchment","commune":"Pabre","province":"Kadiogo","region":"Centre","asset_type":"restored","year":"2021","funder":"[PENDING]","population_dependent":950,"status_today":"NEVER_REPORTED","status_month6_illustrative":"WORKING","report_count_month6":2,"pump_type":"Volanta","depth_m":"","coordinate_confidence":"ILLUSTRATIVE_COMMUNE_CENTROID_PLUS_JITTER","provenance":"ILLUSTRATIVE_STRUCTURE_ONLY","marker_state_today":"NEVER_REPORTED","marker_style":"dashed-outline-no-fill","catchment_km":2,"catchment_label":"2 km radius \u2014 approximate walking catchment","note":"Straight-line distance from an illustrative position. Actual walking distance is longer, and precise coordinates are pending from the country team."}},{"type":"Feature","geometry":{"type":"Polygon","coordinates":[[[-1.56718,12.010516],[-1.56478,12.010363],[-1.562421,12.009904],[-1.560143,12.009147],[-1.557986,12.008107],[-1.555986,12.006799],[-1.554177,12.005248],[-1.552591,12.003479],[-1.551255,12.001523],[-1.550192,11.999413],[-1.549418,11.997185],[-1.548949,11.994877],[-1.548792,11.992529],[-1.54895,11.990182],[-1.549419,11.987874],[-1.550192,11.985646],[-1.551256,11.983536],[-1.552593,11.98158],[-1.554179,11.979811],[-1.555987,11.97826],[-1.557987,11.976953],[-1.560144,11.975913],[-1.562421,11.975156],[-1.56478,11.974697],[-1.56718,11.974544],[-1.56958,11.974697],[-1.571939,11.975156],[-1.574216,11.975913],[-1.576373,11.976953],[-1.578373,11.97826],[-1.580181,11.979811],[-1.581767,11.98158],[-1.583104,11.983536],[-1.584168,11.985646],[-1.584941,11.987874],[-1.58541,11.990182],[-1.585568,11.992529],[-1.585411,11.994877],[-1.584942,11.997185],[-1.584168,11.999413],[-1.583105,12.001523],[-1.581769,12.003479],[-1.580183,12.005248],[-1.578374,12.006799],[-1.576374,12.008107],[-1.574217,12.009147],[-1.571939,12.009904],[-1.56958,12.010363],[-1.56718,12.010516]]]},"properties":{"well_id":"GBF-R-048","label":"Doulougou well 048 \u2014 2 km catchment","commune":"Doulougou","province":"Bazega","region":"Centre-Sud","asset_type":"restored","year":"2024","funder":"[PENDING]","population_dependent":2200,"status_today":"NEVER_REPORTED","status_month6_illustrative":"WORKING","report_count_month6":33,"pump_type":"India Mark II","depth_m":"41","coordinate_confidence":"ILLUSTRATIVE_COMMUNE_CENTROID_PLUS_JITTER","provenance":"ILLUSTRATIVE_STRUCTURE_ONLY","marker_state_today":"NEVER_REPORTED","marker_style":"dashed-outline-no-fill","catchment_km":2,"catchment_label":"2 km radius \u2014 approximate walking catchment","note":"Straight-line distance from an illustrative position. Actual walking distance is longer, and precise coordinates are pending from the country team."}},{"type":"Feature","geometry":{"type":"Polygon","coordinates":[[[-1.61427,12.319626],[-1.611867,12.319473],[-1.609505,12.319014],[-1.607225,12.318257],[-1.605065,12.317217],[-1.603063,12.315909],[-1.601252,12.314358],[-1.599664,12.312589],[-1.598327,12.310633],[-1.597262,12.308523],[-1.596488,12.306295],[-1.596018,12.303987],[-1.595861,12.301639],[-1.596019,12.299292],[-1.596488,12.296984],[-1.597263,12.294756],[-1.598328,12.292646],[-1.599666,12.29069],[-1.601253,12.288921],[-1.603064,12.28737],[-1.605066,12.286063],[-1.607226,12.285023],[-1.609506,12.284266],[-1.611867,12.283807],[-1.61427,12.283654],[-1.616673,12.283807],[-1.619034,12.284266],[-1.621314,12.285023],[-1.623474,12.286063],[-1.625476,12.28737],[-1.627287,12.288921],[-1.628874,12.29069],[-1.630212,12.292646],[-1.631277,12.294756],[-1.632052,12.296984],[-1.632521,12.299292],[-1.632679,12.301639],[-1.632522,12.303987],[-1.632052,12.306295],[-1.631278,12.308523],[-1.630213,12.310633],[-1.628876,12.312589],[-1.627288,12.314358],[-1.625477,12.315909],[-1.623475,12.317217],[-1.621315,12.318257],[-1.619035,12.319014],[-1.616673,12.319473],[-1.61427,12.319626]]]},"properties":{"well_id":"GBF-R-049","label":"Tanghin-Dassouri well 049 \u2014 2 km catchment","commune":"Tanghin-Dassouri","province":"Kadiogo","region":"Centre","asset_type":"restored","year":"2025","funder":"Newday Impact","population_dependent":410,"status_today":"NEVER_REPORTED","status_month6_illustrative":"WORKING_DEGRADING","report_count_month6":6,"pump_type":"India Mark II","depth_m":"","coordinate_confidence":"ILLUSTRATIVE_COMMUNE_CENTROID_PLUS_JITTER","provenance":"ILLUSTRATIVE_STRUCTURE_ONLY","marker_state_today":"NEVER_REPORTED","marker_style":"dashed-outline-no-fill","catchment_km":2,"catchment_label":"2 km radius \u2014 approximate walking catchment","note":"Straight-line distance from an illustrative position. Actual walking distance is longer, and precise coordinates are pending from the country team."}},{"type":"Feature","geometry":{"type":"Polygon","coordinates":[[[-1.68652,12.232186],[-1.684118,12.232033],[-1.681757,12.231574],[-1.679477,12.230817],[-1.677318,12.229777],[-1.675316,12.228469],[-1.673506,12.226918],[-1.671919,12.225149],[-1.670582,12.223193],[-1.669517,12.221083],[-1.668744,12.218855],[-1.668274,12.216547],[-1.668117,12.214199],[-1.668275,12.211852],[-1.668744,12.209544],[-1.669518,12.207316],[-1.670583,12.205206],[-1.671921,12.20325],[-1.673508,12.201481],[-1.675318,12.19993],[-1.677319,12.198623],[-1.679478,12.197583],[-1.681757,12.196826],[-1.684118,12.196367],[-1.68652,12.196214],[-1.688922,12.196367],[-1.691283,12.196826],[-1.693562,12.197583],[-1.695721,12.198623],[-1.697722,12.19993],[-1.699532,12.201481],[-1.701119,12.20325],[-1.702457,12.205206],[-1.703522,12.207316],[-1.704296,12.209544],[-1.704765,12.211852],[-1.704923,12.214199],[-1.704766,12.216547],[-1.704296,12.218855],[-1.703523,12.221083],[-1.702458,12.223193],[-1.701121,12.225149],[-1.699534,12.226918],[-1.697724,12.228469],[-1.695722,12.229777],[-1.693563,12.230817],[-1.691283,12.231574],[-1.688922,12.232033],[-1.68652,12.232186]]]},"properties":{"well_id":"GBF-R-050","label":"Tanghin-Dassouri well 050 \u2014 2 km catchment","commune":"Tanghin-Dassouri","province":"Kadiogo","region":"Centre","asset_type":"restored","year":"2025","funder":"School partner network","population_dependent":650,"status_today":"NEVER_REPORTED","status_month6_illustrative":"WORKING","report_count_month6":15,"pump_type":"India Mark II","depth_m":"58","coordinate_confidence":"ILLUSTRATIVE_COMMUNE_CENTROID_PLUS_JITTER","provenance":"ILLUSTRATIVE_STRUCTURE_ONLY","marker_state_today":"NEVER_REPORTED","marker_style":"dashed-outline-no-fill","catchment_km":2,"catchment_label":"2 km radius \u2014 approximate walking catchment","note":"Straight-line distance from an illustrative position. Actual walking distance is longer, and precise coordinates are pending from the country team."}},{"type":"Feature","geometry":{"type":"Polygon","coordinates":[[[-1.62606,12.263596],[-1.623657,12.263443],[-1.621296,12.262984],[-1.619016,12.262227],[-1.616857,12.261187],[-1.614855,12.259879],[-1.613045,12.258328],[-1.611458,12.256559],[-1.61012,12.254603],[-1.609055,12.252493],[-1.608282,12.250265],[-1.607812,12.247957],[-1.607655,12.245609],[-1.607812,12.243262],[-1.608282,12.240954],[-1.609056,12.238726],[-1.610121,12.236616],[-1.611459,12.23466],[-1.613046,12.232891],[-1.614856,12.23134],[-1.616858,12.230033],[-1.619017,12.228993],[-1.621297,12.228236],[-1.623658,12.227777],[-1.62606,12.227624],[-1.628462,12.227777],[-1.630823,12.228236],[-1.633103,12.228993],[-1.635262,12.230033],[-1.637264,12.23134],[-1.639074,12.232891],[-1.640661,12.23466],[-1.641999,12.236616],[-1.643064,12.238726],[-1.643838,12.240954],[-1.644308,12.243262],[-1.644465,12.245609],[-1.644308,12.247957],[-1.643838,12.250265],[-1.643065,12.252493],[-1.642,12.254603],[-1.640662,12.256559],[-1.639075,12.258328],[-1.637265,12.259879],[-1.635263,12.261187],[-1.633104,12.262227],[-1.630824,12.262984],[-1.628463,12.263443],[-1.62606,12.263596]]]},"properties":{"well_id":"GBF-R-051","label":"Komsilga well 051 \u2014 2 km catchment","commune":"Komsilga","province":"Kadiogo","region":"Centre","asset_type":"restored","year":"2020","funder":"L'Oreal Fund for Women","population_dependent":650,"status_today":"NEVER_REPORTED","status_month6_illustrative":"WORKING","report_count_month6":27,"pump_type":"India Mark II","depth_m":"52","coordinate_confidence":"ILLUSTRATIVE_COMMUNE_CENTROID_PLUS_JITTER","provenance":"ILLUSTRATIVE_STRUCTURE_ONLY","marker_state_today":"NEVER_REPORTED","marker_style":"dashed-outline-no-fill","catchment_km":2,"catchment_label":"2 km radius \u2014 approximate walking catchment","note":"Straight-line distance from an illustrative position. Actual walking distance is longer, and precise coordinates are pending from the country team."}},{"type":"Feature","geometry":{"type":"Polygon","coordinates":[[[-1.24932,12.003446],[-1.24692,12.003293],[-1.244561,12.002834],[-1.242283,12.002077],[-1.240126,12.001037],[-1.238126,11.999729],[-1.236318,11.998178],[-1.234732,11.996409],[-1.233396,11.994453],[-1.232332,11.992343],[-1.231559,11.990115],[-1.23109,11.987807],[-1.230933,11.985459],[-1.23109,11.983112],[-1.23156,11.980804],[-1.232333,11.978576],[-1.233397,11.976466],[-1.234733,11.97451],[-1.236319,11.972741],[-1.238127,11.97119],[-1.240127,11.969883],[-1.242284,11.968843],[-1.244561,11.968086],[-1.24692,11.967627],[-1.24932,11.967474],[-1.25172,11.967627],[-1.254079,11.968086],[-1.256356,11.968843],[-1.258513,11.969883],[-1.260513,11.97119],[-1.262321,11.972741],[-1.263907,11.97451],[-1.265243,11.976466],[-1.266307,11.978576],[-1.26708,11.980804],[-1.26755,11.983112],[-1.267707,11.985459],[-1.26755,11.987807],[-1.267081,11.990115],[-1.266308,11.992343],[-1.265244,11.994453],[-1.263908,11.996409],[-1.262322,11.998178],[-1.260514,11.999729],[-1.258514,12.001037],[-1.256357,12.002077],[-1.254079,12.002834],[-1.25172,12.003293],[-1.24932,12.003446]]]},"properties":{"well_id":"GBF-R-052","label":"Kombissiri well 052 \u2014 2 km catchment","commune":"Kombissiri","province":"Bazega","region":"Centre-Sud","asset_type":"restored","year":"2022","funder":"School partner network","population_dependent":1500,"status_today":"NEVER_REPORTED","status_month6_illustrative":"WORKING","report_count_month6":18,"pump_type":"India Mark II","depth_m":"","coordinate_confidence":"ILLUSTRATIVE_COMMUNE_CENTROID_PLUS_JITTER","provenance":"ILLUSTRATIVE_STRUCTURE_ONLY","marker_state_today":"NEVER_REPORTED","marker_style":"dashed-outline-no-fill","catchment_km":2,"catchment_label":"2 km radius \u2014 approximate walking catchment","note":"Straight-line distance from an illustrative position. Actual walking distance is longer, and precise coordinates are pending from the country team."}},{"type":"Feature","geometry":{"type":"Polygon","coordinates":[[[-1.44666,12.427586],[-1.444256,12.427433],[-1.441893,12.426974],[-1.439612,12.426217],[-1.437451,12.425177],[-1.435448,12.423869],[-1.433637,12.422318],[-1.432048,12.420549],[-1.43071,12.418593],[-1.429645,12.416483],[-1.428871,12.414255],[-1.428401,12.411947],[-1.428243,12.409599],[-1.428401,12.407252],[-1.428871,12.404944],[-1.429646,12.402716],[-1.430711,12.400606],[-1.43205,12.39865],[-1.433638,12.396881],[-1.435449,12.39533],[-1.437452,12.394023],[-1.439613,12.392983],[-1.441894,12.392226],[-1.444256,12.391767],[-1.44666,12.391614],[-1.449064,12.391767],[-1.451426,12.392226],[-1.453707,12.392983],[-1.455868,12.394023],[-1.457871,12.39533],[-1.459682,12.396881],[-1.46127,12.39865],[-1.462609,12.400606],[-1.463674,12.402716],[-1.464449,12.404944],[-1.464919,12.407252],[-1.465077,12.409599],[-1.464919,12.411947],[-1.464449,12.414255],[-1.463675,12.416483],[-1.46261,12.418593],[-1.461272,12.420549],[-1.459683,12.422318],[-1.457872,12.423869],[-1.455869,12.425177],[-1.453708,12.426217],[-1.451427,12.426974],[-1.449064,12.427433],[-1.44666,12.427586]]]},"properties":{"well_id":"GBF-R-053","label":"Saaba well 053 \u2014 2 km catchment","commune":"Saaba","province":"Kadiogo","region":"Centre","asset_type":"restored","year":"2021","funder":"Individual donors (Water Ball)","population_dependent":2600,"status_today":"NEVER_REPORTED","status_month6_illustrative":"WORKING","report_count_month6":13,"pump_type":"Volanta","depth_m":"","coordinate_confidence":"ILLUSTRATIVE_COMMUNE_CENTROID_PLUS_JITTER","provenance":"ILLUSTRATIVE_STRUCTURE_ONLY","marker_state_today":"NEVER_REPORTED","marker_style":"dashed-outline-no-fill","catchment_km":2,"catchment_label":"2 km radius \u2014 approximate walking catchment","note":"Straight-line distance from an illustrative position. Actual walking distance is longer, and precise coordinates are pending from the country team."}},{"type":"Feature","geometry":{"type":"Polygon","coordinates":[[[-1.38079,12.440656],[-1.378386,12.440503],[-1.376023,12.440044],[-1.373741,12.439287],[-1.371581,12.438247],[-1.369577,12.436939],[-1.367766,12.435388],[-1.366178,12.433619],[-1.364839,12.431663],[-1.363774,12.429553],[-1.363,12.427325],[-1.36253,12.425017],[-1.362372,12.422669],[-1.36253,12.420322],[-1.363,12.418014],[-1.363775,12.415786],[-1.36484,12.413676],[-1.366179,12.41172],[-1.367767,12.409951],[-1.369579,12.4084],[-1.371582,12.407093],[-1.373742,12.406053],[-1.376023,12.405296],[-1.378386,12.404837],[-1.38079,12.404684],[-1.383194,12.404837],[-1.385557,12.405296],[-1.387838,12.406053],[-1.389998,12.407093],[-1.392001,12.4084],[-1.393813,12.409951],[-1.395401,12.41172],[-1.39674,12.413676],[-1.397805,12.415786],[-1.39858,12.418014],[-1.39905,12.420322],[-1.399208,12.422669],[-1.39905,12.425017],[-1.39858,12.427325],[-1.397806,12.429553],[-1.396741,12.431663],[-1.395402,12.433619],[-1.393814,12.435388],[-1.392003,12.436939],[-1.389999,12.438247],[-1.387839,12.439287],[-1.385557,12.440044],[-1.383194,12.440503],[-1.38079,12.440656]]]},"properties":{"well_id":"GBF-R-054","label":"Saaba well 054 \u2014 2 km catchment","commune":"Saaba","province":"Kadiogo","region":"Centre","asset_type":"restored","year":"2018","funder":"[PENDING]","population_dependent":1800,"status_today":"NEVER_REPORTED","status_month6_illustrative":"NOT_REPORTED_SINCE","report_count_month6":6,"pump_type":"[PENDING]","depth_m":"63","coordinate_confidence":"ILLUSTRATIVE_COMMUNE_CENTROID_PLUS_JITTER","provenance":"ILLUSTRATIVE_STRUCTURE_ONLY","marker_state_today":"NEVER_REPORTED","marker_style":"dashed-outline-no-fill","catchment_km":2,"catchment_label":"2 km radius \u2014 approximate walking catchment","note":"Straight-line distance from an illustrative position. Actual walking distance is longer, and precise coordinates are pending from the country team."}},{"type":"Feature","geometry":{"type":"Polygon","coordinates":[[[-1.61511,12.239946],[-1.612708,12.239793],[-1.610346,12.239334],[-1.608067,12.238577],[-1.605908,12.237537],[-1.603906,12.236229],[-1.602096,12.234678],[-1.600509,12.232909],[-1.599172,12.230953],[-1.598107,12.228843],[-1.597333,12.226615],[-1.596864,12.224307],[-1.596706,12.221959],[-1.596864,12.219612],[-1.597334,12.217304],[-1.598108,12.215076],[-1.599173,12.212966],[-1.60051,12.21101],[-1.602097,12.209241],[-1.603907,12.20769],[-1.605909,12.206383],[-1.608068,12.205343],[-1.610347,12.204586],[-1.612708,12.204127],[-1.61511,12.203974],[-1.617512,12.204127],[-1.619873,12.204586],[-1.622152,12.205343],[-1.624311,12.206383],[-1.626313,12.20769],[-1.628123,12.209241],[-1.62971,12.21101],[-1.631047,12.212966],[-1.632112,12.215076],[-1.632886,12.217304],[-1.633356,12.219612],[-1.633514,12.221959],[-1.633356,12.224307],[-1.632887,12.226615],[-1.632113,12.228843],[-1.631048,12.230953],[-1.629711,12.232909],[-1.628124,12.234678],[-1.626314,12.236229],[-1.624312,12.237537],[-1.622153,12.238577],[-1.619874,12.239334],[-1.617512,12.239793],[-1.61511,12.239946]]]},"properties":{"well_id":"GBF-R-055","label":"Komsilga well 055 \u2014 2 km catchment","commune":"Komsilga","province":"Kadiogo","region":"Centre","asset_type":"restored","year":"2024","funder":"Individual donors (Water Ball)","population_dependent":180,"status_today":"NEVER_REPORTED","status_month6_illustrative":"WORKING","report_count_month6":15,"pump_type":"India Mark II","depth_m":"34","coordinate_confidence":"ILLUSTRATIVE_COMMUNE_CENTROID_PLUS_JITTER","provenance":"ILLUSTRATIVE_STRUCTURE_ONLY","marker_state_today":"NEVER_REPORTED","marker_style":"dashed-outline-no-fill","catchment_km":2,"catchment_label":"2 km radius \u2014 approximate walking catchment","note":"Straight-line distance from an illustrative position. Actual walking distance is longer, and precise coordinates are pending from the country team."}},{"type":"Feature","geometry":{"type":"Polygon","coordinates":[[[-1.55195,12.261906],[-1.549547,12.261753],[-1.547186,12.261294],[-1.544906,12.260537],[-1.542747,12.259497],[-1.540745,12.258189],[-1.538935,12.256638],[-1.537348,12.254869],[-1.53601,12.252913],[-1.534945,12.250803],[-1.534172,12.248575],[-1.533702,12.246267],[-1.533545,12.243919],[-1.533703,12.241572],[-1.534172,12.239264],[-1.534946,12.237036],[-1.536011,12.234926],[-1.537349,12.23297],[-1.538936,12.231201],[-1.540746,12.22965],[-1.542748,12.228343],[-1.544907,12.227303],[-1.547187,12.226546],[-1.549548,12.226087],[-1.55195,12.225934],[-1.554352,12.226087],[-1.556713,12.226546],[-1.558993,12.227303],[-1.561152,12.228343],[-1.563154,12.22965],[-1.564964,12.231201],[-1.566551,12.23297],[-1.567889,12.234926],[-1.568954,12.237036],[-1.569728,12.239264],[-1.570197,12.241572],[-1.570355,12.243919],[-1.570198,12.246267],[-1.569728,12.248575],[-1.568955,12.250803],[-1.56789,12.252913],[-1.566552,12.254869],[-1.564965,12.256638],[-1.563155,12.258189],[-1.561153,12.259497],[-1.558994,12.260537],[-1.556714,12.261294],[-1.554353,12.261753],[-1.55195,12.261906]]]},"properties":{"well_id":"GBF-R-056","label":"Komsilga well 056 \u2014 2 km catchment","commune":"Komsilga","province":"Kadiogo","region":"Centre","asset_type":"restored","year":"2017","funder":"Newday Impact","population_dependent":1500,"status_today":"NEVER_REPORTED","status_month6_illustrative":"WORKING","report_count_month6":26,"pump_type":"Vergnet HPV-60","depth_m":"","coordinate_confidence":"ILLUSTRATIVE_COMMUNE_CENTROID_PLUS_JITTER","provenance":"ILLUSTRATIVE_STRUCTURE_ONLY","marker_state_today":"NEVER_REPORTED","marker_style":"dashed-outline-no-fill","catchment_km":2,"catchment_label":"2 km radius \u2014 approximate walking catchment","note":"Straight-line distance from an illustrative position. Actual walking distance is longer, and precise coordinates are pending from the country team."}},{"type":"Feature","geometry":{"type":"Polygon","coordinates":[[[-1.48015,11.952456],[-1.47775,11.952303],[-1.475392,11.951844],[-1.473114,11.951087],[-1.470958,11.950047],[-1.468958,11.948739],[-1.46715,11.947188],[-1.465565,11.945419],[-1.464229,11.943463],[-1.463165,11.941353],[-1.462392,11.939125],[-1.461923,11.936817],[-1.461766,11.934469],[-1.461924,11.932122],[-1.462393,11.929814],[-1.463166,11.927586],[-1.46423,11.925476],[-1.465566,11.92352],[-1.467151,11.921751],[-1.468959,11.9202],[-1.470959,11.918893],[-1.473115,11.917853],[-1.475392,11.917096],[-1.477751,11.916637],[-1.48015,11.916484],[-1.482549,11.916637],[-1.484908,11.917096],[-1.487185,11.917853],[-1.489341,11.918893],[-1.491341,11.9202],[-1.493149,11.921751],[-1.494734,11.92352],[-1.49607,11.925476],[-1.497134,11.927586],[-1.497907,11.929814],[-1.498376,11.932122],[-1.498534,11.934469],[-1.498377,11.936817],[-1.497908,11.939125],[-1.497135,11.941353],[-1.496071,11.943463],[-1.494735,11.945419],[-1.49315,11.947188],[-1.491342,11.948739],[-1.489342,11.950047],[-1.487186,11.951087],[-1.484908,11.951844],[-1.48255,11.952303],[-1.48015,11.952456]]]},"properties":{"well_id":"GBF-R-057","label":"Doulougou well 057 \u2014 2 km catchment","commune":"Doulougou","province":"Bazega","region":"Centre-Sud","asset_type":"restored","year":"2019","funder":"Individual donors (Water Ball)","population_dependent":320,"status_today":"NEVER_REPORTED","status_month6_illustrative":"WORKING","report_count_month6":20,"pump_type":"Vergnet HPV-60","depth_m":"47","coordinate_confidence":"ILLUSTRATIVE_COMMUNE_CENTROID_PLUS_JITTER","provenance":"ILLUSTRATIVE_STRUCTURE_ONLY","marker_state_today":"NEVER_REPORTED","marker_style":"dashed-outline-no-fill","catchment_km":2,"catchment_label":"2 km radius \u2014 approximate walking catchment","note":"Straight-line distance from an illustrative position. Actual walking distance is longer, and precise coordinates are pending from the country team."}},{"type":"Feature","geometry":{"type":"Polygon","coordinates":[[[-1.61441,12.210406],[-1.612008,12.210253],[-1.609647,12.209794],[-1.607368,12.209037],[-1.605209,12.207997],[-1.603207,12.206689],[-1.601398,12.205138],[-1.599811,12.203369],[-1.598473,12.201413],[-1.597409,12.199303],[-1.596635,12.197075],[-1.596166,12.194767],[-1.596009,12.192419],[-1.596166,12.190072],[-1.596636,12.187764],[-1.59741,12.185536],[-1.598474,12.183426],[-1.599812,12.18147],[-1.601399,12.179701],[-1.603208,12.17815],[-1.60521,12.176843],[-1.607368,12.175803],[-1.609648,12.175046],[-1.612008,12.174587],[-1.61441,12.174434],[-1.616812,12.174587],[-1.619172,12.175046],[-1.621452,12.175803],[-1.62361,12.176843],[-1.625612,12.17815],[-1.627421,12.179701],[-1.629008,12.18147],[-1.630346,12.183426],[-1.63141,12.185536],[-1.632184,12.187764],[-1.632654,12.190072],[-1.632811,12.192419],[-1.632654,12.194767],[-1.632185,12.197075],[-1.631411,12.199303],[-1.630347,12.201413],[-1.629009,12.203369],[-1.627422,12.205138],[-1.625613,12.206689],[-1.623611,12.207997],[-1.621452,12.209037],[-1.619173,12.209794],[-1.616812,12.210253],[-1.61441,12.210406]]]},"properties":{"well_id":"GBF-R-058","label":"Komsilga well 058 \u2014 2 km catchment","commune":"Komsilga","province":"Kadiogo","region":"Centre","asset_type":"restored","year":"2020","funder":"[PENDING]","population_dependent":650,"status_today":"NEVER_REPORTED","status_month6_illustrative":"WORKING","report_count_month6":21,"pump_type":"Vergnet HPV-60","depth_m":"34","coordinate_confidence":"ILLUSTRATIVE_COMMUNE_CENTROID_PLUS_JITTER","provenance":"ILLUSTRATIVE_STRUCTURE_ONLY","marker_state_today":"NEVER_REPORTED","marker_style":"dashed-outline-no-fill","catchment_km":2,"catchment_label":"2 km radius \u2014 approximate walking catchment","note":"Straight-line distance from an illustrative position. Actual walking distance is longer, and precise coordinates are pending from the country team."}},{"type":"Feature","geometry":{"type":"Polygon","coordinates":[[[-1.53251,12.170526],[-1.530108,12.170373],[-1.527748,12.169914],[-1.525469,12.169157],[-1.52331,12.168117],[-1.521309,12.166809],[-1.5195,12.165258],[-1.517913,12.163489],[-1.516576,12.161533],[-1.515511,12.159423],[-1.514738,12.157195],[-1.514269,12.154887],[-1.514111,12.152539],[-1.514269,12.150192],[-1.514738,12.147884],[-1.515512,12.145656],[-1.516577,12.143546],[-1.517914,12.14159],[-1.519501,12.139821],[-1.52131,12.13827],[-1.523311,12.136963],[-1.52547,12.135923],[-1.527748,12.135166],[-1.530109,12.134707],[-1.53251,12.134554],[-1.534911,12.134707],[-1.537272,12.135166],[-1.53955,12.135923],[-1.541709,12.136963],[-1.54371,12.13827],[-1.545519,12.139821],[-1.547106,12.14159],[-1.548443,12.143546],[-1.549508,12.145656],[-1.550282,12.147884],[-1.550751,12.150192],[-1.550909,12.152539],[-1.550751,12.154887],[-1.550282,12.157195],[-1.549509,12.159423],[-1.548444,12.161533],[-1.547107,12.163489],[-1.54552,12.165258],[-1.543711,12.166809],[-1.54171,12.168117],[-1.539551,12.169157],[-1.537272,12.169914],[-1.534912,12.170373],[-1.53251,12.170526]]]},"properties":{"well_id":"GBF-R-059","label":"Komsilga well 059 \u2014 2 km catchment","commune":"Komsilga","province":"Kadiogo","region":"Centre","asset_type":"restored","year":"2024","funder":"Newday Impact","population_dependent":2200,"status_today":"NEVER_REPORTED","status_month6_illustrative":"NOT_REPORTED_SINCE","report_count_month6":23,"pump_type":"India Mark II","depth_m":"47","coordinate_confidence":"ILLUSTRATIVE_COMMUNE_CENTROID_PLUS_JITTER","provenance":"ILLUSTRATIVE_STRUCTURE_ONLY","marker_state_today":"NEVER_REPORTED","marker_style":"dashed-outline-no-fill","catchment_km":2,"catchment_label":"2 km radius \u2014 approximate walking catchment","note":"Straight-line distance from an illustrative position. Actual walking distance is longer, and precise coordinates are pending from the country team."}},{"type":"Feature","geometry":{"type":"Polygon","coordinates":[[[-2.11047,12.162206],[-2.108068,12.162053],[-2.105708,12.161594],[-2.103429,12.160837],[-2.10127,12.159797],[-2.099269,12.158489],[-2.09746,12.156938],[-2.095873,12.155169],[-2.094536,12.153213],[-2.093472,12.151103],[-2.092698,12.148875],[-2.092229,12.146567],[-2.092072,12.144219],[-2.092229,12.141872],[-2.092699,12.139564],[-2.093473,12.137336],[-2.094537,12.135226],[-2.095874,12.13327],[-2.097461,12.131501],[-2.099271,12.12995],[-2.101271,12.128643],[-2.10343,12.127603],[-2.105709,12.126846],[-2.108069,12.126387],[-2.11047,12.126234],[-2.112871,12.126387],[-2.115231,12.126846],[-2.11751,12.127603],[-2.119669,12.128643],[-2.121669,12.12995],[-2.123479,12.131501],[-2.125066,12.13327],[-2.126403,12.135226],[-2.127467,12.137336],[-2.128241,12.139564],[-2.128711,12.141872],[-2.128868,12.144219],[-2.128711,12.146567],[-2.128242,12.148875],[-2.127468,12.151103],[-2.126404,12.153213],[-2.125067,12.155169],[-2.12348,12.156938],[-2.121671,12.158489],[-2.11967,12.159797],[-2.117511,12.160837],[-2.115232,12.161594],[-2.112872,12.162053],[-2.11047,12.162206]]]},"properties":{"well_id":"GBF-R-060","label":"Kokologho well 060 \u2014 2 km catchment","commune":"Kokologho","province":"Boulkiemde","region":"Centre-Ouest","asset_type":"restored","year":"2020","funder":"School partner network","population_dependent":1200,"status_today":"NEVER_REPORTED","status_month6_illustrative":"WORKING","report_count_month6":3,"pump_type":"Vergnet HPV-60","depth_m":"47","coordinate_confidence":"ILLUSTRATIVE_COMMUNE_CENTROID_PLUS_JITTER","provenance":"ILLUSTRATIVE_STRUCTURE_ONLY","marker_state_today":"NEVER_REPORTED","marker_style":"dashed-outline-no-fill","catchment_km":2,"catchment_label":"2 km radius \u2014 approximate walking catchment","note":"Straight-line distance from an illustrative position. Actual walking distance is longer, and precise coordinates are pending from the country team."}},{"type":"Feature","geometry":{"type":"Polygon","coordinates":[[[-1.62095,12.090346],[-1.618549,12.090193],[-1.616189,12.089734],[-1.613911,12.088977],[-1.611753,12.087937],[-1.609752,12.086629],[-1.607943,12.085078],[-1.606357,12.083309],[-1.60502,12.081353],[-1.603956,12.079243],[-1.603183,12.077015],[-1.602714,12.074707],[-1.602557,12.072359],[-1.602714,12.070012],[-1.603184,12.067704],[-1.603957,12.065476],[-1.605022,12.063366],[-1.606358,12.06141],[-1.607945,12.059641],[-1.609754,12.05809],[-1.611754,12.056783],[-1.613912,12.055743],[-1.61619,12.054986],[-1.618549,12.054527],[-1.62095,12.054374],[-1.623351,12.054527],[-1.62571,12.054986],[-1.627988,12.055743],[-1.630146,12.056783],[-1.632146,12.05809],[-1.633955,12.059641],[-1.635542,12.06141],[-1.636878,12.063366],[-1.637943,12.065476],[-1.638716,12.067704],[-1.639186,12.070012],[-1.639343,12.072359],[-1.639186,12.074707],[-1.638717,12.077015],[-1.637944,12.079243],[-1.63688,12.081353],[-1.635543,12.083309],[-1.633957,12.085078],[-1.632148,12.086629],[-1.630147,12.087937],[-1.627989,12.088977],[-1.625711,12.089734],[-1.623351,12.090193],[-1.62095,12.090346]]]},"properties":{"well_id":"GBF-R-061","label":"Doulougou well 061 \u2014 2 km catchment","commune":"Doulougou","province":"Bazega","region":"Centre-Sud","asset_type":"restored","year":"2025","funder":"[PENDING]","population_dependent":500,"status_today":"NEVER_REPORTED","status_month6_illustrative":"WORKING_DEGRADING","report_count_month6":36,"pump_type":"India Mark II","depth_m":"41","coordinate_confidence":"ILLUSTRATIVE_COMMUNE_CENTROID_PLUS_JITTER","provenance":"ILLUSTRATIVE_STRUCTURE_ONLY","marker_state_today":"NEVER_REPORTED","marker_style":"dashed-outline-no-fill","catchment_km":2,"catchment_label":"2 km radius \u2014 approximate walking catchment","note":"Straight-line distance from an illustrative position. Actual walking distance is longer, and precise coordinates are pending from the country team."}},{"type":"Feature","geometry":{"type":"Polygon","coordinates":[[[-1.4262,12.148666],[-1.423799,12.148513],[-1.421438,12.148054],[-1.419159,12.147297],[-1.417001,12.146257],[-1.415,12.144949],[-1.413191,12.143398],[-1.411604,12.141629],[-1.410267,12.139673],[-1.409203,12.137563],[-1.408429,12.135335],[-1.40796,12.133027],[-1.407803,12.130679],[-1.40796,12.128332],[-1.40843,12.126024],[-1.409204,12.123796],[-1.410268,12.121686],[-1.411605,12.11973],[-1.413192,12.117961],[-1.415001,12.11641],[-1.417002,12.115103],[-1.41916,12.114063],[-1.421439,12.113306],[-1.423799,12.112847],[-1.4262,12.112694],[-1.428601,12.112847],[-1.430961,12.113306],[-1.43324,12.114063],[-1.435398,12.115103],[-1.437399,12.11641],[-1.439208,12.117961],[-1.440795,12.11973],[-1.442132,12.121686],[-1.443196,12.123796],[-1.44397,12.126024],[-1.44444,12.128332],[-1.444597,12.130679],[-1.44444,12.133027],[-1.443971,12.135335],[-1.443197,12.137563],[-1.442133,12.139673],[-1.440796,12.141629],[-1.439209,12.143398],[-1.4374,12.144949],[-1.435399,12.146257],[-1.433241,12.147297],[-1.430962,12.148054],[-1.428601,12.148513],[-1.4262,12.148666]]]},"properties":{"well_id":"GBF-R-062","label":"Koubri well 062 \u2014 2 km catchment","commune":"Koubri","province":"Kadiogo","region":"Centre","asset_type":"restored","year":"2022","funder":"[PENDING]","population_dependent":240,"status_today":"NEVER_REPORTED","status_month6_illustrative":"WORKING","report_count_month6":33,"pump_type":"India Mark II","depth_m":"52","coordinate_confidence":"ILLUSTRATIVE_COMMUNE_CENTROID_PLUS_JITTER","provenance":"ILLUSTRATIVE_STRUCTURE_ONLY","marker_state_today":"NEVER_REPORTED","marker_style":"dashed-outline-no-fill","catchment_km":2,"catchment_label":"2 km radius \u2014 approximate walking catchment","note":"Straight-line distance from an illustrative position. Actual walking distance is longer, and precise coordinates are pending from the country team."}},{"type":"Feature","geometry":{"type":"Polygon","coordinates":[[[-1.43345,12.244876],[-1.431048,12.244723],[-1.428686,12.244264],[-1.426407,12.243507],[-1.424248,12.242467],[-1.422246,12.241159],[-1.420436,12.239608],[-1.418849,12.237839],[-1.417511,12.235883],[-1.416447,12.233773],[-1.415673,12.231545],[-1.415203,12.229237],[-1.415046,12.226889],[-1.415204,12.224542],[-1.415674,12.222234],[-1.416447,12.220006],[-1.417512,12.217896],[-1.41885,12.21594],[-1.420437,12.214171],[-1.422247,12.21262],[-1.424249,12.211313],[-1.426408,12.210273],[-1.428687,12.209516],[-1.431048,12.209057],[-1.43345,12.208904],[-1.435852,12.209057],[-1.438213,12.209516],[-1.440492,12.210273],[-1.442651,12.211313],[-1.444653,12.21262],[-1.446463,12.214171],[-1.44805,12.21594],[-1.449388,12.217896],[-1.450453,12.220006],[-1.451226,12.222234],[-1.451696,12.224542],[-1.451854,12.226889],[-1.451697,12.229237],[-1.451227,12.231545],[-1.450453,12.233773],[-1.449389,12.235883],[-1.448051,12.237839],[-1.446464,12.239608],[-1.444654,12.241159],[-1.442652,12.242467],[-1.440493,12.243507],[-1.438214,12.244264],[-1.435852,12.244723],[-1.43345,12.244876]]]},"properties":{"well_id":"GBF-R-063","label":"Koubri well 063 \u2014 2 km catchment","commune":"Koubri","province":"Kadiogo","region":"Centre","asset_type":"restored","year":"2024","funder":"[PENDING]","population_dependent":800,"status_today":"NEVER_REPORTED","status_month6_illustrative":"NOT_REPORTED_SINCE","report_count_month6":32,"pump_type":"Volanta","depth_m":"","coordinate_confidence":"ILLUSTRATIVE_COMMUNE_CENTROID_PLUS_JITTER","provenance":"ILLUSTRATIVE_STRUCTURE_ONLY","marker_state_today":"NEVER_REPORTED","marker_style":"dashed-outline-no-fill","catchment_km":2,"catchment_label":"2 km radius \u2014 approximate walking catchment","note":"Straight-line distance from an illustrative position. Actual walking distance is longer, and precise coordinates are pending from the country team."}},{"type":"Feature","geometry":{"type":"Polygon","coordinates":[[[-1.53516,12.209996],[-1.532758,12.209843],[-1.530397,12.209384],[-1.528118,12.208627],[-1.525959,12.207587],[-1.523957,12.206279],[-1.522148,12.204728],[-1.520561,12.202959],[-1.519223,12.201003],[-1.518159,12.198893],[-1.517385,12.196665],[-1.516916,12.194357],[-1.516759,12.192009],[-1.516916,12.189662],[-1.517386,12.187354],[-1.51816,12.185126],[-1.519224,12.183016],[-1.520562,12.18106],[-1.522149,12.179291],[-1.523958,12.17774],[-1.52596,12.176433],[-1.528119,12.175393],[-1.530398,12.174636],[-1.532758,12.174177],[-1.53516,12.174024],[-1.537562,12.174177],[-1.539922,12.174636],[-1.542201,12.175393],[-1.54436,12.176433],[-1.546362,12.17774],[-1.548171,12.179291],[-1.549758,12.18106],[-1.551096,12.183016],[-1.55216,12.185126],[-1.552934,12.187354],[-1.553404,12.189662],[-1.553561,12.192009],[-1.553404,12.194357],[-1.552935,12.196665],[-1.552161,12.198893],[-1.551097,12.201003],[-1.549759,12.202959],[-1.548172,12.204728],[-1.546363,12.206279],[-1.544361,12.207587],[-1.542202,12.208627],[-1.539923,12.209384],[-1.537562,12.209843],[-1.53516,12.209996]]]},"properties":{"well_id":"GBF-R-064","label":"Komsilga well 064 \u2014 2 km catchment","commune":"Komsilga","province":"Kadiogo","region":"Centre","asset_type":"restored","year":"2025","funder":"[PENDING]","population_dependent":3000,"status_today":"NEVER_REPORTED","status_month6_illustrative":"WORKING","report_count_month6":25,"pump_type":"[PENDING]","depth_m":"41","coordinate_confidence":"ILLUSTRATIVE_COMMUNE_CENTROID_PLUS_JITTER","provenance":"ILLUSTRATIVE_STRUCTURE_ONLY","marker_state_today":"NEVER_REPORTED","marker_style":"dashed-outline-no-fill","catchment_km":2,"catchment_label":"2 km radius \u2014 approximate walking catchment","note":"Straight-line distance from an illustrative position. Actual walking distance is longer, and precise coordinates are pending from the country team."}},{"type":"Feature","geometry":{"type":"Polygon","coordinates":[[[-1.68462,12.196266],[-1.682218,12.196113],[-1.679857,12.195654],[-1.677578,12.194897],[-1.675419,12.193857],[-1.673418,12.192549],[-1.671608,12.190998],[-1.670021,12.189229],[-1.668684,12.187273],[-1.66762,12.185163],[-1.666846,12.182935],[-1.666377,12.180627],[-1.666219,12.178279],[-1.666377,12.175932],[-1.666847,12.173624],[-1.667621,12.171396],[-1.668685,12.169286],[-1.670022,12.16733],[-1.671609,12.165561],[-1.673419,12.16401],[-1.67542,12.162703],[-1.677579,12.161663],[-1.679858,12.160906],[-1.682218,12.160447],[-1.68462,12.160294],[-1.687022,12.160447],[-1.689382,12.160906],[-1.691661,12.161663],[-1.69382,12.162703],[-1.695821,12.16401],[-1.697631,12.165561],[-1.699218,12.16733],[-1.700555,12.169286],[-1.701619,12.171396],[-1.702393,12.173624],[-1.702863,12.175932],[-1.703021,12.178279],[-1.702863,12.180627],[-1.702394,12.182935],[-1.70162,12.185163],[-1.700556,12.187273],[-1.699219,12.189229],[-1.697632,12.190998],[-1.695822,12.192549],[-1.693821,12.193857],[-1.691662,12.194897],[-1.689383,12.195654],[-1.687022,12.196113],[-1.68462,12.196266]]]},"properties":{"well_id":"GBF-R-065","label":"Tanghin-Dassouri well 065 \u2014 2 km catchment","commune":"Tanghin-Dassouri","province":"Kadiogo","region":"Centre","asset_type":"restored","year":"2025","funder":"L'Oreal Fund for Women","population_dependent":650,"status_today":"NEVER_REPORTED","status_month6_illustrative":"WORKING","report_count_month6":21,"pump_type":"Volanta","depth_m":"41","coordinate_confidence":"ILLUSTRATIVE_COMMUNE_CENTROID_PLUS_JITTER","provenance":"ILLUSTRATIVE_STRUCTURE_ONLY","marker_state_today":"NEVER_REPORTED","marker_style":"dashed-outline-no-fill","catchment_km":2,"catchment_label":"2 km radius \u2014 approximate walking catchment","note":"Straight-line distance from an illustrative position. Actual walking distance is longer, and precise coordinates are pending from the country team."}},{"type":"Feature","geometry":{"type":"Polygon","coordinates":[[[-1.70548,12.199056],[-1.703078,12.198903],[-1.700717,12.198444],[-1.698438,12.197687],[-1.696279,12.196647],[-1.694278,12.195339],[-1.692468,12.193788],[-1.690881,12.192019],[-1.689544,12.190063],[-1.68848,12.187953],[-1.687706,12.185725],[-1.687237,12.183417],[-1.687079,12.181069],[-1.687237,12.178722],[-1.687707,12.176414],[-1.68848,12.174186],[-1.689545,12.172076],[-1.690882,12.17012],[-1.692469,12.168351],[-1.694279,12.1668],[-1.69628,12.165493],[-1.698439,12.164453],[-1.700718,12.163696],[-1.703078,12.163237],[-1.70548,12.163084],[-1.707882,12.163237],[-1.710242,12.163696],[-1.712521,12.164453],[-1.71468,12.165493],[-1.716681,12.1668],[-1.718491,12.168351],[-1.720078,12.17012],[-1.721415,12.172076],[-1.72248,12.174186],[-1.723253,12.176414],[-1.723723,12.178722],[-1.723881,12.181069],[-1.723723,12.183417],[-1.723254,12.185725],[-1.72248,12.187953],[-1.721416,12.190063],[-1.720079,12.192019],[-1.718492,12.193788],[-1.716682,12.195339],[-1.714681,12.196647],[-1.712522,12.197687],[-1.710243,12.198444],[-1.707882,12.198903],[-1.70548,12.199056]]]},"properties":{"well_id":"GBF-R-066","label":"Tanghin-Dassouri well 066 \u2014 2 km catchment","commune":"Tanghin-Dassouri","province":"Kadiogo","region":"Centre","asset_type":"restored","year":"2020","funder":"[PENDING]","population_dependent":180,"status_today":"NEVER_REPORTED","status_month6_illustrative":"WORKING","report_count_month6":3,"pump_type":"India Mark II","depth_m":"41","coordinate_confidence":"ILLUSTRATIVE_COMMUNE_CENTROID_PLUS_JITTER","provenance":"ILLUSTRATIVE_STRUCTURE_ONLY","marker_state_today":"NEVER_REPORTED","marker_style":"dashed-outline-no-fill","catchment_km":2,"catchment_label":"2 km radius \u2014 approximate walking catchment","note":"Straight-line distance from an illustrative position. Actual walking distance is longer, and precise coordinates are pending from the country team."}},{"type":"Feature","geometry":{"type":"Polygon","coordinates":[[[-1.55935,12.227436],[-1.556948,12.227283],[-1.554587,12.226824],[-1.552307,12.226067],[-1.550148,12.225027],[-1.548147,12.223719],[-1.546337,12.222168],[-1.54475,12.220399],[-1.543412,12.218443],[-1.542348,12.216333],[-1.541574,12.214105],[-1.541105,12.211797],[-1.540947,12.209449],[-1.541105,12.207102],[-1.541575,12.204794],[-1.542349,12.202566],[-1.543413,12.200456],[-1.544751,12.1985],[-1.546338,12.196731],[-1.548148,12.19518],[-1.550149,12.193873],[-1.552308,12.192833],[-1.554587,12.192076],[-1.556948,12.191617],[-1.55935,12.191464],[-1.561752,12.191617],[-1.564113,12.192076],[-1.566392,12.192833],[-1.568551,12.193873],[-1.570552,12.19518],[-1.572362,12.196731],[-1.573949,12.1985],[-1.575287,12.200456],[-1.576351,12.202566],[-1.577125,12.204794],[-1.577595,12.207102],[-1.577753,12.209449],[-1.577595,12.211797],[-1.577126,12.214105],[-1.576352,12.216333],[-1.575288,12.218443],[-1.57395,12.220399],[-1.572363,12.222168],[-1.570553,12.223719],[-1.568552,12.225027],[-1.566393,12.226067],[-1.564113,12.226824],[-1.561752,12.227283],[-1.55935,12.227436]]]},"properties":{"well_id":"GBF-R-067","label":"Komsilga well 067 \u2014 2 km catchment","commune":"Komsilga","province":"Kadiogo","region":"Centre","asset_type":"restored","year":"2020","funder":"Individual donors (Water Ball)","population_dependent":950,"status_today":"NEVER_REPORTED","status_month6_illustrative":"WORKING_DEGRADING","report_count_month6":29,"pump_type":"Vergnet HPV-60","depth_m":"41","coordinate_confidence":"ILLUSTRATIVE_COMMUNE_CENTROID_PLUS_JITTER","provenance":"ILLUSTRATIVE_STRUCTURE_ONLY","marker_state_today":"NEVER_REPORTED","marker_style":"dashed-outline-no-fill","catchment_km":2,"catchment_label":"2 km radius \u2014 approximate walking catchment","note":"Straight-line distance from an illustrative position. Actual walking distance is longer, and precise coordinates are pending from the country team."}},{"type":"Feature","geometry":{"type":"Polygon","coordinates":[[[-1.69755,12.442476],[-1.695146,12.442323],[-1.692783,12.441864],[-1.690501,12.441107],[-1.688341,12.440067],[-1.686337,12.438759],[-1.684526,12.437208],[-1.682938,12.435439],[-1.681599,12.433483],[-1.680534,12.431373],[-1.679759,12.429145],[-1.67929,12.426837],[-1.679132,12.424489],[-1.67929,12.422142],[-1.67976,12.419834],[-1.680535,12.417606],[-1.6816,12.415496],[-1.682939,12.41354],[-1.684527,12.411771],[-1.686339,12.41022],[-1.688342,12.408913],[-1.690502,12.407873],[-1.692783,12.407116],[-1.695146,12.406657],[-1.69755,12.406504],[-1.699954,12.406657],[-1.702317,12.407116],[-1.704598,12.407873],[-1.706758,12.408913],[-1.708761,12.41022],[-1.710573,12.411771],[-1.712161,12.41354],[-1.7135,12.415496],[-1.714565,12.417606],[-1.71534,12.419834],[-1.71581,12.422142],[-1.715968,12.424489],[-1.71581,12.426837],[-1.715341,12.429145],[-1.714566,12.431373],[-1.713501,12.433483],[-1.712162,12.435439],[-1.710574,12.437208],[-1.708763,12.438759],[-1.706759,12.440067],[-1.704599,12.441107],[-1.702317,12.441864],[-1.699954,12.442323],[-1.69755,12.442476]]]},"properties":{"well_id":"GBF-R-068","label":"Pabre well 068 \u2014 2 km catchment","commune":"Pabre","province":"Kadiogo","region":"Centre","asset_type":"restored","year":"2021","funder":"Individual donors (Water Ball)","population_dependent":240,"status_today":"NEVER_REPORTED","status_month6_illustrative":"WORKING","report_count_month6":23,"pump_type":"Vergnet HPV-60","depth_m":"","coordinate_confidence":"ILLUSTRATIVE_COMMUNE_CENTROID_PLUS_JITTER","provenance":"ILLUSTRATIVE_STRUCTURE_ONLY","marker_state_today":"NEVER_REPORTED","marker_style":"dashed-outline-no-fill","catchment_km":2,"catchment_label":"2 km radius \u2014 approximate walking catchment","note":"Straight-line distance from an illustrative position. Actual walking distance is longer, and precise coordinates are pending from the country team."}},{"type":"Feature","geometry":{"type":"Polygon","coordinates":[[[-1.3347,12.381076],[-1.332296,12.380923],[-1.329934,12.380464],[-1.327653,12.379707],[-1.325493,12.378667],[-1.32349,12.377359],[-1.321679,12.375808],[-1.320091,12.374039],[-1.318753,12.372083],[-1.317688,12.369973],[-1.316914,12.367745],[-1.316444,12.365437],[-1.316287,12.363089],[-1.316444,12.360742],[-1.316914,12.358434],[-1.317689,12.356206],[-1.318754,12.354096],[-1.320092,12.35214],[-1.32168,12.350371],[-1.323491,12.34882],[-1.325494,12.347513],[-1.327654,12.346473],[-1.329935,12.345716],[-1.332297,12.345257],[-1.3347,12.345104],[-1.337103,12.345257],[-1.339465,12.345716],[-1.341746,12.346473],[-1.343906,12.347513],[-1.345909,12.34882],[-1.34772,12.350371],[-1.349308,12.35214],[-1.350646,12.354096],[-1.351711,12.356206],[-1.352486,12.358434],[-1.352956,12.360742],[-1.353113,12.363089],[-1.352956,12.365437],[-1.352486,12.367745],[-1.351712,12.369973],[-1.350647,12.372083],[-1.349309,12.374039],[-1.347721,12.375808],[-1.34591,12.377359],[-1.343907,12.378667],[-1.341747,12.379707],[-1.339466,12.380464],[-1.337104,12.380923],[-1.3347,12.381076]]]},"properties":{"well_id":"GBF-R-069","label":"Saaba well 069 \u2014 2 km catchment","commune":"Saaba","province":"Kadiogo","region":"Centre","asset_type":"restored","year":"2023","funder":"Individual donors (Water Ball)","population_dependent":3000,"status_today":"NEVER_REPORTED","status_month6_illustrative":"WORKING","report_count_month6":27,"pump_type":"Vergnet HPV-60","depth_m":"","coordinate_confidence":"ILLUSTRATIVE_COMMUNE_CENTROID_PLUS_JITTER","provenance":"ILLUSTRATIVE_STRUCTURE_ONLY","marker_state_today":"NEVER_REPORTED","marker_style":"dashed-outline-no-fill","catchment_km":2,"catchment_label":"2 km radius \u2014 approximate walking catchment","note":"Straight-line distance from an illustrative position. Actual walking distance is longer, and precise coordinates are pending from the country team."}},{"type":"Feature","geometry":{"type":"Polygon","coordinates":[[[-1.73286,12.288486],[-1.730457,12.288333],[-1.728096,12.287874],[-1.725816,12.287117],[-1.723656,12.286077],[-1.721654,12.284769],[-1.719844,12.283218],[-1.718256,12.281449],[-1.716919,12.279493],[-1.715854,12.277383],[-1.71508,12.275155],[-1.71461,12.272847],[-1.714453,12.270499],[-1.714611,12.268152],[-1.715081,12.265844],[-1.715855,12.263616],[-1.71692,12.261506],[-1.718257,12.25955],[-1.719845,12.257781],[-1.721655,12.25623],[-1.723657,12.254923],[-1.725816,12.253883],[-1.728096,12.253126],[-1.730458,12.252667],[-1.73286,12.252514],[-1.735262,12.252667],[-1.737624,12.253126],[-1.739904,12.253883],[-1.742063,12.254923],[-1.744065,12.25623],[-1.745875,12.257781],[-1.747463,12.25955],[-1.7488,12.261506],[-1.749865,12.263616],[-1.750639,12.265844],[-1.751109,12.268152],[-1.751267,12.270499],[-1.75111,12.272847],[-1.75064,12.275155],[-1.749866,12.277383],[-1.748801,12.279493],[-1.747464,12.281449],[-1.745876,12.283218],[-1.744066,12.284769],[-1.742064,12.286077],[-1.739904,12.287117],[-1.737624,12.287874],[-1.735263,12.288333],[-1.73286,12.288486]]]},"properties":{"well_id":"GBF-R-070","label":"Tanghin-Dassouri well 070 \u2014 2 km catchment","commune":"Tanghin-Dassouri","province":"Kadiogo","region":"Centre","asset_type":"restored","year":"2023","funder":"Individual donors (Water Ball)","population_dependent":650,"status_today":"NEVER_REPORTED","status_month6_illustrative":"WORKING","report_count_month6":41,"pump_type":"Vergnet HPV-60","depth_m":"58","coordinate_confidence":"ILLUSTRATIVE_COMMUNE_CENTROID_PLUS_JITTER","provenance":"ILLUSTRATIVE_STRUCTURE_ONLY","marker_state_today":"NEVER_REPORTED","marker_style":"dashed-outline-no-fill","catchment_km":2,"catchment_label":"2 km radius \u2014 approximate walking catchment","note":"Straight-line distance from an illustrative position. Actual walking distance is longer, and precise coordinates are pending from the country team."}},{"type":"Feature","geometry":{"type":"Polygon","coordinates":[[[-1.39184,12.073166],[-1.389439,12.073013],[-1.387079,12.072554],[-1.384801,12.071797],[-1.382643,12.070757],[-1.380643,12.069449],[-1.378834,12.067898],[-1.377248,12.066129],[-1.375911,12.064173],[-1.374848,12.062063],[-1.374074,12.059835],[-1.373605,12.057527],[-1.373448,12.055179],[-1.373605,12.052832],[-1.374075,12.050524],[-1.374848,12.048296],[-1.375913,12.046186],[-1.377249,12.04423],[-1.378835,12.042461],[-1.380644,12.04091],[-1.382645,12.039603],[-1.384802,12.038563],[-1.38708,12.037806],[-1.38944,12.037347],[-1.39184,12.037194],[-1.39424,12.037347],[-1.3966,12.037806],[-1.398878,12.038563],[-1.401035,12.039603],[-1.403036,12.04091],[-1.404845,12.042461],[-1.406431,12.04423],[-1.407767,12.046186],[-1.408832,12.048296],[-1.409605,12.050524],[-1.410075,12.052832],[-1.410232,12.055179],[-1.410075,12.057527],[-1.409606,12.059835],[-1.408832,12.062063],[-1.407769,12.064173],[-1.406432,12.066129],[-1.404846,12.067898],[-1.403037,12.069449],[-1.401037,12.070757],[-1.398879,12.071797],[-1.396601,12.072554],[-1.394241,12.073013],[-1.39184,12.073166]]]},"properties":{"well_id":"GBF-R-071","label":"Kombissiri well 071 \u2014 2 km catchment","commune":"Kombissiri","province":"Bazega","region":"Centre-Sud","asset_type":"restored","year":"2023","funder":"[PENDING]","population_dependent":950,"status_today":"NEVER_REPORTED","status_month6_illustrative":"NOT_REPORTED_SINCE","report_count_month6":41,"pump_type":"Vergnet HPV-60","depth_m":"","coordinate_confidence":"ILLUSTRATIVE_COMMUNE_CENTROID_PLUS_JITTER","provenance":"ILLUSTRATIVE_STRUCTURE_ONLY","marker_state_today":"NEVER_REPORTED","marker_style":"dashed-outline-no-fill","catchment_km":2,"catchment_label":"2 km radius \u2014 approximate walking catchment","note":"Straight-line distance from an illustrative position. Actual walking distance is longer, and precise coordinates are pending from the country team."}},{"type":"Feature","geometry":{"type":"Polygon","coordinates":[[[-2.02633,12.220226],[-2.023928,12.220073],[-2.021567,12.219614],[-2.019287,12.218857],[-2.017128,12.217817],[-2.015127,12.216509],[-2.013317,12.214958],[-2.01173,12.213189],[-2.010393,12.211233],[-2.009328,12.209123],[-2.008555,12.206895],[-2.008085,12.204587],[-2.007928,12.202239],[-2.008085,12.199892],[-2.008555,12.197584],[-2.009329,12.195356],[-2.010394,12.193246],[-2.011731,12.19129],[-2.013318,12.189521],[-2.015128,12.18797],[-2.017129,12.186663],[-2.019288,12.185623],[-2.021567,12.184866],[-2.023928,12.184407],[-2.02633,12.184254],[-2.028732,12.184407],[-2.031093,12.184866],[-2.033372,12.185623],[-2.035531,12.186663],[-2.037532,12.18797],[-2.039342,12.189521],[-2.040929,12.19129],[-2.042266,12.193246],[-2.043331,12.195356],[-2.044105,12.197584],[-2.044575,12.199892],[-2.044732,12.202239],[-2.044575,12.204587],[-2.044105,12.206895],[-2.043332,12.209123],[-2.042267,12.211233],[-2.04093,12.213189],[-2.039343,12.214958],[-2.037533,12.216509],[-2.035532,12.217817],[-2.033373,12.218857],[-2.031093,12.219614],[-2.028732,12.220073],[-2.02633,12.220226]]]},"properties":{"well_id":"GBF-R-072","label":"Kokologho well 072 \u2014 2 km catchment","commune":"Kokologho","province":"Boulkiemde","region":"Centre-Ouest","asset_type":"restored","year":"2022","funder":"[PENDING]","population_dependent":410,"status_today":"NEVER_REPORTED","status_month6_illustrative":"WORKING","report_count_month6":18,"pump_type":"India Mark II","depth_m":"47","coordinate_confidence":"ILLUSTRATIVE_COMMUNE_CENTROID_PLUS_JITTER","provenance":"ILLUSTRATIVE_STRUCTURE_ONLY","marker_state_today":"NEVER_REPORTED","marker_style":"dashed-outline-no-fill","catchment_km":2,"catchment_label":"2 km radius \u2014 approximate walking catchment","note":"Straight-line distance from an illustrative position. Actual walking distance is longer, and precise coordinates are pending from the country team."}},{"type":"Feature","geometry":{"type":"Polygon","coordinates":[[[-1.59871,12.159576],[-1.596308,12.159423],[-1.593948,12.158964],[-1.591669,12.158207],[-1.58951,12.157167],[-1.587509,12.155859],[-1.5857,12.154308],[-1.584113,12.152539],[-1.582776,12.150583],[-1.581712,12.148473],[-1.580939,12.146245],[-1.580469,12.143937],[-1.580312,12.141589],[-1.58047,12.139242],[-1.580939,12.136934],[-1.581713,12.134706],[-1.582777,12.132596],[-1.584115,12.13064],[-1.585701,12.128871],[-1.587511,12.12732],[-1.589512,12.126013],[-1.59167,12.124973],[-1.593949,12.124216],[-1.596309,12.123757],[-1.59871,12.123604],[-1.601111,12.123757],[-1.603471,12.124216],[-1.60575,12.124973],[-1.607908,12.126013],[-1.609909,12.12732],[-1.611719,12.128871],[-1.613305,12.13064],[-1.614643,12.132596],[-1.615707,12.134706],[-1.616481,12.136934],[-1.61695,12.139242],[-1.617108,12.141589],[-1.616951,12.143937],[-1.616481,12.146245],[-1.615708,12.148473],[-1.614644,12.150583],[-1.613307,12.152539],[-1.61172,12.154308],[-1.609911,12.155859],[-1.60791,12.157167],[-1.605751,12.158207],[-1.603472,12.158964],[-1.601112,12.159423],[-1.59871,12.159576]]]},"properties":{"well_id":"GBF-R-073","label":"Komsilga well 073 \u2014 2 km catchment","commune":"Komsilga","province":"Kadiogo","region":"Centre","asset_type":"restored","year":"2021","funder":"School partner network","population_dependent":180,"status_today":"NEVER_REPORTED","status_month6_illustrative":"NEVER_REPORTED","report_count_month6":0,"pump_type":"India Mark II","depth_m":"47","coordinate_confidence":"ILLUSTRATIVE_COMMUNE_CENTROID_PLUS_JITTER","provenance":"ILLUSTRATIVE_STRUCTURE_ONLY","marker_state_today":"NEVER_REPORTED","marker_style":"dashed-outline-no-fill","catchment_km":2,"catchment_label":"2 km radius \u2014 approximate walking catchment","note":"Straight-line distance from an illustrative position. Actual walking distance is longer, and precise coordinates are pending from the country team."}},{"type":"Feature","geometry":{"type":"Polygon","coordinates":[[[-1.28792,12.039146],[-1.28552,12.038993],[-1.28316,12.038534],[-1.280882,12.037777],[-1.278725,12.036737],[-1.276724,12.035429],[-1.274916,12.033878],[-1.27333,12.032109],[-1.271994,12.030153],[-1.27093,12.028043],[-1.270157,12.025815],[-1.269687,12.023507],[-1.26953,12.021159],[-1.269688,12.018812],[-1.270157,12.016504],[-1.270931,12.014276],[-1.271995,12.012166],[-1.273331,12.01021],[-1.274917,12.008441],[-1.276726,12.00689],[-1.278726,12.005583],[-1.280883,12.004543],[-1.283161,12.003786],[-1.28552,12.003327],[-1.28792,12.003174],[-1.29032,12.003327],[-1.292679,12.003786],[-1.294957,12.004543],[-1.297114,12.005583],[-1.299114,12.00689],[-1.300923,12.008441],[-1.302509,12.01021],[-1.303845,12.012166],[-1.304909,12.014276],[-1.305683,12.016504],[-1.306152,12.018812],[-1.30631,12.021159],[-1.306153,12.023507],[-1.305683,12.025815],[-1.30491,12.028043],[-1.303846,12.030153],[-1.30251,12.032109],[-1.300924,12.033878],[-1.299116,12.035429],[-1.297115,12.036737],[-1.294958,12.037777],[-1.29268,12.038534],[-1.29032,12.038993],[-1.28792,12.039146]]]},"properties":{"well_id":"GBF-R-074","label":"Kombissiri well 074 \u2014 2 km catchment","commune":"Kombissiri","province":"Bazega","region":"Centre-Sud","asset_type":"restored","year":"2024","funder":"[PENDING]","population_dependent":950,"status_today":"NEVER_REPORTED","status_month6_illustrative":"WORKING","report_count_month6":32,"pump_type":"Vergnet HPV-60","depth_m":"52","coordinate_confidence":"ILLUSTRATIVE_COMMUNE_CENTROID_PLUS_JITTER","provenance":"ILLUSTRATIVE_STRUCTURE_ONLY","marker_state_today":"NEVER_REPORTED","marker_style":"dashed-outline-no-fill","catchment_km":2,"catchment_label":"2 km radius \u2014 approximate walking catchment","note":"Straight-line distance from an illustrative position. Actual walking distance is longer, and precise coordinates are pending from the country team."}},{"type":"Feature","geometry":{"type":"Polygon","coordinates":[[[-1.93276,12.630986],[-1.930354,12.630833],[-1.927989,12.630374],[-1.925706,12.629617],[-1.923544,12.628577],[-1.921539,12.627269],[-1.919727,12.625718],[-1.918137,12.623949],[-1.916798,12.621993],[-1.915731,12.619883],[-1.914956,12.617655],[-1.914486,12.615347],[-1.914329,12.612999],[-1.914487,12.610652],[-1.914957,12.608344],[-1.915732,12.606116],[-1.916799,12.604006],[-1.918138,12.60205],[-1.919728,12.600281],[-1.92154,12.59873],[-1.923545,12.597423],[-1.925707,12.596383],[-1.92799,12.595626],[-1.930354,12.595167],[-1.93276,12.595014],[-1.935166,12.595167],[-1.93753,12.595626],[-1.939813,12.596383],[-1.941975,12.597423],[-1.94398,12.59873],[-1.945792,12.600281],[-1.947382,12.60205],[-1.948721,12.604006],[-1.949788,12.606116],[-1.950563,12.608344],[-1.951033,12.610652],[-1.951191,12.612999],[-1.951034,12.615347],[-1.950564,12.617655],[-1.949789,12.619883],[-1.948722,12.621993],[-1.947383,12.623949],[-1.945793,12.625718],[-1.943981,12.627269],[-1.941976,12.628577],[-1.939814,12.629617],[-1.937531,12.630374],[-1.935166,12.630833],[-1.93276,12.630986]]]},"properties":{"well_id":"GBF-R-075","label":"Bouss\u00e9 well 075 \u2014 2 km catchment","commune":"Bouss\u00e9","province":"Kourweogo","region":"Plateau-Central","asset_type":"restored","year":"2021","funder":"[PENDING]","population_dependent":2200,"status_today":"NEVER_REPORTED","status_month6_illustrative":"BROKEN","report_count_month6":28,"pump_type":"[PENDING]","depth_m":"","coordinate_confidence":"ILLUSTRATIVE_COMMUNE_CENTROID_PLUS_JITTER","provenance":"ILLUSTRATIVE_STRUCTURE_ONLY","marker_state_today":"NEVER_REPORTED","marker_style":"dashed-outline-no-fill","catchment_km":2,"catchment_label":"2 km radius \u2014 approximate walking catchment","note":"Straight-line distance from an illustrative position. Actual walking distance is longer, and precise coordinates are pending from the country team."}},{"type":"Feature","geometry":{"type":"Polygon","coordinates":[[[-1.25148,11.999806],[-1.24908,11.999653],[-1.246721,11.999194],[-1.244443,11.998437],[-1.242286,11.997397],[-1.240286,11.996089],[-1.238478,11.994538],[-1.236892,11.992769],[-1.235556,11.990813],[-1.234492,11.988703],[-1.233719,11.986475],[-1.23325,11.984167],[-1.233093,11.981819],[-1.23325,11.979472],[-1.23372,11.977164],[-1.234493,11.974936],[-1.235557,11.972826],[-1.236893,11.97087],[-1.238479,11.969101],[-1.240287,11.96755],[-1.242287,11.966243],[-1.244444,11.965203],[-1.246721,11.964446],[-1.24908,11.963987],[-1.25148,11.963834],[-1.25388,11.963987],[-1.256239,11.964446],[-1.258516,11.965203],[-1.260673,11.966243],[-1.262673,11.96755],[-1.264481,11.969101],[-1.266067,11.97087],[-1.267403,11.972826],[-1.268467,11.974936],[-1.26924,11.977164],[-1.26971,11.979472],[-1.269867,11.981819],[-1.26971,11.984167],[-1.269241,11.986475],[-1.268468,11.988703],[-1.267404,11.990813],[-1.266068,11.992769],[-1.264482,11.994538],[-1.262674,11.996089],[-1.260674,11.997397],[-1.258517,11.998437],[-1.256239,11.999194],[-1.25388,11.999653],[-1.25148,11.999806]]]},"properties":{"well_id":"GBF-R-076","label":"Kombissiri well 076 \u2014 2 km catchment","commune":"Kombissiri","province":"Bazega","region":"Centre-Sud","asset_type":"restored","year":"2024","funder":"Individual donors (Water Ball)","population_dependent":950,"status_today":"NEVER_REPORTED","status_month6_illustrative":"NOT_REPORTED_SINCE","report_count_month6":11,"pump_type":"Volanta","depth_m":"47","coordinate_confidence":"ILLUSTRATIVE_COMMUNE_CENTROID_PLUS_JITTER","provenance":"ILLUSTRATIVE_STRUCTURE_ONLY","marker_state_today":"NEVER_REPORTED","marker_style":"dashed-outline-no-fill","catchment_km":2,"catchment_label":"2 km radius \u2014 approximate walking catchment","note":"Straight-line distance from an illustrative position. Actual walking distance is longer, and precise coordinates are pending from the country team."}},{"type":"Feature","geometry":{"type":"Polygon","coordinates":[[[-1.73049,12.347236],[-1.728087,12.347083],[-1.725725,12.346624],[-1.723444,12.345867],[-1.721284,12.344827],[-1.719281,12.343519],[-1.717471,12.341968],[-1.715883,12.340199],[-1.714545,12.338243],[-1.71348,12.336133],[-1.712706,12.333905],[-1.712236,12.331597],[-1.712079,12.329249],[-1.712237,12.326902],[-1.712707,12.324594],[-1.713481,12.322366],[-1.714546,12.320256],[-1.715884,12.3183],[-1.717472,12.316531],[-1.719283,12.31498],[-1.721285,12.313673],[-1.723445,12.312633],[-1.725725,12.311876],[-1.728087,12.311417],[-1.73049,12.311264],[-1.732893,12.311417],[-1.735255,12.311876],[-1.737535,12.312633],[-1.739695,12.313673],[-1.741697,12.31498],[-1.743508,12.316531],[-1.745096,12.3183],[-1.746434,12.320256],[-1.747499,12.322366],[-1.748273,12.324594],[-1.748743,12.326902],[-1.748901,12.329249],[-1.748744,12.331597],[-1.748274,12.333905],[-1.7475,12.336133],[-1.746435,12.338243],[-1.745097,12.340199],[-1.743509,12.341968],[-1.741699,12.343519],[-1.739696,12.344827],[-1.737536,12.345867],[-1.735255,12.346624],[-1.732893,12.347083],[-1.73049,12.347236]]]},"properties":{"well_id":"GBF-R-077","label":"Tanghin-Dassouri well 077 \u2014 2 km catchment","commune":"Tanghin-Dassouri","province":"Kadiogo","region":"Centre","asset_type":"restored","year":"2021","funder":"[PENDING]","population_dependent":240,"status_today":"NEVER_REPORTED","status_month6_illustrative":"WORKING_DEGRADING","report_count_month6":7,"pump_type":"[PENDING]","depth_m":"47","coordinate_confidence":"ILLUSTRATIVE_COMMUNE_CENTROID_PLUS_JITTER","provenance":"ILLUSTRATIVE_STRUCTURE_ONLY","marker_state_today":"NEVER_REPORTED","marker_style":"dashed-outline-no-fill","catchment_km":2,"catchment_label":"2 km radius \u2014 approximate walking catchment","note":"Straight-line distance from an illustrative position. Actual walking distance is longer, and precise coordinates are pending from the country team."}},{"type":"Feature","geometry":{"type":"Polygon","coordinates":[[[-1.26964,12.003926],[-1.26724,12.003773],[-1.264881,12.003314],[-1.262603,12.002557],[-1.260446,12.001517],[-1.258446,12.000209],[-1.256638,11.998658],[-1.255052,11.996889],[-1.253716,11.994933],[-1.252652,11.992823],[-1.251879,11.990595],[-1.25141,11.988287],[-1.251253,11.985939],[-1.25141,11.983592],[-1.25188,11.981284],[-1.252653,11.979056],[-1.253717,11.976946],[-1.255053,11.97499],[-1.256639,11.973221],[-1.258447,11.97167],[-1.260447,11.970363],[-1.262604,11.969323],[-1.264881,11.968566],[-1.26724,11.968107],[-1.26964,11.967954],[-1.27204,11.968107],[-1.274399,11.968566],[-1.276676,11.969323],[-1.278833,11.970363],[-1.280833,11.97167],[-1.282641,11.973221],[-1.284227,11.97499],[-1.285563,11.976946],[-1.286627,11.979056],[-1.2874,11.981284],[-1.28787,11.983592],[-1.288027,11.985939],[-1.28787,11.988287],[-1.287401,11.990595],[-1.286628,11.992823],[-1.285564,11.994933],[-1.284228,11.996889],[-1.282642,11.998658],[-1.280834,12.000209],[-1.278834,12.001517],[-1.276677,12.002557],[-1.274399,12.003314],[-1.27204,12.003773],[-1.26964,12.003926]]]},"properties":{"well_id":"GBF-R-078","label":"Kombissiri well 078 \u2014 2 km catchment","commune":"Kombissiri","province":"Bazega","region":"Centre-Sud","asset_type":"restored","year":"2018","funder":"[PENDING]","population_dependent":1200,"status_today":"NEVER_REPORTED","status_month6_illustrative":"WORKING_DEGRADING","report_count_month6":10,"pump_type":"[PENDING]","depth_m":"41","coordinate_confidence":"ILLUSTRATIVE_COMMUNE_CENTROID_PLUS_JITTER","provenance":"ILLUSTRATIVE_STRUCTURE_ONLY","marker_state_today":"NEVER_REPORTED","marker_style":"dashed-outline-no-fill","catchment_km":2,"catchment_label":"2 km radius \u2014 approximate walking catchment","note":"Straight-line distance from an illustrative position. Actual walking distance is longer, and precise coordinates are pending from the country team."}},{"type":"Feature","geometry":{"type":"Polygon","coordinates":[[[-1.70892,11.625246],[-1.706523,11.625093],[-1.704167,11.624634],[-1.701893,11.623877],[-1.699739,11.622837],[-1.697741,11.621529],[-1.695936,11.619978],[-1.694352,11.618209],[-1.693018,11.616253],[-1.691955,11.614143],[-1.691183,11.611915],[-1.690715,11.609607],[-1.690558,11.607259],[-1.690715,11.604912],[-1.691184,11.602604],[-1.691956,11.600376],[-1.693019,11.598266],[-1.694353,11.59631],[-1.695937,11.594541],[-1.697743,11.59299],[-1.69974,11.591683],[-1.701894,11.590643],[-1.704168,11.589886],[-1.706523,11.589427],[-1.70892,11.589274],[-1.711317,11.589427],[-1.713672,11.589886],[-1.715946,11.590643],[-1.7181,11.591683],[-1.720097,11.59299],[-1.721903,11.594541],[-1.723487,11.59631],[-1.724821,11.598266],[-1.725884,11.600376],[-1.726656,11.602604],[-1.727125,11.604912],[-1.727282,11.607259],[-1.727125,11.609607],[-1.726657,11.611915],[-1.725885,11.614143],[-1.724822,11.616253],[-1.723488,11.618209],[-1.721904,11.619978],[-1.720099,11.621529],[-1.718101,11.622837],[-1.715947,11.623877],[-1.713673,11.624634],[-1.711317,11.625093],[-1.70892,11.625246]]]},"properties":{"well_id":"GBF-R-079","label":"Sapouy well 079 \u2014 2 km catchment","commune":"Sapouy","province":"Ziro","region":"Centre-Ouest","asset_type":"restored","year":"2018","funder":"L'Oreal Fund for Women","population_dependent":1800,"status_today":"NEVER_REPORTED","status_month6_illustrative":"NOT_REPORTED_SINCE","report_count_month6":6,"pump_type":"Vergnet HPV-60","depth_m":"47","coordinate_confidence":"ILLUSTRATIVE_COMMUNE_CENTROID_PLUS_JITTER","provenance":"ILLUSTRATIVE_STRUCTURE_ONLY","marker_state_today":"NEVER_REPORTED","marker_style":"dashed-outline-no-fill","catchment_km":2,"catchment_label":"2 km radius \u2014 approximate walking catchment","note":"Straight-line distance from an illustrative position. Actual walking distance is longer, and precise coordinates are pending from the country team."}},{"type":"Feature","geometry":{"type":"Polygon","coordinates":[[[-1.60384,12.238206],[-1.601438,12.238053],[-1.599077,12.237594],[-1.596797,12.236837],[-1.594638,12.235797],[-1.592636,12.234489],[-1.590826,12.232938],[-1.589239,12.231169],[-1.587902,12.229213],[-1.586837,12.227103],[-1.586063,12.224875],[-1.585594,12.222567],[-1.585437,12.220219],[-1.585594,12.217872],[-1.586064,12.215564],[-1.586838,12.213336],[-1.587903,12.211226],[-1.58924,12.20927],[-1.590827,12.207501],[-1.592637,12.20595],[-1.594639,12.204643],[-1.596798,12.203603],[-1.599077,12.202846],[-1.601438,12.202387],[-1.60384,12.202234],[-1.606242,12.202387],[-1.608603,12.202846],[-1.610882,12.203603],[-1.613041,12.204643],[-1.615043,12.20595],[-1.616853,12.207501],[-1.61844,12.20927],[-1.619777,12.211226],[-1.620842,12.213336],[-1.621616,12.215564],[-1.622086,12.217872],[-1.622243,12.220219],[-1.622086,12.222567],[-1.621617,12.224875],[-1.620843,12.227103],[-1.619778,12.229213],[-1.618441,12.231169],[-1.616854,12.232938],[-1.615044,12.234489],[-1.613042,12.235797],[-1.610883,12.236837],[-1.608603,12.237594],[-1.606242,12.238053],[-1.60384,12.238206]]]},"properties":{"well_id":"GBF-R-080","label":"Komsilga well 080 \u2014 2 km catchment","commune":"Komsilga","province":"Kadiogo","region":"Centre","asset_type":"restored","year":"2021","funder":"[PENDING]","population_dependent":410,"status_today":"NEVER_REPORTED","status_month6_illustrative":"WORKING_DEGRADING","report_count_month6":35,"pump_type":"India Mark II","depth_m":"","coordinate_confidence":"ILLUSTRATIVE_COMMUNE_CENTROID_PLUS_JITTER","provenance":"ILLUSTRATIVE_STRUCTURE_ONLY","marker_state_today":"NEVER_REPORTED","marker_style":"dashed-outline-no-fill","catchment_km":2,"catchment_label":"2 km radius \u2014 approximate walking catchment","note":"Straight-line distance from an illustrative position. Actual walking distance is longer, and precise coordinates are pending from the country team."}},{"type":"Feature","geometry":{"type":"Polygon","coordinates":[[[-1.63363,11.973816],[-1.63123,11.973663],[-1.628871,11.973204],[-1.626594,11.972447],[-1.624437,11.971407],[-1.622437,11.970099],[-1.620629,11.968548],[-1.619043,11.966779],[-1.617707,11.964823],[-1.616644,11.962713],[-1.615871,11.960485],[-1.615402,11.958177],[-1.615245,11.955829],[-1.615402,11.953482],[-1.615872,11.951174],[-1.616645,11.948946],[-1.617708,11.946836],[-1.619045,11.94488],[-1.62063,11.943111],[-1.622438,11.94156],[-1.624438,11.940253],[-1.626595,11.939213],[-1.628872,11.938456],[-1.63123,11.937997],[-1.63363,11.937844],[-1.63603,11.937997],[-1.638388,11.938456],[-1.640665,11.939213],[-1.642822,11.940253],[-1.644822,11.94156],[-1.64663,11.943111],[-1.648215,11.94488],[-1.649552,11.946836],[-1.650615,11.948946],[-1.651388,11.951174],[-1.651858,11.953482],[-1.652015,11.955829],[-1.651858,11.958177],[-1.651389,11.960485],[-1.650616,11.962713],[-1.649553,11.964823],[-1.648217,11.966779],[-1.646631,11.968548],[-1.644823,11.970099],[-1.642823,11.971407],[-1.640666,11.972447],[-1.638389,11.973204],[-1.63603,11.973663],[-1.63363,11.973816]]]},"properties":{"well_id":"GBF-R-081","label":"Doulougou well 081 \u2014 2 km catchment","commune":"Doulougou","province":"Bazega","region":"Centre-Sud","asset_type":"restored","year":"2024","funder":"Individual donors (Water Ball)","population_dependent":240,"status_today":"NEVER_REPORTED","status_month6_illustrative":"WORKING","report_count_month6":30,"pump_type":"Volanta","depth_m":"58","coordinate_confidence":"ILLUSTRATIVE_COMMUNE_CENTROID_PLUS_JITTER","provenance":"ILLUSTRATIVE_STRUCTURE_ONLY","marker_state_today":"NEVER_REPORTED","marker_style":"dashed-outline-no-fill","catchment_km":2,"catchment_label":"2 km radius \u2014 approximate walking catchment","note":"Straight-line distance from an illustrative position. Actual walking distance is longer, and precise coordinates are pending from the country team."}},{"type":"Feature","geometry":{"type":"Polygon","coordinates":[[[-1.64328,12.351496],[-1.640877,12.351343],[-1.638514,12.350884],[-1.636234,12.350127],[-1.634074,12.349087],[-1.632071,12.347779],[-1.630261,12.346228],[-1.628673,12.344459],[-1.627335,12.342503],[-1.62627,12.340393],[-1.625496,12.338165],[-1.625026,12.335857],[-1.624869,12.333509],[-1.625026,12.331162],[-1.625496,12.328854],[-1.626271,12.326626],[-1.627336,12.324516],[-1.628674,12.32256],[-1.630262,12.320791],[-1.632072,12.31924],[-1.634075,12.317933],[-1.636235,12.316893],[-1.638515,12.316136],[-1.640877,12.315677],[-1.64328,12.315524],[-1.645683,12.315677],[-1.648045,12.316136],[-1.650325,12.316893],[-1.652485,12.317933],[-1.654488,12.31924],[-1.656298,12.320791],[-1.657886,12.32256],[-1.659224,12.324516],[-1.660289,12.326626],[-1.661064,12.328854],[-1.661534,12.331162],[-1.661691,12.333509],[-1.661534,12.335857],[-1.661064,12.338165],[-1.66029,12.340393],[-1.659225,12.342503],[-1.657887,12.344459],[-1.656299,12.346228],[-1.654489,12.347779],[-1.652486,12.349087],[-1.650326,12.350127],[-1.648046,12.350884],[-1.645683,12.351343],[-1.64328,12.351496]]]},"properties":{"well_id":"GBF-R-082","label":"Tanghin-Dassouri well 082 \u2014 2 km catchment","commune":"Tanghin-Dassouri","province":"Kadiogo","region":"Centre","asset_type":"restored","year":"2025","funder":"[PENDING]","population_dependent":320,"status_today":"NEVER_REPORTED","status_month6_illustrative":"NEVER_REPORTED","report_count_month6":0,"pump_type":"Volanta","depth_m":"","coordinate_confidence":"ILLUSTRATIVE_COMMUNE_CENTROID_PLUS_JITTER","provenance":"ILLUSTRATIVE_STRUCTURE_ONLY","marker_state_today":"NEVER_REPORTED","marker_style":"dashed-outline-no-fill","catchment_km":2,"catchment_label":"2 km radius \u2014 approximate walking catchment","note":"Straight-line distance from an illustrative position. Actual walking distance is longer, and precise coordinates are pending from the country team."}},{"type":"Feature","geometry":{"type":"Polygon","coordinates":[[[-1.40923,12.096506],[-1.406829,12.096353],[-1.404469,12.095894],[-1.402191,12.095137],[-1.400033,12.094097],[-1.398032,12.092789],[-1.396223,12.091238],[-1.394637,12.089469],[-1.3933,12.087513],[-1.392236,12.085403],[-1.391463,12.083175],[-1.390994,12.080867],[-1.390836,12.078519],[-1.390994,12.076172],[-1.391463,12.073864],[-1.392237,12.071636],[-1.393301,12.069526],[-1.394638,12.06757],[-1.396224,12.065801],[-1.398033,12.06425],[-1.400034,12.062943],[-1.402191,12.061903],[-1.40447,12.061146],[-1.406829,12.060687],[-1.40923,12.060534],[-1.411631,12.060687],[-1.41399,12.061146],[-1.416269,12.061903],[-1.418426,12.062943],[-1.420427,12.06425],[-1.422236,12.065801],[-1.423822,12.06757],[-1.425159,12.069526],[-1.426223,12.071636],[-1.426997,12.073864],[-1.427466,12.076172],[-1.427624,12.078519],[-1.427466,12.080867],[-1.426997,12.083175],[-1.426224,12.085403],[-1.42516,12.087513],[-1.423823,12.089469],[-1.422237,12.091238],[-1.420428,12.092789],[-1.418427,12.094097],[-1.416269,12.095137],[-1.413991,12.095894],[-1.411631,12.096353],[-1.40923,12.096506]]]},"properties":{"well_id":"GBF-R-083","label":"Kombissiri well 083 \u2014 2 km catchment","commune":"Kombissiri","province":"Bazega","region":"Centre-Sud","asset_type":"restored","year":"2025","funder":"L'Oreal Fund for Women","population_dependent":500,"status_today":"NEVER_REPORTED","status_month6_illustrative":"WORKING_DEGRADING","report_count_month6":6,"pump_type":"[PENDING]","depth_m":"52","coordinate_confidence":"ILLUSTRATIVE_COMMUNE_CENTROID_PLUS_JITTER","provenance":"ILLUSTRATIVE_STRUCTURE_ONLY","marker_state_today":"NEVER_REPORTED","marker_style":"dashed-outline-no-fill","catchment_km":2,"catchment_label":"2 km radius \u2014 approximate walking catchment","note":"Straight-line distance from an illustrative position. Actual walking distance is longer, and precise coordinates are pending from the country team."}},{"type":"Feature","geometry":{"type":"Polygon","coordinates":[[[-1.65426,12.211776],[-1.651858,12.211623],[-1.649497,12.211164],[-1.647218,12.210407],[-1.645059,12.209367],[-1.643057,12.208059],[-1.641247,12.206508],[-1.63966,12.204739],[-1.638323,12.202783],[-1.637259,12.200673],[-1.636485,12.198445],[-1.636016,12.196137],[-1.635858,12.193789],[-1.636016,12.191442],[-1.636486,12.189134],[-1.63726,12.186906],[-1.638324,12.184796],[-1.639662,12.18284],[-1.641249,12.181071],[-1.643058,12.17952],[-1.64506,12.178213],[-1.647218,12.177173],[-1.649498,12.176416],[-1.651858,12.175957],[-1.65426,12.175804],[-1.656662,12.175957],[-1.659022,12.176416],[-1.661302,12.177173],[-1.66346,12.178213],[-1.665462,12.17952],[-1.667271,12.181071],[-1.668858,12.18284],[-1.670196,12.184796],[-1.67126,12.186906],[-1.672034,12.189134],[-1.672504,12.191442],[-1.672662,12.193789],[-1.672504,12.196137],[-1.672035,12.198445],[-1.671261,12.200673],[-1.670197,12.202783],[-1.66886,12.204739],[-1.667273,12.206508],[-1.665463,12.208059],[-1.663461,12.209367],[-1.661302,12.210407],[-1.659023,12.211164],[-1.656662,12.211623],[-1.65426,12.211776]]]},"properties":{"well_id":"GBF-R-084","label":"Tanghin-Dassouri well 084 \u2014 2 km catchment","commune":"Tanghin-Dassouri","province":"Kadiogo","region":"Centre","asset_type":"restored","year":"2019","funder":"[PENDING]","population_dependent":1500,"status_today":"NEVER_REPORTED","status_month6_illustrative":"NOT_REPORTED_SINCE","report_count_month6":7,"pump_type":"India Mark II","depth_m":"","coordinate_confidence":"ILLUSTRATIVE_COMMUNE_CENTROID_PLUS_JITTER","provenance":"ILLUSTRATIVE_STRUCTURE_ONLY","marker_state_today":"NEVER_REPORTED","marker_style":"dashed-outline-no-fill","catchment_km":2,"catchment_label":"2 km radius \u2014 approximate walking catchment","note":"Straight-line distance from an illustrative position. Actual walking distance is longer, and precise coordinates are pending from the country team."}},{"type":"Feature","geometry":{"type":"Polygon","coordinates":[[[-1.71341,12.325356],[-1.711007,12.325203],[-1.708645,12.324744],[-1.706365,12.323987],[-1.704205,12.322947],[-1.702202,12.321639],[-1.700392,12.320088],[-1.698804,12.318319],[-1.697466,12.316363],[-1.696401,12.314253],[-1.695627,12.312025],[-1.695158,12.309717],[-1.695,12.307369],[-1.695158,12.305022],[-1.695628,12.302714],[-1.696402,12.300486],[-1.697467,12.298376],[-1.698805,12.29642],[-1.700393,12.294651],[-1.702204,12.2931],[-1.704206,12.291793],[-1.706365,12.290753],[-1.708646,12.289996],[-1.711007,12.289537],[-1.71341,12.289384],[-1.715813,12.289537],[-1.718174,12.289996],[-1.720455,12.290753],[-1.722614,12.291793],[-1.724616,12.2931],[-1.726427,12.294651],[-1.728015,12.29642],[-1.729353,12.298376],[-1.730418,12.300486],[-1.731192,12.302714],[-1.731662,12.305022],[-1.73182,12.307369],[-1.731662,12.309717],[-1.731193,12.312025],[-1.730419,12.314253],[-1.729354,12.316363],[-1.728016,12.318319],[-1.726428,12.320088],[-1.724618,12.321639],[-1.722615,12.322947],[-1.720455,12.323987],[-1.718175,12.324744],[-1.715813,12.325203],[-1.71341,12.325356]]]},"properties":{"well_id":"GBF-R-085","label":"Tanghin-Dassouri well 085 \u2014 2 km catchment","commune":"Tanghin-Dassouri","province":"Kadiogo","region":"Centre","asset_type":"restored","year":"2022","funder":"[PENDING]","population_dependent":3000,"status_today":"NEVER_REPORTED","status_month6_illustrative":"NOT_REPORTED_SINCE","report_count_month6":21,"pump_type":"India Mark II","depth_m":"47","coordinate_confidence":"ILLUSTRATIVE_COMMUNE_CENTROID_PLUS_JITTER","provenance":"ILLUSTRATIVE_STRUCTURE_ONLY","marker_state_today":"NEVER_REPORTED","marker_style":"dashed-outline-no-fill","catchment_km":2,"catchment_label":"2 km radius \u2014 approximate walking catchment","note":"Straight-line distance from an illustrative position. Actual walking distance is longer, and precise coordinates are pending from the country team."}},{"type":"Feature","geometry":{"type":"Polygon","coordinates":[[[-2.07054,12.125826],[-2.068139,12.125673],[-2.065779,12.125214],[-2.0635,12.124457],[-2.061342,12.123417],[-2.059341,12.122109],[-2.057532,12.120558],[-2.055945,12.118789],[-2.054608,12.116833],[-2.053544,12.114723],[-2.052771,12.112495],[-2.052302,12.110187],[-2.052144,12.107839],[-2.052302,12.105492],[-2.052771,12.103184],[-2.053545,12.100956],[-2.054609,12.098846],[-2.055946,12.09689],[-2.057533,12.095121],[-2.059342,12.09357],[-2.061343,12.092263],[-2.063501,12.091223],[-2.065779,12.090466],[-2.068139,12.090007],[-2.07054,12.089854],[-2.072941,12.090007],[-2.075301,12.090466],[-2.077579,12.091223],[-2.079737,12.092263],[-2.081738,12.09357],[-2.083547,12.095121],[-2.085134,12.09689],[-2.086471,12.098846],[-2.087535,12.100956],[-2.088309,12.103184],[-2.088778,12.105492],[-2.088936,12.107839],[-2.088778,12.110187],[-2.088309,12.112495],[-2.087536,12.114723],[-2.086472,12.116833],[-2.085135,12.118789],[-2.083548,12.120558],[-2.081739,12.122109],[-2.079738,12.123417],[-2.07758,12.124457],[-2.075301,12.125214],[-2.072941,12.125673],[-2.07054,12.125826]]]},"properties":{"well_id":"GBF-R-086","label":"Kokologho well 086 \u2014 2 km catchment","commune":"Kokologho","province":"Boulkiemde","region":"Centre-Ouest","asset_type":"restored","year":"2023","funder":"Individual donors (Water Ball)","population_dependent":1800,"status_today":"NEVER_REPORTED","status_month6_illustrative":"WORKING","report_count_month6":24,"pump_type":"Vergnet HPV-60","depth_m":"41","coordinate_confidence":"ILLUSTRATIVE_COMMUNE_CENTROID_PLUS_JITTER","provenance":"ILLUSTRATIVE_STRUCTURE_ONLY","marker_state_today":"NEVER_REPORTED","marker_style":"dashed-outline-no-fill","catchment_km":2,"catchment_label":"2 km radius \u2014 approximate walking catchment","note":"Straight-line distance from an illustrative position. Actual walking distance is longer, and precise coordinates are pending from the country team."}},{"type":"Feature","geometry":{"type":"Polygon","coordinates":[[[-1.57458,12.199666],[-1.572178,12.199513],[-1.569817,12.199054],[-1.567538,12.198297],[-1.565379,12.197257],[-1.563378,12.195949],[-1.561568,12.194398],[-1.559981,12.192629],[-1.558644,12.190673],[-1.557579,12.188563],[-1.556806,12.186335],[-1.556337,12.184027],[-1.556179,12.181679],[-1.556337,12.179332],[-1.556807,12.177024],[-1.55758,12.174796],[-1.558645,12.172686],[-1.559982,12.17073],[-1.561569,12.168961],[-1.563379,12.16741],[-1.56538,12.166103],[-1.567539,12.165063],[-1.569818,12.164306],[-1.572178,12.163847],[-1.57458,12.163694],[-1.576982,12.163847],[-1.579342,12.164306],[-1.581621,12.165063],[-1.58378,12.166103],[-1.585781,12.16741],[-1.587591,12.168961],[-1.589178,12.17073],[-1.590515,12.172686],[-1.59158,12.174796],[-1.592353,12.177024],[-1.592823,12.179332],[-1.592981,12.181679],[-1.592823,12.184027],[-1.592354,12.186335],[-1.591581,12.188563],[-1.590516,12.190673],[-1.589179,12.192629],[-1.587592,12.194398],[-1.585782,12.195949],[-1.583781,12.197257],[-1.581622,12.198297],[-1.579343,12.199054],[-1.576982,12.199513],[-1.57458,12.199666]]]},"properties":{"well_id":"GBF-R-087","label":"Komsilga well 087 \u2014 2 km catchment","commune":"Komsilga","province":"Kadiogo","region":"Centre","asset_type":"restored","year":"2017","funder":"[PENDING]","population_dependent":410,"status_today":"NEVER_REPORTED","status_month6_illustrative":"NEVER_REPORTED","report_count_month6":0,"pump_type":"Vergnet HPV-60","depth_m":"52","coordinate_confidence":"ILLUSTRATIVE_COMMUNE_CENTROID_PLUS_JITTER","provenance":"ILLUSTRATIVE_STRUCTURE_ONLY","marker_state_today":"NEVER_REPORTED","marker_style":"dashed-outline-no-fill","catchment_km":2,"catchment_label":"2 km radius \u2014 approximate walking catchment","note":"Straight-line distance from an illustrative position. Actual walking distance is longer, and precise coordinates are pending from the country team."}},{"type":"Feature","geometry":{"type":"Polygon","coordinates":[[[-1.71283,12.281076],[-1.710427,12.280923],[-1.708066,12.280464],[-1.705786,12.279707],[-1.703626,12.278667],[-1.701624,12.277359],[-1.699814,12.275808],[-1.698227,12.274039],[-1.696889,12.272083],[-1.695824,12.269973],[-1.69505,12.267745],[-1.694581,12.265437],[-1.694424,12.263089],[-1.694581,12.260742],[-1.695051,12.258434],[-1.695825,12.256206],[-1.69689,12.254096],[-1.698228,12.25214],[-1.699815,12.250371],[-1.701625,12.24882],[-1.703627,12.247513],[-1.705787,12.246473],[-1.708066,12.245716],[-1.710428,12.245257],[-1.71283,12.245104],[-1.715232,12.245257],[-1.717594,12.245716],[-1.719873,12.246473],[-1.722033,12.247513],[-1.724035,12.24882],[-1.725845,12.250371],[-1.727432,12.25214],[-1.72877,12.254096],[-1.729835,12.256206],[-1.730609,12.258434],[-1.731079,12.260742],[-1.731236,12.263089],[-1.731079,12.265437],[-1.73061,12.267745],[-1.729836,12.269973],[-1.728771,12.272083],[-1.727433,12.274039],[-1.725846,12.275808],[-1.724036,12.277359],[-1.722034,12.278667],[-1.719874,12.279707],[-1.717594,12.280464],[-1.715233,12.280923],[-1.71283,12.281076]]]},"properties":{"well_id":"GBF-R-088","label":"Tanghin-Dassouri well 088 \u2014 2 km catchment","commune":"Tanghin-Dassouri","province":"Kadiogo","region":"Centre","asset_type":"restored","year":"2024","funder":"Individual donors (Water Ball)","population_dependent":500,"status_today":"NEVER_REPORTED","status_month6_illustrative":"NOT_REPORTED_SINCE","report_count_month6":29,"pump_type":"India Mark II","depth_m":"","coordinate_confidence":"ILLUSTRATIVE_COMMUNE_CENTROID_PLUS_JITTER","provenance":"ILLUSTRATIVE_STRUCTURE_ONLY","marker_state_today":"NEVER_REPORTED","marker_style":"dashed-outline-no-fill","catchment_km":2,"catchment_label":"2 km radius \u2014 approximate walking catchment","note":"Straight-line distance from an illustrative position. Actual walking distance is longer, and precise coordinates are pending from the country team."}},{"type":"Feature","geometry":{"type":"Polygon","coordinates":[[[-1.68233,11.518096],[-1.679934,11.517943],[-1.677579,11.517484],[-1.675305,11.516727],[-1.673152,11.515687],[-1.671156,11.514379],[-1.669351,11.512828],[-1.667767,11.511059],[-1.666434,11.509103],[-1.665372,11.506993],[-1.6646,11.504765],[-1.664132,11.502457],[-1.663975,11.500109],[-1.664132,11.497762],[-1.664601,11.495454],[-1.665373,11.493226],[-1.666435,11.491116],[-1.667769,11.48916],[-1.669352,11.487391],[-1.671157,11.48584],[-1.673153,11.484533],[-1.675306,11.483493],[-1.67758,11.482736],[-1.679934,11.482277],[-1.68233,11.482124],[-1.684726,11.482277],[-1.68708,11.482736],[-1.689354,11.483493],[-1.691507,11.484533],[-1.693503,11.48584],[-1.695308,11.487391],[-1.696891,11.48916],[-1.698225,11.491116],[-1.699287,11.493226],[-1.700059,11.495454],[-1.700528,11.497762],[-1.700685,11.500109],[-1.700528,11.502457],[-1.70006,11.504765],[-1.699288,11.506993],[-1.698226,11.509103],[-1.696893,11.511059],[-1.695309,11.512828],[-1.693504,11.514379],[-1.691508,11.515687],[-1.689355,11.516727],[-1.687081,11.517484],[-1.684726,11.517943],[-1.68233,11.518096]]]},"properties":{"well_id":"GBF-R-089","label":"Sapouy well 089 \u2014 2 km catchment","commune":"Sapouy","province":"Ziro","region":"Centre-Ouest","asset_type":"restored","year":"2020","funder":"Individual donors (Water Ball)","population_dependent":2600,"status_today":"NEVER_REPORTED","status_month6_illustrative":"WORKING","report_count_month6":34,"pump_type":"Volanta","depth_m":"58","coordinate_confidence":"ILLUSTRATIVE_COMMUNE_CENTROID_PLUS_JITTER","provenance":"ILLUSTRATIVE_STRUCTURE_ONLY","marker_state_today":"NEVER_REPORTED","marker_style":"dashed-outline-no-fill","catchment_km":2,"catchment_label":"2 km radius \u2014 approximate walking catchment","note":"Straight-line distance from an illustrative position. Actual walking distance is longer, and precise coordinates are pending from the country team."}},{"type":"Feature","geometry":{"type":"Polygon","coordinates":[[[-1.69462,12.229816],[-1.692218,12.229663],[-1.689857,12.229204],[-1.687577,12.228447],[-1.685418,12.227407],[-1.683416,12.226099],[-1.681607,12.224548],[-1.680019,12.222779],[-1.678682,12.220823],[-1.677618,12.218713],[-1.676844,12.216485],[-1.676374,12.214177],[-1.676217,12.211829],[-1.676375,12.209482],[-1.676845,12.207174],[-1.677618,12.204946],[-1.678683,12.202836],[-1.680021,12.20088],[-1.681608,12.199111],[-1.683418,12.19756],[-1.685419,12.196253],[-1.687578,12.195213],[-1.689857,12.194456],[-1.692218,12.193997],[-1.69462,12.193844],[-1.697022,12.193997],[-1.699383,12.194456],[-1.701662,12.195213],[-1.703821,12.196253],[-1.705822,12.19756],[-1.707632,12.199111],[-1.709219,12.20088],[-1.710557,12.202836],[-1.711622,12.204946],[-1.712395,12.207174],[-1.712865,12.209482],[-1.713023,12.211829],[-1.712866,12.214177],[-1.712396,12.216485],[-1.711622,12.218713],[-1.710558,12.220823],[-1.709221,12.222779],[-1.707633,12.224548],[-1.705824,12.226099],[-1.703822,12.227407],[-1.701663,12.228447],[-1.699383,12.229204],[-1.697022,12.229663],[-1.69462,12.229816]]]},"properties":{"well_id":"GBF-R-090","label":"Tanghin-Dassouri well 090 \u2014 2 km catchment","commune":"Tanghin-Dassouri","province":"Kadiogo","region":"Centre","asset_type":"restored","year":"2017","funder":"[PENDING]","population_dependent":1500,"status_today":"NEVER_REPORTED","status_month6_illustrative":"WORKING","report_count_month6":25,"pump_type":"India Mark II","depth_m":"34","coordinate_confidence":"ILLUSTRATIVE_COMMUNE_CENTROID_PLUS_JITTER","provenance":"ILLUSTRATIVE_STRUCTURE_ONLY","marker_state_today":"NEVER_REPORTED","marker_style":"dashed-outline-no-fill","catchment_km":2,"catchment_label":"2 km radius \u2014 approximate walking catchment","note":"Straight-line distance from an illustrative position. Actual walking distance is longer, and precise coordinates are pending from the country team."}},{"type":"Feature","geometry":{"type":"Polygon","coordinates":[[[-1.37723,12.250176],[-1.374828,12.250023],[-1.372466,12.249564],[-1.370187,12.248807],[-1.368027,12.247767],[-1.366026,12.246459],[-1.364216,12.244908],[-1.362628,12.243139],[-1.361291,12.241183],[-1.360226,12.239073],[-1.359453,12.236845],[-1.358983,12.234537],[-1.358826,12.232189],[-1.358983,12.229842],[-1.359453,12.227534],[-1.360227,12.225306],[-1.361292,12.223196],[-1.36263,12.22124],[-1.364217,12.219471],[-1.366027,12.21792],[-1.368028,12.216613],[-1.370187,12.215573],[-1.372467,12.214816],[-1.374828,12.214357],[-1.37723,12.214204],[-1.379632,12.214357],[-1.381993,12.214816],[-1.384273,12.215573],[-1.386432,12.216613],[-1.388433,12.21792],[-1.390243,12.219471],[-1.39183,12.22124],[-1.393168,12.223196],[-1.394233,12.225306],[-1.395007,12.227534],[-1.395477,12.229842],[-1.395634,12.232189],[-1.395477,12.234537],[-1.395007,12.236845],[-1.394234,12.239073],[-1.393169,12.241183],[-1.391832,12.243139],[-1.390244,12.244908],[-1.388434,12.246459],[-1.386433,12.247767],[-1.384273,12.248807],[-1.381994,12.249564],[-1.379632,12.250023],[-1.37723,12.250176]]]},"properties":{"well_id":"GBF-R-091","label":"Koubri well 091 \u2014 2 km catchment","commune":"Koubri","province":"Kadiogo","region":"Centre","asset_type":"restored","year":"2018","funder":"[PENDING]","population_dependent":3000,"status_today":"NEVER_REPORTED","status_month6_illustrative":"WORKING_DEGRADING","report_count_month6":34,"pump_type":"India Mark II","depth_m":"52","coordinate_confidence":"ILLUSTRATIVE_COMMUNE_CENTROID_PLUS_JITTER","provenance":"ILLUSTRATIVE_STRUCTURE_ONLY","marker_state_today":"NEVER_REPORTED","marker_style":"dashed-outline-no-fill","catchment_km":2,"catchment_label":"2 km radius \u2014 approximate walking catchment","note":"Straight-line distance from an illustrative position. Actual walking distance is longer, and precise coordinates are pending from the country team."}},{"type":"Feature","geometry":{"type":"Polygon","coordinates":[[[-1.32354,12.169846],[-1.321138,12.169693],[-1.318778,12.169234],[-1.316499,12.168477],[-1.31434,12.167437],[-1.312339,12.166129],[-1.31053,12.164578],[-1.308943,12.162809],[-1.307606,12.160853],[-1.306541,12.158743],[-1.305768,12.156515],[-1.305299,12.154207],[-1.305141,12.151859],[-1.305299,12.149512],[-1.305769,12.147204],[-1.306542,12.144976],[-1.307607,12.142866],[-1.308944,12.14091],[-1.310531,12.139141],[-1.31234,12.13759],[-1.314341,12.136283],[-1.3165,12.135243],[-1.318778,12.134486],[-1.321139,12.134027],[-1.32354,12.133874],[-1.325941,12.134027],[-1.328302,12.134486],[-1.33058,12.135243],[-1.332739,12.136283],[-1.33474,12.13759],[-1.336549,12.139141],[-1.338136,12.14091],[-1.339473,12.142866],[-1.340538,12.144976],[-1.341311,12.147204],[-1.341781,12.149512],[-1.341939,12.151859],[-1.341781,12.154207],[-1.341312,12.156515],[-1.340539,12.158743],[-1.339474,12.160853],[-1.338137,12.162809],[-1.33655,12.164578],[-1.334741,12.166129],[-1.33274,12.167437],[-1.330581,12.168477],[-1.328302,12.169234],[-1.325942,12.169693],[-1.32354,12.169846]]]},"properties":{"well_id":"GBF-R-092","label":"Koubri well 092 \u2014 2 km catchment","commune":"Koubri","province":"Kadiogo","region":"Centre","asset_type":"restored","year":"2023","funder":"[PENDING]","population_dependent":1500,"status_today":"NEVER_REPORTED","status_month6_illustrative":"NOT_REPORTED_SINCE","report_count_month6":13,"pump_type":"Vergnet HPV-60","depth_m":"34","coordinate_confidence":"ILLUSTRATIVE_COMMUNE_CENTROID_PLUS_JITTER","provenance":"ILLUSTRATIVE_STRUCTURE_ONLY","marker_state_today":"NEVER_REPORTED","marker_style":"dashed-outline-no-fill","catchment_km":2,"catchment_label":"2 km radius \u2014 approximate walking catchment","note":"Straight-line distance from an illustrative position. Actual walking distance is longer, and precise coordinates are pending from the country team."}},{"type":"Feature","geometry":{"type":"Polygon","coordinates":[[[-2.04928,12.218656],[-2.046878,12.218503],[-2.044517,12.218044],[-2.042237,12.217287],[-2.040078,12.216247],[-2.038077,12.214939],[-2.036267,12.213388],[-2.03468,12.211619],[-2.033343,12.209663],[-2.032278,12.207553],[-2.031505,12.205325],[-2.031035,12.203017],[-2.030878,12.200669],[-2.031036,12.198322],[-2.031505,12.196014],[-2.032279,12.193786],[-2.033344,12.191676],[-2.034681,12.18972],[-2.036268,12.187951],[-2.038078,12.1864],[-2.04008,12.185093],[-2.042238,12.184053],[-2.044518,12.183296],[-2.046878,12.182837],[-2.04928,12.182684],[-2.051682,12.182837],[-2.054042,12.183296],[-2.056322,12.184053],[-2.05848,12.185093],[-2.060482,12.1864],[-2.062292,12.187951],[-2.063879,12.18972],[-2.065216,12.191676],[-2.066281,12.193786],[-2.067055,12.196014],[-2.067524,12.198322],[-2.067682,12.200669],[-2.067525,12.203017],[-2.067055,12.205325],[-2.066282,12.207553],[-2.065217,12.209663],[-2.06388,12.211619],[-2.062293,12.213388],[-2.060483,12.214939],[-2.058482,12.216247],[-2.056323,12.217287],[-2.054043,12.218044],[-2.051682,12.218503],[-2.04928,12.218656]]]},"properties":{"well_id":"GBF-R-093","label":"Kokologho well 093 \u2014 2 km catchment","commune":"Kokologho","province":"Boulkiemde","region":"Centre-Ouest","asset_type":"restored","year":"2025","funder":"[PENDING]","population_dependent":500,"status_today":"NEVER_REPORTED","status_month6_illustrative":"WORKING","report_count_month6":36,"pump_type":"Volanta","depth_m":"63","coordinate_confidence":"ILLUSTRATIVE_COMMUNE_CENTROID_PLUS_JITTER","provenance":"ILLUSTRATIVE_STRUCTURE_ONLY","marker_state_today":"NEVER_REPORTED","marker_style":"dashed-outline-no-fill","catchment_km":2,"catchment_label":"2 km radius \u2014 approximate walking catchment","note":"Straight-line distance from an illustrative position. Actual walking distance is longer, and precise coordinates are pending from the country team."}},{"type":"Feature","geometry":{"type":"Polygon","coordinates":[[[-1.67686,12.185786],[-1.674458,12.185633],[-1.672097,12.185174],[-1.669818,12.184417],[-1.66766,12.183377],[-1.665658,12.182069],[-1.663849,12.180518],[-1.662262,12.178749],[-1.660925,12.176793],[-1.65986,12.174683],[-1.659087,12.172455],[-1.658617,12.170147],[-1.65846,12.167799],[-1.658618,12.165452],[-1.659087,12.163144],[-1.659861,12.160916],[-1.660926,12.158806],[-1.662263,12.15685],[-1.66385,12.155081],[-1.66566,12.15353],[-1.667661,12.152223],[-1.669819,12.151183],[-1.672098,12.150426],[-1.674459,12.149967],[-1.67686,12.149814],[-1.679261,12.149967],[-1.681622,12.150426],[-1.683901,12.151183],[-1.686059,12.152223],[-1.68806,12.15353],[-1.68987,12.155081],[-1.691457,12.15685],[-1.692794,12.158806],[-1.693859,12.160916],[-1.694633,12.163144],[-1.695102,12.165452],[-1.69526,12.167799],[-1.695103,12.170147],[-1.694633,12.172455],[-1.69386,12.174683],[-1.692795,12.176793],[-1.691458,12.178749],[-1.689871,12.180518],[-1.688062,12.182069],[-1.68606,12.183377],[-1.683902,12.184417],[-1.681623,12.185174],[-1.679262,12.185633],[-1.67686,12.185786]]]},"properties":{"well_id":"GBF-R-094","label":"Tanghin-Dassouri well 094 \u2014 2 km catchment","commune":"Tanghin-Dassouri","province":"Kadiogo","region":"Centre","asset_type":"restored","year":"2024","funder":"School partner network","population_dependent":800,"status_today":"NEVER_REPORTED","status_month6_illustrative":"WORKING","report_count_month6":7,"pump_type":"India Mark II","depth_m":"63","coordinate_confidence":"ILLUSTRATIVE_COMMUNE_CENTROID_PLUS_JITTER","provenance":"ILLUSTRATIVE_STRUCTURE_ONLY","marker_state_today":"NEVER_REPORTED","marker_style":"dashed-outline-no-fill","catchment_km":2,"catchment_label":"2 km radius \u2014 approximate walking catchment","note":"Straight-line distance from an illustrative position. Actual walking distance is longer, and precise coordinates are pending from the country team."}},{"type":"Feature","geometry":{"type":"Polygon","coordinates":[[[-1.37788,12.141836],[-1.375479,12.141683],[-1.373118,12.141224],[-1.370839,12.140467],[-1.368681,12.139427],[-1.36668,12.138119],[-1.364871,12.136568],[-1.363284,12.134799],[-1.361947,12.132843],[-1.360883,12.130733],[-1.36011,12.128505],[-1.35964,12.126197],[-1.359483,12.123849],[-1.359641,12.121502],[-1.36011,12.119194],[-1.360884,12.116966],[-1.361948,12.114856],[-1.363285,12.1129],[-1.364872,12.111131],[-1.366681,12.10958],[-1.368682,12.108273],[-1.37084,12.107233],[-1.373119,12.106476],[-1.375479,12.106017],[-1.37788,12.105864],[-1.380281,12.106017],[-1.382641,12.106476],[-1.38492,12.107233],[-1.387078,12.108273],[-1.389079,12.10958],[-1.390888,12.111131],[-1.392475,12.1129],[-1.393812,12.114856],[-1.394876,12.116966],[-1.39565,12.119194],[-1.396119,12.121502],[-1.396277,12.123849],[-1.39612,12.126197],[-1.39565,12.128505],[-1.394877,12.130733],[-1.393813,12.132843],[-1.392476,12.134799],[-1.390889,12.136568],[-1.38908,12.138119],[-1.387079,12.139427],[-1.384921,12.140467],[-1.382642,12.141224],[-1.380281,12.141683],[-1.37788,12.141836]]]},"properties":{"well_id":"GBF-R-095","label":"Koubri well 095 \u2014 2 km catchment","commune":"Koubri","province":"Kadiogo","region":"Centre","asset_type":"restored","year":"2023","funder":"School partner network","population_dependent":1800,"status_today":"NEVER_REPORTED","status_month6_illustrative":"NOT_REPORTED_SINCE","report_count_month6":20,"pump_type":"India Mark II","depth_m":"","coordinate_confidence":"ILLUSTRATIVE_COMMUNE_CENTROID_PLUS_JITTER","provenance":"ILLUSTRATIVE_STRUCTURE_ONLY","marker_state_today":"NEVER_REPORTED","marker_style":"dashed-outline-no-fill","catchment_km":2,"catchment_label":"2 km radius \u2014 approximate walking catchment","note":"Straight-line distance from an illustrative position. Actual walking distance is longer, and precise coordinates are pending from the country team."}},{"type":"Feature","geometry":{"type":"Polygon","coordinates":[[[-1.63403,12.539886],[-1.631625,12.539733],[-1.629261,12.539274],[-1.626979,12.538517],[-1.624817,12.537477],[-1.622813,12.536169],[-1.621001,12.534618],[-1.619412,12.532849],[-1.618073,12.530893],[-1.617007,12.528783],[-1.616233,12.526555],[-1.615763,12.524247],[-1.615605,12.521899],[-1.615763,12.519552],[-1.616233,12.517244],[-1.617008,12.515016],[-1.618074,12.512906],[-1.619413,12.51095],[-1.621002,12.509181],[-1.622814,12.50763],[-1.624818,12.506323],[-1.62698,12.505283],[-1.629262,12.504526],[-1.631625,12.504067],[-1.63403,12.503914],[-1.636435,12.504067],[-1.638798,12.504526],[-1.64108,12.505283],[-1.643242,12.506323],[-1.645246,12.50763],[-1.647058,12.509181],[-1.648647,12.51095],[-1.649986,12.512906],[-1.651052,12.515016],[-1.651827,12.517244],[-1.652297,12.519552],[-1.652455,12.521899],[-1.652297,12.524247],[-1.651827,12.526555],[-1.651053,12.528783],[-1.649987,12.530893],[-1.648648,12.532849],[-1.647059,12.534618],[-1.645247,12.536169],[-1.643243,12.537477],[-1.641081,12.538517],[-1.638799,12.539274],[-1.636435,12.539733],[-1.63403,12.539886]]]},"properties":{"well_id":"GBF-R-096","label":"Pabre well 096 \u2014 2 km catchment","commune":"Pabre","province":"Kadiogo","region":"Centre","asset_type":"restored","year":"2019","funder":"Newday Impact","population_dependent":2600,"status_today":"NEVER_REPORTED","status_month6_illustrative":"WORKING","report_count_month6":40,"pump_type":"Volanta","depth_m":"47","coordinate_confidence":"ILLUSTRATIVE_COMMUNE_CENTROID_PLUS_JITTER","provenance":"ILLUSTRATIVE_STRUCTURE_ONLY","marker_state_today":"NEVER_REPORTED","marker_style":"dashed-outline-no-fill","catchment_km":2,"catchment_label":"2 km radius \u2014 approximate walking catchment","note":"Straight-line distance from an illustrative position. Actual walking distance is longer, and precise coordinates are pending from the country team."}},{"type":"Feature","geometry":{"type":"Polygon","coordinates":[[[-1.71938,12.326406],[-1.716977,12.326253],[-1.714615,12.325794],[-1.712335,12.325037],[-1.710175,12.323997],[-1.708172,12.322689],[-1.706362,12.321138],[-1.704774,12.319369],[-1.703436,12.317413],[-1.702371,12.315303],[-1.701597,12.313075],[-1.701128,12.310767],[-1.70097,12.308419],[-1.701128,12.306072],[-1.701598,12.303764],[-1.702372,12.301536],[-1.703437,12.299426],[-1.704775,12.29747],[-1.706363,12.295701],[-1.708174,12.29415],[-1.710176,12.292843],[-1.712335,12.291803],[-1.714616,12.291046],[-1.716977,12.290587],[-1.71938,12.290434],[-1.721783,12.290587],[-1.724144,12.291046],[-1.726425,12.291803],[-1.728584,12.292843],[-1.730586,12.29415],[-1.732397,12.295701],[-1.733985,12.29747],[-1.735323,12.299426],[-1.736388,12.301536],[-1.737162,12.303764],[-1.737632,12.306072],[-1.73779,12.308419],[-1.737632,12.310767],[-1.737163,12.313075],[-1.736389,12.315303],[-1.735324,12.317413],[-1.733986,12.319369],[-1.732398,12.321138],[-1.730588,12.322689],[-1.728585,12.323997],[-1.726425,12.325037],[-1.724145,12.325794],[-1.721783,12.326253],[-1.71938,12.326406]]]},"properties":{"well_id":"GBF-R-097","label":"Tanghin-Dassouri well 097 \u2014 2 km catchment","commune":"Tanghin-Dassouri","province":"Kadiogo","region":"Centre","asset_type":"restored","year":"2017","funder":"[PENDING]","population_dependent":2600,"status_today":"NEVER_REPORTED","status_month6_illustrative":"BROKEN","report_count_month6":13,"pump_type":"Vergnet HPV-60","depth_m":"","coordinate_confidence":"ILLUSTRATIVE_COMMUNE_CENTROID_PLUS_JITTER","provenance":"ILLUSTRATIVE_STRUCTURE_ONLY","marker_state_today":"NEVER_REPORTED","marker_style":"dashed-outline-no-fill","catchment_km":2,"catchment_label":"2 km radius \u2014 approximate walking catchment","note":"Straight-line distance from an illustrative position. Actual walking distance is longer, and precise coordinates are pending from the country team."}},{"type":"Feature","geometry":{"type":"Polygon","coordinates":[[[-1.41812,12.062256],[-1.415719,12.062103],[-1.41336,12.061644],[-1.411082,12.060887],[-1.408924,12.059847],[-1.406923,12.058539],[-1.405115,12.056988],[-1.403529,12.055219],[-1.402192,12.053263],[-1.401128,12.051153],[-1.400355,12.048925],[-1.399886,12.046617],[-1.399729,12.044269],[-1.399886,12.041922],[-1.400356,12.039614],[-1.401129,12.037386],[-1.402193,12.035276],[-1.40353,12.03332],[-1.405116,12.031551],[-1.406925,12.03],[-1.408925,12.028693],[-1.411082,12.027653],[-1.41336,12.026896],[-1.41572,12.026437],[-1.41812,12.026284],[-1.42052,12.026437],[-1.42288,12.026896],[-1.425158,12.027653],[-1.427315,12.028693],[-1.429315,12.03],[-1.431124,12.031551],[-1.43271,12.03332],[-1.434047,12.035276],[-1.435111,12.037386],[-1.435884,12.039614],[-1.436354,12.041922],[-1.436511,12.044269],[-1.436354,12.046617],[-1.435885,12.048925],[-1.435112,12.051153],[-1.434048,12.053263],[-1.432711,12.055219],[-1.431125,12.056988],[-1.429317,12.058539],[-1.427316,12.059847],[-1.425158,12.060887],[-1.42288,12.061644],[-1.420521,12.062103],[-1.41812,12.062256]]]},"properties":{"well_id":"GBF-R-098","label":"Kombissiri well 098 \u2014 2 km catchment","commune":"Kombissiri","province":"Bazega","region":"Centre-Sud","asset_type":"restored","year":"2018","funder":"[PENDING]","population_dependent":950,"status_today":"NEVER_REPORTED","status_month6_illustrative":"WORKING","report_count_month6":13,"pump_type":"India Mark II","depth_m":"58","coordinate_confidence":"ILLUSTRATIVE_COMMUNE_CENTROID_PLUS_JITTER","provenance":"ILLUSTRATIVE_STRUCTURE_ONLY","marker_state_today":"NEVER_REPORTED","marker_style":"dashed-outline-no-fill","catchment_km":2,"catchment_label":"2 km radius \u2014 approximate walking catchment","note":"Straight-line distance from an illustrative position. Actual walking distance is longer, and precise coordinates are pending from the country team."}},{"type":"Feature","geometry":{"type":"Polygon","coordinates":[[[-1.3483,12.027246],[-1.3459,12.027093],[-1.34354,12.026634],[-1.341262,12.025877],[-1.339105,12.024837],[-1.337105,12.023529],[-1.335296,12.021978],[-1.333711,12.020209],[-1.332374,12.018253],[-1.33131,12.016143],[-1.330537,12.013915],[-1.330068,12.011607],[-1.329911,12.009259],[-1.330069,12.006912],[-1.330538,12.004604],[-1.331311,12.002376],[-1.332375,12.000266],[-1.333712,11.99831],[-1.335298,11.996541],[-1.337106,11.99499],[-1.339106,11.993683],[-1.341263,11.992643],[-1.343541,11.991886],[-1.3459,11.991427],[-1.3483,11.991274],[-1.3507,11.991427],[-1.353059,11.991886],[-1.355337,11.992643],[-1.357494,11.993683],[-1.359494,11.99499],[-1.361302,11.996541],[-1.362888,11.99831],[-1.364225,12.000266],[-1.365289,12.002376],[-1.366062,12.004604],[-1.366531,12.006912],[-1.366689,12.009259],[-1.366532,12.011607],[-1.366063,12.013915],[-1.36529,12.016143],[-1.364226,12.018253],[-1.362889,12.020209],[-1.361304,12.021978],[-1.359495,12.023529],[-1.357495,12.024837],[-1.355338,12.025877],[-1.35306,12.026634],[-1.3507,12.027093],[-1.3483,12.027246]]]},"properties":{"well_id":"GBF-R-099","label":"Kombissiri well 099 \u2014 2 km catchment","commune":"Kombissiri","province":"Bazega","region":"Centre-Sud","asset_type":"restored","year":"2020","funder":"[PENDING]","population_dependent":500,"status_today":"NEVER_REPORTED","status_month6_illustrative":"WORKING_DEGRADING","report_count_month6":40,"pump_type":"India Mark II","depth_m":"","coordinate_confidence":"ILLUSTRATIVE_COMMUNE_CENTROID_PLUS_JITTER","provenance":"ILLUSTRATIVE_STRUCTURE_ONLY","marker_state_today":"NEVER_REPORTED","marker_style":"dashed-outline-no-fill","catchment_km":2,"catchment_label":"2 km radius \u2014 approximate walking catchment","note":"Straight-line distance from an illustrative position. Actual walking distance is longer, and precise coordinates are pending from the country team."}},{"type":"Feature","geometry":{"type":"Polygon","coordinates":[[[-1.59953,12.176256],[-1.597128,12.176103],[-1.594768,12.175644],[-1.592489,12.174887],[-1.59033,12.173847],[-1.588329,12.172539],[-1.586519,12.170988],[-1.584932,12.169219],[-1.583595,12.167263],[-1.582531,12.165153],[-1.581757,12.162925],[-1.581288,12.160617],[-1.581131,12.158269],[-1.581288,12.155922],[-1.581758,12.153614],[-1.582532,12.151386],[-1.583596,12.149276],[-1.584934,12.14732],[-1.58652,12.145551],[-1.58833,12.144],[-1.590331,12.142693],[-1.592489,12.141653],[-1.594768,12.140896],[-1.597129,12.140437],[-1.59953,12.140284],[-1.601931,12.140437],[-1.604292,12.140896],[-1.606571,12.141653],[-1.608729,12.142693],[-1.61073,12.144],[-1.61254,12.145551],[-1.614126,12.14732],[-1.615464,12.149276],[-1.616528,12.151386],[-1.617302,12.153614],[-1.617772,12.155922],[-1.617929,12.158269],[-1.617772,12.160617],[-1.617303,12.162925],[-1.616529,12.165153],[-1.615465,12.167263],[-1.614128,12.169219],[-1.612541,12.170988],[-1.610731,12.172539],[-1.60873,12.173847],[-1.606571,12.174887],[-1.604292,12.175644],[-1.601932,12.176103],[-1.59953,12.176256]]]},"properties":{"well_id":"GBF-R-100","label":"Komsilga well 100 \u2014 2 km catchment","commune":"Komsilga","province":"Kadiogo","region":"Centre","asset_type":"restored","year":"2022","funder":"[PENDING]","population_dependent":800,"status_today":"NEVER_REPORTED","status_month6_illustrative":"BROKEN","report_count_month6":16,"pump_type":"India Mark II","depth_m":"34","coordinate_confidence":"ILLUSTRATIVE_COMMUNE_CENTROID_PLUS_JITTER","provenance":"ILLUSTRATIVE_STRUCTURE_ONLY","marker_state_today":"NEVER_REPORTED","marker_style":"dashed-outline-no-fill","catchment_km":2,"catchment_label":"2 km radius \u2014 approximate walking catchment","note":"Straight-line distance from an illustrative position. Actual walking distance is longer, and precise coordinates are pending from the country team."}},{"type":"Feature","geometry":{"type":"Polygon","coordinates":[[[-1.41556,12.060396],[-1.413159,12.060243],[-1.4108,12.059784],[-1.408522,12.059027],[-1.406364,12.057987],[-1.404364,12.056679],[-1.402555,12.055128],[-1.400969,12.053359],[-1.399632,12.051403],[-1.398568,12.049293],[-1.397795,12.047065],[-1.397326,12.044757],[-1.397169,12.042409],[-1.397326,12.040062],[-1.397796,12.037754],[-1.398569,12.035526],[-1.399633,12.033416],[-1.40097,12.03146],[-1.402556,12.029691],[-1.404365,12.02814],[-1.406365,12.026833],[-1.408522,12.025793],[-1.4108,12.025036],[-1.41316,12.024577],[-1.41556,12.024424],[-1.41796,12.024577],[-1.42032,12.025036],[-1.422598,12.025793],[-1.424755,12.026833],[-1.426755,12.02814],[-1.428564,12.029691],[-1.43015,12.03146],[-1.431487,12.033416],[-1.432551,12.035526],[-1.433324,12.037754],[-1.433794,12.040062],[-1.433951,12.042409],[-1.433794,12.044757],[-1.433325,12.047065],[-1.432552,12.049293],[-1.431488,12.051403],[-1.430151,12.053359],[-1.428565,12.055128],[-1.426756,12.056679],[-1.424756,12.057987],[-1.422598,12.059027],[-1.42032,12.059784],[-1.417961,12.060243],[-1.41556,12.060396]]]},"properties":{"well_id":"GBF-R-101","label":"Kombissiri well 101 \u2014 2 km catchment","commune":"Kombissiri","province":"Bazega","region":"Centre-Sud","asset_type":"restored","year":"2021","funder":"[PENDING]","population_dependent":500,"status_today":"NEVER_REPORTED","status_month6_illustrative":"WORKING","report_count_month6":12,"pump_type":"India Mark II","depth_m":"63","coordinate_confidence":"ILLUSTRATIVE_COMMUNE_CENTROID_PLUS_JITTER","provenance":"ILLUSTRATIVE_STRUCTURE_ONLY","marker_state_today":"NEVER_REPORTED","marker_style":"dashed-outline-no-fill","catchment_km":2,"catchment_label":"2 km radius \u2014 approximate walking catchment","note":"Straight-line distance from an illustrative position. Actual walking distance is longer, and precise coordinates are pending from the country team."}},{"type":"Feature","geometry":{"type":"Polygon","coordinates":[[[-1.88157,12.622576],[-1.879164,12.622423],[-1.876799,12.621964],[-1.874516,12.621207],[-1.872354,12.620167],[-1.87035,12.618859],[-1.868537,12.617308],[-1.866947,12.615539],[-1.865608,12.613583],[-1.864542,12.611473],[-1.863767,12.609245],[-1.863297,12.606937],[-1.863139,12.604589],[-1.863297,12.602242],[-1.863768,12.599934],[-1.864543,12.597706],[-1.865609,12.595596],[-1.866949,12.59364],[-1.868538,12.591871],[-1.870351,12.59032],[-1.872355,12.589013],[-1.874517,12.587973],[-1.8768,12.587216],[-1.879164,12.586757],[-1.88157,12.586604],[-1.883976,12.586757],[-1.88634,12.587216],[-1.888623,12.587973],[-1.890785,12.589013],[-1.892789,12.59032],[-1.894602,12.591871],[-1.896191,12.59364],[-1.897531,12.595596],[-1.898597,12.597706],[-1.899372,12.599934],[-1.899843,12.602242],[-1.900001,12.604589],[-1.899843,12.606937],[-1.899373,12.609245],[-1.898598,12.611473],[-1.897532,12.613583],[-1.896193,12.615539],[-1.894603,12.617308],[-1.89279,12.618859],[-1.890786,12.620167],[-1.888624,12.621207],[-1.886341,12.621964],[-1.883976,12.622423],[-1.88157,12.622576]]]},"properties":{"well_id":"GBF-R-102","label":"Bouss\u00e9 well 102 \u2014 2 km catchment","commune":"Bouss\u00e9","province":"Kourweogo","region":"Plateau-Central","asset_type":"restored","year":"2025","funder":"[PENDING]","population_dependent":320,"status_today":"NEVER_REPORTED","status_month6_illustrative":"BROKEN","report_count_month6":31,"pump_type":"Vergnet HPV-60","depth_m":"52","coordinate_confidence":"ILLUSTRATIVE_COMMUNE_CENTROID_PLUS_JITTER","provenance":"ILLUSTRATIVE_STRUCTURE_ONLY","marker_state_today":"NEVER_REPORTED","marker_style":"dashed-outline-no-fill","catchment_km":2,"catchment_label":"2 km radius \u2014 approximate walking catchment","note":"Straight-line distance from an illustrative position. Actual walking distance is longer, and precise coordinates are pending from the country team."}},{"type":"Feature","geometry":{"type":"Polygon","coordinates":[[[-1.63978,12.334206],[-1.637377,12.334053],[-1.635015,12.333594],[-1.632734,12.332837],[-1.630574,12.331797],[-1.628572,12.330489],[-1.626761,12.328938],[-1.625174,12.327169],[-1.623836,12.325213],[-1.622771,12.323103],[-1.621997,12.320875],[-1.621527,12.318567],[-1.62137,12.316219],[-1.621528,12.313872],[-1.621997,12.311564],[-1.622772,12.309336],[-1.623837,12.307226],[-1.625175,12.30527],[-1.626763,12.303501],[-1.628573,12.30195],[-1.630575,12.300643],[-1.632735,12.299603],[-1.635015,12.298846],[-1.637377,12.298387],[-1.63978,12.298234],[-1.642183,12.298387],[-1.644545,12.298846],[-1.646825,12.299603],[-1.648985,12.300643],[-1.650987,12.30195],[-1.652797,12.303501],[-1.654385,12.30527],[-1.655723,12.307226],[-1.656788,12.309336],[-1.657563,12.311564],[-1.658032,12.313872],[-1.65819,12.316219],[-1.658033,12.318567],[-1.657563,12.320875],[-1.656789,12.323103],[-1.655724,12.325213],[-1.654386,12.327169],[-1.652799,12.328938],[-1.650988,12.330489],[-1.648986,12.331797],[-1.646826,12.332837],[-1.644545,12.333594],[-1.642183,12.334053],[-1.63978,12.334206]]]},"properties":{"well_id":"GBF-R-103","label":"Tanghin-Dassouri well 103 \u2014 2 km catchment","commune":"Tanghin-Dassouri","province":"Kadiogo","region":"Centre","asset_type":"restored","year":"2019","funder":"Newday Impact","population_dependent":650,"status_today":"NEVER_REPORTED","status_month6_illustrative":"WORKING","report_count_month6":4,"pump_type":"Vergnet HPV-60","depth_m":"63","coordinate_confidence":"ILLUSTRATIVE_COMMUNE_CENTROID_PLUS_JITTER","provenance":"ILLUSTRATIVE_STRUCTURE_ONLY","marker_state_today":"NEVER_REPORTED","marker_style":"dashed-outline-no-fill","catchment_km":2,"catchment_label":"2 km radius \u2014 approximate walking catchment","note":"Straight-line distance from an illustrative position. Actual walking distance is longer, and precise coordinates are pending from the country team."}},{"type":"Feature","geometry":{"type":"Polygon","coordinates":[[[-1.65894,12.333776],[-1.656537,12.333623],[-1.654175,12.333164],[-1.651894,12.332407],[-1.649734,12.331367],[-1.647732,12.330059],[-1.645921,12.328508],[-1.644334,12.326739],[-1.642996,12.324783],[-1.641931,12.322673],[-1.641157,12.320445],[-1.640687,12.318137],[-1.64053,12.315789],[-1.640688,12.313442],[-1.641158,12.311134],[-1.641932,12.308906],[-1.642997,12.306796],[-1.644335,12.30484],[-1.645923,12.303071],[-1.647733,12.30152],[-1.649735,12.300213],[-1.651895,12.299173],[-1.654175,12.298416],[-1.656537,12.297957],[-1.65894,12.297804],[-1.661343,12.297957],[-1.663705,12.298416],[-1.665985,12.299173],[-1.668145,12.300213],[-1.670147,12.30152],[-1.671957,12.303071],[-1.673545,12.30484],[-1.674883,12.306796],[-1.675948,12.308906],[-1.676722,12.311134],[-1.677192,12.313442],[-1.67735,12.315789],[-1.677193,12.318137],[-1.676723,12.320445],[-1.675949,12.322673],[-1.674884,12.324783],[-1.673546,12.326739],[-1.671959,12.328508],[-1.670148,12.330059],[-1.668146,12.331367],[-1.665986,12.332407],[-1.663705,12.333164],[-1.661343,12.333623],[-1.65894,12.333776]]]},"properties":{"well_id":"GBF-R-104","label":"Tanghin-Dassouri well 104 \u2014 2 km catchment","commune":"Tanghin-Dassouri","province":"Kadiogo","region":"Centre","asset_type":"restored","year":"2022","funder":"[PENDING]","population_dependent":180,"status_today":"NEVER_REPORTED","status_month6_illustrative":"WORKING","report_count_month6":30,"pump_type":"Vergnet HPV-60","depth_m":"58","coordinate_confidence":"ILLUSTRATIVE_COMMUNE_CENTROID_PLUS_JITTER","provenance":"ILLUSTRATIVE_STRUCTURE_ONLY","marker_state_today":"NEVER_REPORTED","marker_style":"dashed-outline-no-fill","catchment_km":2,"catchment_label":"2 km radius \u2014 approximate walking catchment","note":"Straight-line distance from an illustrative position. Actual walking distance is longer, and precise coordinates are pending from the country team."}},{"type":"Feature","geometry":{"type":"Polygon","coordinates":[[[-1.66109,12.175896],[-1.658688,12.175743],[-1.656328,12.175284],[-1.654049,12.174527],[-1.65189,12.173487],[-1.649889,12.172179],[-1.648079,12.170628],[-1.646492,12.168859],[-1.645155,12.166903],[-1.644091,12.164793],[-1.643318,12.162565],[-1.642848,12.160257],[-1.642691,12.157909],[-1.642848,12.155562],[-1.643318,12.153254],[-1.644092,12.151026],[-1.645156,12.148916],[-1.646494,12.14696],[-1.64808,12.145191],[-1.64989,12.14364],[-1.651891,12.142333],[-1.654049,12.141293],[-1.656328,12.140536],[-1.658689,12.140077],[-1.66109,12.139924],[-1.663491,12.140077],[-1.665852,12.140536],[-1.668131,12.141293],[-1.670289,12.142333],[-1.67229,12.14364],[-1.6741,12.145191],[-1.675686,12.14696],[-1.677024,12.148916],[-1.678088,12.151026],[-1.678862,12.153254],[-1.679332,12.155562],[-1.679489,12.157909],[-1.679332,12.160257],[-1.678862,12.162565],[-1.678089,12.164793],[-1.677025,12.166903],[-1.675688,12.168859],[-1.674101,12.170628],[-1.672291,12.172179],[-1.67029,12.173487],[-1.668131,12.174527],[-1.665852,12.175284],[-1.663492,12.175743],[-1.66109,12.175896]]]},"properties":{"well_id":"GBF-R-105","label":"Komsilga well 105 \u2014 2 km catchment","commune":"Komsilga","province":"Kadiogo","region":"Centre","asset_type":"restored","year":"2020","funder":"School partner network","population_dependent":1800,"status_today":"NEVER_REPORTED","status_month6_illustrative":"WORKING","report_count_month6":36,"pump_type":"[PENDING]","depth_m":"","coordinate_confidence":"ILLUSTRATIVE_COMMUNE_CENTROID_PLUS_JITTER","provenance":"ILLUSTRATIVE_STRUCTURE_ONLY","marker_state_today":"NEVER_REPORTED","marker_style":"dashed-outline-no-fill","catchment_km":2,"catchment_label":"2 km radius \u2014 approximate walking catchment","note":"Straight-line distance from an illustrative position. Actual walking distance is longer, and precise coordinates are pending from the country team."}},{"type":"Feature","geometry":{"type":"Polygon","coordinates":[[[-1.63361,12.294296],[-1.631207,12.294143],[-1.628846,12.293684],[-1.626565,12.292927],[-1.624406,12.291887],[-1.622404,12.290579],[-1.620593,12.289028],[-1.619006,12.287259],[-1.617668,12.285303],[-1.616603,12.283193],[-1.61583,12.280965],[-1.61536,12.278657],[-1.615203,12.276309],[-1.61536,12.273962],[-1.61583,12.271654],[-1.616604,12.269426],[-1.617669,12.267316],[-1.619007,12.26536],[-1.620595,12.263591],[-1.622405,12.26204],[-1.624407,12.260733],[-1.626566,12.259693],[-1.628846,12.258936],[-1.631208,12.258477],[-1.63361,12.258324],[-1.636012,12.258477],[-1.638374,12.258936],[-1.640654,12.259693],[-1.642813,12.260733],[-1.644815,12.26204],[-1.646625,12.263591],[-1.648213,12.26536],[-1.649551,12.267316],[-1.650616,12.269426],[-1.65139,12.271654],[-1.65186,12.273962],[-1.652017,12.276309],[-1.65186,12.278657],[-1.65139,12.280965],[-1.650617,12.283193],[-1.649552,12.285303],[-1.648214,12.287259],[-1.646627,12.289028],[-1.644816,12.290579],[-1.642814,12.291887],[-1.640655,12.292927],[-1.638374,12.293684],[-1.636013,12.294143],[-1.63361,12.294296]]]},"properties":{"well_id":"GBF-R-106","label":"Komsilga well 106 \u2014 2 km catchment","commune":"Komsilga","province":"Kadiogo","region":"Centre","asset_type":"restored","year":"2018","funder":"[PENDING]","population_dependent":240,"status_today":"NEVER_REPORTED","status_month6_illustrative":"WORKING","report_count_month6":10,"pump_type":"Vergnet HPV-60","depth_m":"47","coordinate_confidence":"ILLUSTRATIVE_COMMUNE_CENTROID_PLUS_JITTER","provenance":"ILLUSTRATIVE_STRUCTURE_ONLY","marker_state_today":"NEVER_REPORTED","marker_style":"dashed-outline-no-fill","catchment_km":2,"catchment_label":"2 km radius \u2014 approximate walking catchment","note":"Straight-line distance from an illustrative position. Actual walking distance is longer, and precise coordinates are pending from the country team."}},{"type":"Feature","geometry":{"type":"Polygon","coordinates":[[[-1.84222,11.598156],[-1.839823,11.598003],[-1.837468,11.597544],[-1.835193,11.596787],[-1.833039,11.595747],[-1.831042,11.594439],[-1.829237,11.592888],[-1.827653,11.591119],[-1.826319,11.589163],[-1.825257,11.587053],[-1.824485,11.584825],[-1.824017,11.582517],[-1.82386,11.580169],[-1.824017,11.577822],[-1.824486,11.575514],[-1.825258,11.573286],[-1.82632,11.571176],[-1.827654,11.56922],[-1.829238,11.567451],[-1.831044,11.5659],[-1.83304,11.564593],[-1.835194,11.563553],[-1.837468,11.562796],[-1.839824,11.562337],[-1.84222,11.562184],[-1.844616,11.562337],[-1.846972,11.562796],[-1.849246,11.563553],[-1.8514,11.564593],[-1.853396,11.5659],[-1.855202,11.567451],[-1.856786,11.56922],[-1.85812,11.571176],[-1.859182,11.573286],[-1.859954,11.575514],[-1.860423,11.577822],[-1.86058,11.580169],[-1.860423,11.582517],[-1.859955,11.584825],[-1.859183,11.587053],[-1.858121,11.589163],[-1.856787,11.591119],[-1.855203,11.592888],[-1.853398,11.594439],[-1.851401,11.595747],[-1.849247,11.596787],[-1.846972,11.597544],[-1.844617,11.598003],[-1.84222,11.598156]]]},"properties":{"well_id":"GBF-R-107","label":"Sapouy well 107 \u2014 2 km catchment","commune":"Sapouy","province":"Ziro","region":"Centre-Ouest","asset_type":"restored","year":"2022","funder":"L'Oreal Fund for Women","population_dependent":2600,"status_today":"NEVER_REPORTED","status_month6_illustrative":"WORKING","report_count_month6":7,"pump_type":"India Mark II","depth_m":"","coordinate_confidence":"ILLUSTRATIVE_COMMUNE_CENTROID_PLUS_JITTER","provenance":"ILLUSTRATIVE_STRUCTURE_ONLY","marker_state_today":"NEVER_REPORTED","marker_style":"dashed-outline-no-fill","catchment_km":2,"catchment_label":"2 km radius \u2014 approximate walking catchment","note":"Straight-line distance from an illustrative position. Actual walking distance is longer, and precise coordinates are pending from the country team."}},{"type":"Feature","geometry":{"type":"Polygon","coordinates":[[[-1.96362,12.712496],[-1.961213,12.712343],[-1.958848,12.711884],[-1.956564,12.711127],[-1.954401,12.710087],[-1.952396,12.708779],[-1.950582,12.707228],[-1.948992,12.705459],[-1.947652,12.703503],[-1.946586,12.701393],[-1.945811,12.699165],[-1.94534,12.696857],[-1.945183,12.694509],[-1.945341,12.692162],[-1.945811,12.689854],[-1.946587,12.687626],[-1.947654,12.685516],[-1.948993,12.68356],[-1.950584,12.681791],[-1.952397,12.68024],[-1.954402,12.678933],[-1.956565,12.677893],[-1.958848,12.677136],[-1.961214,12.676677],[-1.96362,12.676524],[-1.966026,12.676677],[-1.968392,12.677136],[-1.970675,12.677893],[-1.972838,12.678933],[-1.974843,12.68024],[-1.976656,12.681791],[-1.978247,12.68356],[-1.979586,12.685516],[-1.980653,12.687626],[-1.981429,12.689854],[-1.981899,12.692162],[-1.982057,12.694509],[-1.9819,12.696857],[-1.981429,12.699165],[-1.980654,12.701393],[-1.979588,12.703503],[-1.978248,12.705459],[-1.976658,12.707228],[-1.974844,12.708779],[-1.972839,12.710087],[-1.970676,12.711127],[-1.968392,12.711884],[-1.966027,12.712343],[-1.96362,12.712496]]]},"properties":{"well_id":"GBF-R-108","label":"Bouss\u00e9 well 108 \u2014 2 km catchment","commune":"Bouss\u00e9","province":"Kourweogo","region":"Plateau-Central","asset_type":"restored","year":"2022","funder":"[PENDING]","population_dependent":320,"status_today":"NEVER_REPORTED","status_month6_illustrative":"WORKING","report_count_month6":4,"pump_type":"India Mark II","depth_m":"","coordinate_confidence":"ILLUSTRATIVE_COMMUNE_CENTROID_PLUS_JITTER","provenance":"ILLUSTRATIVE_STRUCTURE_ONLY","marker_state_today":"NEVER_REPORTED","marker_style":"dashed-outline-no-fill","catchment_km":2,"catchment_label":"2 km radius \u2014 approximate walking catchment","note":"Straight-line distance from an illustrative position. Actual walking distance is longer, and precise coordinates are pending from the country team."}},{"type":"Feature","geometry":{"type":"Polygon","coordinates":[[[-2.01302,12.206406],[-2.010618,12.206253],[-2.008257,12.205794],[-2.005978,12.205037],[-2.003819,12.203997],[-2.001817,12.202689],[-2.000008,12.201138],[-1.998421,12.199369],[-1.997084,12.197413],[-1.996019,12.195303],[-1.995245,12.193075],[-1.994776,12.190767],[-1.994619,12.188419],[-1.994776,12.186072],[-1.995246,12.183764],[-1.99602,12.181536],[-1.997085,12.179426],[-1.998422,12.17747],[-2.000009,12.175701],[-2.001819,12.17415],[-2.00382,12.172843],[-2.005979,12.171803],[-2.008258,12.171046],[-2.010618,12.170587],[-2.01302,12.170434],[-2.015422,12.170587],[-2.017782,12.171046],[-2.020061,12.171803],[-2.02222,12.172843],[-2.024221,12.17415],[-2.026031,12.175701],[-2.027618,12.17747],[-2.028955,12.179426],[-2.03002,12.181536],[-2.030794,12.183764],[-2.031264,12.186072],[-2.031421,12.188419],[-2.031264,12.190767],[-2.030795,12.193075],[-2.030021,12.195303],[-2.028956,12.197413],[-2.027619,12.199369],[-2.026032,12.201138],[-2.024223,12.202689],[-2.022221,12.203997],[-2.020062,12.205037],[-2.017783,12.205794],[-2.015422,12.206253],[-2.01302,12.206406]]]},"properties":{"well_id":"GBF-R-109","label":"Kokologho well 109 \u2014 2 km catchment","commune":"Kokologho","province":"Boulkiemde","region":"Centre-Ouest","asset_type":"restored","year":"2024","funder":"Newday Impact","population_dependent":650,"status_today":"NEVER_REPORTED","status_month6_illustrative":"NEVER_REPORTED","report_count_month6":0,"pump_type":"[PENDING]","depth_m":"41","coordinate_confidence":"ILLUSTRATIVE_COMMUNE_CENTROID_PLUS_JITTER","provenance":"ILLUSTRATIVE_STRUCTURE_ONLY","marker_state_today":"NEVER_REPORTED","marker_style":"dashed-outline-no-fill","catchment_km":2,"catchment_label":"2 km radius \u2014 approximate walking catchment","note":"Straight-line distance from an illustrative position. Actual walking distance is longer, and precise coordinates are pending from the country team."}},{"type":"Feature","geometry":{"type":"Polygon","coordinates":[[[-1.31861,12.241826],[-1.316208,12.241673],[-1.313846,12.241214],[-1.311567,12.240457],[-1.309408,12.239417],[-1.307406,12.238109],[-1.305596,12.236558],[-1.304009,12.234789],[-1.302671,12.232833],[-1.301607,12.230723],[-1.300833,12.228495],[-1.300364,12.226187],[-1.300206,12.223839],[-1.300364,12.221492],[-1.300834,12.219184],[-1.301608,12.216956],[-1.302672,12.214846],[-1.30401,12.21289],[-1.305597,12.211121],[-1.307407,12.20957],[-1.309409,12.208263],[-1.311568,12.207223],[-1.313847,12.206466],[-1.316208,12.206007],[-1.31861,12.205854],[-1.321012,12.206007],[-1.323373,12.206466],[-1.325652,12.207223],[-1.327811,12.208263],[-1.329813,12.20957],[-1.331623,12.211121],[-1.33321,12.21289],[-1.334548,12.214846],[-1.335612,12.216956],[-1.336386,12.219184],[-1.336856,12.221492],[-1.337014,12.223839],[-1.336856,12.226187],[-1.336387,12.228495],[-1.335613,12.230723],[-1.334549,12.232833],[-1.333211,12.234789],[-1.331624,12.236558],[-1.329814,12.238109],[-1.327812,12.239417],[-1.325653,12.240457],[-1.323374,12.241214],[-1.321012,12.241673],[-1.31861,12.241826]]]},"properties":{"well_id":"GBF-R-110","label":"Koubri well 110 \u2014 2 km catchment","commune":"Koubri","province":"Kadiogo","region":"Centre","asset_type":"restored","year":"2025","funder":"[PENDING]","population_dependent":320,"status_today":"NEVER_REPORTED","status_month6_illustrative":"WORKING","report_count_month6":25,"pump_type":"India Mark II","depth_m":"52","coordinate_confidence":"ILLUSTRATIVE_COMMUNE_CENTROID_PLUS_JITTER","provenance":"ILLUSTRATIVE_STRUCTURE_ONLY","marker_state_today":"NEVER_REPORTED","marker_style":"dashed-outline-no-fill","catchment_km":2,"catchment_label":"2 km radius \u2014 approximate walking catchment","note":"Straight-line distance from an illustrative position. Actual walking distance is longer, and precise coordinates are pending from the country team."}},{"type":"Feature","geometry":{"type":"Polygon","coordinates":[[[-1.77247,11.486346],[-1.770074,11.486193],[-1.76772,11.485734],[-1.765446,11.484977],[-1.763293,11.483937],[-1.761297,11.482629],[-1.759492,11.481078],[-1.757909,11.479309],[-1.756575,11.477353],[-1.755514,11.475243],[-1.754742,11.473015],[-1.754274,11.470707],[-1.754117,11.468359],[-1.754274,11.466012],[-1.754743,11.463704],[-1.755515,11.461476],[-1.756576,11.459366],[-1.75791,11.45741],[-1.759493,11.455641],[-1.761298,11.45409],[-1.763294,11.452783],[-1.765447,11.451743],[-1.76772,11.450986],[-1.770075,11.450527],[-1.77247,11.450374],[-1.774865,11.450527],[-1.77722,11.450986],[-1.779493,11.451743],[-1.781646,11.452783],[-1.783642,11.45409],[-1.785447,11.455641],[-1.78703,11.45741],[-1.788364,11.459366],[-1.789425,11.461476],[-1.790197,11.463704],[-1.790666,11.466012],[-1.790823,11.468359],[-1.790666,11.470707],[-1.790198,11.473015],[-1.789426,11.475243],[-1.788365,11.477353],[-1.787031,11.479309],[-1.785448,11.481078],[-1.783643,11.482629],[-1.781647,11.483937],[-1.779494,11.484977],[-1.77722,11.485734],[-1.774866,11.486193],[-1.77247,11.486346]]]},"properties":{"well_id":"GBF-R-111","label":"Sapouy well 111 \u2014 2 km catchment","commune":"Sapouy","province":"Ziro","region":"Centre-Ouest","asset_type":"restored","year":"2017","funder":"[PENDING]","population_dependent":950,"status_today":"NEVER_REPORTED","status_month6_illustrative":"WORKING","report_count_month6":20,"pump_type":"Vergnet HPV-60","depth_m":"58","coordinate_confidence":"ILLUSTRATIVE_COMMUNE_CENTROID_PLUS_JITTER","provenance":"ILLUSTRATIVE_STRUCTURE_ONLY","marker_state_today":"NEVER_REPORTED","marker_style":"dashed-outline-no-fill","catchment_km":2,"catchment_label":"2 km radius \u2014 approximate walking catchment","note":"Straight-line distance from an illustrative position. Actual walking distance is longer, and precise coordinates are pending from the country team."}},{"type":"Feature","geometry":{"type":"Polygon","coordinates":[[[-1.41027,12.427486],[-1.407866,12.427333],[-1.405503,12.426874],[-1.403222,12.426117],[-1.401061,12.425077],[-1.399058,12.423769],[-1.397247,12.422218],[-1.395658,12.420449],[-1.39432,12.418493],[-1.393255,12.416383],[-1.392481,12.414155],[-1.392011,12.411847],[-1.391853,12.409499],[-1.392011,12.407152],[-1.392481,12.404844],[-1.393256,12.402616],[-1.394321,12.400506],[-1.39566,12.39855],[-1.397248,12.396781],[-1.399059,12.39523],[-1.401062,12.393923],[-1.403223,12.392883],[-1.405504,12.392126],[-1.407866,12.391667],[-1.41027,12.391514],[-1.412674,12.391667],[-1.415036,12.392126],[-1.417317,12.392883],[-1.419478,12.393923],[-1.421481,12.39523],[-1.423292,12.396781],[-1.42488,12.39855],[-1.426219,12.400506],[-1.427284,12.402616],[-1.428059,12.404844],[-1.428529,12.407152],[-1.428687,12.409499],[-1.428529,12.411847],[-1.428059,12.414155],[-1.427285,12.416383],[-1.42622,12.418493],[-1.424882,12.420449],[-1.423293,12.422218],[-1.421482,12.423769],[-1.419479,12.425077],[-1.417318,12.426117],[-1.415037,12.426874],[-1.412674,12.427333],[-1.41027,12.427486]]]},"properties":{"well_id":"GBF-R-112","label":"Saaba well 112 \u2014 2 km catchment","commune":"Saaba","province":"Kadiogo","region":"Centre","asset_type":"restored","year":"2024","funder":"[PENDING]","population_dependent":240,"status_today":"NEVER_REPORTED","status_month6_illustrative":"BROKEN","report_count_month6":34,"pump_type":"[PENDING]","depth_m":"41","coordinate_confidence":"ILLUSTRATIVE_COMMUNE_CENTROID_PLUS_JITTER","provenance":"ILLUSTRATIVE_STRUCTURE_ONLY","marker_state_today":"NEVER_REPORTED","marker_style":"dashed-outline-no-fill","catchment_km":2,"catchment_label":"2 km radius \u2014 approximate walking catchment","note":"Straight-line distance from an illustrative position. Actual walking distance is longer, and precise coordinates are pending from the country team."}},{"type":"Feature","geometry":{"type":"Polygon","coordinates":[[[-1.4108,12.435026],[-1.408396,12.434873],[-1.406033,12.434414],[-1.403752,12.433657],[-1.401591,12.432617],[-1.399588,12.431309],[-1.397776,12.429758],[-1.396188,12.427989],[-1.39485,12.426033],[-1.393784,12.423923],[-1.39301,12.421695],[-1.39254,12.419387],[-1.392383,12.417039],[-1.39254,12.414692],[-1.393011,12.412384],[-1.393785,12.410156],[-1.394851,12.408046],[-1.396189,12.40609],[-1.397778,12.404321],[-1.399589,12.40277],[-1.401592,12.401463],[-1.403752,12.400423],[-1.406034,12.399666],[-1.408396,12.399207],[-1.4108,12.399054],[-1.413204,12.399207],[-1.415566,12.399666],[-1.417848,12.400423],[-1.420008,12.401463],[-1.422011,12.40277],[-1.423822,12.404321],[-1.425411,12.40609],[-1.426749,12.408046],[-1.427815,12.410156],[-1.428589,12.412384],[-1.42906,12.414692],[-1.429217,12.417039],[-1.42906,12.419387],[-1.42859,12.421695],[-1.427816,12.423923],[-1.42675,12.426033],[-1.425412,12.427989],[-1.423824,12.429758],[-1.422012,12.431309],[-1.420009,12.432617],[-1.417848,12.433657],[-1.415567,12.434414],[-1.413204,12.434873],[-1.4108,12.435026]]]},"properties":{"well_id":"GBF-R-113","label":"Saaba well 113 \u2014 2 km catchment","commune":"Saaba","province":"Kadiogo","region":"Centre","asset_type":"restored","year":"2019","funder":"School partner network","population_dependent":320,"status_today":"NEVER_REPORTED","status_month6_illustrative":"WORKING_DEGRADING","report_count_month6":30,"pump_type":"[PENDING]","depth_m":"47","coordinate_confidence":"ILLUSTRATIVE_COMMUNE_CENTROID_PLUS_JITTER","provenance":"ILLUSTRATIVE_STRUCTURE_ONLY","marker_state_today":"NEVER_REPORTED","marker_style":"dashed-outline-no-fill","catchment_km":2,"catchment_label":"2 km radius \u2014 approximate walking catchment","note":"Straight-line distance from an illustrative position. Actual walking distance is longer, and precise coordinates are pending from the country team."}},{"type":"Feature","geometry":{"type":"Polygon","coordinates":[[[-1.85448,12.665656],[-1.852074,12.665503],[-1.849709,12.665044],[-1.847425,12.664287],[-1.845263,12.663247],[-1.843258,12.661939],[-1.841445,12.660388],[-1.839855,12.658619],[-1.838515,12.656663],[-1.837449,12.654553],[-1.836674,12.652325],[-1.836204,12.650017],[-1.836046,12.647669],[-1.836204,12.645322],[-1.836675,12.643014],[-1.83745,12.640786],[-1.838516,12.638676],[-1.839856,12.63672],[-1.841446,12.634951],[-1.843259,12.6334],[-1.845264,12.632093],[-1.847426,12.631053],[-1.849709,12.630296],[-1.852074,12.629837],[-1.85448,12.629684],[-1.856886,12.629837],[-1.859251,12.630296],[-1.861534,12.631053],[-1.863696,12.632093],[-1.865701,12.6334],[-1.867514,12.634951],[-1.869104,12.63672],[-1.870444,12.638676],[-1.87151,12.640786],[-1.872285,12.643014],[-1.872756,12.645322],[-1.872914,12.647669],[-1.872756,12.650017],[-1.872286,12.652325],[-1.871511,12.654553],[-1.870445,12.656663],[-1.869105,12.658619],[-1.867515,12.660388],[-1.865702,12.661939],[-1.863697,12.663247],[-1.861535,12.664287],[-1.859251,12.665044],[-1.856886,12.665503],[-1.85448,12.665656]]]},"properties":{"well_id":"GBF-R-114","label":"Bouss\u00e9 well 114 \u2014 2 km catchment","commune":"Bouss\u00e9","province":"Kourweogo","region":"Plateau-Central","asset_type":"restored","year":"2017","funder":"[PENDING]","population_dependent":1500,"status_today":"NEVER_REPORTED","status_month6_illustrative":"WORKING","report_count_month6":28,"pump_type":"India Mark II","depth_m":"41","coordinate_confidence":"ILLUSTRATIVE_COMMUNE_CENTROID_PLUS_JITTER","provenance":"ILLUSTRATIVE_STRUCTURE_ONLY","marker_state_today":"NEVER_REPORTED","marker_style":"dashed-outline-no-fill","catchment_km":2,"catchment_label":"2 km radius \u2014 approximate walking catchment","note":"Straight-line distance from an illustrative position. Actual walking distance is longer, and precise coordinates are pending from the country team."}},{"type":"Feature","geometry":{"type":"Polygon","coordinates":[[[-1.97951,12.213586],[-1.977108,12.213433],[-1.974747,12.212974],[-1.972468,12.212217],[-1.970309,12.211177],[-1.968307,12.209869],[-1.966497,12.208318],[-1.96491,12.206549],[-1.963573,12.204593],[-1.962509,12.202483],[-1.961735,12.200255],[-1.961266,12.197947],[-1.961108,12.195599],[-1.961266,12.193252],[-1.961736,12.190944],[-1.962509,12.188716],[-1.963574,12.186606],[-1.964912,12.18465],[-1.966499,12.182881],[-1.968308,12.18133],[-1.97031,12.180023],[-1.972468,12.178983],[-1.974748,12.178226],[-1.977108,12.177767],[-1.97951,12.177614],[-1.981912,12.177767],[-1.984272,12.178226],[-1.986552,12.178983],[-1.98871,12.180023],[-1.990712,12.18133],[-1.992521,12.182881],[-1.994108,12.18465],[-1.995446,12.186606],[-1.996511,12.188716],[-1.997284,12.190944],[-1.997754,12.193252],[-1.997912,12.195599],[-1.997754,12.197947],[-1.997285,12.200255],[-1.996511,12.202483],[-1.995447,12.204593],[-1.99411,12.206549],[-1.992523,12.208318],[-1.990713,12.209869],[-1.988711,12.211177],[-1.986552,12.212217],[-1.984273,12.212974],[-1.981912,12.213433],[-1.97951,12.213586]]]},"properties":{"well_id":"GBF-R-115","label":"Kokologho well 115 \u2014 2 km catchment","commune":"Kokologho","province":"Boulkiemde","region":"Centre-Ouest","asset_type":"restored","year":"2018","funder":"School partner network","population_dependent":650,"status_today":"NEVER_REPORTED","status_month6_illustrative":"BROKEN","report_count_month6":23,"pump_type":"India Mark II","depth_m":"34","coordinate_confidence":"ILLUSTRATIVE_COMMUNE_CENTROID_PLUS_JITTER","provenance":"ILLUSTRATIVE_STRUCTURE_ONLY","marker_state_today":"NEVER_REPORTED","marker_style":"dashed-outline-no-fill","catchment_km":2,"catchment_label":"2 km radius \u2014 approximate walking catchment","note":"Straight-line distance from an illustrative position. Actual walking distance is longer, and precise coordinates are pending from the country team."}},{"type":"Feature","geometry":{"type":"Polygon","coordinates":[[[-1.97558,12.171326],[-1.973178,12.171173],[-1.970818,12.170714],[-1.968539,12.169957],[-1.96638,12.168917],[-1.964379,12.167609],[-1.962569,12.166058],[-1.960983,12.164289],[-1.959646,12.162333],[-1.958581,12.160223],[-1.957808,12.157995],[-1.957338,12.155687],[-1.957181,12.153339],[-1.957339,12.150992],[-1.957808,12.148684],[-1.958582,12.146456],[-1.959647,12.144346],[-1.960984,12.14239],[-1.962571,12.140621],[-1.96438,12.13907],[-1.966381,12.137763],[-1.96854,12.136723],[-1.970818,12.135966],[-1.973179,12.135507],[-1.97558,12.135354],[-1.977981,12.135507],[-1.980342,12.135966],[-1.98262,12.136723],[-1.984779,12.137763],[-1.98678,12.13907],[-1.988589,12.140621],[-1.990176,12.14239],[-1.991513,12.144346],[-1.992578,12.146456],[-1.993352,12.148684],[-1.993821,12.150992],[-1.993979,12.153339],[-1.993822,12.155687],[-1.993352,12.157995],[-1.992579,12.160223],[-1.991514,12.162333],[-1.990177,12.164289],[-1.988591,12.166058],[-1.986781,12.167609],[-1.98478,12.168917],[-1.982621,12.169957],[-1.980342,12.170714],[-1.977982,12.171173],[-1.97558,12.171326]]]},"properties":{"well_id":"GBF-R-116","label":"Kokologho well 116 \u2014 2 km catchment","commune":"Kokologho","province":"Boulkiemde","region":"Centre-Ouest","asset_type":"restored","year":"2018","funder":"[PENDING]","population_dependent":1800,"status_today":"NEVER_REPORTED","status_month6_illustrative":"WORKING","report_count_month6":28,"pump_type":"India Mark II","depth_m":"58","coordinate_confidence":"ILLUSTRATIVE_COMMUNE_CENTROID_PLUS_JITTER","provenance":"ILLUSTRATIVE_STRUCTURE_ONLY","marker_state_today":"NEVER_REPORTED","marker_style":"dashed-outline-no-fill","catchment_km":2,"catchment_label":"2 km radius \u2014 approximate walking catchment","note":"Straight-line distance from an illustrative position. Actual walking distance is longer, and precise coordinates are pending from the country team."}},{"type":"Feature","geometry":{"type":"Polygon","coordinates":[[[-1.75381,11.621916],[-1.751413,11.621763],[-1.749057,11.621304],[-1.746783,11.620547],[-1.744629,11.619507],[-1.742632,11.618199],[-1.740826,11.616648],[-1.739242,11.614879],[-1.737908,11.612923],[-1.736846,11.610813],[-1.736074,11.608585],[-1.735605,11.606277],[-1.735448,11.603929],[-1.735606,11.601582],[-1.736074,11.599274],[-1.736846,11.597046],[-1.737909,11.594936],[-1.739243,11.59298],[-1.740827,11.591211],[-1.742633,11.58966],[-1.74463,11.588353],[-1.746784,11.587313],[-1.749058,11.586556],[-1.751413,11.586097],[-1.75381,11.585944],[-1.756207,11.586097],[-1.758562,11.586556],[-1.760836,11.587313],[-1.76299,11.588353],[-1.764987,11.58966],[-1.766793,11.591211],[-1.768377,11.59298],[-1.769711,11.594936],[-1.770774,11.597046],[-1.771546,11.599274],[-1.772014,11.601582],[-1.772172,11.603929],[-1.772015,11.606277],[-1.771546,11.608585],[-1.770774,11.610813],[-1.769712,11.612923],[-1.768378,11.614879],[-1.766794,11.616648],[-1.764988,11.618199],[-1.762991,11.619507],[-1.760837,11.620547],[-1.758563,11.621304],[-1.756207,11.621763],[-1.75381,11.621916]]]},"properties":{"well_id":"GBF-R-117","label":"Sapouy well 117 \u2014 2 km catchment","commune":"Sapouy","province":"Ziro","region":"Centre-Ouest","asset_type":"restored","year":"2022","funder":"[PENDING]","population_dependent":2200,"status_today":"NEVER_REPORTED","status_month6_illustrative":"NOT_REPORTED_SINCE","report_count_month6":3,"pump_type":"[PENDING]","depth_m":"52","coordinate_confidence":"ILLUSTRATIVE_COMMUNE_CENTROID_PLUS_JITTER","provenance":"ILLUSTRATIVE_STRUCTURE_ONLY","marker_state_today":"NEVER_REPORTED","marker_style":"dashed-outline-no-fill","catchment_km":2,"catchment_label":"2 km radius \u2014 approximate walking catchment","note":"Straight-line distance from an illustrative position. Actual walking distance is longer, and precise coordinates are pending from the country team."}},{"type":"Feature","geometry":{"type":"Polygon","coordinates":[[[-1.47522,11.962526],[-1.47282,11.962373],[-1.470461,11.961914],[-1.468184,11.961157],[-1.466027,11.960117],[-1.464028,11.958809],[-1.46222,11.957258],[-1.460634,11.955489],[-1.459298,11.953533],[-1.458235,11.951423],[-1.457462,11.949195],[-1.456993,11.946887],[-1.456836,11.944539],[-1.456993,11.942192],[-1.457462,11.939884],[-1.458235,11.937656],[-1.459299,11.935546],[-1.460635,11.93359],[-1.462221,11.931821],[-1.464029,11.93027],[-1.466028,11.928963],[-1.468185,11.927923],[-1.470462,11.927166],[-1.472821,11.926707],[-1.47522,11.926554],[-1.477619,11.926707],[-1.479978,11.927166],[-1.482255,11.927923],[-1.484412,11.928963],[-1.486411,11.93027],[-1.488219,11.931821],[-1.489805,11.93359],[-1.491141,11.935546],[-1.492205,11.937656],[-1.492978,11.939884],[-1.493447,11.942192],[-1.493604,11.944539],[-1.493447,11.946887],[-1.492978,11.949195],[-1.492205,11.951423],[-1.491142,11.953533],[-1.489806,11.955489],[-1.48822,11.957258],[-1.486412,11.958809],[-1.484413,11.960117],[-1.482256,11.961157],[-1.479979,11.961914],[-1.47762,11.962373],[-1.47522,11.962526]]]},"properties":{"well_id":"GBF-R-118","label":"Doulougou well 118 \u2014 2 km catchment","commune":"Doulougou","province":"Bazega","region":"Centre-Sud","asset_type":"restored","year":"2022","funder":"School partner network","population_dependent":3000,"status_today":"NEVER_REPORTED","status_month6_illustrative":"NEVER_REPORTED","report_count_month6":0,"pump_type":"India Mark II","depth_m":"58","coordinate_confidence":"ILLUSTRATIVE_COMMUNE_CENTROID_PLUS_JITTER","provenance":"ILLUSTRATIVE_STRUCTURE_ONLY","marker_state_today":"NEVER_REPORTED","marker_style":"dashed-outline-no-fill","catchment_km":2,"catchment_label":"2 km radius \u2014 approximate walking catchment","note":"Straight-line distance from an illustrative position. Actual walking distance is longer, and precise coordinates are pending from the country team."}},{"type":"Feature","geometry":{"type":"Polygon","coordinates":[[[-2.04332,12.273796],[-2.040917,12.273643],[-2.038556,12.273184],[-2.036276,12.272427],[-2.034117,12.271387],[-2.032115,12.270079],[-2.030304,12.268528],[-2.028717,12.266759],[-2.027379,12.264803],[-2.026315,12.262693],[-2.025541,12.260465],[-2.025071,12.258157],[-2.024914,12.255809],[-2.025072,12.253462],[-2.025542,12.251154],[-2.026316,12.248926],[-2.027381,12.246816],[-2.028718,12.24486],[-2.030306,12.243091],[-2.032116,12.24154],[-2.034118,12.240233],[-2.036277,12.239193],[-2.038557,12.238436],[-2.040918,12.237977],[-2.04332,12.237824],[-2.045722,12.237977],[-2.048083,12.238436],[-2.050363,12.239193],[-2.052522,12.240233],[-2.054524,12.24154],[-2.056334,12.243091],[-2.057922,12.24486],[-2.059259,12.246816],[-2.060324,12.248926],[-2.061098,12.251154],[-2.061568,12.253462],[-2.061726,12.255809],[-2.061569,12.258157],[-2.061099,12.260465],[-2.060325,12.262693],[-2.059261,12.264803],[-2.057923,12.266759],[-2.056336,12.268528],[-2.054525,12.270079],[-2.052523,12.271387],[-2.050364,12.272427],[-2.048084,12.273184],[-2.045723,12.273643],[-2.04332,12.273796]]]},"properties":{"well_id":"GBF-R-119","label":"Kokologho well 119 \u2014 2 km catchment","commune":"Kokologho","province":"Boulkiemde","region":"Centre-Ouest","asset_type":"restored","year":"2021","funder":"Newday Impact","population_dependent":1500,"status_today":"NEVER_REPORTED","status_month6_illustrative":"WORKING","report_count_month6":26,"pump_type":"[PENDING]","depth_m":"58","coordinate_confidence":"ILLUSTRATIVE_COMMUNE_CENTROID_PLUS_JITTER","provenance":"ILLUSTRATIVE_STRUCTURE_ONLY","marker_state_today":"NEVER_REPORTED","marker_style":"dashed-outline-no-fill","catchment_km":2,"catchment_label":"2 km radius \u2014 approximate walking catchment","note":"Straight-line distance from an illustrative position. Actual walking distance is longer, and precise coordinates are pending from the country team."}},{"type":"Feature","geometry":{"type":"Polygon","coordinates":[[[-1.62752,12.181056],[-1.625118,12.180903],[-1.622758,12.180444],[-1.620478,12.179687],[-1.61832,12.178647],[-1.616319,12.177339],[-1.614509,12.175788],[-1.612922,12.174019],[-1.611585,12.172063],[-1.610521,12.169953],[-1.609747,12.167725],[-1.609278,12.165417],[-1.609121,12.163069],[-1.609278,12.160722],[-1.609748,12.158414],[-1.610522,12.156186],[-1.611586,12.154076],[-1.612923,12.15212],[-1.61451,12.150351],[-1.61632,12.1488],[-1.618321,12.147493],[-1.620479,12.146453],[-1.622758,12.145696],[-1.625119,12.145237],[-1.62752,12.145084],[-1.629921,12.145237],[-1.632282,12.145696],[-1.634561,12.146453],[-1.636719,12.147493],[-1.63872,12.1488],[-1.64053,12.150351],[-1.642117,12.15212],[-1.643454,12.154076],[-1.644518,12.156186],[-1.645292,12.158414],[-1.645762,12.160722],[-1.645919,12.163069],[-1.645762,12.165417],[-1.645293,12.167725],[-1.644519,12.169953],[-1.643455,12.172063],[-1.642118,12.174019],[-1.640531,12.175788],[-1.638721,12.177339],[-1.63672,12.178647],[-1.634562,12.179687],[-1.632282,12.180444],[-1.629922,12.180903],[-1.62752,12.181056]]]},"properties":{"well_id":"GBF-R-120","label":"Komsilga well 120 \u2014 2 km catchment","commune":"Komsilga","province":"Kadiogo","region":"Centre","asset_type":"restored","year":"2020","funder":"Individual donors (Water Ball)","population_dependent":320,"status_today":"NEVER_REPORTED","status_month6_illustrative":"WORKING","report_count_month6":36,"pump_type":"India Mark II","depth_m":"34","coordinate_confidence":"ILLUSTRATIVE_COMMUNE_CENTROID_PLUS_JITTER","provenance":"ILLUSTRATIVE_STRUCTURE_ONLY","marker_state_today":"NEVER_REPORTED","marker_style":"dashed-outline-no-fill","catchment_km":2,"catchment_label":"2 km radius \u2014 approximate walking catchment","note":"Straight-line distance from an illustrative position. Actual walking distance is longer, and precise coordinates are pending from the country team."}},{"type":"Feature","geometry":{"type":"Polygon","coordinates":[[[-1.35702,12.124166],[-1.354619,12.124013],[-1.352259,12.123554],[-1.34998,12.122797],[-1.347822,12.121757],[-1.345821,12.120449],[-1.344012,12.118898],[-1.342425,12.117129],[-1.341088,12.115173],[-1.340024,12.113063],[-1.339251,12.110835],[-1.338782,12.108527],[-1.338624,12.106179],[-1.338782,12.103832],[-1.339252,12.101524],[-1.340025,12.099296],[-1.34109,12.097186],[-1.342426,12.09523],[-1.344013,12.093461],[-1.345822,12.09191],[-1.347823,12.090603],[-1.349981,12.089563],[-1.352259,12.088806],[-1.354619,12.088347],[-1.35702,12.088194],[-1.359421,12.088347],[-1.361781,12.088806],[-1.364059,12.089563],[-1.366217,12.090603],[-1.368218,12.09191],[-1.370027,12.093461],[-1.371614,12.09523],[-1.37295,12.097186],[-1.374015,12.099296],[-1.374788,12.101524],[-1.375258,12.103832],[-1.375416,12.106179],[-1.375258,12.108527],[-1.374789,12.110835],[-1.374016,12.113063],[-1.372952,12.115173],[-1.371615,12.117129],[-1.370028,12.118898],[-1.368219,12.120449],[-1.366218,12.121757],[-1.36406,12.122797],[-1.361781,12.123554],[-1.359421,12.124013],[-1.35702,12.124166]]]},"properties":{"well_id":"GBF-R-121","label":"Kombissiri well 121 \u2014 2 km catchment","commune":"Kombissiri","province":"Bazega","region":"Centre-Sud","asset_type":"restored","year":"2024","funder":"[PENDING]","population_dependent":1500,"status_today":"NEVER_REPORTED","status_month6_illustrative":"WORKING","report_count_month6":14,"pump_type":"India Mark II","depth_m":"47","coordinate_confidence":"ILLUSTRATIVE_COMMUNE_CENTROID_PLUS_JITTER","provenance":"ILLUSTRATIVE_STRUCTURE_ONLY","marker_state_today":"NEVER_REPORTED","marker_style":"dashed-outline-no-fill","catchment_km":2,"catchment_label":"2 km radius \u2014 approximate walking catchment","note":"Straight-line distance from an illustrative position. Actual walking distance is longer, and precise coordinates are pending from the country team."}},{"type":"Feature","geometry":{"type":"Polygon","coordinates":[[[-1.65893,12.205706],[-1.656528,12.205553],[-1.654167,12.205094],[-1.651888,12.204337],[-1.649729,12.203297],[-1.647727,12.201989],[-1.645918,12.200438],[-1.644331,12.198669],[-1.642994,12.196713],[-1.641929,12.194603],[-1.641156,12.192375],[-1.640686,12.190067],[-1.640529,12.187719],[-1.640686,12.185372],[-1.641156,12.183064],[-1.64193,12.180836],[-1.642995,12.178726],[-1.644332,12.17677],[-1.645919,12.175001],[-1.647729,12.17345],[-1.64973,12.172143],[-1.651889,12.171103],[-1.654168,12.170346],[-1.656528,12.169887],[-1.65893,12.169734],[-1.661332,12.169887],[-1.663692,12.170346],[-1.665971,12.171103],[-1.66813,12.172143],[-1.670131,12.17345],[-1.671941,12.175001],[-1.673528,12.17677],[-1.674865,12.178726],[-1.67593,12.180836],[-1.676704,12.183064],[-1.677174,12.185372],[-1.677331,12.187719],[-1.677174,12.190067],[-1.676704,12.192375],[-1.675931,12.194603],[-1.674866,12.196713],[-1.673529,12.198669],[-1.671942,12.200438],[-1.670133,12.201989],[-1.668131,12.203297],[-1.665972,12.204337],[-1.663693,12.205094],[-1.661332,12.205553],[-1.65893,12.205706]]]},"properties":{"well_id":"GBF-R-122","label":"Komsilga well 122 \u2014 2 km catchment","commune":"Komsilga","province":"Kadiogo","region":"Centre","asset_type":"restored","year":"2023","funder":"[PENDING]","population_dependent":1800,"status_today":"NEVER_REPORTED","status_month6_illustrative":"WORKING","report_count_month6":6,"pump_type":"Vergnet HPV-60","depth_m":"34","coordinate_confidence":"ILLUSTRATIVE_COMMUNE_CENTROID_PLUS_JITTER","provenance":"ILLUSTRATIVE_STRUCTURE_ONLY","marker_state_today":"NEVER_REPORTED","marker_style":"dashed-outline-no-fill","catchment_km":2,"catchment_label":"2 km radius \u2014 approximate walking catchment","note":"Straight-line distance from an illustrative position. Actual walking distance is longer, and precise coordinates are pending from the country team."}},{"type":"Feature","geometry":{"type":"Polygon","coordinates":[[[-1.7513,12.351146],[-1.748897,12.350993],[-1.746534,12.350534],[-1.744254,12.349777],[-1.742094,12.348737],[-1.740091,12.347429],[-1.738281,12.345878],[-1.736693,12.344109],[-1.735355,12.342153],[-1.73429,12.340043],[-1.733516,12.337815],[-1.733046,12.335507],[-1.732889,12.333159],[-1.733046,12.330812],[-1.733516,12.328504],[-1.734291,12.326276],[-1.735356,12.324166],[-1.736694,12.32221],[-1.738282,12.320441],[-1.740093,12.31889],[-1.742095,12.317583],[-1.744255,12.316543],[-1.746535,12.315786],[-1.748897,12.315327],[-1.7513,12.315174],[-1.753703,12.315327],[-1.756065,12.315786],[-1.758345,12.316543],[-1.760505,12.317583],[-1.762507,12.31889],[-1.764318,12.320441],[-1.765906,12.32221],[-1.767244,12.324166],[-1.768309,12.326276],[-1.769084,12.328504],[-1.769554,12.330812],[-1.769711,12.333159],[-1.769554,12.335507],[-1.769084,12.337815],[-1.76831,12.340043],[-1.767245,12.342153],[-1.765907,12.344109],[-1.764319,12.345878],[-1.762509,12.347429],[-1.760506,12.348737],[-1.758346,12.349777],[-1.756066,12.350534],[-1.753703,12.350993],[-1.7513,12.351146]]]},"properties":{"well_id":"GBF-R-123","label":"Tanghin-Dassouri well 123 \u2014 2 km catchment","commune":"Tanghin-Dassouri","province":"Kadiogo","region":"Centre","asset_type":"restored","year":"2023","funder":"Individual donors (Water Ball)","population_dependent":950,"status_today":"NEVER_REPORTED","status_month6_illustrative":"NOT_REPORTED_SINCE","report_count_month6":34,"pump_type":"Volanta","depth_m":"41","coordinate_confidence":"ILLUSTRATIVE_COMMUNE_CENTROID_PLUS_JITTER","provenance":"ILLUSTRATIVE_STRUCTURE_ONLY","marker_state_today":"NEVER_REPORTED","marker_style":"dashed-outline-no-fill","catchment_km":2,"catchment_label":"2 km radius \u2014 approximate walking catchment","note":"Straight-line distance from an illustrative position. Actual walking distance is longer, and precise coordinates are pending from the country team."}},{"type":"Feature","geometry":{"type":"Polygon","coordinates":[[[-1.56107,12.159316],[-1.558668,12.159163],[-1.556308,12.158704],[-1.554029,12.157947],[-1.55187,12.156907],[-1.549869,12.155599],[-1.54806,12.154048],[-1.546473,12.152279],[-1.545136,12.150323],[-1.544072,12.148213],[-1.543299,12.145985],[-1.542829,12.143677],[-1.542672,12.141329],[-1.54283,12.138982],[-1.543299,12.136674],[-1.544073,12.134446],[-1.545137,12.132336],[-1.546475,12.13038],[-1.548061,12.128611],[-1.549871,12.12706],[-1.551872,12.125753],[-1.55403,12.124713],[-1.556309,12.123956],[-1.558669,12.123497],[-1.56107,12.123344],[-1.563471,12.123497],[-1.565831,12.123956],[-1.56811,12.124713],[-1.570268,12.125753],[-1.572269,12.12706],[-1.574079,12.128611],[-1.575665,12.13038],[-1.577003,12.132336],[-1.578067,12.134446],[-1.578841,12.136674],[-1.57931,12.138982],[-1.579468,12.141329],[-1.579311,12.143677],[-1.578841,12.145985],[-1.578068,12.148213],[-1.577004,12.150323],[-1.575667,12.152279],[-1.57408,12.154048],[-1.572271,12.155599],[-1.57027,12.156907],[-1.568111,12.157947],[-1.565832,12.158704],[-1.563472,12.159163],[-1.56107,12.159316]]]},"properties":{"well_id":"GBF-R-124","label":"Komsilga well 124 \u2014 2 km catchment","commune":"Komsilga","province":"Kadiogo","region":"Centre","asset_type":"restored","year":"2024","funder":"[PENDING]","population_dependent":500,"status_today":"NEVER_REPORTED","status_month6_illustrative":"WORKING","report_count_month6":39,"pump_type":"India Mark II","depth_m":"34","coordinate_confidence":"ILLUSTRATIVE_COMMUNE_CENTROID_PLUS_JITTER","provenance":"ILLUSTRATIVE_STRUCTURE_ONLY","marker_state_today":"NEVER_REPORTED","marker_style":"dashed-outline-no-fill","catchment_km":2,"catchment_label":"2 km radius \u2014 approximate walking catchment","note":"Straight-line distance from an illustrative position. Actual walking distance is longer, and precise coordinates are pending from the country team."}},{"type":"Feature","geometry":{"type":"Polygon","coordinates":[[[-1.66453,12.473296],[-1.662126,12.473143],[-1.659762,12.472684],[-1.657481,12.471927],[-1.655319,12.470887],[-1.653316,12.469579],[-1.651504,12.468028],[-1.649916,12.466259],[-1.648577,12.464303],[-1.647512,12.462193],[-1.646737,12.459965],[-1.646267,12.457657],[-1.64611,12.455309],[-1.646268,12.452962],[-1.646738,12.450654],[-1.647513,12.448426],[-1.648578,12.446316],[-1.649917,12.44436],[-1.651506,12.442591],[-1.653317,12.44104],[-1.655321,12.439733],[-1.657481,12.438693],[-1.659763,12.437936],[-1.662126,12.437477],[-1.66453,12.437324],[-1.666934,12.437477],[-1.669297,12.437936],[-1.671579,12.438693],[-1.673739,12.439733],[-1.675743,12.44104],[-1.677554,12.442591],[-1.679143,12.44436],[-1.680482,12.446316],[-1.681547,12.448426],[-1.682322,12.450654],[-1.682792,12.452962],[-1.68295,12.455309],[-1.682793,12.457657],[-1.682323,12.459965],[-1.681548,12.462193],[-1.680483,12.464303],[-1.679144,12.466259],[-1.677556,12.468028],[-1.675744,12.469579],[-1.673741,12.470887],[-1.671579,12.471927],[-1.669298,12.472684],[-1.666934,12.473143],[-1.66453,12.473296]]]},"properties":{"well_id":"GBF-R-125","label":"Pabre well 125 \u2014 2 km catchment","commune":"Pabre","province":"Kadiogo","region":"Centre","asset_type":"restored","year":"2021","funder":"Newday Impact","population_dependent":240,"status_today":"NEVER_REPORTED","status_month6_illustrative":"NOT_REPORTED_SINCE","report_count_month6":29,"pump_type":"[PENDING]","depth_m":"63","coordinate_confidence":"ILLUSTRATIVE_COMMUNE_CENTROID_PLUS_JITTER","provenance":"ILLUSTRATIVE_STRUCTURE_ONLY","marker_state_today":"NEVER_REPORTED","marker_style":"dashed-outline-no-fill","catchment_km":2,"catchment_label":"2 km radius \u2014 approximate walking catchment","note":"Straight-line distance from an illustrative position. Actual walking distance is longer, and precise coordinates are pending from the country team."}},{"type":"Feature","geometry":{"type":"Polygon","coordinates":[[[-1.8524,12.709386],[-1.849993,12.709233],[-1.847628,12.708774],[-1.845344,12.708017],[-1.843181,12.706977],[-1.841176,12.705669],[-1.839362,12.704118],[-1.837772,12.702349],[-1.836433,12.700393],[-1.835366,12.698283],[-1.834591,12.696055],[-1.834121,12.693747],[-1.833963,12.691399],[-1.834121,12.689052],[-1.834592,12.686744],[-1.835367,12.684516],[-1.836434,12.682406],[-1.837774,12.68045],[-1.839364,12.678681],[-1.841177,12.67713],[-1.843182,12.675823],[-1.845345,12.674783],[-1.847629,12.674026],[-1.849994,12.673567],[-1.8524,12.673414],[-1.854806,12.673567],[-1.857171,12.674026],[-1.859455,12.674783],[-1.861618,12.675823],[-1.863623,12.67713],[-1.865436,12.678681],[-1.867026,12.68045],[-1.868366,12.682406],[-1.869433,12.684516],[-1.870208,12.686744],[-1.870679,12.689052],[-1.870837,12.691399],[-1.870679,12.693747],[-1.870209,12.696055],[-1.869434,12.698283],[-1.868367,12.700393],[-1.867028,12.702349],[-1.865438,12.704118],[-1.863624,12.705669],[-1.861619,12.706977],[-1.859456,12.708017],[-1.857172,12.708774],[-1.854807,12.709233],[-1.8524,12.709386]]]},"properties":{"well_id":"GBF-R-126","label":"Bouss\u00e9 well 126 \u2014 2 km catchment","commune":"Bouss\u00e9","province":"Kourweogo","region":"Plateau-Central","asset_type":"restored","year":"2017","funder":"[PENDING]","population_dependent":320,"status_today":"NEVER_REPORTED","status_month6_illustrative":"WORKING","report_count_month6":23,"pump_type":"Volanta","depth_m":"63","coordinate_confidence":"ILLUSTRATIVE_COMMUNE_CENTROID_PLUS_JITTER","provenance":"ILLUSTRATIVE_STRUCTURE_ONLY","marker_state_today":"NEVER_REPORTED","marker_style":"dashed-outline-no-fill","catchment_km":2,"catchment_label":"2 km radius \u2014 approximate walking catchment","note":"Straight-line distance from an illustrative position. Actual walking distance is longer, and precise coordinates are pending from the country team."}},{"type":"Feature","geometry":{"type":"Polygon","coordinates":[[[-1.70758,12.208126],[-1.705178,12.207973],[-1.702817,12.207514],[-1.700538,12.206757],[-1.698379,12.205717],[-1.696377,12.204409],[-1.694568,12.202858],[-1.692981,12.201089],[-1.691643,12.199133],[-1.690579,12.197023],[-1.689805,12.194795],[-1.689336,12.192487],[-1.689179,12.190139],[-1.689336,12.187792],[-1.689806,12.185484],[-1.69058,12.183256],[-1.691645,12.181146],[-1.692982,12.17919],[-1.694569,12.177421],[-1.696379,12.17587],[-1.69838,12.174563],[-1.700539,12.173523],[-1.702818,12.172766],[-1.705178,12.172307],[-1.70758,12.172154],[-1.709982,12.172307],[-1.712342,12.172766],[-1.714621,12.173523],[-1.71678,12.174563],[-1.718781,12.17587],[-1.720591,12.177421],[-1.722178,12.17919],[-1.723515,12.181146],[-1.72458,12.183256],[-1.725354,12.185484],[-1.725824,12.187792],[-1.725981,12.190139],[-1.725824,12.192487],[-1.725355,12.194795],[-1.724581,12.197023],[-1.723517,12.199133],[-1.722179,12.201089],[-1.720592,12.202858],[-1.718783,12.204409],[-1.716781,12.205717],[-1.714622,12.206757],[-1.712343,12.207514],[-1.709982,12.207973],[-1.70758,12.208126]]]},"properties":{"well_id":"GBF-R-127","label":"Tanghin-Dassouri well 127 \u2014 2 km catchment","commune":"Tanghin-Dassouri","province":"Kadiogo","region":"Centre","asset_type":"restored","year":"2020","funder":"Individual donors (Water Ball)","population_dependent":800,"status_today":"NEVER_REPORTED","status_month6_illustrative":"WORKING","report_count_month6":15,"pump_type":"Vergnet HPV-60","depth_m":"47","coordinate_confidence":"ILLUSTRATIVE_COMMUNE_CENTROID_PLUS_JITTER","provenance":"ILLUSTRATIVE_STRUCTURE_ONLY","marker_state_today":"NEVER_REPORTED","marker_style":"dashed-outline-no-fill","catchment_km":2,"catchment_label":"2 km radius \u2014 approximate walking catchment","note":"Straight-line distance from an illustrative position. Actual walking distance is longer, and precise coordinates are pending from the country team."}},{"type":"Feature","geometry":{"type":"Polygon","coordinates":[[[-1.58756,12.086716],[-1.585159,12.086563],[-1.582799,12.086104],[-1.580521,12.085347],[-1.578363,12.084307],[-1.576362,12.082999],[-1.574554,12.081448],[-1.572967,12.079679],[-1.571631,12.077723],[-1.570567,12.075613],[-1.569793,12.073385],[-1.569324,12.071077],[-1.569167,12.068729],[-1.569325,12.066382],[-1.569794,12.064074],[-1.570568,12.061846],[-1.571632,12.059736],[-1.572968,12.05778],[-1.574555,12.056011],[-1.576364,12.05446],[-1.578364,12.053153],[-1.580522,12.052113],[-1.5828,12.051356],[-1.585159,12.050897],[-1.58756,12.050744],[-1.589961,12.050897],[-1.59232,12.051356],[-1.594598,12.052113],[-1.596756,12.053153],[-1.598756,12.05446],[-1.600565,12.056011],[-1.602152,12.05778],[-1.603488,12.059736],[-1.604552,12.061846],[-1.605326,12.064074],[-1.605795,12.066382],[-1.605953,12.068729],[-1.605796,12.071077],[-1.605327,12.073385],[-1.604553,12.075613],[-1.603489,12.077723],[-1.602153,12.079679],[-1.600566,12.081448],[-1.598758,12.082999],[-1.596757,12.084307],[-1.594599,12.085347],[-1.592321,12.086104],[-1.589961,12.086563],[-1.58756,12.086716]]]},"properties":{"well_id":"GBF-R-128","label":"Doulougou well 128 \u2014 2 km catchment","commune":"Doulougou","province":"Bazega","region":"Centre-Sud","asset_type":"restored","year":"2023","funder":"[PENDING]","population_dependent":500,"status_today":"NEVER_REPORTED","status_month6_illustrative":"NEVER_REPORTED","report_count_month6":0,"pump_type":"India Mark II","depth_m":"34","coordinate_confidence":"ILLUSTRATIVE_COMMUNE_CENTROID_PLUS_JITTER","provenance":"ILLUSTRATIVE_STRUCTURE_ONLY","marker_state_today":"NEVER_REPORTED","marker_style":"dashed-outline-no-fill","catchment_km":2,"catchment_label":"2 km radius \u2014 approximate walking catchment","note":"Straight-line distance from an illustrative position. Actual walking distance is longer, and precise coordinates are pending from the country team."}},{"type":"Feature","geometry":{"type":"Polygon","coordinates":[[[-1.60934,12.054816],[-1.606939,12.054663],[-1.60458,12.054204],[-1.602302,12.053447],[-1.600144,12.052407],[-1.598144,12.051099],[-1.596335,12.049548],[-1.594749,12.047779],[-1.593413,12.045823],[-1.592349,12.043713],[-1.591576,12.041485],[-1.591106,12.039177],[-1.590949,12.036829],[-1.591107,12.034482],[-1.591576,12.032174],[-1.59235,12.029946],[-1.593414,12.027836],[-1.59475,12.02588],[-1.596336,12.024111],[-1.598145,12.02256],[-1.600145,12.021253],[-1.602303,12.020213],[-1.60458,12.019456],[-1.60694,12.018997],[-1.60934,12.018844],[-1.61174,12.018997],[-1.6141,12.019456],[-1.616377,12.020213],[-1.618535,12.021253],[-1.620535,12.02256],[-1.622344,12.024111],[-1.62393,12.02588],[-1.625266,12.027836],[-1.62633,12.029946],[-1.627104,12.032174],[-1.627573,12.034482],[-1.627731,12.036829],[-1.627574,12.039177],[-1.627104,12.041485],[-1.626331,12.043713],[-1.625267,12.045823],[-1.623931,12.047779],[-1.622345,12.049548],[-1.620536,12.051099],[-1.618536,12.052407],[-1.616378,12.053447],[-1.6141,12.054204],[-1.611741,12.054663],[-1.60934,12.054816]]]},"properties":{"well_id":"GBF-R-129","label":"Doulougou well 129 \u2014 2 km catchment","commune":"Doulougou","province":"Bazega","region":"Centre-Sud","asset_type":"restored","year":"2017","funder":"Newday Impact","population_dependent":2200,"status_today":"NEVER_REPORTED","status_month6_illustrative":"WORKING","report_count_month6":35,"pump_type":"[PENDING]","depth_m":"","coordinate_confidence":"ILLUSTRATIVE_COMMUNE_CENTROID_PLUS_JITTER","provenance":"ILLUSTRATIVE_STRUCTURE_ONLY","marker_state_today":"NEVER_REPORTED","marker_style":"dashed-outline-no-fill","catchment_km":2,"catchment_label":"2 km radius \u2014 approximate walking catchment","note":"Straight-line distance from an illustrative position. Actual walking distance is longer, and precise coordinates are pending from the country team."}},{"type":"Feature","geometry":{"type":"Polygon","coordinates":[[[-1.76969,11.506216],[-1.767294,11.506063],[-1.764939,11.505604],[-1.762666,11.504847],[-1.760512,11.503807],[-1.758516,11.502499],[-1.756711,11.500948],[-1.755128,11.499179],[-1.753794,11.497223],[-1.752733,11.495113],[-1.751961,11.492885],[-1.751493,11.490577],[-1.751336,11.488229],[-1.751493,11.485882],[-1.751962,11.483574],[-1.752733,11.481346],[-1.753795,11.479236],[-1.755129,11.47728],[-1.756712,11.475511],[-1.758517,11.47396],[-1.760513,11.472653],[-1.762667,11.471613],[-1.76494,11.470856],[-1.767294,11.470397],[-1.76969,11.470244],[-1.772086,11.470397],[-1.77444,11.470856],[-1.776713,11.471613],[-1.778867,11.472653],[-1.780863,11.47396],[-1.782668,11.475511],[-1.784251,11.47728],[-1.785585,11.479236],[-1.786647,11.481346],[-1.787418,11.483574],[-1.787887,11.485882],[-1.788044,11.488229],[-1.787887,11.490577],[-1.787419,11.492885],[-1.786647,11.495113],[-1.785586,11.497223],[-1.784252,11.499179],[-1.782669,11.500948],[-1.780864,11.502499],[-1.778868,11.503807],[-1.776714,11.504847],[-1.774441,11.505604],[-1.772086,11.506063],[-1.76969,11.506216]]]},"properties":{"well_id":"GBF-R-130","label":"Sapouy well 130 \u2014 2 km catchment","commune":"Sapouy","province":"Ziro","region":"Centre-Ouest","asset_type":"restored","year":"2018","funder":"[PENDING]","population_dependent":3000,"status_today":"NEVER_REPORTED","status_month6_illustrative":"NOT_REPORTED_SINCE","report_count_month6":17,"pump_type":"India Mark II","depth_m":"63","coordinate_confidence":"ILLUSTRATIVE_COMMUNE_CENTROID_PLUS_JITTER","provenance":"ILLUSTRATIVE_STRUCTURE_ONLY","marker_state_today":"NEVER_REPORTED","marker_style":"dashed-outline-no-fill","catchment_km":2,"catchment_label":"2 km radius \u2014 approximate walking catchment","note":"Straight-line distance from an illustrative position. Actual walking distance is longer, and precise coordinates are pending from the country team."}},{"type":"Feature","geometry":{"type":"Polygon","coordinates":[[[-1.69103,12.586606],[-1.688624,12.586453],[-1.68626,12.585994],[-1.683977,12.585237],[-1.681815,12.584197],[-1.679811,12.582889],[-1.677999,12.581338],[-1.676409,12.579569],[-1.67507,12.577613],[-1.674004,12.575503],[-1.67323,12.573275],[-1.672759,12.570967],[-1.672602,12.568619],[-1.67276,12.566272],[-1.67323,12.563964],[-1.674005,12.561736],[-1.675071,12.559626],[-1.676411,12.55767],[-1.678,12.555901],[-1.679812,12.55435],[-1.681817,12.553043],[-1.683978,12.552003],[-1.686261,12.551246],[-1.688625,12.550787],[-1.69103,12.550634],[-1.693435,12.550787],[-1.695799,12.551246],[-1.698082,12.552003],[-1.700243,12.553043],[-1.702248,12.55435],[-1.70406,12.555901],[-1.705649,12.55767],[-1.706989,12.559626],[-1.708055,12.561736],[-1.70883,12.563964],[-1.7093,12.566272],[-1.709458,12.568619],[-1.709301,12.570967],[-1.70883,12.573275],[-1.708056,12.575503],[-1.70699,12.577613],[-1.705651,12.579569],[-1.704061,12.581338],[-1.702249,12.582889],[-1.700245,12.584197],[-1.698083,12.585237],[-1.6958,12.585994],[-1.693436,12.586453],[-1.69103,12.586606]]]},"properties":{"well_id":"GBF-R-131","label":"Pabre well 131 \u2014 2 km catchment","commune":"Pabre","province":"Kadiogo","region":"Centre","asset_type":"restored","year":"2022","funder":"[PENDING]","population_dependent":3000,"status_today":"NEVER_REPORTED","status_month6_illustrative":"NEVER_REPORTED","report_count_month6":0,"pump_type":"Vergnet HPV-60","depth_m":"41","coordinate_confidence":"ILLUSTRATIVE_COMMUNE_CENTROID_PLUS_JITTER","provenance":"ILLUSTRATIVE_STRUCTURE_ONLY","marker_state_today":"NEVER_REPORTED","marker_style":"dashed-outline-no-fill","catchment_km":2,"catchment_label":"2 km radius \u2014 approximate walking catchment","note":"Straight-line distance from an illustrative position. Actual walking distance is longer, and precise coordinates are pending from the country team."}},{"type":"Feature","geometry":{"type":"Polygon","coordinates":[[[-1.60085,12.224016],[-1.598448,12.223863],[-1.596087,12.223404],[-1.593807,12.222647],[-1.591648,12.221607],[-1.589647,12.220299],[-1.587837,12.218748],[-1.58625,12.216979],[-1.584912,12.215023],[-1.583848,12.212913],[-1.583074,12.210685],[-1.582605,12.208377],[-1.582448,12.206029],[-1.582605,12.203682],[-1.583075,12.201374],[-1.583849,12.199146],[-1.584914,12.197036],[-1.586251,12.19508],[-1.587838,12.193311],[-1.589648,12.19176],[-1.591649,12.190453],[-1.593808,12.189413],[-1.596087,12.188656],[-1.598448,12.188197],[-1.60085,12.188044],[-1.603252,12.188197],[-1.605613,12.188656],[-1.607892,12.189413],[-1.610051,12.190453],[-1.612052,12.19176],[-1.613862,12.193311],[-1.615449,12.19508],[-1.616786,12.197036],[-1.617851,12.199146],[-1.618625,12.201374],[-1.619095,12.203682],[-1.619252,12.206029],[-1.619095,12.208377],[-1.618626,12.210685],[-1.617852,12.212913],[-1.616788,12.215023],[-1.61545,12.216979],[-1.613863,12.218748],[-1.612053,12.220299],[-1.610052,12.221607],[-1.607893,12.222647],[-1.605613,12.223404],[-1.603252,12.223863],[-1.60085,12.224016]]]},"properties":{"well_id":"GBF-R-132","label":"Komsilga well 132 \u2014 2 km catchment","commune":"Komsilga","province":"Kadiogo","region":"Centre","asset_type":"restored","year":"2022","funder":"[PENDING]","population_dependent":650,"status_today":"NEVER_REPORTED","status_month6_illustrative":"WORKING_DEGRADING","report_count_month6":9,"pump_type":"Volanta","depth_m":"","coordinate_confidence":"ILLUSTRATIVE_COMMUNE_CENTROID_PLUS_JITTER","provenance":"ILLUSTRATIVE_STRUCTURE_ONLY","marker_state_today":"NEVER_REPORTED","marker_style":"dashed-outline-no-fill","catchment_km":2,"catchment_label":"2 km radius \u2014 approximate walking catchment","note":"Straight-line distance from an illustrative position. Actual walking distance is longer, and precise coordinates are pending from the country team."}},{"type":"Feature","geometry":{"type":"Polygon","coordinates":[[[-1.42351,12.432066],[-1.421106,12.431913],[-1.418743,12.431454],[-1.416462,12.430697],[-1.414301,12.429657],[-1.412298,12.428349],[-1.410487,12.426798],[-1.408898,12.425029],[-1.40756,12.423073],[-1.406494,12.420963],[-1.40572,12.418735],[-1.40525,12.416427],[-1.405093,12.414079],[-1.405251,12.411732],[-1.405721,12.409424],[-1.406495,12.407196],[-1.407561,12.405086],[-1.408899,12.40313],[-1.410488,12.401361],[-1.412299,12.39981],[-1.414302,12.398503],[-1.416463,12.397463],[-1.418744,12.396706],[-1.421106,12.396247],[-1.42351,12.396094],[-1.425914,12.396247],[-1.428276,12.396706],[-1.430557,12.397463],[-1.432718,12.398503],[-1.434721,12.39981],[-1.436532,12.401361],[-1.438121,12.40313],[-1.439459,12.405086],[-1.440525,12.407196],[-1.441299,12.409424],[-1.441769,12.411732],[-1.441927,12.414079],[-1.44177,12.416427],[-1.4413,12.418735],[-1.440526,12.420963],[-1.43946,12.423073],[-1.438122,12.425029],[-1.436533,12.426798],[-1.434722,12.428349],[-1.432719,12.429657],[-1.430558,12.430697],[-1.428277,12.431454],[-1.425914,12.431913],[-1.42351,12.432066]]]},"properties":{"well_id":"GBF-R-133","label":"Saaba well 133 \u2014 2 km catchment","commune":"Saaba","province":"Kadiogo","region":"Centre","asset_type":"restored","year":"2024","funder":"[PENDING]","population_dependent":950,"status_today":"NEVER_REPORTED","status_month6_illustrative":"WORKING","report_count_month6":37,"pump_type":"Vergnet HPV-60","depth_m":"52","coordinate_confidence":"ILLUSTRATIVE_COMMUNE_CENTROID_PLUS_JITTER","provenance":"ILLUSTRATIVE_STRUCTURE_ONLY","marker_state_today":"NEVER_REPORTED","marker_style":"dashed-outline-no-fill","catchment_km":2,"catchment_label":"2 km radius \u2014 approximate walking catchment","note":"Straight-line distance from an illustrative position. Actual walking distance is longer, and precise coordinates are pending from the country team."}},{"type":"Feature","geometry":{"type":"Polygon","coordinates":[[[-2.11728,12.281306],[-2.114877,12.281153],[-2.112516,12.280694],[-2.110236,12.279937],[-2.108076,12.278897],[-2.106074,12.277589],[-2.104264,12.276038],[-2.102677,12.274269],[-2.101339,12.272313],[-2.100274,12.270203],[-2.0995,12.267975],[-2.099031,12.265667],[-2.098874,12.263319],[-2.099031,12.260972],[-2.099501,12.258664],[-2.100275,12.256436],[-2.10134,12.254326],[-2.102678,12.25237],[-2.104265,12.250601],[-2.106075,12.24905],[-2.108077,12.247743],[-2.110237,12.246703],[-2.112516,12.245946],[-2.114878,12.245487],[-2.11728,12.245334],[-2.119682,12.245487],[-2.122044,12.245946],[-2.124323,12.246703],[-2.126483,12.247743],[-2.128485,12.24905],[-2.130295,12.250601],[-2.131882,12.25237],[-2.13322,12.254326],[-2.134285,12.256436],[-2.135059,12.258664],[-2.135529,12.260972],[-2.135686,12.263319],[-2.135529,12.265667],[-2.13506,12.267975],[-2.134286,12.270203],[-2.133221,12.272313],[-2.131883,12.274269],[-2.130296,12.276038],[-2.128486,12.277589],[-2.126484,12.278897],[-2.124324,12.279937],[-2.122044,12.280694],[-2.119683,12.281153],[-2.11728,12.281306]]]},"properties":{"well_id":"GBF-R-134","label":"Kokologho well 134 \u2014 2 km catchment","commune":"Kokologho","province":"Boulkiemde","region":"Centre-Ouest","asset_type":"restored","year":"2024","funder":"[PENDING]","population_dependent":500,"status_today":"NEVER_REPORTED","status_month6_illustrative":"WORKING","report_count_month6":6,"pump_type":"India Mark II","depth_m":"","coordinate_confidence":"ILLUSTRATIVE_COMMUNE_CENTROID_PLUS_JITTER","provenance":"ILLUSTRATIVE_STRUCTURE_ONLY","marker_state_today":"NEVER_REPORTED","marker_style":"dashed-outline-no-fill","catchment_km":2,"catchment_label":"2 km radius \u2014 approximate walking catchment","note":"Straight-line distance from an illustrative position. Actual walking distance is longer, and precise coordinates are pending from the country team."}},{"type":"Feature","geometry":{"type":"Polygon","coordinates":[[[-1.62336,12.225826],[-1.620958,12.225673],[-1.618597,12.225214],[-1.616317,12.224457],[-1.614158,12.223417],[-1.612157,12.222109],[-1.610347,12.220558],[-1.60876,12.218789],[-1.607422,12.216833],[-1.606358,12.214723],[-1.605584,12.212495],[-1.605115,12.210187],[-1.604957,12.207839],[-1.605115,12.205492],[-1.605585,12.203184],[-1.606359,12.200956],[-1.607423,12.198846],[-1.608761,12.19689],[-1.610348,12.195121],[-1.612158,12.19357],[-1.614159,12.192263],[-1.616318,12.191223],[-1.618597,12.190466],[-1.620958,12.190007],[-1.62336,12.189854],[-1.625762,12.190007],[-1.628123,12.190466],[-1.630402,12.191223],[-1.632561,12.192263],[-1.634562,12.19357],[-1.636372,12.195121],[-1.637959,12.19689],[-1.639297,12.198846],[-1.640361,12.200956],[-1.641135,12.203184],[-1.641605,12.205492],[-1.641763,12.207839],[-1.641605,12.210187],[-1.641136,12.212495],[-1.640362,12.214723],[-1.639298,12.216833],[-1.63796,12.218789],[-1.636373,12.220558],[-1.634563,12.222109],[-1.632562,12.223417],[-1.630403,12.224457],[-1.628123,12.225214],[-1.625762,12.225673],[-1.62336,12.225826]]]},"properties":{"well_id":"GBF-R-135","label":"Komsilga well 135 \u2014 2 km catchment","commune":"Komsilga","province":"Kadiogo","region":"Centre","asset_type":"restored","year":"2021","funder":"[PENDING]","population_dependent":800,"status_today":"NEVER_REPORTED","status_month6_illustrative":"NEVER_REPORTED","report_count_month6":0,"pump_type":"Volanta","depth_m":"","coordinate_confidence":"ILLUSTRATIVE_COMMUNE_CENTROID_PLUS_JITTER","provenance":"ILLUSTRATIVE_STRUCTURE_ONLY","marker_state_today":"NEVER_REPORTED","marker_style":"dashed-outline-no-fill","catchment_km":2,"catchment_label":"2 km radius \u2014 approximate walking catchment","note":"Straight-line distance from an illustrative position. Actual walking distance is longer, and precise coordinates are pending from the country team."}},{"type":"Feature","geometry":{"type":"Polygon","coordinates":[[[-1.54268,12.179516],[-1.540278,12.179363],[-1.537918,12.178904],[-1.535638,12.178147],[-1.53348,12.177107],[-1.531479,12.175799],[-1.529669,12.174248],[-1.528082,12.172479],[-1.526745,12.170523],[-1.525681,12.168413],[-1.524907,12.166185],[-1.524438,12.163877],[-1.524281,12.161529],[-1.524438,12.159182],[-1.524908,12.156874],[-1.525682,12.154646],[-1.526746,12.152536],[-1.528083,12.15058],[-1.52967,12.148811],[-1.53148,12.14726],[-1.533481,12.145953],[-1.535639,12.144913],[-1.537918,12.144156],[-1.540279,12.143697],[-1.54268,12.143544],[-1.545081,12.143697],[-1.547442,12.144156],[-1.549721,12.144913],[-1.551879,12.145953],[-1.55388,12.14726],[-1.55569,12.148811],[-1.557277,12.15058],[-1.558614,12.152536],[-1.559678,12.154646],[-1.560452,12.156874],[-1.560922,12.159182],[-1.561079,12.161529],[-1.560922,12.163877],[-1.560453,12.166185],[-1.559679,12.168413],[-1.558615,12.170523],[-1.557278,12.172479],[-1.555691,12.174248],[-1.553881,12.175799],[-1.55188,12.177107],[-1.549722,12.178147],[-1.547442,12.178904],[-1.545082,12.179363],[-1.54268,12.179516]]]},"properties":{"well_id":"GBF-R-136","label":"Komsilga well 136 \u2014 2 km catchment","commune":"Komsilga","province":"Kadiogo","region":"Centre","asset_type":"restored","year":"2024","funder":"[PENDING]","population_dependent":2200,"status_today":"NEVER_REPORTED","status_month6_illustrative":"BROKEN","report_count_month6":38,"pump_type":"Vergnet HPV-60","depth_m":"41","coordinate_confidence":"ILLUSTRATIVE_COMMUNE_CENTROID_PLUS_JITTER","provenance":"ILLUSTRATIVE_STRUCTURE_ONLY","marker_state_today":"NEVER_REPORTED","marker_style":"dashed-outline-no-fill","catchment_km":2,"catchment_label":"2 km radius \u2014 approximate walking catchment","note":"Straight-line distance from an illustrative position. Actual walking distance is longer, and precise coordinates are pending from the country team."}},{"type":"Feature","geometry":{"type":"Polygon","coordinates":[[[-1.74086,12.269966],[-1.738457,12.269813],[-1.736096,12.269354],[-1.733816,12.268597],[-1.731657,12.267557],[-1.729655,12.266249],[-1.727845,12.264698],[-1.726257,12.262929],[-1.72492,12.260973],[-1.723855,12.258863],[-1.723081,12.256635],[-1.722612,12.254327],[-1.722454,12.251979],[-1.722612,12.249632],[-1.723082,12.247324],[-1.723856,12.245096],[-1.724921,12.242986],[-1.726258,12.24103],[-1.727846,12.239261],[-1.729656,12.23771],[-1.731658,12.236403],[-1.733817,12.235363],[-1.736097,12.234606],[-1.738458,12.234147],[-1.74086,12.233994],[-1.743262,12.234147],[-1.745623,12.234606],[-1.747903,12.235363],[-1.750062,12.236403],[-1.752064,12.23771],[-1.753874,12.239261],[-1.755462,12.24103],[-1.756799,12.242986],[-1.757864,12.245096],[-1.758638,12.247324],[-1.759108,12.249632],[-1.759266,12.251979],[-1.759108,12.254327],[-1.758639,12.256635],[-1.757865,12.258863],[-1.7568,12.260973],[-1.755463,12.262929],[-1.753875,12.264698],[-1.752065,12.266249],[-1.750063,12.267557],[-1.747904,12.268597],[-1.745624,12.269354],[-1.743263,12.269813],[-1.74086,12.269966]]]},"properties":{"well_id":"GBF-R-137","label":"Tanghin-Dassouri well 137 \u2014 2 km catchment","commune":"Tanghin-Dassouri","province":"Kadiogo","region":"Centre","asset_type":"restored","year":"2018","funder":"Newday Impact","population_dependent":800,"status_today":"NEVER_REPORTED","status_month6_illustrative":"WORKING","report_count_month6":41,"pump_type":"India Mark II","depth_m":"","coordinate_confidence":"ILLUSTRATIVE_COMMUNE_CENTROID_PLUS_JITTER","provenance":"ILLUSTRATIVE_STRUCTURE_ONLY","marker_state_today":"NEVER_REPORTED","marker_style":"dashed-outline-no-fill","catchment_km":2,"catchment_label":"2 km radius \u2014 approximate walking catchment","note":"Straight-line distance from an illustrative position. Actual walking distance is longer, and precise coordinates are pending from the country team."}}]}