{"type":"FeatureCollection","name":"gbf_wells_polygons","features":[{"type":"Feature","geometry":{"type":"Polygon","coordinates":[[[-1.41803,12.016953],[-1.41503,12.016761],[-1.412081,12.016187],[-1.409233,12.015241],[-1.406537,12.013941],[-1.404037,12.012307],[-1.401776,12.010367],[-1.399794,12.008156],[-1.398124,12.005711],[-1.396794,12.003073],[-1.395828,12.000288],[-1.395242,11.997404],[-1.395045,11.994469],[-1.395242,11.991534],[-1.395829,11.98865],[-1.396795,11.985865],[-1.398125,11.983228],[-1.399796,11.980783],[-1.401778,11.978572],[-1.404039,11.976633],[-1.406538,11.974999],[-1.409235,11.973698],[-1.412082,11.972753],[-1.41503,11.972179],[-1.41803,11.971987],[-1.42103,11.972179],[-1.423978,11.972753],[-1.426825,11.973698],[-1.429522,11.974999],[-1.432021,11.976633],[-1.434282,11.978572],[-1.436264,11.980783],[-1.437935,11.983228],[-1.439265,11.985865],[-1.440231,11.98865],[-1.440818,11.991534],[-1.441015,11.994469],[-1.440818,11.997404],[-1.440232,12.000288],[-1.439266,12.003073],[-1.437936,12.005711],[-1.436266,12.008156],[-1.434284,12.010367],[-1.432023,12.012307],[-1.429523,12.013941],[-1.426827,12.015241],[-1.423979,12.016187],[-1.42103,12.016761],[-1.41803,12.016953]]]},"properties":{"well_id":"GBF-B-001","label":"Kombissiri well 001","commune":"Kombissiri","province":"Bazega","region":"Centre-Sud","asset_type":"built","year":"2020","funder":"[PENDING]","population_dependent":500,"status_today":"NEVER_REPORTED","status_month6_illustrative":"BROKEN","report_count_month6":29,"pump_type":"Vergnet HPV-60","depth_m":"52","coordinate_confidence":"ILLUSTRATIVE_COMMUNE_CENTROID_PLUS_JITTER","provenance":"ILLUSTRATIVE_STRUCTURE_ONLY","marker_state_today":"NEVER_REPORTED","marker_style":"dashed-outline-no-fill","marker-color":"#E67E22","marker-size":"medium","fill":"#E67E22","fill-opacity":0.9,"stroke":"#FFFFFF","stroke-width":1.5,"stroke-opacity":1}},{"type":"Feature","geometry":{"type":"Polygon","coordinates":[[[-1.59977,12.147403],[-1.596768,12.147211],[-1.593818,12.146637],[-1.590969,12.145691],[-1.588271,12.144391],[-1.58577,12.142757],[-1.583508,12.140817],[-1.581525,12.138606],[-1.579854,12.136161],[-1.578524,12.133523],[-1.577557,12.130738],[-1.57697,12.127854],[-1.576774,12.124919],[-1.576971,12.121984],[-1.577558,12.1191],[-1.578525,12.116315],[-1.579856,12.113678],[-1.581527,12.111233],[-1.58351,12.109022],[-1.585772,12.107083],[-1.588273,12.105449],[-1.59097,12.104148],[-1.593819,12.103203],[-1.596769,12.102629],[-1.59977,12.102437],[-1.602771,12.102629],[-1.605721,12.103203],[-1.60857,12.104148],[-1.611267,12.105449],[-1.613768,12.107083],[-1.61603,12.109022],[-1.618013,12.111233],[-1.619684,12.113678],[-1.621015,12.116315],[-1.621982,12.1191],[-1.622569,12.121984],[-1.622766,12.124919],[-1.62257,12.127854],[-1.621983,12.130738],[-1.621016,12.133523],[-1.619686,12.136161],[-1.618015,12.138606],[-1.616032,12.140817],[-1.61377,12.142757],[-1.611269,12.144391],[-1.608571,12.145691],[-1.605722,12.146637],[-1.602772,12.147211],[-1.59977,12.147403]]]},"properties":{"well_id":"GBF-B-002","label":"Komsilga well 002","commune":"Komsilga","province":"Kadiogo","region":"Centre","asset_type":"built","year":"2019","funder":"Newday Impact","population_dependent":240,"status_today":"NEVER_REPORTED","status_month6_illustrative":"NOT_REPORTED_SINCE","report_count_month6":38,"pump_type":"[PENDING]","depth_m":"63","coordinate_confidence":"ILLUSTRATIVE_COMMUNE_CENTROID_PLUS_JITTER","provenance":"ILLUSTRATIVE_STRUCTURE_ONLY","marker_state_today":"NEVER_REPORTED","marker_style":"dashed-outline-no-fill","marker-color":"#E67E22","marker-size":"medium","fill":"#E67E22","fill-opacity":0.9,"stroke":"#FFFFFF","stroke-width":1.5,"stroke-opacity":1}},{"type":"Feature","geometry":{"type":"Polygon","coordinates":[[[-1.61655,12.251393],[-1.613547,12.251201],[-1.610595,12.250627],[-1.607746,12.249681],[-1.605047,12.248381],[-1.602544,12.246747],[-1.600282,12.244807],[-1.598298,12.242596],[-1.596626,12.240151],[-1.595295,12.237513],[-1.594328,12.234728],[-1.593742,12.231844],[-1.593545,12.228909],[-1.593742,12.225974],[-1.594329,12.22309],[-1.595297,12.220305],[-1.596628,12.217668],[-1.5983,12.215223],[-1.600284,12.213012],[-1.602546,12.211073],[-1.605048,12.209439],[-1.607747,12.208138],[-1.610596,12.207193],[-1.613547,12.206619],[-1.61655,12.206427],[-1.619553,12.206619],[-1.622504,12.207193],[-1.625353,12.208138],[-1.628052,12.209439],[-1.630554,12.211073],[-1.632816,12.213012],[-1.6348,12.215223],[-1.636472,12.217668],[-1.637803,12.220305],[-1.638771,12.22309],[-1.639358,12.225974],[-1.639555,12.228909],[-1.639358,12.231844],[-1.638772,12.234728],[-1.637805,12.237513],[-1.636474,12.240151],[-1.634802,12.242596],[-1.632818,12.244807],[-1.630556,12.246747],[-1.628053,12.248381],[-1.625354,12.249681],[-1.622505,12.250627],[-1.619553,12.251201],[-1.61655,12.251393]]]},"properties":{"well_id":"GBF-B-003","label":"Tanghin-Dassouri well 003","commune":"Tanghin-Dassouri","province":"Kadiogo","region":"Centre","asset_type":"built","year":"2022","funder":"Individual donors (Water Ball)","population_dependent":180,"status_today":"NEVER_REPORTED","status_month6_illustrative":"WORKING","report_count_month6":8,"pump_type":"[PENDING]","depth_m":"34","coordinate_confidence":"ILLUSTRATIVE_COMMUNE_CENTROID_PLUS_JITTER","provenance":"ILLUSTRATIVE_STRUCTURE_ONLY","marker_state_today":"NEVER_REPORTED","marker_style":"dashed-outline-no-fill","marker-color":"#E67E22","marker-size":"medium","fill":"#E67E22","fill-opacity":0.9,"stroke":"#FFFFFF","stroke-width":1.5,"stroke-opacity":1}},{"type":"Feature","geometry":{"type":"Polygon","coordinates":[[[-1.36652,12.318373],[-1.363516,12.318181],[-1.360564,12.317607],[-1.357713,12.316661],[-1.355014,12.315361],[-1.352511,12.313727],[-1.350248,12.311787],[-1.348263,12.309576],[-1.346591,12.307131],[-1.34526,12.304493],[-1.344293,12.301708],[-1.343706,12.298824],[-1.343509,12.295889],[-1.343706,12.292954],[-1.344294,12.29007],[-1.345261,12.287285],[-1.346593,12.284648],[-1.348265,12.282203],[-1.35025,12.279992],[-1.352513,12.278053],[-1.355015,12.276419],[-1.357715,12.275118],[-1.360565,12.274173],[-1.363517,12.273599],[-1.36652,12.273407],[-1.369523,12.273599],[-1.372475,12.274173],[-1.375325,12.275118],[-1.378025,12.276419],[-1.380527,12.278053],[-1.38279,12.279992],[-1.384775,12.282203],[-1.386447,12.284648],[-1.387779,12.287285],[-1.388746,12.29007],[-1.389334,12.292954],[-1.389531,12.295889],[-1.389334,12.298824],[-1.388747,12.301708],[-1.38778,12.304493],[-1.386449,12.307131],[-1.384777,12.309576],[-1.382792,12.311787],[-1.380529,12.313727],[-1.378026,12.315361],[-1.375327,12.316661],[-1.372476,12.317607],[-1.369524,12.318181],[-1.36652,12.318373]]]},"properties":{"well_id":"GBF-B-004","label":"Saaba well 004","commune":"Saaba","province":"Kadiogo","region":"Centre","asset_type":"built","year":"2022","funder":"Newday Impact","population_dependent":3000,"status_today":"NEVER_REPORTED","status_month6_illustrative":"NOT_REPORTED_SINCE","report_count_month6":12,"pump_type":"India Mark II","depth_m":"","coordinate_confidence":"ILLUSTRATIVE_COMMUNE_CENTROID_PLUS_JITTER","provenance":"ILLUSTRATIVE_STRUCTURE_ONLY","marker_state_today":"NEVER_REPORTED","marker_style":"dashed-outline-no-fill","marker-color":"#E67E22","marker-size":"medium","fill":"#E67E22","fill-opacity":0.9,"stroke":"#FFFFFF","stroke-width":1.5,"stroke-opacity":1}},{"type":"Feature","geometry":{"type":"Polygon","coordinates":[[[-1.57328,12.276383],[-1.570277,12.276191],[-1.567325,12.275617],[-1.564475,12.274671],[-1.561776,12.273371],[-1.559273,12.271737],[-1.55701,12.269797],[-1.555026,12.267586],[-1.553354,12.265141],[-1.552023,12.262503],[-1.551056,12.259718],[-1.550469,12.256834],[-1.550273,12.253899],[-1.55047,12.250964],[-1.551057,12.24808],[-1.552025,12.245295],[-1.553356,12.242658],[-1.555028,12.240213],[-1.557012,12.238002],[-1.559275,12.236063],[-1.561777,12.234429],[-1.564476,12.233128],[-1.567326,12.232183],[-1.570277,12.231609],[-1.57328,12.231417],[-1.576283,12.231609],[-1.579234,12.232183],[-1.582084,12.233128],[-1.584783,12.234429],[-1.587285,12.236063],[-1.589548,12.238002],[-1.591532,12.240213],[-1.593204,12.242658],[-1.594535,12.245295],[-1.595503,12.24808],[-1.59609,12.250964],[-1.596287,12.253899],[-1.596091,12.256834],[-1.595504,12.259718],[-1.594537,12.262503],[-1.593206,12.265141],[-1.591534,12.267586],[-1.58955,12.269797],[-1.587287,12.271737],[-1.584784,12.273371],[-1.582085,12.274671],[-1.579235,12.275617],[-1.576283,12.276191],[-1.57328,12.276383]]]},"properties":{"well_id":"GBF-B-005","label":"Komsilga well 005","commune":"Komsilga","province":"Kadiogo","region":"Centre","asset_type":"built","year":"2023","funder":"Newday Impact","population_dependent":950,"status_today":"NEVER_REPORTED","status_month6_illustrative":"WORKING","report_count_month6":36,"pump_type":"India Mark II","depth_m":"63","coordinate_confidence":"ILLUSTRATIVE_COMMUNE_CENTROID_PLUS_JITTER","provenance":"ILLUSTRATIVE_STRUCTURE_ONLY","marker_state_today":"NEVER_REPORTED","marker_style":"dashed-outline-no-fill","marker-color":"#E67E22","marker-size":"medium","fill":"#E67E22","fill-opacity":0.9,"stroke":"#FFFFFF","stroke-width":1.5,"stroke-opacity":1}},{"type":"Feature","geometry":{"type":"Polygon","coordinates":[[[-1.61038,12.294983],[-1.607376,12.294791],[-1.604424,12.294217],[-1.601574,12.293271],[-1.598875,12.291971],[-1.596372,12.290337],[-1.594109,12.288397],[-1.592125,12.286186],[-1.590453,12.283741],[-1.589122,12.281103],[-1.588155,12.278318],[-1.587568,12.275434],[-1.587371,12.272499],[-1.587568,12.269564],[-1.588156,12.26668],[-1.589123,12.263895],[-1.590455,12.261258],[-1.592127,12.258813],[-1.594111,12.256602],[-1.596374,12.254663],[-1.598876,12.253029],[-1.601576,12.251728],[-1.604425,12.250783],[-1.607377,12.250209],[-1.61038,12.250017],[-1.613383,12.250209],[-1.616335,12.250783],[-1.619184,12.251728],[-1.621884,12.253029],[-1.624386,12.254663],[-1.626649,12.256602],[-1.628633,12.258813],[-1.630305,12.261258],[-1.631637,12.263895],[-1.632604,12.26668],[-1.633192,12.269564],[-1.633389,12.272499],[-1.633192,12.275434],[-1.632605,12.278318],[-1.631638,12.281103],[-1.630307,12.283741],[-1.628635,12.286186],[-1.626651,12.288397],[-1.624388,12.290337],[-1.621885,12.291971],[-1.619186,12.293271],[-1.616336,12.294217],[-1.613384,12.294791],[-1.61038,12.294983]]]},"properties":{"well_id":"GBF-B-006","label":"Tanghin-Dassouri well 006","commune":"Tanghin-Dassouri","province":"Kadiogo","region":"Centre","asset_type":"built","year":"2023","funder":"Newday Impact","population_dependent":320,"status_today":"NEVER_REPORTED","status_month6_illustrative":"WORKING","report_count_month6":8,"pump_type":"Volanta","depth_m":"47","coordinate_confidence":"ILLUSTRATIVE_COMMUNE_CENTROID_PLUS_JITTER","provenance":"ILLUSTRATIVE_STRUCTURE_ONLY","marker_state_today":"NEVER_REPORTED","marker_style":"dashed-outline-no-fill","marker-color":"#E67E22","marker-size":"medium","fill":"#E67E22","fill-opacity":0.9,"stroke":"#FFFFFF","stroke-width":1.5,"stroke-opacity":1}},{"type":"Feature","geometry":{"type":"Polygon","coordinates":[[[-1.37881,12.156723],[-1.375808,12.156531],[-1.372857,12.155957],[-1.370009,12.155011],[-1.367311,12.153711],[-1.364809,12.152077],[-1.362548,12.150137],[-1.360564,12.147926],[-1.358893,12.145481],[-1.357563,12.142843],[-1.356596,12.140058],[-1.35601,12.137174],[-1.355813,12.134239],[-1.35601,12.131304],[-1.356597,12.12842],[-1.357564,12.125635],[-1.358895,12.122998],[-1.360566,12.120553],[-1.36255,12.118342],[-1.364811,12.116403],[-1.367312,12.114769],[-1.37001,12.113468],[-1.372858,12.112523],[-1.375809,12.111949],[-1.37881,12.111757],[-1.381811,12.111949],[-1.384762,12.112523],[-1.38761,12.113468],[-1.390308,12.114769],[-1.392809,12.116403],[-1.39507,12.118342],[-1.397054,12.120553],[-1.398725,12.122998],[-1.400056,12.125635],[-1.401023,12.12842],[-1.40161,12.131304],[-1.401807,12.134239],[-1.40161,12.137174],[-1.401024,12.140058],[-1.400057,12.142843],[-1.398727,12.145481],[-1.397056,12.147926],[-1.395072,12.150137],[-1.392811,12.152077],[-1.390309,12.153711],[-1.387611,12.155011],[-1.384763,12.155957],[-1.381812,12.156531],[-1.37881,12.156723]]]},"properties":{"well_id":"GBF-B-007","label":"Kombissiri well 007","commune":"Kombissiri","province":"Bazega","region":"Centre-Sud","asset_type":"built","year":"2021","funder":"Newday Impact","population_dependent":950,"status_today":"NEVER_REPORTED","status_month6_illustrative":"WORKING_DEGRADING","report_count_month6":12,"pump_type":"India Mark II","depth_m":"47","coordinate_confidence":"ILLUSTRATIVE_COMMUNE_CENTROID_PLUS_JITTER","provenance":"ILLUSTRATIVE_STRUCTURE_ONLY","marker_state_today":"NEVER_REPORTED","marker_style":"dashed-outline-no-fill","marker-color":"#E67E22","marker-size":"medium","fill":"#E67E22","fill-opacity":0.9,"stroke":"#FFFFFF","stroke-width":1.5,"stroke-opacity":1}},{"type":"Feature","geometry":{"type":"Polygon","coordinates":[[[-1.43574,12.405623],[-1.432735,12.405431],[-1.429782,12.404857],[-1.42693,12.403911],[-1.42423,12.402611],[-1.421726,12.400977],[-1.419462,12.399037],[-1.417477,12.396826],[-1.415804,12.394381],[-1.414473,12.391743],[-1.413505,12.388958],[-1.412918,12.386074],[-1.412721,12.383139],[-1.412919,12.380204],[-1.413506,12.37732],[-1.414474,12.374535],[-1.415806,12.371898],[-1.417479,12.369453],[-1.419464,12.367242],[-1.421728,12.365303],[-1.424232,12.363669],[-1.426932,12.362368],[-1.429783,12.361423],[-1.432736,12.360849],[-1.43574,12.360657],[-1.438744,12.360849],[-1.441697,12.361423],[-1.444548,12.362368],[-1.447248,12.363669],[-1.449752,12.365303],[-1.452016,12.367242],[-1.454001,12.369453],[-1.455674,12.371898],[-1.457006,12.374535],[-1.457974,12.37732],[-1.458561,12.380204],[-1.458759,12.383139],[-1.458562,12.386074],[-1.457975,12.388958],[-1.457007,12.391743],[-1.455676,12.394381],[-1.454003,12.396826],[-1.452018,12.399037],[-1.449754,12.400977],[-1.44725,12.402611],[-1.44455,12.403911],[-1.441698,12.404857],[-1.438745,12.405431],[-1.43574,12.405623]]]},"properties":{"well_id":"GBF-B-008","label":"Saaba well 008","commune":"Saaba","province":"Kadiogo","region":"Centre","asset_type":"built","year":"2023","funder":"[PENDING]","population_dependent":3000,"status_today":"NEVER_REPORTED","status_month6_illustrative":"WORKING","report_count_month6":26,"pump_type":"India Mark II","depth_m":"","coordinate_confidence":"ILLUSTRATIVE_COMMUNE_CENTROID_PLUS_JITTER","provenance":"ILLUSTRATIVE_STRUCTURE_ONLY","marker_state_today":"NEVER_REPORTED","marker_style":"dashed-outline-no-fill","marker-color":"#E67E22","marker-size":"medium","fill":"#E67E22","fill-opacity":0.9,"stroke":"#FFFFFF","stroke-width":1.5,"stroke-opacity":1}},{"type":"Feature","geometry":{"type":"Polygon","coordinates":[[[-1.66683,12.558073],[-1.663823,12.557881],[-1.660868,12.557307],[-1.658015,12.556361],[-1.655313,12.555061],[-1.652808,12.553427],[-1.650543,12.551487],[-1.648556,12.549276],[-1.646883,12.546831],[-1.64555,12.544193],[-1.644582,12.541408],[-1.643995,12.538524],[-1.643798,12.535589],[-1.643995,12.532654],[-1.644583,12.52977],[-1.645552,12.526985],[-1.646884,12.524348],[-1.648558,12.521903],[-1.650545,12.519692],[-1.65281,12.517753],[-1.655315,12.516119],[-1.658017,12.514818],[-1.660869,12.513873],[-1.663824,12.513299],[-1.66683,12.513107],[-1.669836,12.513299],[-1.672791,12.513873],[-1.675643,12.514818],[-1.678345,12.516119],[-1.68085,12.517753],[-1.683115,12.519692],[-1.685102,12.521903],[-1.686776,12.524348],[-1.688108,12.526985],[-1.689077,12.52977],[-1.689665,12.532654],[-1.689862,12.535589],[-1.689665,12.538524],[-1.689078,12.541408],[-1.68811,12.544193],[-1.686777,12.546831],[-1.685104,12.549276],[-1.683117,12.551487],[-1.680852,12.553427],[-1.678347,12.555061],[-1.675645,12.556361],[-1.672792,12.557307],[-1.669837,12.557881],[-1.66683,12.558073]]]},"properties":{"well_id":"GBF-B-009","label":"Pabre well 009","commune":"Pabre","province":"Kadiogo","region":"Centre","asset_type":"built","year":"2025","funder":"[PENDING]","population_dependent":3000,"status_today":"NEVER_REPORTED","status_month6_illustrative":"WORKING","report_count_month6":3,"pump_type":"India Mark II","depth_m":"47","coordinate_confidence":"ILLUSTRATIVE_COMMUNE_CENTROID_PLUS_JITTER","provenance":"ILLUSTRATIVE_STRUCTURE_ONLY","marker_state_today":"NEVER_REPORTED","marker_style":"dashed-outline-no-fill","marker-color":"#E67E22","marker-size":"medium","fill":"#E67E22","fill-opacity":0.9,"stroke":"#FFFFFF","stroke-width":1.5,"stroke-opacity":1}},{"type":"Feature","geometry":{"type":"Polygon","coordinates":[[[-1.38304,12.198853],[-1.380038,12.198661],[-1.377087,12.198087],[-1.374237,12.197141],[-1.371539,12.195841],[-1.369037,12.194207],[-1.366775,12.192267],[-1.364792,12.190056],[-1.36312,12.187611],[-1.36179,12.184973],[-1.360823,12.182188],[-1.360236,12.179304],[-1.36004,12.176369],[-1.360237,12.173434],[-1.360824,12.17055],[-1.361791,12.167765],[-1.363122,12.165128],[-1.364793,12.162683],[-1.366777,12.160472],[-1.369039,12.158533],[-1.371541,12.156899],[-1.374239,12.155598],[-1.377088,12.154653],[-1.380038,12.154079],[-1.38304,12.153887],[-1.386042,12.154079],[-1.388992,12.154653],[-1.391841,12.155598],[-1.394539,12.156899],[-1.397041,12.158533],[-1.399303,12.160472],[-1.401287,12.162683],[-1.402958,12.165128],[-1.404289,12.167765],[-1.405256,12.17055],[-1.405843,12.173434],[-1.40604,12.176369],[-1.405844,12.179304],[-1.405257,12.182188],[-1.40429,12.184973],[-1.40296,12.187611],[-1.401288,12.190056],[-1.399305,12.192267],[-1.397043,12.194207],[-1.394541,12.195841],[-1.391843,12.197141],[-1.388993,12.198087],[-1.386042,12.198661],[-1.38304,12.198853]]]},"properties":{"well_id":"GBF-B-010","label":"Koubri well 010","commune":"Koubri","province":"Kadiogo","region":"Centre","asset_type":"built","year":"2021","funder":"[PENDING]","population_dependent":1200,"status_today":"NEVER_REPORTED","status_month6_illustrative":"WORKING","report_count_month6":40,"pump_type":"Vergnet HPV-60","depth_m":"","coordinate_confidence":"ILLUSTRATIVE_COMMUNE_CENTROID_PLUS_JITTER","provenance":"ILLUSTRATIVE_STRUCTURE_ONLY","marker_state_today":"NEVER_REPORTED","marker_style":"dashed-outline-no-fill","marker-color":"#E67E22","marker-size":"medium","fill":"#E67E22","fill-opacity":0.9,"stroke":"#FFFFFF","stroke-width":1.5,"stroke-opacity":1}},{"type":"Feature","geometry":{"type":"Polygon","coordinates":[[[-1.35228,12.019813],[-1.34928,12.019621],[-1.346331,12.019047],[-1.343483,12.018101],[-1.340787,12.016801],[-1.338287,12.015167],[-1.336026,12.013227],[-1.334044,12.011016],[-1.332373,12.008571],[-1.331044,12.005933],[-1.330078,12.003148],[-1.329491,12.000264],[-1.329295,11.997329],[-1.329492,11.994394],[-1.330079,11.99151],[-1.331045,11.988725],[-1.332375,11.986088],[-1.334046,11.983643],[-1.336028,11.981432],[-1.338288,11.979493],[-1.340788,11.977859],[-1.343485,11.976558],[-1.346331,11.975613],[-1.34928,11.975039],[-1.35228,11.974847],[-1.35528,11.975039],[-1.358229,11.975613],[-1.361075,11.976558],[-1.363772,11.977859],[-1.366272,11.979493],[-1.368532,11.981432],[-1.370514,11.983643],[-1.372185,11.986088],[-1.373515,11.988725],[-1.374481,11.99151],[-1.375068,11.994394],[-1.375265,11.997329],[-1.375069,12.000264],[-1.374482,12.003148],[-1.373516,12.005933],[-1.372187,12.008571],[-1.370516,12.011016],[-1.368534,12.013227],[-1.366273,12.015167],[-1.363773,12.016801],[-1.361077,12.018101],[-1.358229,12.019047],[-1.35528,12.019621],[-1.35228,12.019813]]]},"properties":{"well_id":"GBF-B-011","label":"Kombissiri well 011","commune":"Kombissiri","province":"Bazega","region":"Centre-Sud","asset_type":"built","year":"2018","funder":"Individual donors (Water Ball)","population_dependent":3000,"status_today":"NEVER_REPORTED","status_month6_illustrative":"WORKING","report_count_month6":10,"pump_type":"[PENDING]","depth_m":"52","coordinate_confidence":"ILLUSTRATIVE_COMMUNE_CENTROID_PLUS_JITTER","provenance":"ILLUSTRATIVE_STRUCTURE_ONLY","marker_state_today":"NEVER_REPORTED","marker_style":"dashed-outline-no-fill","marker-color":"#E67E22","marker-size":"medium","fill":"#E67E22","fill-opacity":0.9,"stroke":"#FFFFFF","stroke-width":1.5,"stroke-opacity":1}},{"type":"Feature","geometry":{"type":"Polygon","coordinates":[[[-1.95415,12.655163],[-1.951142,12.654971],[-1.948186,12.654397],[-1.945332,12.653451],[-1.942629,12.652151],[-1.940123,12.650517],[-1.937857,12.648577],[-1.93587,12.646366],[-1.934195,12.643921],[-1.932862,12.641283],[-1.931894,12.638498],[-1.931306,12.635614],[-1.931109,12.632679],[-1.931307,12.629744],[-1.931895,12.62686],[-1.932864,12.624075],[-1.934197,12.621438],[-1.935871,12.618993],[-1.937859,12.616782],[-1.940125,12.614843],[-1.94263,12.613209],[-1.945333,12.611908],[-1.948187,12.610963],[-1.951143,12.610389],[-1.95415,12.610197],[-1.957157,12.610389],[-1.960113,12.610963],[-1.962967,12.611908],[-1.96567,12.613209],[-1.968175,12.614843],[-1.970441,12.616782],[-1.972429,12.618993],[-1.974103,12.621438],[-1.975436,12.624075],[-1.976405,12.62686],[-1.976993,12.629744],[-1.977191,12.632679],[-1.976994,12.635614],[-1.976406,12.638498],[-1.975438,12.641283],[-1.974105,12.643921],[-1.97243,12.646366],[-1.970443,12.648577],[-1.968177,12.650517],[-1.965671,12.652151],[-1.962968,12.653451],[-1.960114,12.654397],[-1.957158,12.654971],[-1.95415,12.655163]]]},"properties":{"well_id":"GBF-B-012","label":"Bouss\u00e9 well 012","commune":"Bouss\u00e9","province":"Kourweogo","region":"Plateau-Central","asset_type":"built","year":"2018","funder":"[PENDING]","population_dependent":2600,"status_today":"NEVER_REPORTED","status_month6_illustrative":"WORKING_DEGRADING","report_count_month6":10,"pump_type":"Volanta","depth_m":"34","coordinate_confidence":"ILLUSTRATIVE_COMMUNE_CENTROID_PLUS_JITTER","provenance":"ILLUSTRATIVE_STRUCTURE_ONLY","marker_state_today":"NEVER_REPORTED","marker_style":"dashed-outline-no-fill","marker-color":"#E67E22","marker-size":"medium","fill":"#E67E22","fill-opacity":0.9,"stroke":"#FFFFFF","stroke-width":1.5,"stroke-opacity":1}},{"type":"Feature","geometry":{"type":"Polygon","coordinates":[[[-1.40513,12.161403],[-1.402128,12.161211],[-1.399177,12.160637],[-1.396329,12.159691],[-1.393631,12.158391],[-1.391129,12.156757],[-1.388868,12.154817],[-1.386884,12.152606],[-1.385213,12.150161],[-1.383883,12.147523],[-1.382916,12.144738],[-1.382329,12.141854],[-1.382133,12.138919],[-1.38233,12.135984],[-1.382917,12.1331],[-1.383884,12.130315],[-1.385215,12.127678],[-1.386886,12.125233],[-1.388869,12.123022],[-1.391131,12.121083],[-1.393632,12.119449],[-1.39633,12.118148],[-1.399178,12.117203],[-1.402129,12.116629],[-1.40513,12.116437],[-1.408131,12.116629],[-1.411082,12.117203],[-1.41393,12.118148],[-1.416628,12.119449],[-1.419129,12.121083],[-1.421391,12.123022],[-1.423374,12.125233],[-1.425045,12.127678],[-1.426376,12.130315],[-1.427343,12.1331],[-1.42793,12.135984],[-1.428127,12.138919],[-1.427931,12.141854],[-1.427344,12.144738],[-1.426377,12.147523],[-1.425047,12.150161],[-1.423376,12.152606],[-1.421392,12.154817],[-1.419131,12.156757],[-1.416629,12.158391],[-1.413931,12.159691],[-1.411083,12.160637],[-1.408132,12.161211],[-1.40513,12.161403]]]},"properties":{"well_id":"GBF-B-013","label":"Kombissiri well 013","commune":"Kombissiri","province":"Bazega","region":"Centre-Sud","asset_type":"built","year":"2024","funder":"Newday Impact","population_dependent":650,"status_today":"NEVER_REPORTED","status_month6_illustrative":"WORKING","report_count_month6":38,"pump_type":"Vergnet HPV-60","depth_m":"","coordinate_confidence":"ILLUSTRATIVE_COMMUNE_CENTROID_PLUS_JITTER","provenance":"ILLUSTRATIVE_STRUCTURE_ONLY","marker_state_today":"NEVER_REPORTED","marker_style":"dashed-outline-no-fill","marker-color":"#E67E22","marker-size":"medium","fill":"#E67E22","fill-opacity":0.9,"stroke":"#FFFFFF","stroke-width":1.5,"stroke-opacity":1}},{"type":"Feature","geometry":{"type":"Polygon","coordinates":[[[-1.39208,12.244323],[-1.389077,12.244131],[-1.386126,12.243557],[-1.383276,12.242611],[-1.380577,12.241311],[-1.378075,12.239677],[-1.375812,12.237737],[-1.373828,12.235526],[-1.372157,12.233081],[-1.370826,12.230443],[-1.369859,12.227658],[-1.369272,12.224774],[-1.369076,12.221839],[-1.369273,12.218904],[-1.36986,12.21602],[-1.370827,12.213235],[-1.372158,12.210598],[-1.37383,12.208153],[-1.375814,12.205942],[-1.378077,12.204003],[-1.380579,12.202369],[-1.383277,12.201068],[-1.386127,12.200123],[-1.389078,12.199549],[-1.39208,12.199357],[-1.395082,12.199549],[-1.398033,12.200123],[-1.400883,12.201068],[-1.403581,12.202369],[-1.406083,12.204003],[-1.408346,12.205942],[-1.41033,12.208153],[-1.412002,12.210598],[-1.413333,12.213235],[-1.4143,12.21602],[-1.414887,12.218904],[-1.415084,12.221839],[-1.414888,12.224774],[-1.414301,12.227658],[-1.413334,12.230443],[-1.412003,12.233081],[-1.410332,12.235526],[-1.408348,12.237737],[-1.406085,12.239677],[-1.403583,12.241311],[-1.400884,12.242611],[-1.398034,12.243557],[-1.395083,12.244131],[-1.39208,12.244323]]]},"properties":{"well_id":"GBF-B-014","label":"Koubri well 014","commune":"Koubri","province":"Kadiogo","region":"Centre","asset_type":"built","year":"2021","funder":"[PENDING]","population_dependent":2600,"status_today":"NEVER_REPORTED","status_month6_illustrative":"WORKING","report_count_month6":26,"pump_type":"Volanta","depth_m":"","coordinate_confidence":"ILLUSTRATIVE_COMMUNE_CENTROID_PLUS_JITTER","provenance":"ILLUSTRATIVE_STRUCTURE_ONLY","marker_state_today":"NEVER_REPORTED","marker_style":"dashed-outline-no-fill","marker-color":"#E67E22","marker-size":"medium","fill":"#E67E22","fill-opacity":0.9,"stroke":"#FFFFFF","stroke-width":1.5,"stroke-opacity":1}},{"type":"Feature","geometry":{"type":"Polygon","coordinates":[[[-1.7448,12.212883],[-1.741797,12.212691],[-1.738846,12.212117],[-1.735997,12.211171],[-1.733298,12.209871],[-1.730797,12.208237],[-1.728534,12.206297],[-1.726551,12.204086],[-1.724879,12.201641],[-1.723549,12.199003],[-1.722582,12.196218],[-1.721995,12.193334],[-1.721798,12.190399],[-1.721995,12.187464],[-1.722583,12.18458],[-1.72355,12.181795],[-1.724881,12.179158],[-1.726552,12.176713],[-1.728536,12.174502],[-1.730798,12.172563],[-1.7333,12.170929],[-1.735998,12.169628],[-1.738847,12.168683],[-1.741798,12.168109],[-1.7448,12.167917],[-1.747802,12.168109],[-1.750753,12.168683],[-1.753602,12.169628],[-1.7563,12.170929],[-1.758802,12.172563],[-1.761064,12.174502],[-1.763048,12.176713],[-1.764719,12.179158],[-1.76605,12.181795],[-1.767017,12.18458],[-1.767605,12.187464],[-1.767802,12.190399],[-1.767605,12.193334],[-1.767018,12.196218],[-1.766051,12.199003],[-1.764721,12.201641],[-1.763049,12.204086],[-1.761066,12.206297],[-1.758803,12.208237],[-1.756302,12.209871],[-1.753603,12.211171],[-1.750754,12.212117],[-1.747803,12.212691],[-1.7448,12.212883]]]},"properties":{"well_id":"GBF-B-015","label":"Tanghin-Dassouri well 015","commune":"Tanghin-Dassouri","province":"Kadiogo","region":"Centre","asset_type":"built","year":"2020","funder":"Individual donors (Water Ball)","population_dependent":800,"status_today":"NEVER_REPORTED","status_month6_illustrative":"WORKING","report_count_month6":9,"pump_type":"India Mark II","depth_m":"47","coordinate_confidence":"ILLUSTRATIVE_COMMUNE_CENTROID_PLUS_JITTER","provenance":"ILLUSTRATIVE_STRUCTURE_ONLY","marker_state_today":"NEVER_REPORTED","marker_style":"dashed-outline-no-fill","marker-color":"#E67E22","marker-size":"medium","fill":"#E67E22","fill-opacity":0.9,"stroke":"#FFFFFF","stroke-width":1.5,"stroke-opacity":1}},{"type":"Feature","geometry":{"type":"Polygon","coordinates":[[[-2.07331,12.219703],[-2.070307,12.219511],[-2.067356,12.218937],[-2.064507,12.217991],[-2.061808,12.216691],[-2.059306,12.215057],[-2.057044,12.213117],[-2.05506,12.210906],[-2.053389,12.208461],[-2.052058,12.205823],[-2.051091,12.203038],[-2.050504,12.200154],[-2.050308,12.197219],[-2.050505,12.194284],[-2.051092,12.1914],[-2.052059,12.188615],[-2.05339,12.185978],[-2.055062,12.183533],[-2.057046,12.181322],[-2.059308,12.179383],[-2.06181,12.177749],[-2.064508,12.176448],[-2.067357,12.175503],[-2.070308,12.174929],[-2.07331,12.174737],[-2.076312,12.174929],[-2.079263,12.175503],[-2.082112,12.176448],[-2.08481,12.177749],[-2.087312,12.179383],[-2.089574,12.181322],[-2.091558,12.183533],[-2.09323,12.185978],[-2.094561,12.188615],[-2.095528,12.1914],[-2.096115,12.194284],[-2.096312,12.197219],[-2.096116,12.200154],[-2.095529,12.203038],[-2.094562,12.205823],[-2.093231,12.208461],[-2.09156,12.210906],[-2.089576,12.213117],[-2.087314,12.215057],[-2.084812,12.216691],[-2.082113,12.217991],[-2.079264,12.218937],[-2.076313,12.219511],[-2.07331,12.219703]]]},"properties":{"well_id":"GBF-B-016","label":"Kokologho well 016","commune":"Kokologho","province":"Boulkiemde","region":"Centre-Ouest","asset_type":"built","year":"2021","funder":"[PENDING]","population_dependent":320,"status_today":"NEVER_REPORTED","status_month6_illustrative":"BROKEN","report_count_month6":38,"pump_type":"India Mark II","depth_m":"","coordinate_confidence":"ILLUSTRATIVE_COMMUNE_CENTROID_PLUS_JITTER","provenance":"ILLUSTRATIVE_STRUCTURE_ONLY","marker_state_today":"NEVER_REPORTED","marker_style":"dashed-outline-no-fill","marker-color":"#E67E22","marker-size":"medium","fill":"#E67E22","fill-opacity":0.9,"stroke":"#FFFFFF","stroke-width":1.5,"stroke-opacity":1}},{"type":"Feature","geometry":{"type":"Polygon","coordinates":[[[-1.5706,12.513643],[-1.567594,12.513451],[-1.564639,12.512877],[-1.561787,12.511931],[-1.559085,12.510631],[-1.55658,12.508997],[-1.554316,12.507057],[-1.55233,12.504846],[-1.550656,12.502401],[-1.549324,12.499763],[-1.548356,12.496978],[-1.547769,12.494094],[-1.547572,12.491159],[-1.547769,12.488224],[-1.548357,12.48534],[-1.549325,12.482555],[-1.550658,12.479918],[-1.552332,12.477473],[-1.554318,12.475262],[-1.556582,12.473323],[-1.559087,12.471689],[-1.561788,12.470388],[-1.56464,12.469443],[-1.567594,12.468869],[-1.5706,12.468677],[-1.573606,12.468869],[-1.57656,12.469443],[-1.579412,12.470388],[-1.582113,12.471689],[-1.584618,12.473323],[-1.586882,12.475262],[-1.588868,12.477473],[-1.590542,12.479918],[-1.591875,12.482555],[-1.592843,12.48534],[-1.593431,12.488224],[-1.593628,12.491159],[-1.593431,12.494094],[-1.592844,12.496978],[-1.591876,12.499763],[-1.590544,12.502401],[-1.58887,12.504846],[-1.586884,12.507057],[-1.58462,12.508997],[-1.582115,12.510631],[-1.579413,12.511931],[-1.576561,12.512877],[-1.573606,12.513451],[-1.5706,12.513643]]]},"properties":{"well_id":"GBF-B-017","label":"Pabre well 017","commune":"Pabre","province":"Kadiogo","region":"Centre","asset_type":"built","year":"2018","funder":"[PENDING]","population_dependent":240,"status_today":"NEVER_REPORTED","status_month6_illustrative":"WORKING_DEGRADING","report_count_month6":22,"pump_type":"India Mark II","depth_m":"41","coordinate_confidence":"ILLUSTRATIVE_COMMUNE_CENTROID_PLUS_JITTER","provenance":"ILLUSTRATIVE_STRUCTURE_ONLY","marker_state_today":"NEVER_REPORTED","marker_style":"dashed-outline-no-fill","marker-color":"#E67E22","marker-size":"medium","fill":"#E67E22","fill-opacity":0.9,"stroke":"#FFFFFF","stroke-width":1.5,"stroke-opacity":1}},{"type":"Feature","geometry":{"type":"Polygon","coordinates":[[[-1.63351,12.102093],[-1.630509,12.101901],[-1.627559,12.101327],[-1.624711,12.100381],[-1.622013,12.099081],[-1.619512,12.097447],[-1.617251,12.095507],[-1.615268,12.093296],[-1.613597,12.090851],[-1.612267,12.088213],[-1.611301,12.085428],[-1.610714,12.082544],[-1.610518,12.079609],[-1.610715,12.076674],[-1.611302,12.07379],[-1.612269,12.071005],[-1.613599,12.068368],[-1.61527,12.065923],[-1.617253,12.063712],[-1.619514,12.061773],[-1.622015,12.060139],[-1.624712,12.058838],[-1.62756,12.057893],[-1.630509,12.057319],[-1.63351,12.057127],[-1.636511,12.057319],[-1.63946,12.057893],[-1.642308,12.058838],[-1.645005,12.060139],[-1.647506,12.061773],[-1.649767,12.063712],[-1.65175,12.065923],[-1.653421,12.068368],[-1.654751,12.071005],[-1.655718,12.07379],[-1.656305,12.076674],[-1.656502,12.079609],[-1.656306,12.082544],[-1.655719,12.085428],[-1.654753,12.088213],[-1.653423,12.090851],[-1.651752,12.093296],[-1.649769,12.095507],[-1.647508,12.097447],[-1.645007,12.099081],[-1.642309,12.100381],[-1.639461,12.101327],[-1.636511,12.101901],[-1.63351,12.102093]]]},"properties":{"well_id":"GBF-B-018","label":"Doulougou well 018","commune":"Doulougou","province":"Bazega","region":"Centre-Sud","asset_type":"built","year":"2017","funder":"L'Oreal Fund for Women","population_dependent":950,"status_today":"NEVER_REPORTED","status_month6_illustrative":"WORKING","report_count_month6":31,"pump_type":"Volanta","depth_m":"58","coordinate_confidence":"ILLUSTRATIVE_COMMUNE_CENTROID_PLUS_JITTER","provenance":"ILLUSTRATIVE_STRUCTURE_ONLY","marker_state_today":"NEVER_REPORTED","marker_style":"dashed-outline-no-fill","marker-color":"#E67E22","marker-size":"medium","fill":"#E67E22","fill-opacity":0.9,"stroke":"#FFFFFF","stroke-width":1.5,"stroke-opacity":1}},{"type":"Feature","geometry":{"type":"Polygon","coordinates":[[[-1.44284,12.126203],[-1.439838,12.126011],[-1.436888,12.125437],[-1.43404,12.124491],[-1.431342,12.123191],[-1.428841,12.121557],[-1.42658,12.119617],[-1.424597,12.117406],[-1.422926,12.114961],[-1.421595,12.112323],[-1.420629,12.109538],[-1.420042,12.106654],[-1.419846,12.103719],[-1.420043,12.100784],[-1.42063,12.0979],[-1.421597,12.095115],[-1.422927,12.092478],[-1.424598,12.090033],[-1.426582,12.087822],[-1.428843,12.085883],[-1.431344,12.084249],[-1.434041,12.082948],[-1.436889,12.082003],[-1.439839,12.081429],[-1.44284,12.081237],[-1.445841,12.081429],[-1.448791,12.082003],[-1.451639,12.082948],[-1.454336,12.084249],[-1.456837,12.085883],[-1.459098,12.087822],[-1.461082,12.090033],[-1.462753,12.092478],[-1.464083,12.095115],[-1.46505,12.0979],[-1.465637,12.100784],[-1.465834,12.103719],[-1.465638,12.106654],[-1.465051,12.109538],[-1.464085,12.112323],[-1.462754,12.114961],[-1.461083,12.117406],[-1.4591,12.119617],[-1.456839,12.121557],[-1.454338,12.123191],[-1.45164,12.124491],[-1.448792,12.125437],[-1.445842,12.126011],[-1.44284,12.126203]]]},"properties":{"well_id":"GBF-B-019","label":"Koubri well 019","commune":"Koubri","province":"Kadiogo","region":"Centre","asset_type":"built","year":"2023","funder":"[PENDING]","population_dependent":1200,"status_today":"NEVER_REPORTED","status_month6_illustrative":"WORKING","report_count_month6":27,"pump_type":"[PENDING]","depth_m":"58","coordinate_confidence":"ILLUSTRATIVE_COMMUNE_CENTROID_PLUS_JITTER","provenance":"ILLUSTRATIVE_STRUCTURE_ONLY","marker_state_today":"NEVER_REPORTED","marker_style":"dashed-outline-no-fill","marker-color":"#E67E22","marker-size":"medium","fill":"#E67E22","fill-opacity":0.9,"stroke":"#FFFFFF","stroke-width":1.5,"stroke-opacity":1}},{"type":"Feature","geometry":{"type":"Polygon","coordinates":[[[-1.57168,12.119723],[-1.568678,12.119531],[-1.565728,12.118957],[-1.56288,12.118011],[-1.560182,12.116711],[-1.557681,12.115077],[-1.55542,12.113137],[-1.553437,12.110926],[-1.551766,12.108481],[-1.550436,12.105843],[-1.549469,12.103058],[-1.548883,12.100174],[-1.548686,12.097239],[-1.548883,12.094304],[-1.54947,12.09142],[-1.550437,12.088635],[-1.551768,12.085998],[-1.553439,12.083553],[-1.555422,12.081342],[-1.557683,12.079403],[-1.560184,12.077769],[-1.562881,12.076468],[-1.565729,12.075523],[-1.568679,12.074949],[-1.57168,12.074757],[-1.574681,12.074949],[-1.577631,12.075523],[-1.580479,12.076468],[-1.583176,12.077769],[-1.585677,12.079403],[-1.587938,12.081342],[-1.589921,12.083553],[-1.591592,12.085998],[-1.592923,12.088635],[-1.59389,12.09142],[-1.594477,12.094304],[-1.594674,12.097239],[-1.594477,12.100174],[-1.593891,12.103058],[-1.592924,12.105843],[-1.591594,12.108481],[-1.589923,12.110926],[-1.58794,12.113137],[-1.585679,12.115077],[-1.583178,12.116711],[-1.58048,12.118011],[-1.577632,12.118957],[-1.574682,12.119531],[-1.57168,12.119723]]]},"properties":{"well_id":"GBF-B-020","label":"Doulougou well 020","commune":"Doulougou","province":"Bazega","region":"Centre-Sud","asset_type":"built","year":"2022","funder":"[PENDING]","population_dependent":1800,"status_today":"NEVER_REPORTED","status_month6_illustrative":"BROKEN","report_count_month6":35,"pump_type":"[PENDING]","depth_m":"","coordinate_confidence":"ILLUSTRATIVE_COMMUNE_CENTROID_PLUS_JITTER","provenance":"ILLUSTRATIVE_STRUCTURE_ONLY","marker_state_today":"NEVER_REPORTED","marker_style":"dashed-outline-no-fill","marker-color":"#E67E22","marker-size":"medium","fill":"#E67E22","fill-opacity":0.9,"stroke":"#FFFFFF","stroke-width":1.5,"stroke-opacity":1}},{"type":"Feature","geometry":{"type":"Polygon","coordinates":[[[-1.61128,12.234123],[-1.608277,12.233931],[-1.605326,12.233357],[-1.602476,12.232411],[-1.599777,12.231111],[-1.597275,12.229477],[-1.595013,12.227537],[-1.593029,12.225326],[-1.591358,12.222881],[-1.590027,12.220243],[-1.58906,12.217458],[-1.588473,12.214574],[-1.588276,12.211639],[-1.588474,12.208704],[-1.589061,12.20582],[-1.590028,12.203035],[-1.591359,12.200398],[-1.593031,12.197953],[-1.595015,12.195742],[-1.597277,12.193803],[-1.599779,12.192169],[-1.602478,12.190868],[-1.605327,12.189923],[-1.608278,12.189349],[-1.61128,12.189157],[-1.614282,12.189349],[-1.617233,12.189923],[-1.620082,12.190868],[-1.622781,12.192169],[-1.625283,12.193803],[-1.627545,12.195742],[-1.629529,12.197953],[-1.631201,12.200398],[-1.632532,12.203035],[-1.633499,12.20582],[-1.634086,12.208704],[-1.634284,12.211639],[-1.634087,12.214574],[-1.6335,12.217458],[-1.632533,12.220243],[-1.631202,12.222881],[-1.629531,12.225326],[-1.627547,12.227537],[-1.625285,12.229477],[-1.622783,12.231111],[-1.620084,12.232411],[-1.617234,12.233357],[-1.614283,12.233931],[-1.61128,12.234123]]]},"properties":{"well_id":"GBF-B-021","label":"Tanghin-Dassouri well 021","commune":"Tanghin-Dassouri","province":"Kadiogo","region":"Centre","asset_type":"built","year":"2019","funder":"[PENDING]","population_dependent":3000,"status_today":"NEVER_REPORTED","status_month6_illustrative":"WORKING","report_count_month6":40,"pump_type":"India Mark II","depth_m":"","coordinate_confidence":"ILLUSTRATIVE_COMMUNE_CENTROID_PLUS_JITTER","provenance":"ILLUSTRATIVE_STRUCTURE_ONLY","marker_state_today":"NEVER_REPORTED","marker_style":"dashed-outline-no-fill","marker-color":"#E67E22","marker-size":"medium","fill":"#E67E22","fill-opacity":0.9,"stroke":"#FFFFFF","stroke-width":1.5,"stroke-opacity":1}},{"type":"Feature","geometry":{"type":"Polygon","coordinates":[[[-1.4502,12.241073],[-1.447197,12.240881],[-1.444246,12.240307],[-1.441396,12.239361],[-1.438697,12.238061],[-1.436195,12.236427],[-1.433933,12.234487],[-1.431949,12.232276],[-1.430277,12.229831],[-1.428946,12.227193],[-1.427979,12.224408],[-1.427392,12.221524],[-1.427196,12.218589],[-1.427393,12.215654],[-1.42798,12.21277],[-1.428948,12.209985],[-1.430279,12.207348],[-1.431951,12.204903],[-1.433935,12.202692],[-1.436197,12.200753],[-1.438699,12.199119],[-1.441397,12.197818],[-1.444247,12.196873],[-1.447198,12.196299],[-1.4502,12.196107],[-1.453202,12.196299],[-1.456153,12.196873],[-1.459003,12.197818],[-1.461701,12.199119],[-1.464203,12.200753],[-1.466465,12.202692],[-1.468449,12.204903],[-1.470121,12.207348],[-1.471452,12.209985],[-1.47242,12.21277],[-1.473007,12.215654],[-1.473204,12.218589],[-1.473008,12.221524],[-1.472421,12.224408],[-1.471454,12.227193],[-1.470123,12.229831],[-1.468451,12.232276],[-1.466467,12.234487],[-1.464205,12.236427],[-1.461703,12.238061],[-1.459004,12.239361],[-1.456154,12.240307],[-1.453203,12.240881],[-1.4502,12.241073]]]},"properties":{"well_id":"GBF-R-022","label":"Koubri well 022","commune":"Koubri","province":"Kadiogo","region":"Centre","asset_type":"restored","year":"2022","funder":"[PENDING]","population_dependent":950,"status_today":"NEVER_REPORTED","status_month6_illustrative":"WORKING","report_count_month6":12,"pump_type":"India Mark II","depth_m":"41","coordinate_confidence":"ILLUSTRATIVE_COMMUNE_CENTROID_PLUS_JITTER","provenance":"ILLUSTRATIVE_STRUCTURE_ONLY","marker_state_today":"NEVER_REPORTED","marker_style":"dashed-outline-no-fill","marker-color":"#E67E22","marker-size":"medium","fill":"#E67E22","fill-opacity":0.9,"stroke":"#FFFFFF","stroke-width":1.5,"stroke-opacity":1}},{"type":"Feature","geometry":{"type":"Polygon","coordinates":[[[-1.61827,12.211623],[-1.615267,12.211431],[-1.612316,12.210857],[-1.609467,12.209911],[-1.606768,12.208611],[-1.604267,12.206977],[-1.602004,12.205037],[-1.600021,12.202826],[-1.598349,12.200381],[-1.597019,12.197743],[-1.596052,12.194958],[-1.595465,12.192074],[-1.595268,12.189139],[-1.595465,12.186204],[-1.596053,12.18332],[-1.59702,12.180535],[-1.598351,12.177898],[-1.600023,12.175453],[-1.602006,12.173242],[-1.604268,12.171303],[-1.60677,12.169669],[-1.609468,12.168368],[-1.612317,12.167423],[-1.615268,12.166849],[-1.61827,12.166657],[-1.621272,12.166849],[-1.624223,12.167423],[-1.627072,12.168368],[-1.62977,12.169669],[-1.632272,12.171303],[-1.634534,12.173242],[-1.636517,12.175453],[-1.638189,12.177898],[-1.63952,12.180535],[-1.640487,12.18332],[-1.641075,12.186204],[-1.641272,12.189139],[-1.641075,12.192074],[-1.640488,12.194958],[-1.639521,12.197743],[-1.638191,12.200381],[-1.636519,12.202826],[-1.634536,12.205037],[-1.632273,12.206977],[-1.629772,12.208611],[-1.627073,12.209911],[-1.624224,12.210857],[-1.621273,12.211431],[-1.61827,12.211623]]]},"properties":{"well_id":"GBF-R-023","label":"Tanghin-Dassouri well 023","commune":"Tanghin-Dassouri","province":"Kadiogo","region":"Centre","asset_type":"restored","year":"2024","funder":"L'Oreal Fund for Women","population_dependent":800,"status_today":"NEVER_REPORTED","status_month6_illustrative":"WORKING_DEGRADING","report_count_month6":12,"pump_type":"Vergnet HPV-60","depth_m":"47","coordinate_confidence":"ILLUSTRATIVE_COMMUNE_CENTROID_PLUS_JITTER","provenance":"ILLUSTRATIVE_STRUCTURE_ONLY","marker_state_today":"NEVER_REPORTED","marker_style":"dashed-outline-no-fill","marker-color":"#E67E22","marker-size":"medium","fill":"#E67E22","fill-opacity":0.9,"stroke":"#FFFFFF","stroke-width":1.5,"stroke-opacity":1}},{"type":"Feature","geometry":{"type":"Polygon","coordinates":[[[-1.49707,12.053003],[-1.494069,12.052811],[-1.49112,12.052237],[-1.488272,12.051291],[-1.485575,12.049991],[-1.483075,12.048357],[-1.480814,12.046417],[-1.478832,12.044206],[-1.477161,12.041761],[-1.475831,12.039123],[-1.474865,12.036338],[-1.474278,12.033454],[-1.474082,12.030519],[-1.474279,12.027584],[-1.474866,12.0247],[-1.475833,12.021915],[-1.477163,12.019278],[-1.478833,12.016833],[-1.480816,12.014622],[-1.483077,12.012683],[-1.485577,12.011049],[-1.488274,12.009748],[-1.491121,12.008803],[-1.49407,12.008229],[-1.49707,12.008037],[-1.50007,12.008229],[-1.503019,12.008803],[-1.505866,12.009748],[-1.508563,12.011049],[-1.511063,12.012683],[-1.513324,12.014622],[-1.515307,12.016833],[-1.516977,12.019278],[-1.518307,12.021915],[-1.519274,12.0247],[-1.519861,12.027584],[-1.520058,12.030519],[-1.519862,12.033454],[-1.519275,12.036338],[-1.518309,12.039123],[-1.516979,12.041761],[-1.515308,12.044206],[-1.513326,12.046417],[-1.511065,12.048357],[-1.508565,12.049991],[-1.505868,12.051291],[-1.50302,12.052237],[-1.500071,12.052811],[-1.49707,12.053003]]]},"properties":{"well_id":"GBF-R-024","label":"Doulougou well 024","commune":"Doulougou","province":"Bazega","region":"Centre-Sud","asset_type":"restored","year":"2023","funder":"[PENDING]","population_dependent":320,"status_today":"NEVER_REPORTED","status_month6_illustrative":"WORKING_DEGRADING","report_count_month6":22,"pump_type":"Volanta","depth_m":"52","coordinate_confidence":"ILLUSTRATIVE_COMMUNE_CENTROID_PLUS_JITTER","provenance":"ILLUSTRATIVE_STRUCTURE_ONLY","marker_state_today":"NEVER_REPORTED","marker_style":"dashed-outline-no-fill","marker-color":"#E67E22","marker-size":"medium","fill":"#E67E22","fill-opacity":0.9,"stroke":"#FFFFFF","stroke-width":1.5,"stroke-opacity":1}},{"type":"Feature","geometry":{"type":"Polygon","coordinates":[[[-1.74568,11.581743],[-1.742684,11.581551],[-1.73974,11.580977],[-1.736897,11.580031],[-1.734205,11.578731],[-1.731709,11.577097],[-1.729452,11.575157],[-1.727473,11.572946],[-1.725805,11.570501],[-1.724478,11.567863],[-1.723513,11.565078],[-1.722928,11.562194],[-1.722732,11.559259],[-1.722928,11.556324],[-1.723514,11.55344],[-1.724479,11.550655],[-1.725807,11.548018],[-1.727475,11.545573],[-1.729454,11.543362],[-1.731711,11.541423],[-1.734207,11.539789],[-1.736899,11.538488],[-1.739741,11.537543],[-1.742685,11.536969],[-1.74568,11.536777],[-1.748675,11.536969],[-1.751619,11.537543],[-1.754461,11.538488],[-1.757153,11.539789],[-1.759649,11.541423],[-1.761906,11.543362],[-1.763885,11.545573],[-1.765553,11.548018],[-1.766881,11.550655],[-1.767846,11.55344],[-1.768432,11.556324],[-1.768628,11.559259],[-1.768432,11.562194],[-1.767847,11.565078],[-1.766882,11.567863],[-1.765555,11.570501],[-1.763887,11.572946],[-1.761908,11.575157],[-1.759651,11.577097],[-1.757155,11.578731],[-1.754463,11.580031],[-1.75162,11.580977],[-1.748676,11.581551],[-1.74568,11.581743]]]},"properties":{"well_id":"GBF-R-025","label":"Sapouy well 025","commune":"Sapouy","province":"Ziro","region":"Centre-Ouest","asset_type":"restored","year":"2019","funder":"School partner network","population_dependent":650,"status_today":"NEVER_REPORTED","status_month6_illustrative":"WORKING_DEGRADING","report_count_month6":18,"pump_type":"India Mark II","depth_m":"","coordinate_confidence":"ILLUSTRATIVE_COMMUNE_CENTROID_PLUS_JITTER","provenance":"ILLUSTRATIVE_STRUCTURE_ONLY","marker_state_today":"NEVER_REPORTED","marker_style":"dashed-outline-no-fill","marker-color":"#E67E22","marker-size":"medium","fill":"#E67E22","fill-opacity":0.9,"stroke":"#FFFFFF","stroke-width":1.5,"stroke-opacity":1}},{"type":"Feature","geometry":{"type":"Polygon","coordinates":[[[-1.60208,12.262523],[-1.599077,12.262331],[-1.596125,12.261757],[-1.593275,12.260811],[-1.590576,12.259511],[-1.588074,12.257877],[-1.585811,12.255937],[-1.583827,12.253726],[-1.582155,12.251281],[-1.580825,12.248643],[-1.579857,12.245858],[-1.579271,12.242974],[-1.579074,12.240039],[-1.579271,12.237104],[-1.579858,12.23422],[-1.580826,12.231435],[-1.582157,12.228798],[-1.583829,12.226353],[-1.585813,12.224142],[-1.588076,12.222203],[-1.590578,12.220569],[-1.593277,12.219268],[-1.596126,12.218323],[-1.599077,12.217749],[-1.60208,12.217557],[-1.605083,12.217749],[-1.608034,12.218323],[-1.610883,12.219268],[-1.613582,12.220569],[-1.616084,12.222203],[-1.618347,12.224142],[-1.620331,12.226353],[-1.622003,12.228798],[-1.623334,12.231435],[-1.624302,12.23422],[-1.624889,12.237104],[-1.625086,12.240039],[-1.624889,12.242974],[-1.624303,12.245858],[-1.623335,12.248643],[-1.622005,12.251281],[-1.620333,12.253726],[-1.618349,12.255937],[-1.616086,12.257877],[-1.613584,12.259511],[-1.610885,12.260811],[-1.608035,12.261757],[-1.605083,12.262331],[-1.60208,12.262523]]]},"properties":{"well_id":"GBF-R-026","label":"Komsilga well 026","commune":"Komsilga","province":"Kadiogo","region":"Centre","asset_type":"restored","year":"2023","funder":"[PENDING]","population_dependent":410,"status_today":"NEVER_REPORTED","status_month6_illustrative":"WORKING","report_count_month6":37,"pump_type":"India Mark II","depth_m":"52","coordinate_confidence":"ILLUSTRATIVE_COMMUNE_CENTROID_PLUS_JITTER","provenance":"ILLUSTRATIVE_STRUCTURE_ONLY","marker_state_today":"NEVER_REPORTED","marker_style":"dashed-outline-no-fill","marker-color":"#E67E22","marker-size":"medium","fill":"#E67E22","fill-opacity":0.9,"stroke":"#FFFFFF","stroke-width":1.5,"stroke-opacity":1}},{"type":"Feature","geometry":{"type":"Polygon","coordinates":[[[-1.75316,12.198923],[-1.750158,12.198731],[-1.747207,12.198157],[-1.744357,12.197211],[-1.741659,12.195911],[-1.739157,12.194277],[-1.736895,12.192337],[-1.734912,12.190126],[-1.73324,12.187681],[-1.73191,12.185043],[-1.730943,12.182258],[-1.730356,12.179374],[-1.73016,12.176439],[-1.730357,12.173504],[-1.730944,12.17062],[-1.731911,12.167835],[-1.733242,12.165198],[-1.734913,12.162753],[-1.736897,12.160542],[-1.739159,12.158603],[-1.741661,12.156969],[-1.744359,12.155668],[-1.747208,12.154723],[-1.750158,12.154149],[-1.75316,12.153957],[-1.756162,12.154149],[-1.759112,12.154723],[-1.761961,12.155668],[-1.764659,12.156969],[-1.767161,12.158603],[-1.769423,12.160542],[-1.771407,12.162753],[-1.773078,12.165198],[-1.774409,12.167835],[-1.775376,12.17062],[-1.775963,12.173504],[-1.77616,12.176439],[-1.775964,12.179374],[-1.775377,12.182258],[-1.77441,12.185043],[-1.77308,12.187681],[-1.771408,12.190126],[-1.769425,12.192337],[-1.767163,12.194277],[-1.764661,12.195911],[-1.761963,12.197211],[-1.759113,12.198157],[-1.756162,12.198731],[-1.75316,12.198923]]]},"properties":{"well_id":"GBF-R-027","label":"Tanghin-Dassouri well 027","commune":"Tanghin-Dassouri","province":"Kadiogo","region":"Centre","asset_type":"restored","year":"2023","funder":"Individual donors (Water Ball)","population_dependent":410,"status_today":"NEVER_REPORTED","status_month6_illustrative":"NOT_REPORTED_SINCE","report_count_month6":31,"pump_type":"Volanta","depth_m":"","coordinate_confidence":"ILLUSTRATIVE_COMMUNE_CENTROID_PLUS_JITTER","provenance":"ILLUSTRATIVE_STRUCTURE_ONLY","marker_state_today":"NEVER_REPORTED","marker_style":"dashed-outline-no-fill","marker-color":"#E67E22","marker-size":"medium","fill":"#E67E22","fill-opacity":0.9,"stroke":"#FFFFFF","stroke-width":1.5,"stroke-opacity":1}},{"type":"Feature","geometry":{"type":"Polygon","coordinates":[[[-1.75084,12.221923],[-1.747837,12.221731],[-1.744886,12.221157],[-1.742037,12.220211],[-1.739338,12.218911],[-1.736836,12.217277],[-1.734574,12.215337],[-1.73259,12.213126],[-1.730918,12.210681],[-1.729588,12.208043],[-1.728621,12.205258],[-1.728034,12.202374],[-1.727838,12.199439],[-1.728035,12.196504],[-1.728622,12.19362],[-1.729589,12.190835],[-1.73092,12.188198],[-1.732592,12.185753],[-1.734576,12.183542],[-1.736838,12.181603],[-1.73934,12.179969],[-1.742038,12.178668],[-1.744887,12.177723],[-1.747838,12.177149],[-1.75084,12.176957],[-1.753842,12.177149],[-1.756793,12.177723],[-1.759642,12.178668],[-1.76234,12.179969],[-1.764842,12.181603],[-1.767104,12.183542],[-1.769088,12.185753],[-1.77076,12.188198],[-1.772091,12.190835],[-1.773058,12.19362],[-1.773645,12.196504],[-1.773842,12.199439],[-1.773646,12.202374],[-1.773059,12.205258],[-1.772092,12.208043],[-1.770762,12.210681],[-1.76909,12.213126],[-1.767106,12.215337],[-1.764844,12.217277],[-1.762342,12.218911],[-1.759643,12.220211],[-1.756794,12.221157],[-1.753843,12.221731],[-1.75084,12.221923]]]},"properties":{"well_id":"GBF-R-028","label":"Tanghin-Dassouri well 028","commune":"Tanghin-Dassouri","province":"Kadiogo","region":"Centre","asset_type":"restored","year":"2024","funder":"L'Oreal Fund for Women","population_dependent":3000,"status_today":"NEVER_REPORTED","status_month6_illustrative":"WORKING","report_count_month6":31,"pump_type":"Volanta","depth_m":"","coordinate_confidence":"ILLUSTRATIVE_COMMUNE_CENTROID_PLUS_JITTER","provenance":"ILLUSTRATIVE_STRUCTURE_ONLY","marker_state_today":"NEVER_REPORTED","marker_style":"dashed-outline-no-fill","marker-color":"#E67E22","marker-size":"medium","fill":"#E67E22","fill-opacity":0.9,"stroke":"#FFFFFF","stroke-width":1.5,"stroke-opacity":1}},{"type":"Feature","geometry":{"type":"Polygon","coordinates":[[[-2.01632,12.177193],[-2.013318,12.177001],[-2.010367,12.176427],[-2.007518,12.175481],[-2.00482,12.174181],[-2.002318,12.172547],[-2.000057,12.170607],[-1.998073,12.168396],[-1.996402,12.165951],[-1.995071,12.163313],[-1.994105,12.160528],[-1.993518,12.157644],[-1.993321,12.154709],[-1.993518,12.151774],[-1.994106,12.14889],[-1.995073,12.146105],[-1.996403,12.143468],[-1.998075,12.141023],[-2.000058,12.138812],[-2.00232,12.136873],[-2.004822,12.135239],[-2.00752,12.133938],[-2.010368,12.132993],[-2.013318,12.132419],[-2.01632,12.132227],[-2.019322,12.132419],[-2.022272,12.132993],[-2.02512,12.133938],[-2.027818,12.135239],[-2.03032,12.136873],[-2.032582,12.138812],[-2.034565,12.141023],[-2.036237,12.143468],[-2.037567,12.146105],[-2.038534,12.14889],[-2.039122,12.151774],[-2.039319,12.154709],[-2.039122,12.157644],[-2.038535,12.160528],[-2.037569,12.163313],[-2.036238,12.165951],[-2.034567,12.168396],[-2.032583,12.170607],[-2.030322,12.172547],[-2.02782,12.174181],[-2.025122,12.175481],[-2.022273,12.176427],[-2.019322,12.177001],[-2.01632,12.177193]]]},"properties":{"well_id":"GBF-R-029","label":"Kokologho well 029","commune":"Kokologho","province":"Boulkiemde","region":"Centre-Ouest","asset_type":"restored","year":"2020","funder":"School partner network","population_dependent":180,"status_today":"NEVER_REPORTED","status_month6_illustrative":"WORKING","report_count_month6":15,"pump_type":"[PENDING]","depth_m":"47","coordinate_confidence":"ILLUSTRATIVE_COMMUNE_CENTROID_PLUS_JITTER","provenance":"ILLUSTRATIVE_STRUCTURE_ONLY","marker_state_today":"NEVER_REPORTED","marker_style":"dashed-outline-no-fill","marker-color":"#E67E22","marker-size":"medium","fill":"#E67E22","fill-opacity":0.9,"stroke":"#FFFFFF","stroke-width":1.5,"stroke-opacity":1}},{"type":"Feature","geometry":{"type":"Polygon","coordinates":[[[-1.40085,12.213713],[-1.397847,12.213521],[-1.394896,12.212947],[-1.392047,12.212001],[-1.389348,12.210701],[-1.386846,12.209067],[-1.384584,12.207127],[-1.382601,12.204916],[-1.380929,12.202471],[-1.379598,12.199833],[-1.378632,12.197048],[-1.378045,12.194164],[-1.377848,12.191229],[-1.378045,12.188294],[-1.378632,12.18541],[-1.3796,12.182625],[-1.380931,12.179988],[-1.382602,12.177543],[-1.384586,12.175332],[-1.386848,12.173393],[-1.38935,12.171759],[-1.392048,12.170458],[-1.394897,12.169513],[-1.397848,12.168939],[-1.40085,12.168747],[-1.403852,12.168939],[-1.406803,12.169513],[-1.409652,12.170458],[-1.41235,12.171759],[-1.414852,12.173393],[-1.417114,12.175332],[-1.419098,12.177543],[-1.420769,12.179988],[-1.4221,12.182625],[-1.423068,12.18541],[-1.423655,12.188294],[-1.423852,12.191229],[-1.423655,12.194164],[-1.423068,12.197048],[-1.422102,12.199833],[-1.420771,12.202471],[-1.419099,12.204916],[-1.417116,12.207127],[-1.414854,12.209067],[-1.412352,12.210701],[-1.409653,12.212001],[-1.406804,12.212947],[-1.403853,12.213521],[-1.40085,12.213713]]]},"properties":{"well_id":"GBF-R-030","label":"Koubri well 030","commune":"Koubri","province":"Kadiogo","region":"Centre","asset_type":"restored","year":"2020","funder":"Individual donors (Water Ball)","population_dependent":3000,"status_today":"NEVER_REPORTED","status_month6_illustrative":"WORKING","report_count_month6":6,"pump_type":"India Mark II","depth_m":"","coordinate_confidence":"ILLUSTRATIVE_COMMUNE_CENTROID_PLUS_JITTER","provenance":"ILLUSTRATIVE_STRUCTURE_ONLY","marker_state_today":"NEVER_REPORTED","marker_style":"dashed-outline-no-fill","marker-color":"#E67E22","marker-size":"medium","fill":"#E67E22","fill-opacity":0.9,"stroke":"#FFFFFF","stroke-width":1.5,"stroke-opacity":1}},{"type":"Feature","geometry":{"type":"Polygon","coordinates":[[[-1.4523,12.373643],[-1.449296,12.373451],[-1.446343,12.372877],[-1.443492,12.371931],[-1.440791,12.370631],[-1.438288,12.368997],[-1.436024,12.367057],[-1.434039,12.364846],[-1.432367,12.362401],[-1.431036,12.359763],[-1.430068,12.356978],[-1.429481,12.354094],[-1.429284,12.351159],[-1.429481,12.348224],[-1.430069,12.34534],[-1.431037,12.342555],[-1.432369,12.339918],[-1.434041,12.337473],[-1.436026,12.335262],[-1.43829,12.333323],[-1.440793,12.331689],[-1.443493,12.330388],[-1.446344,12.329443],[-1.449296,12.328869],[-1.4523,12.328677],[-1.455304,12.328869],[-1.458256,12.329443],[-1.461107,12.330388],[-1.463807,12.331689],[-1.46631,12.333323],[-1.468574,12.335262],[-1.470559,12.337473],[-1.472231,12.339918],[-1.473563,12.342555],[-1.474531,12.34534],[-1.475119,12.348224],[-1.475316,12.351159],[-1.475119,12.354094],[-1.474532,12.356978],[-1.473564,12.359763],[-1.472233,12.362401],[-1.470561,12.364846],[-1.468576,12.367057],[-1.466312,12.368997],[-1.463809,12.370631],[-1.461108,12.371931],[-1.458257,12.372877],[-1.455304,12.373451],[-1.4523,12.373643]]]},"properties":{"well_id":"GBF-R-031","label":"Saaba well 031","commune":"Saaba","province":"Kadiogo","region":"Centre","asset_type":"restored","year":"2023","funder":"L'Oreal Fund for Women","population_dependent":180,"status_today":"NEVER_REPORTED","status_month6_illustrative":"BROKEN","report_count_month6":23,"pump_type":"Vergnet HPV-60","depth_m":"58","coordinate_confidence":"ILLUSTRATIVE_COMMUNE_CENTROID_PLUS_JITTER","provenance":"ILLUSTRATIVE_STRUCTURE_ONLY","marker_state_today":"NEVER_REPORTED","marker_style":"dashed-outline-no-fill","marker-color":"#E67E22","marker-size":"medium","fill":"#E67E22","fill-opacity":0.9,"stroke":"#FFFFFF","stroke-width":1.5,"stroke-opacity":1}},{"type":"Feature","geometry":{"type":"Polygon","coordinates":[[[-1.54721,12.540083],[-1.544204,12.539891],[-1.541249,12.539317],[-1.538396,12.538371],[-1.535694,12.537071],[-1.533189,12.535437],[-1.530924,12.533497],[-1.528938,12.531286],[-1.527264,12.528841],[-1.525932,12.526203],[-1.524964,12.523418],[-1.524376,12.520534],[-1.52418,12.517599],[-1.524377,12.514664],[-1.524965,12.51178],[-1.525933,12.508995],[-1.527266,12.506358],[-1.52894,12.503913],[-1.530926,12.501702],[-1.533191,12.499763],[-1.535696,12.498129],[-1.538397,12.496828],[-1.54125,12.495883],[-1.544204,12.495309],[-1.54721,12.495117],[-1.550216,12.495309],[-1.55317,12.495883],[-1.556023,12.496828],[-1.558724,12.498129],[-1.561229,12.499763],[-1.563494,12.501702],[-1.56548,12.503913],[-1.567154,12.506358],[-1.568487,12.508995],[-1.569455,12.51178],[-1.570043,12.514664],[-1.57024,12.517599],[-1.570044,12.520534],[-1.569456,12.523418],[-1.568488,12.526203],[-1.567156,12.528841],[-1.565482,12.531286],[-1.563496,12.533497],[-1.561231,12.535437],[-1.558726,12.537071],[-1.556024,12.538371],[-1.553171,12.539317],[-1.550216,12.539891],[-1.54721,12.540083]]]},"properties":{"well_id":"GBF-R-032","label":"Pabre well 032","commune":"Pabre","province":"Kadiogo","region":"Centre","asset_type":"restored","year":"2021","funder":"Newday Impact","population_dependent":800,"status_today":"NEVER_REPORTED","status_month6_illustrative":"WORKING","report_count_month6":29,"pump_type":"India Mark II","depth_m":"41","coordinate_confidence":"ILLUSTRATIVE_COMMUNE_CENTROID_PLUS_JITTER","provenance":"ILLUSTRATIVE_STRUCTURE_ONLY","marker_state_today":"NEVER_REPORTED","marker_style":"dashed-outline-no-fill","marker-color":"#E67E22","marker-size":"medium","fill":"#E67E22","fill-opacity":0.9,"stroke":"#FFFFFF","stroke-width":1.5,"stroke-opacity":1}},{"type":"Feature","geometry":{"type":"Polygon","coordinates":[[[-1.58223,12.151623],[-1.579228,12.151431],[-1.576278,12.150857],[-1.573429,12.149911],[-1.570731,12.148611],[-1.56823,12.146977],[-1.565968,12.145037],[-1.563985,12.142826],[-1.562314,12.140381],[-1.560983,12.137743],[-1.560017,12.134958],[-1.55943,12.132074],[-1.559234,12.129139],[-1.559431,12.126204],[-1.560018,12.12332],[-1.560985,12.120535],[-1.562315,12.117898],[-1.563987,12.115453],[-1.56597,12.113242],[-1.568232,12.111303],[-1.570733,12.109669],[-1.57343,12.108368],[-1.576279,12.107423],[-1.579229,12.106849],[-1.58223,12.106657],[-1.585231,12.106849],[-1.588181,12.107423],[-1.59103,12.108368],[-1.593727,12.109669],[-1.596228,12.111303],[-1.59849,12.113242],[-1.600473,12.115453],[-1.602145,12.117898],[-1.603475,12.120535],[-1.604442,12.12332],[-1.605029,12.126204],[-1.605226,12.129139],[-1.60503,12.132074],[-1.604443,12.134958],[-1.603477,12.137743],[-1.602146,12.140381],[-1.600475,12.142826],[-1.598492,12.145037],[-1.59623,12.146977],[-1.593729,12.148611],[-1.591031,12.149911],[-1.588182,12.150857],[-1.585232,12.151431],[-1.58223,12.151623]]]},"properties":{"well_id":"GBF-R-033","label":"Komsilga well 033","commune":"Komsilga","province":"Kadiogo","region":"Centre","asset_type":"restored","year":"2017","funder":"Individual donors (Water Ball)","population_dependent":410,"status_today":"NEVER_REPORTED","status_month6_illustrative":"NOT_REPORTED_SINCE","report_count_month6":38,"pump_type":"India Mark II","depth_m":"","coordinate_confidence":"ILLUSTRATIVE_COMMUNE_CENTROID_PLUS_JITTER","provenance":"ILLUSTRATIVE_STRUCTURE_ONLY","marker_state_today":"NEVER_REPORTED","marker_style":"dashed-outline-no-fill","marker-color":"#E67E22","marker-size":"medium","fill":"#E67E22","fill-opacity":0.9,"stroke":"#FFFFFF","stroke-width":1.5,"stroke-opacity":1}},{"type":"Feature","geometry":{"type":"Polygon","coordinates":[[[-2.10033,12.209183],[-2.097327,12.208991],[-2.094376,12.208417],[-2.091527,12.207471],[-2.088828,12.206171],[-2.086327,12.204537],[-2.084065,12.202597],[-2.082081,12.200386],[-2.080409,12.197941],[-2.079079,12.195303],[-2.078112,12.192518],[-2.077525,12.189634],[-2.077329,12.186699],[-2.077526,12.183764],[-2.078113,12.18088],[-2.07908,12.178095],[-2.080411,12.175458],[-2.082083,12.173013],[-2.084067,12.170802],[-2.086329,12.168863],[-2.08883,12.167229],[-2.091528,12.165928],[-2.094377,12.164983],[-2.097328,12.164409],[-2.10033,12.164217],[-2.103332,12.164409],[-2.106283,12.164983],[-2.109132,12.165928],[-2.11183,12.167229],[-2.114331,12.168863],[-2.116593,12.170802],[-2.118577,12.173013],[-2.120249,12.175458],[-2.12158,12.178095],[-2.122547,12.18088],[-2.123134,12.183764],[-2.123331,12.186699],[-2.123135,12.189634],[-2.122548,12.192518],[-2.121581,12.195303],[-2.120251,12.197941],[-2.118579,12.200386],[-2.116595,12.202597],[-2.114333,12.204537],[-2.111832,12.206171],[-2.109133,12.207471],[-2.106284,12.208417],[-2.103333,12.208991],[-2.10033,12.209183]]]},"properties":{"well_id":"GBF-R-034","label":"Kokologho well 034","commune":"Kokologho","province":"Boulkiemde","region":"Centre-Ouest","asset_type":"restored","year":"2022","funder":"[PENDING]","population_dependent":240,"status_today":"NEVER_REPORTED","status_month6_illustrative":"WORKING_DEGRADING","report_count_month6":41,"pump_type":"Volanta","depth_m":"","coordinate_confidence":"ILLUSTRATIVE_COMMUNE_CENTROID_PLUS_JITTER","provenance":"ILLUSTRATIVE_STRUCTURE_ONLY","marker_state_today":"NEVER_REPORTED","marker_style":"dashed-outline-no-fill","marker-color":"#E67E22","marker-size":"medium","fill":"#E67E22","fill-opacity":0.9,"stroke":"#FFFFFF","stroke-width":1.5,"stroke-opacity":1}},{"type":"Feature","geometry":{"type":"Polygon","coordinates":[[[-1.4244,12.328843],[-1.421396,12.328651],[-1.418444,12.328077],[-1.415593,12.327131],[-1.412893,12.325831],[-1.41039,12.324197],[-1.408127,12.322257],[-1.406143,12.320046],[-1.40447,12.317601],[-1.403139,12.314963],[-1.402172,12.312178],[-1.401585,12.309294],[-1.401388,12.306359],[-1.401585,12.303424],[-1.402173,12.30054],[-1.403141,12.297755],[-1.404472,12.295118],[-1.406144,12.292673],[-1.408129,12.290462],[-1.410392,12.288523],[-1.412895,12.286889],[-1.415594,12.285588],[-1.418445,12.284643],[-1.421397,12.284069],[-1.4244,12.283877],[-1.427403,12.284069],[-1.430355,12.284643],[-1.433206,12.285588],[-1.435905,12.286889],[-1.438408,12.288523],[-1.440671,12.290462],[-1.442656,12.292673],[-1.444328,12.295118],[-1.445659,12.297755],[-1.446627,12.30054],[-1.447215,12.303424],[-1.447412,12.306359],[-1.447215,12.309294],[-1.446628,12.312178],[-1.445661,12.314963],[-1.44433,12.317601],[-1.442657,12.320046],[-1.440673,12.322257],[-1.43841,12.324197],[-1.435907,12.325831],[-1.433207,12.327131],[-1.430356,12.328077],[-1.427404,12.328651],[-1.4244,12.328843]]]},"properties":{"well_id":"GBF-R-035","label":"Saaba well 035","commune":"Saaba","province":"Kadiogo","region":"Centre","asset_type":"restored","year":"2019","funder":"[PENDING]","population_dependent":2200,"status_today":"NEVER_REPORTED","status_month6_illustrative":"WORKING_DEGRADING","report_count_month6":34,"pump_type":"India Mark II","depth_m":"41","coordinate_confidence":"ILLUSTRATIVE_COMMUNE_CENTROID_PLUS_JITTER","provenance":"ILLUSTRATIVE_STRUCTURE_ONLY","marker_state_today":"NEVER_REPORTED","marker_style":"dashed-outline-no-fill","marker-color":"#E67E22","marker-size":"medium","fill":"#E67E22","fill-opacity":0.9,"stroke":"#FFFFFF","stroke-width":1.5,"stroke-opacity":1}},{"type":"Feature","geometry":{"type":"Polygon","coordinates":[[[-1.41365,12.170443],[-1.410648,12.170251],[-1.407697,12.169677],[-1.404848,12.168731],[-1.40215,12.167431],[-1.399649,12.165797],[-1.397387,12.163857],[-1.395404,12.161646],[-1.393732,12.159201],[-1.392402,12.156563],[-1.391435,12.153778],[-1.390848,12.150894],[-1.390652,12.147959],[-1.390849,12.145024],[-1.391436,12.14214],[-1.392403,12.139355],[-1.393734,12.136718],[-1.395405,12.134273],[-1.397389,12.132062],[-1.399651,12.130123],[-1.402152,12.128489],[-1.40485,12.127188],[-1.407698,12.126243],[-1.410648,12.125669],[-1.41365,12.125477],[-1.416652,12.125669],[-1.419602,12.126243],[-1.42245,12.127188],[-1.425148,12.128489],[-1.427649,12.130123],[-1.429911,12.132062],[-1.431895,12.134273],[-1.433566,12.136718],[-1.434897,12.139355],[-1.435864,12.14214],[-1.436451,12.145024],[-1.436648,12.147959],[-1.436452,12.150894],[-1.435865,12.153778],[-1.434898,12.156563],[-1.433568,12.159201],[-1.431896,12.161646],[-1.429913,12.163857],[-1.427651,12.165797],[-1.42515,12.167431],[-1.422452,12.168731],[-1.419603,12.169677],[-1.416652,12.170251],[-1.41365,12.170443]]]},"properties":{"well_id":"GBF-R-036","label":"Koubri well 036","commune":"Koubri","province":"Kadiogo","region":"Centre","asset_type":"restored","year":"2021","funder":"[PENDING]","population_dependent":240,"status_today":"NEVER_REPORTED","status_month6_illustrative":"WORKING","report_count_month6":13,"pump_type":"[PENDING]","depth_m":"","coordinate_confidence":"ILLUSTRATIVE_COMMUNE_CENTROID_PLUS_JITTER","provenance":"ILLUSTRATIVE_STRUCTURE_ONLY","marker_state_today":"NEVER_REPORTED","marker_style":"dashed-outline-no-fill","marker-color":"#E67E22","marker-size":"medium","fill":"#E67E22","fill-opacity":0.9,"stroke":"#FFFFFF","stroke-width":1.5,"stroke-opacity":1}},{"type":"Feature","geometry":{"type":"Polygon","coordinates":[[[-1.73574,12.194253],[-1.732738,12.194061],[-1.729787,12.193487],[-1.726938,12.192541],[-1.724239,12.191241],[-1.721737,12.189607],[-1.719476,12.187667],[-1.717492,12.185456],[-1.71582,12.183011],[-1.71449,12.180373],[-1.713523,12.177588],[-1.712936,12.174704],[-1.71274,12.171769],[-1.712937,12.168834],[-1.713524,12.16595],[-1.714491,12.163165],[-1.715822,12.160528],[-1.717494,12.158083],[-1.719477,12.155872],[-1.721739,12.153933],[-1.724241,12.152299],[-1.726939,12.150998],[-1.729788,12.150053],[-1.732738,12.149479],[-1.73574,12.149287],[-1.738742,12.149479],[-1.741692,12.150053],[-1.744541,12.150998],[-1.747239,12.152299],[-1.749741,12.153933],[-1.752003,12.155872],[-1.753986,12.158083],[-1.755658,12.160528],[-1.756989,12.163165],[-1.757956,12.16595],[-1.758543,12.168834],[-1.75874,12.171769],[-1.758544,12.174704],[-1.757957,12.177588],[-1.75699,12.180373],[-1.75566,12.183011],[-1.753988,12.185456],[-1.752004,12.187667],[-1.749743,12.189607],[-1.747241,12.191241],[-1.744542,12.192541],[-1.741693,12.193487],[-1.738742,12.194061],[-1.73574,12.194253]]]},"properties":{"well_id":"GBF-R-037","label":"Tanghin-Dassouri well 037","commune":"Tanghin-Dassouri","province":"Kadiogo","region":"Centre","asset_type":"restored","year":"2023","funder":"[PENDING]","population_dependent":3000,"status_today":"NEVER_REPORTED","status_month6_illustrative":"NOT_REPORTED_SINCE","report_count_month6":26,"pump_type":"India Mark II","depth_m":"41","coordinate_confidence":"ILLUSTRATIVE_COMMUNE_CENTROID_PLUS_JITTER","provenance":"ILLUSTRATIVE_STRUCTURE_ONLY","marker_state_today":"NEVER_REPORTED","marker_style":"dashed-outline-no-fill","marker-color":"#E67E22","marker-size":"medium","fill":"#E67E22","fill-opacity":0.9,"stroke":"#FFFFFF","stroke-width":1.5,"stroke-opacity":1}},{"type":"Feature","geometry":{"type":"Polygon","coordinates":[[[-1.41639,12.148073],[-1.413388,12.147881],[-1.410438,12.147307],[-1.407589,12.146361],[-1.404891,12.145061],[-1.40239,12.143427],[-1.400128,12.141487],[-1.398145,12.139276],[-1.396474,12.136831],[-1.395144,12.134193],[-1.394177,12.131408],[-1.39359,12.128524],[-1.393394,12.125589],[-1.393591,12.122654],[-1.394178,12.11977],[-1.395145,12.116985],[-1.396476,12.114348],[-1.398147,12.111903],[-1.40013,12.109692],[-1.402392,12.107753],[-1.404893,12.106119],[-1.40759,12.104818],[-1.410439,12.103873],[-1.413389,12.103299],[-1.41639,12.103107],[-1.419391,12.103299],[-1.422341,12.103873],[-1.42519,12.104818],[-1.427887,12.106119],[-1.430388,12.107753],[-1.43265,12.109692],[-1.434633,12.111903],[-1.436304,12.114348],[-1.437635,12.116985],[-1.438602,12.11977],[-1.439189,12.122654],[-1.439386,12.125589],[-1.43919,12.128524],[-1.438603,12.131408],[-1.437636,12.134193],[-1.436306,12.136831],[-1.434635,12.139276],[-1.432652,12.141487],[-1.43039,12.143427],[-1.427889,12.145061],[-1.425191,12.146361],[-1.422342,12.147307],[-1.419392,12.147881],[-1.41639,12.148073]]]},"properties":{"well_id":"GBF-R-038","label":"Koubri well 038","commune":"Koubri","province":"Kadiogo","region":"Centre","asset_type":"restored","year":"2017","funder":"School partner network","population_dependent":1500,"status_today":"NEVER_REPORTED","status_month6_illustrative":"WORKING","report_count_month6":15,"pump_type":"[PENDING]","depth_m":"58","coordinate_confidence":"ILLUSTRATIVE_COMMUNE_CENTROID_PLUS_JITTER","provenance":"ILLUSTRATIVE_STRUCTURE_ONLY","marker_state_today":"NEVER_REPORTED","marker_style":"dashed-outline-no-fill","marker-color":"#E67E22","marker-size":"medium","fill":"#E67E22","fill-opacity":0.9,"stroke":"#FFFFFF","stroke-width":1.5,"stroke-opacity":1}},{"type":"Feature","geometry":{"type":"Polygon","coordinates":[[[-1.67108,12.548193],[-1.668074,12.548001],[-1.665119,12.547427],[-1.662266,12.546481],[-1.659564,12.545181],[-1.657059,12.543547],[-1.654793,12.541607],[-1.652807,12.539396],[-1.651134,12.536951],[-1.649801,12.534313],[-1.648833,12.531528],[-1.648246,12.528644],[-1.648049,12.525709],[-1.648246,12.522774],[-1.648834,12.51989],[-1.649803,12.517105],[-1.651135,12.514468],[-1.652809,12.512023],[-1.654795,12.509812],[-1.65706,12.507873],[-1.659565,12.506239],[-1.662267,12.504938],[-1.66512,12.503993],[-1.668074,12.503419],[-1.67108,12.503227],[-1.674086,12.503419],[-1.67704,12.503993],[-1.679893,12.504938],[-1.682595,12.506239],[-1.6851,12.507873],[-1.687365,12.509812],[-1.689351,12.512023],[-1.691025,12.514468],[-1.692357,12.517105],[-1.693326,12.51989],[-1.693914,12.522774],[-1.694111,12.525709],[-1.693914,12.528644],[-1.693327,12.531528],[-1.692359,12.534313],[-1.691026,12.536951],[-1.689353,12.539396],[-1.687367,12.541607],[-1.685101,12.543547],[-1.682596,12.545181],[-1.679894,12.546481],[-1.677041,12.547427],[-1.674086,12.548001],[-1.67108,12.548193]]]},"properties":{"well_id":"GBF-R-039","label":"Pabre well 039","commune":"Pabre","province":"Kadiogo","region":"Centre","asset_type":"restored","year":"2025","funder":"[PENDING]","population_dependent":320,"status_today":"NEVER_REPORTED","status_month6_illustrative":"WORKING","report_count_month6":37,"pump_type":"Vergnet HPV-60","depth_m":"63","coordinate_confidence":"ILLUSTRATIVE_COMMUNE_CENTROID_PLUS_JITTER","provenance":"ILLUSTRATIVE_STRUCTURE_ONLY","marker_state_today":"NEVER_REPORTED","marker_style":"dashed-outline-no-fill","marker-color":"#E67E22","marker-size":"medium","fill":"#E67E22","fill-opacity":0.9,"stroke":"#FFFFFF","stroke-width":1.5,"stroke-opacity":1}},{"type":"Feature","geometry":{"type":"Polygon","coordinates":[[[-1.49956,12.064633],[-1.496559,12.064441],[-1.49361,12.063867],[-1.490762,12.062921],[-1.488065,12.061621],[-1.485564,12.059987],[-1.483303,12.058047],[-1.481321,12.055836],[-1.47965,12.053391],[-1.47832,12.050753],[-1.477354,12.047968],[-1.476767,12.045084],[-1.476571,12.042149],[-1.476768,12.039214],[-1.477355,12.03633],[-1.478322,12.033545],[-1.479652,12.030908],[-1.481323,12.028463],[-1.483305,12.026252],[-1.485566,12.024313],[-1.488066,12.022679],[-1.490763,12.021378],[-1.493611,12.020433],[-1.49656,12.019859],[-1.49956,12.019667],[-1.50256,12.019859],[-1.505509,12.020433],[-1.508357,12.021378],[-1.511054,12.022679],[-1.513554,12.024313],[-1.515815,12.026252],[-1.517797,12.028463],[-1.519468,12.030908],[-1.520798,12.033545],[-1.521765,12.03633],[-1.522352,12.039214],[-1.522549,12.042149],[-1.522353,12.045084],[-1.521766,12.047968],[-1.5208,12.050753],[-1.51947,12.053391],[-1.517799,12.055836],[-1.515817,12.058047],[-1.513556,12.059987],[-1.511055,12.061621],[-1.508358,12.062921],[-1.50551,12.063867],[-1.502561,12.064441],[-1.49956,12.064633]]]},"properties":{"well_id":"GBF-R-040","label":"Doulougou well 040","commune":"Doulougou","province":"Bazega","region":"Centre-Sud","asset_type":"restored","year":"2021","funder":"[PENDING]","population_dependent":320,"status_today":"NEVER_REPORTED","status_month6_illustrative":"WORKING","report_count_month6":2,"pump_type":"Vergnet HPV-60","depth_m":"52","coordinate_confidence":"ILLUSTRATIVE_COMMUNE_CENTROID_PLUS_JITTER","provenance":"ILLUSTRATIVE_STRUCTURE_ONLY","marker_state_today":"NEVER_REPORTED","marker_style":"dashed-outline-no-fill","marker-color":"#E67E22","marker-size":"medium","fill":"#E67E22","fill-opacity":0.9,"stroke":"#FFFFFF","stroke-width":1.5,"stroke-opacity":1}},{"type":"Feature","geometry":{"type":"Polygon","coordinates":[[[-1.54255,12.182133],[-1.539548,12.181941],[-1.536597,12.181367],[-1.533748,12.180421],[-1.53105,12.179121],[-1.528548,12.177487],[-1.526286,12.175547],[-1.524303,12.173336],[-1.522631,12.170891],[-1.521301,12.168253],[-1.520334,12.165468],[-1.519747,12.162584],[-1.519551,12.159649],[-1.519748,12.156714],[-1.520335,12.15383],[-1.521302,12.151045],[-1.522633,12.148408],[-1.524305,12.145963],[-1.526288,12.143752],[-1.52855,12.141813],[-1.531051,12.140179],[-1.533749,12.138878],[-1.536598,12.137933],[-1.539548,12.137359],[-1.54255,12.137167],[-1.545552,12.137359],[-1.548502,12.137933],[-1.551351,12.138878],[-1.554049,12.140179],[-1.55655,12.141813],[-1.558812,12.143752],[-1.560795,12.145963],[-1.562467,12.148408],[-1.563798,12.151045],[-1.564765,12.15383],[-1.565352,12.156714],[-1.565549,12.159649],[-1.565353,12.162584],[-1.564766,12.165468],[-1.563799,12.168253],[-1.562469,12.170891],[-1.560797,12.173336],[-1.558814,12.175547],[-1.556552,12.177487],[-1.55405,12.179121],[-1.551352,12.180421],[-1.548503,12.181367],[-1.545552,12.181941],[-1.54255,12.182133]]]},"properties":{"well_id":"GBF-R-041","label":"Komsilga well 041","commune":"Komsilga","province":"Kadiogo","region":"Centre","asset_type":"restored","year":"2024","funder":"[PENDING]","population_dependent":1500,"status_today":"NEVER_REPORTED","status_month6_illustrative":"WORKING","report_count_month6":21,"pump_type":"India Mark II","depth_m":"47","coordinate_confidence":"ILLUSTRATIVE_COMMUNE_CENTROID_PLUS_JITTER","provenance":"ILLUSTRATIVE_STRUCTURE_ONLY","marker_state_today":"NEVER_REPORTED","marker_style":"dashed-outline-no-fill","marker-color":"#E67E22","marker-size":"medium","fill":"#E67E22","fill-opacity":0.9,"stroke":"#FFFFFF","stroke-width":1.5,"stroke-opacity":1}},{"type":"Feature","geometry":{"type":"Polygon","coordinates":[[[-1.80919,11.604013],[-1.806194,11.603821],[-1.80325,11.603247],[-1.800407,11.602301],[-1.797714,11.601001],[-1.795218,11.599367],[-1.792961,11.597427],[-1.790981,11.595216],[-1.789314,11.592771],[-1.787986,11.590133],[-1.787021,11.587348],[-1.786436,11.584464],[-1.78624,11.581529],[-1.786436,11.578594],[-1.787022,11.57571],[-1.787987,11.572925],[-1.789315,11.570288],[-1.790983,11.567843],[-1.792963,11.565632],[-1.79522,11.563693],[-1.797716,11.562059],[-1.800408,11.560758],[-1.80325,11.559813],[-1.806195,11.559239],[-1.80919,11.559047],[-1.812185,11.559239],[-1.81513,11.559813],[-1.817972,11.560758],[-1.820664,11.562059],[-1.82316,11.563693],[-1.825417,11.565632],[-1.827397,11.567843],[-1.829065,11.570288],[-1.830393,11.572925],[-1.831358,11.57571],[-1.831944,11.578594],[-1.83214,11.581529],[-1.831944,11.584464],[-1.831359,11.587348],[-1.830394,11.590133],[-1.829066,11.592771],[-1.827399,11.595216],[-1.825419,11.597427],[-1.823162,11.599367],[-1.820666,11.601001],[-1.817973,11.602301],[-1.81513,11.603247],[-1.812186,11.603821],[-1.80919,11.604013]]]},"properties":{"well_id":"GBF-R-042","label":"Sapouy well 042","commune":"Sapouy","province":"Ziro","region":"Centre-Ouest","asset_type":"restored","year":"2025","funder":"Individual donors (Water Ball)","population_dependent":180,"status_today":"NEVER_REPORTED","status_month6_illustrative":"BROKEN","report_count_month6":33,"pump_type":"Vergnet HPV-60","depth_m":"52","coordinate_confidence":"ILLUSTRATIVE_COMMUNE_CENTROID_PLUS_JITTER","provenance":"ILLUSTRATIVE_STRUCTURE_ONLY","marker_state_today":"NEVER_REPORTED","marker_style":"dashed-outline-no-fill","marker-color":"#E67E22","marker-size":"medium","fill":"#E67E22","fill-opacity":0.9,"stroke":"#FFFFFF","stroke-width":1.5,"stroke-opacity":1}},{"type":"Feature","geometry":{"type":"Polygon","coordinates":[[[-1.34585,12.103073],[-1.342849,12.102881],[-1.339899,12.102307],[-1.337051,12.101361],[-1.334353,12.100061],[-1.331852,12.098427],[-1.329591,12.096487],[-1.327608,12.094276],[-1.325937,12.091831],[-1.324607,12.089193],[-1.323641,12.086408],[-1.323054,12.083524],[-1.322858,12.080589],[-1.323055,12.077654],[-1.323642,12.07477],[-1.324609,12.071985],[-1.325939,12.069348],[-1.32761,12.066903],[-1.329593,12.064692],[-1.331854,12.062753],[-1.334355,12.061119],[-1.337052,12.059818],[-1.3399,12.058873],[-1.342849,12.058299],[-1.34585,12.058107],[-1.348851,12.058299],[-1.3518,12.058873],[-1.354648,12.059818],[-1.357345,12.061119],[-1.359846,12.062753],[-1.362107,12.064692],[-1.36409,12.066903],[-1.365761,12.069348],[-1.367091,12.071985],[-1.368058,12.07477],[-1.368645,12.077654],[-1.368842,12.080589],[-1.368646,12.083524],[-1.368059,12.086408],[-1.367093,12.089193],[-1.365763,12.091831],[-1.364092,12.094276],[-1.362109,12.096487],[-1.359848,12.098427],[-1.357347,12.100061],[-1.354649,12.101361],[-1.351801,12.102307],[-1.348851,12.102881],[-1.34585,12.103073]]]},"properties":{"well_id":"GBF-R-043","label":"Kombissiri well 043","commune":"Kombissiri","province":"Bazega","region":"Centre-Sud","asset_type":"restored","year":"2023","funder":"[PENDING]","population_dependent":800,"status_today":"NEVER_REPORTED","status_month6_illustrative":"BROKEN","report_count_month6":37,"pump_type":"Vergnet HPV-60","depth_m":"41","coordinate_confidence":"ILLUSTRATIVE_COMMUNE_CENTROID_PLUS_JITTER","provenance":"ILLUSTRATIVE_STRUCTURE_ONLY","marker_state_today":"NEVER_REPORTED","marker_style":"dashed-outline-no-fill","marker-color":"#E67E22","marker-size":"medium","fill":"#E67E22","fill-opacity":0.9,"stroke":"#FFFFFF","stroke-width":1.5,"stroke-opacity":1}},{"type":"Feature","geometry":{"type":"Polygon","coordinates":[[[-1.42131,12.270973],[-1.418307,12.270781],[-1.415355,12.270207],[-1.412505,12.269261],[-1.409806,12.267961],[-1.407303,12.266327],[-1.405041,12.264387],[-1.403057,12.262176],[-1.401385,12.259731],[-1.400054,12.257093],[-1.399087,12.254308],[-1.3985,12.251424],[-1.398303,12.248489],[-1.3985,12.245554],[-1.399088,12.24267],[-1.400055,12.239885],[-1.401386,12.237248],[-1.403058,12.234803],[-1.405043,12.232592],[-1.407305,12.230653],[-1.409807,12.229019],[-1.412506,12.227718],[-1.415356,12.226773],[-1.418307,12.226199],[-1.42131,12.226007],[-1.424313,12.226199],[-1.427264,12.226773],[-1.430114,12.227718],[-1.432813,12.229019],[-1.435315,12.230653],[-1.437577,12.232592],[-1.439562,12.234803],[-1.441234,12.237248],[-1.442565,12.239885],[-1.443532,12.24267],[-1.44412,12.245554],[-1.444317,12.248489],[-1.44412,12.251424],[-1.443533,12.254308],[-1.442566,12.257093],[-1.441235,12.259731],[-1.439563,12.262176],[-1.437579,12.264387],[-1.435317,12.266327],[-1.432814,12.267961],[-1.430115,12.269261],[-1.427265,12.270207],[-1.424313,12.270781],[-1.42131,12.270973]]]},"properties":{"well_id":"GBF-R-044","label":"Koubri well 044","commune":"Koubri","province":"Kadiogo","region":"Centre","asset_type":"restored","year":"2021","funder":"Newday Impact","population_dependent":320,"status_today":"NEVER_REPORTED","status_month6_illustrative":"WORKING","report_count_month6":41,"pump_type":"[PENDING]","depth_m":"41","coordinate_confidence":"ILLUSTRATIVE_COMMUNE_CENTROID_PLUS_JITTER","provenance":"ILLUSTRATIVE_STRUCTURE_ONLY","marker_state_today":"NEVER_REPORTED","marker_style":"dashed-outline-no-fill","marker-color":"#E67E22","marker-size":"medium","fill":"#E67E22","fill-opacity":0.9,"stroke":"#FFFFFF","stroke-width":1.5,"stroke-opacity":1}},{"type":"Feature","geometry":{"type":"Polygon","coordinates":[[[-1.4114,12.069583],[-1.408399,12.069391],[-1.405449,12.068817],[-1.402602,12.067871],[-1.399904,12.066571],[-1.397404,12.064937],[-1.395143,12.062997],[-1.39316,12.060786],[-1.39149,12.058341],[-1.39016,12.055703],[-1.389194,12.052918],[-1.388607,12.050034],[-1.388411,12.047099],[-1.388608,12.044164],[-1.389194,12.04128],[-1.390161,12.038495],[-1.391491,12.035858],[-1.393162,12.033413],[-1.395145,12.031202],[-1.397406,12.029263],[-1.399906,12.027629],[-1.402603,12.026328],[-1.40545,12.025383],[-1.4084,12.024809],[-1.4114,12.024617],[-1.4144,12.024809],[-1.41735,12.025383],[-1.420197,12.026328],[-1.422894,12.027629],[-1.425394,12.029263],[-1.427655,12.031202],[-1.429638,12.033413],[-1.431309,12.035858],[-1.432639,12.038495],[-1.433606,12.04128],[-1.434192,12.044164],[-1.434389,12.047099],[-1.434193,12.050034],[-1.433606,12.052918],[-1.43264,12.055703],[-1.43131,12.058341],[-1.42964,12.060786],[-1.427657,12.062997],[-1.425396,12.064937],[-1.422896,12.066571],[-1.420198,12.067871],[-1.417351,12.068817],[-1.414401,12.069391],[-1.4114,12.069583]]]},"properties":{"well_id":"GBF-R-045","label":"Kombissiri well 045","commune":"Kombissiri","province":"Bazega","region":"Centre-Sud","asset_type":"restored","year":"2025","funder":"L'Oreal Fund for Women","population_dependent":950,"status_today":"NEVER_REPORTED","status_month6_illustrative":"WORKING","report_count_month6":16,"pump_type":"Vergnet HPV-60","depth_m":"","coordinate_confidence":"ILLUSTRATIVE_COMMUNE_CENTROID_PLUS_JITTER","provenance":"ILLUSTRATIVE_STRUCTURE_ONLY","marker_state_today":"NEVER_REPORTED","marker_style":"dashed-outline-no-fill","marker-color":"#E67E22","marker-size":"medium","fill":"#E67E22","fill-opacity":0.9,"stroke":"#FFFFFF","stroke-width":1.5,"stroke-opacity":1}},{"type":"Feature","geometry":{"type":"Polygon","coordinates":[[[-1.51737,12.078603],[-1.514369,12.078411],[-1.511419,12.077837],[-1.508571,12.076891],[-1.505874,12.075591],[-1.503374,12.073957],[-1.501113,12.072017],[-1.49913,12.069806],[-1.497459,12.067361],[-1.496129,12.064723],[-1.495163,12.061938],[-1.494576,12.059054],[-1.49438,12.056119],[-1.494577,12.053184],[-1.495164,12.0503],[-1.496131,12.047515],[-1.497461,12.044878],[-1.499132,12.042433],[-1.501114,12.040222],[-1.503375,12.038283],[-1.505876,12.036649],[-1.508573,12.035348],[-1.51142,12.034403],[-1.514369,12.033829],[-1.51737,12.033637],[-1.520371,12.033829],[-1.52332,12.034403],[-1.526167,12.035348],[-1.528864,12.036649],[-1.531365,12.038283],[-1.533626,12.040222],[-1.535608,12.042433],[-1.537279,12.044878],[-1.538609,12.047515],[-1.539576,12.0503],[-1.540163,12.053184],[-1.54036,12.056119],[-1.540164,12.059054],[-1.539577,12.061938],[-1.538611,12.064723],[-1.537281,12.067361],[-1.53561,12.069806],[-1.533627,12.072017],[-1.531366,12.073957],[-1.528866,12.075591],[-1.526169,12.076891],[-1.523321,12.077837],[-1.520371,12.078411],[-1.51737,12.078603]]]},"properties":{"well_id":"GBF-R-046","label":"Doulougou well 046","commune":"Doulougou","province":"Bazega","region":"Centre-Sud","asset_type":"restored","year":"2022","funder":"[PENDING]","population_dependent":800,"status_today":"NEVER_REPORTED","status_month6_illustrative":"WORKING","report_count_month6":29,"pump_type":"India Mark II","depth_m":"58","coordinate_confidence":"ILLUSTRATIVE_COMMUNE_CENTROID_PLUS_JITTER","provenance":"ILLUSTRATIVE_STRUCTURE_ONLY","marker_state_today":"NEVER_REPORTED","marker_style":"dashed-outline-no-fill","marker-color":"#E67E22","marker-size":"medium","fill":"#E67E22","fill-opacity":0.9,"stroke":"#FFFFFF","stroke-width":1.5,"stroke-opacity":1}},{"type":"Feature","geometry":{"type":"Polygon","coordinates":[[[-1.63642,12.453133],[-1.633415,12.452941],[-1.630461,12.452367],[-1.627609,12.451421],[-1.624908,12.450121],[-1.622404,12.448487],[-1.620139,12.446547],[-1.618154,12.444336],[-1.616481,12.441891],[-1.615149,12.439253],[-1.614181,12.436468],[-1.613594,12.433584],[-1.613397,12.430649],[-1.613594,12.427714],[-1.614182,12.42483],[-1.61515,12.422045],[-1.616483,12.419408],[-1.618156,12.416963],[-1.620141,12.414752],[-1.622406,12.412813],[-1.624909,12.411179],[-1.62761,12.409878],[-1.630462,12.408933],[-1.633415,12.408359],[-1.63642,12.408167],[-1.639425,12.408359],[-1.642378,12.408933],[-1.64523,12.409878],[-1.647931,12.411179],[-1.650434,12.412813],[-1.652699,12.414752],[-1.654684,12.416963],[-1.656357,12.419408],[-1.65769,12.422045],[-1.658658,12.42483],[-1.659246,12.427714],[-1.659443,12.430649],[-1.659246,12.433584],[-1.658659,12.436468],[-1.657691,12.439253],[-1.656359,12.441891],[-1.654686,12.444336],[-1.652701,12.446547],[-1.650436,12.448487],[-1.647932,12.450121],[-1.645231,12.451421],[-1.642379,12.452367],[-1.639425,12.452941],[-1.63642,12.453133]]]},"properties":{"well_id":"GBF-R-047","label":"Pabre well 047","commune":"Pabre","province":"Kadiogo","region":"Centre","asset_type":"restored","year":"2021","funder":"[PENDING]","population_dependent":950,"status_today":"NEVER_REPORTED","status_month6_illustrative":"WORKING","report_count_month6":2,"pump_type":"Volanta","depth_m":"","coordinate_confidence":"ILLUSTRATIVE_COMMUNE_CENTROID_PLUS_JITTER","provenance":"ILLUSTRATIVE_STRUCTURE_ONLY","marker_state_today":"NEVER_REPORTED","marker_style":"dashed-outline-no-fill","marker-color":"#E67E22","marker-size":"medium","fill":"#E67E22","fill-opacity":0.9,"stroke":"#FFFFFF","stroke-width":1.5,"stroke-opacity":1}},{"type":"Feature","geometry":{"type":"Polygon","coordinates":[[[-1.56718,12.015013],[-1.56418,12.014821],[-1.561231,12.014247],[-1.558383,12.013301],[-1.555687,12.012001],[-1.553187,12.010367],[-1.550926,12.008427],[-1.548944,12.006216],[-1.547274,12.003771],[-1.545944,12.001133],[-1.544978,11.998348],[-1.544392,11.995464],[-1.544195,11.992529],[-1.544392,11.989594],[-1.544979,11.98671],[-1.545946,11.983925],[-1.547276,11.981288],[-1.548946,11.978843],[-1.550928,11.976632],[-1.553189,11.974693],[-1.555688,11.973059],[-1.558385,11.971758],[-1.561232,11.970813],[-1.56418,11.970239],[-1.56718,11.970047],[-1.57018,11.970239],[-1.573128,11.970813],[-1.575975,11.971758],[-1.578672,11.973059],[-1.581171,11.974693],[-1.583432,11.976632],[-1.585414,11.978843],[-1.587084,11.981288],[-1.588414,11.983925],[-1.589381,11.98671],[-1.589968,11.989594],[-1.590165,11.992529],[-1.589968,11.995464],[-1.589382,11.998348],[-1.588416,12.001133],[-1.587086,12.003771],[-1.585416,12.006216],[-1.583434,12.008427],[-1.581173,12.010367],[-1.578673,12.012001],[-1.575977,12.013301],[-1.573129,12.014247],[-1.57018,12.014821],[-1.56718,12.015013]]]},"properties":{"well_id":"GBF-R-048","label":"Doulougou well 048","commune":"Doulougou","province":"Bazega","region":"Centre-Sud","asset_type":"restored","year":"2024","funder":"[PENDING]","population_dependent":2200,"status_today":"NEVER_REPORTED","status_month6_illustrative":"WORKING","report_count_month6":33,"pump_type":"India Mark II","depth_m":"41","coordinate_confidence":"ILLUSTRATIVE_COMMUNE_CENTROID_PLUS_JITTER","provenance":"ILLUSTRATIVE_STRUCTURE_ONLY","marker_state_today":"NEVER_REPORTED","marker_style":"dashed-outline-no-fill","marker-color":"#E67E22","marker-size":"medium","fill":"#E67E22","fill-opacity":0.9,"stroke":"#FFFFFF","stroke-width":1.5,"stroke-opacity":1}},{"type":"Feature","geometry":{"type":"Polygon","coordinates":[[[-1.61427,12.324123],[-1.611266,12.323931],[-1.608314,12.323357],[-1.605463,12.322411],[-1.602763,12.321111],[-1.600261,12.319477],[-1.597998,12.317537],[-1.596013,12.315326],[-1.594341,12.312881],[-1.59301,12.310243],[-1.592042,12.307458],[-1.591455,12.304574],[-1.591259,12.301639],[-1.591456,12.298704],[-1.592043,12.29582],[-1.593011,12.293035],[-1.594342,12.290398],[-1.596015,12.287953],[-1.597999,12.285742],[-1.600263,12.283803],[-1.602765,12.282169],[-1.605465,12.280868],[-1.608315,12.279923],[-1.611267,12.279349],[-1.61427,12.279157],[-1.617273,12.279349],[-1.620225,12.279923],[-1.623075,12.280868],[-1.625775,12.282169],[-1.628277,12.283803],[-1.630541,12.285742],[-1.632525,12.287953],[-1.634198,12.290398],[-1.635529,12.293035],[-1.636497,12.29582],[-1.637084,12.298704],[-1.637281,12.301639],[-1.637085,12.304574],[-1.636498,12.307458],[-1.63553,12.310243],[-1.634199,12.312881],[-1.632527,12.315326],[-1.630542,12.317537],[-1.628279,12.319477],[-1.625777,12.321111],[-1.623077,12.322411],[-1.620226,12.323357],[-1.617274,12.323931],[-1.61427,12.324123]]]},"properties":{"well_id":"GBF-R-049","label":"Tanghin-Dassouri well 049","commune":"Tanghin-Dassouri","province":"Kadiogo","region":"Centre","asset_type":"restored","year":"2025","funder":"Newday Impact","population_dependent":410,"status_today":"NEVER_REPORTED","status_month6_illustrative":"WORKING_DEGRADING","report_count_month6":6,"pump_type":"India Mark II","depth_m":"","coordinate_confidence":"ILLUSTRATIVE_COMMUNE_CENTROID_PLUS_JITTER","provenance":"ILLUSTRATIVE_STRUCTURE_ONLY","marker_state_today":"NEVER_REPORTED","marker_style":"dashed-outline-no-fill","marker-color":"#E67E22","marker-size":"medium","fill":"#E67E22","fill-opacity":0.9,"stroke":"#FFFFFF","stroke-width":1.5,"stroke-opacity":1}},{"type":"Feature","geometry":{"type":"Polygon","coordinates":[[[-1.68652,12.236683],[-1.683517,12.236491],[-1.680566,12.235917],[-1.677716,12.234971],[-1.675017,12.233671],[-1.672515,12.232037],[-1.670253,12.230097],[-1.668269,12.227886],[-1.666597,12.225441],[-1.665267,12.222803],[-1.6643,12.220018],[-1.663713,12.217134],[-1.663516,12.214199],[-1.663713,12.211264],[-1.664301,12.20838],[-1.665268,12.205595],[-1.666599,12.202958],[-1.668271,12.200513],[-1.670255,12.198302],[-1.672517,12.196363],[-1.675019,12.194729],[-1.677718,12.193428],[-1.680567,12.192483],[-1.683518,12.191909],[-1.68652,12.191717],[-1.689522,12.191909],[-1.692473,12.192483],[-1.695322,12.193428],[-1.698021,12.194729],[-1.700523,12.196363],[-1.702785,12.198302],[-1.704769,12.200513],[-1.706441,12.202958],[-1.707772,12.205595],[-1.708739,12.20838],[-1.709327,12.211264],[-1.709524,12.214199],[-1.709327,12.217134],[-1.70874,12.220018],[-1.707773,12.222803],[-1.706443,12.225441],[-1.704771,12.227886],[-1.702787,12.230097],[-1.700525,12.232037],[-1.698023,12.233671],[-1.695324,12.234971],[-1.692474,12.235917],[-1.689523,12.236491],[-1.68652,12.236683]]]},"properties":{"well_id":"GBF-R-050","label":"Tanghin-Dassouri well 050","commune":"Tanghin-Dassouri","province":"Kadiogo","region":"Centre","asset_type":"restored","year":"2025","funder":"School partner network","population_dependent":650,"status_today":"NEVER_REPORTED","status_month6_illustrative":"WORKING","report_count_month6":15,"pump_type":"India Mark II","depth_m":"58","coordinate_confidence":"ILLUSTRATIVE_COMMUNE_CENTROID_PLUS_JITTER","provenance":"ILLUSTRATIVE_STRUCTURE_ONLY","marker_state_today":"NEVER_REPORTED","marker_style":"dashed-outline-no-fill","marker-color":"#E67E22","marker-size":"medium","fill":"#E67E22","fill-opacity":0.9,"stroke":"#FFFFFF","stroke-width":1.5,"stroke-opacity":1}},{"type":"Feature","geometry":{"type":"Polygon","coordinates":[[[-1.62606,12.268093],[-1.623057,12.267901],[-1.620105,12.267327],[-1.617255,12.266381],[-1.614556,12.265081],[-1.612054,12.263447],[-1.609791,12.261507],[-1.607807,12.259296],[-1.606135,12.256851],[-1.604804,12.254213],[-1.603837,12.251428],[-1.60325,12.248544],[-1.603054,12.245609],[-1.603251,12.242674],[-1.603838,12.23979],[-1.604805,12.237005],[-1.606137,12.234368],[-1.607809,12.231923],[-1.609793,12.229712],[-1.612055,12.227773],[-1.614558,12.226139],[-1.617256,12.224838],[-1.620106,12.223893],[-1.623057,12.223319],[-1.62606,12.223127],[-1.629063,12.223319],[-1.632014,12.223893],[-1.634864,12.224838],[-1.637562,12.226139],[-1.640065,12.227773],[-1.642327,12.229712],[-1.644311,12.231923],[-1.645983,12.234368],[-1.647315,12.237005],[-1.648282,12.23979],[-1.648869,12.242674],[-1.649066,12.245609],[-1.64887,12.248544],[-1.648283,12.251428],[-1.647316,12.254213],[-1.645985,12.256851],[-1.644313,12.259296],[-1.642329,12.261507],[-1.640066,12.263447],[-1.637564,12.265081],[-1.634865,12.266381],[-1.632015,12.267327],[-1.629063,12.267901],[-1.62606,12.268093]]]},"properties":{"well_id":"GBF-R-051","label":"Komsilga well 051","commune":"Komsilga","province":"Kadiogo","region":"Centre","asset_type":"restored","year":"2020","funder":"L'Oreal Fund for Women","population_dependent":650,"status_today":"NEVER_REPORTED","status_month6_illustrative":"WORKING","report_count_month6":27,"pump_type":"India Mark II","depth_m":"52","coordinate_confidence":"ILLUSTRATIVE_COMMUNE_CENTROID_PLUS_JITTER","provenance":"ILLUSTRATIVE_STRUCTURE_ONLY","marker_state_today":"NEVER_REPORTED","marker_style":"dashed-outline-no-fill","marker-color":"#E67E22","marker-size":"medium","fill":"#E67E22","fill-opacity":0.9,"stroke":"#FFFFFF","stroke-width":1.5,"stroke-opacity":1}},{"type":"Feature","geometry":{"type":"Polygon","coordinates":[[[-1.24932,12.007943],[-1.24632,12.007751],[-1.243371,12.007177],[-1.240524,12.006231],[-1.237827,12.004931],[-1.235327,12.003297],[-1.233067,12.001357],[-1.231085,11.999146],[-1.229414,11.996701],[-1.228085,11.994063],[-1.227119,11.991278],[-1.226532,11.988394],[-1.226336,11.985459],[-1.226533,11.982524],[-1.22712,11.97964],[-1.228086,11.976855],[-1.229416,11.974218],[-1.231086,11.971773],[-1.233069,11.969562],[-1.235329,11.967623],[-1.237829,11.965989],[-1.240525,11.964688],[-1.243372,11.963743],[-1.24632,11.963169],[-1.24932,11.962977],[-1.25232,11.963169],[-1.255268,11.963743],[-1.258115,11.964688],[-1.260811,11.965989],[-1.263311,11.967623],[-1.265571,11.969562],[-1.267554,11.971773],[-1.269224,11.974218],[-1.270554,11.976855],[-1.27152,11.97964],[-1.272107,11.982524],[-1.272304,11.985459],[-1.272108,11.988394],[-1.271521,11.991278],[-1.270555,11.994063],[-1.269226,11.996701],[-1.267555,11.999146],[-1.265573,12.001357],[-1.263313,12.003297],[-1.260813,12.004931],[-1.258116,12.006231],[-1.255269,12.007177],[-1.25232,12.007751],[-1.24932,12.007943]]]},"properties":{"well_id":"GBF-R-052","label":"Kombissiri well 052","commune":"Kombissiri","province":"Bazega","region":"Centre-Sud","asset_type":"restored","year":"2022","funder":"School partner network","population_dependent":1500,"status_today":"NEVER_REPORTED","status_month6_illustrative":"WORKING","report_count_month6":18,"pump_type":"India Mark II","depth_m":"","coordinate_confidence":"ILLUSTRATIVE_COMMUNE_CENTROID_PLUS_JITTER","provenance":"ILLUSTRATIVE_STRUCTURE_ONLY","marker_state_today":"NEVER_REPORTED","marker_style":"dashed-outline-no-fill","marker-color":"#E67E22","marker-size":"medium","fill":"#E67E22","fill-opacity":0.9,"stroke":"#FFFFFF","stroke-width":1.5,"stroke-opacity":1}},{"type":"Feature","geometry":{"type":"Polygon","coordinates":[[[-1.44666,12.432083],[-1.443655,12.431891],[-1.440701,12.431317],[-1.43785,12.430371],[-1.435149,12.429071],[-1.432645,12.427437],[-1.430381,12.425497],[-1.428395,12.423286],[-1.426722,12.420841],[-1.425391,12.418203],[-1.424423,12.415418],[-1.423836,12.412534],[-1.423639,12.409599],[-1.423836,12.406664],[-1.424424,12.40378],[-1.425392,12.400995],[-1.426724,12.398358],[-1.428397,12.395913],[-1.430383,12.393702],[-1.432647,12.391763],[-1.43515,12.390129],[-1.437851,12.388828],[-1.440702,12.387883],[-1.443655,12.387309],[-1.44666,12.387117],[-1.449665,12.387309],[-1.452618,12.387883],[-1.455469,12.388828],[-1.45817,12.390129],[-1.460673,12.391763],[-1.462937,12.393702],[-1.464923,12.395913],[-1.466596,12.398358],[-1.467928,12.400995],[-1.468896,12.40378],[-1.469484,12.406664],[-1.469681,12.409599],[-1.469484,12.412534],[-1.468897,12.415418],[-1.467929,12.418203],[-1.466598,12.420841],[-1.464925,12.423286],[-1.462939,12.425497],[-1.460675,12.427437],[-1.458171,12.429071],[-1.45547,12.430371],[-1.452619,12.431317],[-1.449665,12.431891],[-1.44666,12.432083]]]},"properties":{"well_id":"GBF-R-053","label":"Saaba well 053","commune":"Saaba","province":"Kadiogo","region":"Centre","asset_type":"restored","year":"2021","funder":"Individual donors (Water Ball)","population_dependent":2600,"status_today":"NEVER_REPORTED","status_month6_illustrative":"WORKING","report_count_month6":13,"pump_type":"Volanta","depth_m":"","coordinate_confidence":"ILLUSTRATIVE_COMMUNE_CENTROID_PLUS_JITTER","provenance":"ILLUSTRATIVE_STRUCTURE_ONLY","marker_state_today":"NEVER_REPORTED","marker_style":"dashed-outline-no-fill","marker-color":"#E67E22","marker-size":"medium","fill":"#E67E22","fill-opacity":0.9,"stroke":"#FFFFFF","stroke-width":1.5,"stroke-opacity":1}},{"type":"Feature","geometry":{"type":"Polygon","coordinates":[[[-1.38079,12.445153],[-1.377785,12.444961],[-1.374831,12.444387],[-1.371979,12.443441],[-1.369278,12.442141],[-1.366774,12.440507],[-1.36451,12.438567],[-1.362524,12.436356],[-1.360851,12.433911],[-1.35952,12.431273],[-1.358552,12.428488],[-1.357965,12.425604],[-1.357768,12.422669],[-1.357965,12.419734],[-1.358553,12.41685],[-1.359521,12.414065],[-1.360853,12.411428],[-1.362526,12.408983],[-1.364512,12.406772],[-1.366776,12.404833],[-1.36928,12.403199],[-1.371981,12.401898],[-1.374832,12.400953],[-1.377785,12.400379],[-1.38079,12.400187],[-1.383795,12.400379],[-1.386748,12.400953],[-1.389599,12.401898],[-1.3923,12.403199],[-1.394804,12.404833],[-1.397068,12.406772],[-1.399054,12.408983],[-1.400727,12.411428],[-1.402059,12.414065],[-1.403027,12.41685],[-1.403615,12.419734],[-1.403812,12.422669],[-1.403615,12.425604],[-1.403028,12.428488],[-1.40206,12.431273],[-1.400729,12.433911],[-1.399056,12.436356],[-1.39707,12.438567],[-1.394806,12.440507],[-1.392302,12.442141],[-1.389601,12.443441],[-1.386749,12.444387],[-1.383795,12.444961],[-1.38079,12.445153]]]},"properties":{"well_id":"GBF-R-054","label":"Saaba well 054","commune":"Saaba","province":"Kadiogo","region":"Centre","asset_type":"restored","year":"2018","funder":"[PENDING]","population_dependent":1800,"status_today":"NEVER_REPORTED","status_month6_illustrative":"NOT_REPORTED_SINCE","report_count_month6":6,"pump_type":"[PENDING]","depth_m":"63","coordinate_confidence":"ILLUSTRATIVE_COMMUNE_CENTROID_PLUS_JITTER","provenance":"ILLUSTRATIVE_STRUCTURE_ONLY","marker_state_today":"NEVER_REPORTED","marker_style":"dashed-outline-no-fill","marker-color":"#E67E22","marker-size":"medium","fill":"#E67E22","fill-opacity":0.9,"stroke":"#FFFFFF","stroke-width":1.5,"stroke-opacity":1}},{"type":"Feature","geometry":{"type":"Polygon","coordinates":[[[-1.61511,12.244443],[-1.612107,12.244251],[-1.609156,12.243677],[-1.606306,12.242731],[-1.603607,12.241431],[-1.601105,12.239797],[-1.598842,12.237857],[-1.596858,12.235646],[-1.595187,12.233201],[-1.593856,12.230563],[-1.592889,12.227778],[-1.592302,12.224894],[-1.592106,12.221959],[-1.592303,12.219024],[-1.59289,12.21614],[-1.593857,12.213355],[-1.595188,12.210718],[-1.59686,12.208273],[-1.598844,12.206062],[-1.601107,12.204123],[-1.603609,12.202489],[-1.606307,12.201188],[-1.609157,12.200243],[-1.612108,12.199669],[-1.61511,12.199477],[-1.618112,12.199669],[-1.621063,12.200243],[-1.623913,12.201188],[-1.626611,12.202489],[-1.629113,12.204123],[-1.631376,12.206062],[-1.63336,12.208273],[-1.635032,12.210718],[-1.636363,12.213355],[-1.63733,12.21614],[-1.637917,12.219024],[-1.638114,12.221959],[-1.637918,12.224894],[-1.637331,12.227778],[-1.636364,12.230563],[-1.635033,12.233201],[-1.633362,12.235646],[-1.631378,12.237857],[-1.629115,12.239797],[-1.626613,12.241431],[-1.623914,12.242731],[-1.621064,12.243677],[-1.618113,12.244251],[-1.61511,12.244443]]]},"properties":{"well_id":"GBF-R-055","label":"Komsilga well 055","commune":"Komsilga","province":"Kadiogo","region":"Centre","asset_type":"restored","year":"2024","funder":"Individual donors (Water Ball)","population_dependent":180,"status_today":"NEVER_REPORTED","status_month6_illustrative":"WORKING","report_count_month6":15,"pump_type":"India Mark II","depth_m":"34","coordinate_confidence":"ILLUSTRATIVE_COMMUNE_CENTROID_PLUS_JITTER","provenance":"ILLUSTRATIVE_STRUCTURE_ONLY","marker_state_today":"NEVER_REPORTED","marker_style":"dashed-outline-no-fill","marker-color":"#E67E22","marker-size":"medium","fill":"#E67E22","fill-opacity":0.9,"stroke":"#FFFFFF","stroke-width":1.5,"stroke-opacity":1}},{"type":"Feature","geometry":{"type":"Polygon","coordinates":[[[-1.55195,12.266403],[-1.548947,12.266211],[-1.545995,12.265637],[-1.543145,12.264691],[-1.540446,12.263391],[-1.537944,12.261757],[-1.535681,12.259817],[-1.533697,12.257606],[-1.532025,12.255161],[-1.530694,12.252523],[-1.529727,12.249738],[-1.52914,12.246854],[-1.528944,12.243919],[-1.529141,12.240984],[-1.529728,12.2381],[-1.530696,12.235315],[-1.532027,12.232678],[-1.533699,12.230233],[-1.535683,12.228022],[-1.537946,12.226083],[-1.540448,12.224449],[-1.543147,12.223148],[-1.545996,12.222203],[-1.548947,12.221629],[-1.55195,12.221437],[-1.554953,12.221629],[-1.557904,12.222203],[-1.560753,12.223148],[-1.563452,12.224449],[-1.565954,12.226083],[-1.568217,12.228022],[-1.570201,12.230233],[-1.571873,12.232678],[-1.573204,12.235315],[-1.574172,12.2381],[-1.574759,12.240984],[-1.574956,12.243919],[-1.57476,12.246854],[-1.574173,12.249738],[-1.573206,12.252523],[-1.571875,12.255161],[-1.570203,12.257606],[-1.568219,12.259817],[-1.565956,12.261757],[-1.563454,12.263391],[-1.560755,12.264691],[-1.557905,12.265637],[-1.554953,12.266211],[-1.55195,12.266403]]]},"properties":{"well_id":"GBF-R-056","label":"Komsilga well 056","commune":"Komsilga","province":"Kadiogo","region":"Centre","asset_type":"restored","year":"2017","funder":"Newday Impact","population_dependent":1500,"status_today":"NEVER_REPORTED","status_month6_illustrative":"WORKING","report_count_month6":26,"pump_type":"Vergnet HPV-60","depth_m":"","coordinate_confidence":"ILLUSTRATIVE_COMMUNE_CENTROID_PLUS_JITTER","provenance":"ILLUSTRATIVE_STRUCTURE_ONLY","marker_state_today":"NEVER_REPORTED","marker_style":"dashed-outline-no-fill","marker-color":"#E67E22","marker-size":"medium","fill":"#E67E22","fill-opacity":0.9,"stroke":"#FFFFFF","stroke-width":1.5,"stroke-opacity":1}},{"type":"Feature","geometry":{"type":"Polygon","coordinates":[[[-1.48015,11.956953],[-1.47715,11.956761],[-1.474202,11.956187],[-1.471355,11.955241],[-1.468659,11.953941],[-1.46616,11.952307],[-1.4639,11.950367],[-1.461918,11.948156],[-1.460248,11.945711],[-1.458919,11.943073],[-1.457953,11.940288],[-1.457367,11.937404],[-1.45717,11.934469],[-1.457367,11.931534],[-1.457954,11.92865],[-1.45892,11.925865],[-1.46025,11.923228],[-1.46192,11.920783],[-1.463902,11.918572],[-1.466162,11.916633],[-1.468661,11.914999],[-1.471357,11.913698],[-1.474203,11.912753],[-1.477151,11.912179],[-1.48015,11.911987],[-1.483149,11.912179],[-1.486097,11.912753],[-1.488943,11.913698],[-1.491639,11.914999],[-1.494138,11.916633],[-1.496398,11.918572],[-1.49838,11.920783],[-1.50005,11.923228],[-1.50138,11.925865],[-1.502346,11.92865],[-1.502933,11.931534],[-1.50313,11.934469],[-1.502933,11.937404],[-1.502347,11.940288],[-1.501381,11.943073],[-1.500052,11.945711],[-1.498382,11.948156],[-1.4964,11.950367],[-1.49414,11.952307],[-1.491641,11.953941],[-1.488945,11.955241],[-1.486098,11.956187],[-1.48315,11.956761],[-1.48015,11.956953]]]},"properties":{"well_id":"GBF-R-057","label":"Doulougou well 057","commune":"Doulougou","province":"Bazega","region":"Centre-Sud","asset_type":"restored","year":"2019","funder":"Individual donors (Water Ball)","population_dependent":320,"status_today":"NEVER_REPORTED","status_month6_illustrative":"WORKING","report_count_month6":20,"pump_type":"Vergnet HPV-60","depth_m":"47","coordinate_confidence":"ILLUSTRATIVE_COMMUNE_CENTROID_PLUS_JITTER","provenance":"ILLUSTRATIVE_STRUCTURE_ONLY","marker_state_today":"NEVER_REPORTED","marker_style":"dashed-outline-no-fill","marker-color":"#E67E22","marker-size":"medium","fill":"#E67E22","fill-opacity":0.9,"stroke":"#FFFFFF","stroke-width":1.5,"stroke-opacity":1}},{"type":"Feature","geometry":{"type":"Polygon","coordinates":[[[-1.61441,12.214903],[-1.611407,12.214711],[-1.608456,12.214137],[-1.605607,12.213191],[-1.602908,12.211891],[-1.600406,12.210257],[-1.598144,12.208317],[-1.59616,12.206106],[-1.594489,12.203661],[-1.593158,12.201023],[-1.592191,12.198238],[-1.591605,12.195354],[-1.591408,12.192419],[-1.591605,12.189484],[-1.592192,12.1866],[-1.59316,12.183815],[-1.594491,12.181178],[-1.596162,12.178733],[-1.598146,12.176522],[-1.600408,12.174583],[-1.60291,12.172949],[-1.605608,12.171648],[-1.608457,12.170703],[-1.611408,12.170129],[-1.61441,12.169937],[-1.617412,12.170129],[-1.620363,12.170703],[-1.623212,12.171648],[-1.62591,12.172949],[-1.628412,12.174583],[-1.630674,12.176522],[-1.632658,12.178733],[-1.634329,12.181178],[-1.63566,12.183815],[-1.636628,12.1866],[-1.637215,12.189484],[-1.637412,12.192419],[-1.637215,12.195354],[-1.636629,12.198238],[-1.635662,12.201023],[-1.634331,12.203661],[-1.63266,12.206106],[-1.630676,12.208317],[-1.628414,12.210257],[-1.625912,12.211891],[-1.623213,12.213191],[-1.620364,12.214137],[-1.617413,12.214711],[-1.61441,12.214903]]]},"properties":{"well_id":"GBF-R-058","label":"Komsilga well 058","commune":"Komsilga","province":"Kadiogo","region":"Centre","asset_type":"restored","year":"2020","funder":"[PENDING]","population_dependent":650,"status_today":"NEVER_REPORTED","status_month6_illustrative":"WORKING","report_count_month6":21,"pump_type":"Vergnet HPV-60","depth_m":"34","coordinate_confidence":"ILLUSTRATIVE_COMMUNE_CENTROID_PLUS_JITTER","provenance":"ILLUSTRATIVE_STRUCTURE_ONLY","marker_state_today":"NEVER_REPORTED","marker_style":"dashed-outline-no-fill","marker-color":"#E67E22","marker-size":"medium","fill":"#E67E22","fill-opacity":0.9,"stroke":"#FFFFFF","stroke-width":1.5,"stroke-opacity":1}},{"type":"Feature","geometry":{"type":"Polygon","coordinates":[[[-1.53251,12.175023],[-1.529508,12.174831],[-1.526557,12.174257],[-1.523708,12.173311],[-1.52101,12.172011],[-1.518509,12.170377],[-1.516247,12.168437],[-1.514263,12.166226],[-1.512592,12.163781],[-1.511262,12.161143],[-1.510295,12.158358],[-1.509708,12.155474],[-1.509512,12.152539],[-1.509709,12.149604],[-1.510296,12.14672],[-1.511263,12.143935],[-1.512594,12.141298],[-1.514265,12.138853],[-1.516249,12.136642],[-1.51851,12.134703],[-1.521012,12.133069],[-1.52371,12.131768],[-1.526558,12.130823],[-1.529508,12.130249],[-1.53251,12.130057],[-1.535512,12.130249],[-1.538462,12.130823],[-1.54131,12.131768],[-1.544008,12.133069],[-1.54651,12.134703],[-1.548771,12.136642],[-1.550755,12.138853],[-1.552426,12.141298],[-1.553757,12.143935],[-1.554724,12.14672],[-1.555311,12.149604],[-1.555508,12.152539],[-1.555312,12.155474],[-1.554725,12.158358],[-1.553758,12.161143],[-1.552428,12.163781],[-1.550757,12.166226],[-1.548773,12.168437],[-1.546511,12.170377],[-1.54401,12.172011],[-1.541312,12.173311],[-1.538463,12.174257],[-1.535512,12.174831],[-1.53251,12.175023]]]},"properties":{"well_id":"GBF-R-059","label":"Komsilga well 059","commune":"Komsilga","province":"Kadiogo","region":"Centre","asset_type":"restored","year":"2024","funder":"Newday Impact","population_dependent":2200,"status_today":"NEVER_REPORTED","status_month6_illustrative":"NOT_REPORTED_SINCE","report_count_month6":23,"pump_type":"India Mark II","depth_m":"47","coordinate_confidence":"ILLUSTRATIVE_COMMUNE_CENTROID_PLUS_JITTER","provenance":"ILLUSTRATIVE_STRUCTURE_ONLY","marker_state_today":"NEVER_REPORTED","marker_style":"dashed-outline-no-fill","marker-color":"#E67E22","marker-size":"medium","fill":"#E67E22","fill-opacity":0.9,"stroke":"#FFFFFF","stroke-width":1.5,"stroke-opacity":1}},{"type":"Feature","geometry":{"type":"Polygon","coordinates":[[[-2.11047,12.166703],[-2.107468,12.166511],[-2.104517,12.165937],[-2.101668,12.164991],[-2.09897,12.163691],[-2.096469,12.162057],[-2.094207,12.160117],[-2.092224,12.157906],[-2.090553,12.155461],[-2.089222,12.152823],[-2.088255,12.150038],[-2.087669,12.147154],[-2.087472,12.144219],[-2.087669,12.141284],[-2.088256,12.1384],[-2.089224,12.135615],[-2.090554,12.132978],[-2.092226,12.130533],[-2.094209,12.128322],[-2.096471,12.126383],[-2.098972,12.124749],[-2.10167,12.123448],[-2.104518,12.122503],[-2.107468,12.121929],[-2.11047,12.121737],[-2.113472,12.121929],[-2.116422,12.122503],[-2.11927,12.123448],[-2.121968,12.124749],[-2.124469,12.126383],[-2.126731,12.128322],[-2.128714,12.130533],[-2.130386,12.132978],[-2.131716,12.135615],[-2.132684,12.1384],[-2.133271,12.141284],[-2.133468,12.144219],[-2.133271,12.147154],[-2.132685,12.150038],[-2.131718,12.152823],[-2.130387,12.155461],[-2.128716,12.157906],[-2.126733,12.160117],[-2.124471,12.162057],[-2.12197,12.163691],[-2.119272,12.164991],[-2.116423,12.165937],[-2.113472,12.166511],[-2.11047,12.166703]]]},"properties":{"well_id":"GBF-R-060","label":"Kokologho well 060","commune":"Kokologho","province":"Boulkiemde","region":"Centre-Ouest","asset_type":"restored","year":"2020","funder":"School partner network","population_dependent":1200,"status_today":"NEVER_REPORTED","status_month6_illustrative":"WORKING","report_count_month6":3,"pump_type":"Vergnet HPV-60","depth_m":"47","coordinate_confidence":"ILLUSTRATIVE_COMMUNE_CENTROID_PLUS_JITTER","provenance":"ILLUSTRATIVE_STRUCTURE_ONLY","marker_state_today":"NEVER_REPORTED","marker_style":"dashed-outline-no-fill","marker-color":"#E67E22","marker-size":"medium","fill":"#E67E22","fill-opacity":0.9,"stroke":"#FFFFFF","stroke-width":1.5,"stroke-opacity":1}},{"type":"Feature","geometry":{"type":"Polygon","coordinates":[[[-1.62095,12.094843],[-1.617949,12.094651],[-1.614999,12.094077],[-1.612151,12.093131],[-1.609453,12.091831],[-1.606953,12.090197],[-1.604692,12.088257],[-1.602709,12.086046],[-1.601038,12.083601],[-1.599708,12.080963],[-1.598741,12.078178],[-1.598155,12.075294],[-1.597958,12.072359],[-1.598155,12.069424],[-1.598742,12.06654],[-1.599709,12.063755],[-1.60104,12.061118],[-1.602711,12.058673],[-1.604694,12.056462],[-1.606955,12.054523],[-1.609455,12.052889],[-1.612152,12.051588],[-1.615,12.050643],[-1.617949,12.050069],[-1.62095,12.049877],[-1.623951,12.050069],[-1.6269,12.050643],[-1.629748,12.051588],[-1.632445,12.052889],[-1.634945,12.054523],[-1.637206,12.056462],[-1.639189,12.058673],[-1.64086,12.061118],[-1.642191,12.063755],[-1.643158,12.06654],[-1.643745,12.069424],[-1.643942,12.072359],[-1.643745,12.075294],[-1.643159,12.078178],[-1.642192,12.080963],[-1.640862,12.083601],[-1.639191,12.086046],[-1.637208,12.088257],[-1.634947,12.090197],[-1.632447,12.091831],[-1.629749,12.093131],[-1.626901,12.094077],[-1.623951,12.094651],[-1.62095,12.094843]]]},"properties":{"well_id":"GBF-R-061","label":"Doulougou well 061","commune":"Doulougou","province":"Bazega","region":"Centre-Sud","asset_type":"restored","year":"2025","funder":"[PENDING]","population_dependent":500,"status_today":"NEVER_REPORTED","status_month6_illustrative":"WORKING_DEGRADING","report_count_month6":36,"pump_type":"India Mark II","depth_m":"41","coordinate_confidence":"ILLUSTRATIVE_COMMUNE_CENTROID_PLUS_JITTER","provenance":"ILLUSTRATIVE_STRUCTURE_ONLY","marker_state_today":"NEVER_REPORTED","marker_style":"dashed-outline-no-fill","marker-color":"#E67E22","marker-size":"medium","fill":"#E67E22","fill-opacity":0.9,"stroke":"#FFFFFF","stroke-width":1.5,"stroke-opacity":1}},{"type":"Feature","geometry":{"type":"Polygon","coordinates":[[[-1.4262,12.153163],[-1.423198,12.152971],[-1.420248,12.152397],[-1.417399,12.151451],[-1.414701,12.150151],[-1.4122,12.148517],[-1.409938,12.146577],[-1.407955,12.144366],[-1.406284,12.141921],[-1.404953,12.139283],[-1.403987,12.136498],[-1.4034,12.133614],[-1.403203,12.130679],[-1.4034,12.127744],[-1.403988,12.12486],[-1.404955,12.122075],[-1.406285,12.119438],[-1.407957,12.116993],[-1.40994,12.114782],[-1.412202,12.112843],[-1.414703,12.111209],[-1.4174,12.109908],[-1.420249,12.108963],[-1.423199,12.108389],[-1.4262,12.108197],[-1.429201,12.108389],[-1.432151,12.108963],[-1.435,12.109908],[-1.437697,12.111209],[-1.440198,12.112843],[-1.44246,12.114782],[-1.444443,12.116993],[-1.446115,12.119438],[-1.447445,12.122075],[-1.448412,12.12486],[-1.449,12.127744],[-1.449197,12.130679],[-1.449,12.133614],[-1.448413,12.136498],[-1.447447,12.139283],[-1.446116,12.141921],[-1.444445,12.144366],[-1.442462,12.146577],[-1.4402,12.148517],[-1.437699,12.150151],[-1.435001,12.151451],[-1.432152,12.152397],[-1.429202,12.152971],[-1.4262,12.153163]]]},"properties":{"well_id":"GBF-R-062","label":"Koubri well 062","commune":"Koubri","province":"Kadiogo","region":"Centre","asset_type":"restored","year":"2022","funder":"[PENDING]","population_dependent":240,"status_today":"NEVER_REPORTED","status_month6_illustrative":"WORKING","report_count_month6":33,"pump_type":"India Mark II","depth_m":"52","coordinate_confidence":"ILLUSTRATIVE_COMMUNE_CENTROID_PLUS_JITTER","provenance":"ILLUSTRATIVE_STRUCTURE_ONLY","marker_state_today":"NEVER_REPORTED","marker_style":"dashed-outline-no-fill","marker-color":"#E67E22","marker-size":"medium","fill":"#E67E22","fill-opacity":0.9,"stroke":"#FFFFFF","stroke-width":1.5,"stroke-opacity":1}},{"type":"Feature","geometry":{"type":"Polygon","coordinates":[[[-1.43345,12.249373],[-1.430447,12.249181],[-1.427495,12.248607],[-1.424646,12.247661],[-1.421947,12.246361],[-1.419445,12.244727],[-1.417182,12.242787],[-1.415198,12.240576],[-1.413526,12.238131],[-1.412196,12.235493],[-1.411229,12.232708],[-1.410642,12.229824],[-1.410445,12.226889],[-1.410642,12.223954],[-1.411229,12.22107],[-1.412197,12.218285],[-1.413528,12.215648],[-1.4152,12.213203],[-1.417184,12.210992],[-1.419446,12.209053],[-1.421948,12.207419],[-1.424647,12.206118],[-1.427496,12.205173],[-1.430448,12.204599],[-1.43345,12.204407],[-1.436452,12.204599],[-1.439404,12.205173],[-1.442253,12.206118],[-1.444952,12.207419],[-1.447454,12.209053],[-1.449716,12.210992],[-1.4517,12.213203],[-1.453372,12.215648],[-1.454703,12.218285],[-1.455671,12.22107],[-1.456258,12.223954],[-1.456455,12.226889],[-1.456258,12.229824],[-1.455671,12.232708],[-1.454704,12.235493],[-1.453374,12.238131],[-1.451702,12.240576],[-1.449718,12.242787],[-1.447455,12.244727],[-1.444953,12.246361],[-1.442254,12.247661],[-1.439405,12.248607],[-1.436453,12.249181],[-1.43345,12.249373]]]},"properties":{"well_id":"GBF-R-063","label":"Koubri well 063","commune":"Koubri","province":"Kadiogo","region":"Centre","asset_type":"restored","year":"2024","funder":"[PENDING]","population_dependent":800,"status_today":"NEVER_REPORTED","status_month6_illustrative":"NOT_REPORTED_SINCE","report_count_month6":32,"pump_type":"Volanta","depth_m":"","coordinate_confidence":"ILLUSTRATIVE_COMMUNE_CENTROID_PLUS_JITTER","provenance":"ILLUSTRATIVE_STRUCTURE_ONLY","marker_state_today":"NEVER_REPORTED","marker_style":"dashed-outline-no-fill","marker-color":"#E67E22","marker-size":"medium","fill":"#E67E22","fill-opacity":0.9,"stroke":"#FFFFFF","stroke-width":1.5,"stroke-opacity":1}},{"type":"Feature","geometry":{"type":"Polygon","coordinates":[[[-1.53516,12.214493],[-1.532157,12.214301],[-1.529206,12.213727],[-1.526357,12.212781],[-1.523658,12.211481],[-1.521156,12.209847],[-1.518894,12.207907],[-1.51691,12.205696],[-1.515239,12.203251],[-1.513908,12.200613],[-1.512941,12.197828],[-1.512355,12.194944],[-1.512158,12.192009],[-1.512355,12.189074],[-1.512942,12.18619],[-1.51391,12.183405],[-1.515241,12.180768],[-1.516912,12.178323],[-1.518896,12.176112],[-1.521158,12.174173],[-1.52366,12.172539],[-1.526358,12.171238],[-1.529207,12.170293],[-1.532158,12.169719],[-1.53516,12.169527],[-1.538162,12.169719],[-1.541113,12.170293],[-1.543962,12.171238],[-1.54666,12.172539],[-1.549162,12.174173],[-1.551424,12.176112],[-1.553408,12.178323],[-1.555079,12.180768],[-1.55641,12.183405],[-1.557378,12.18619],[-1.557965,12.189074],[-1.558162,12.192009],[-1.557965,12.194944],[-1.557379,12.197828],[-1.556412,12.200613],[-1.555081,12.203251],[-1.55341,12.205696],[-1.551426,12.207907],[-1.549164,12.209847],[-1.546662,12.211481],[-1.543963,12.212781],[-1.541114,12.213727],[-1.538163,12.214301],[-1.53516,12.214493]]]},"properties":{"well_id":"GBF-R-064","label":"Komsilga well 064","commune":"Komsilga","province":"Kadiogo","region":"Centre","asset_type":"restored","year":"2025","funder":"[PENDING]","population_dependent":3000,"status_today":"NEVER_REPORTED","status_month6_illustrative":"WORKING","report_count_month6":25,"pump_type":"[PENDING]","depth_m":"41","coordinate_confidence":"ILLUSTRATIVE_COMMUNE_CENTROID_PLUS_JITTER","provenance":"ILLUSTRATIVE_STRUCTURE_ONLY","marker_state_today":"NEVER_REPORTED","marker_style":"dashed-outline-no-fill","marker-color":"#E67E22","marker-size":"medium","fill":"#E67E22","fill-opacity":0.9,"stroke":"#FFFFFF","stroke-width":1.5,"stroke-opacity":1}},{"type":"Feature","geometry":{"type":"Polygon","coordinates":[[[-1.68462,12.200763],[-1.681618,12.200571],[-1.678667,12.199997],[-1.675817,12.199051],[-1.673119,12.197751],[-1.670617,12.196117],[-1.668355,12.194177],[-1.666371,12.191966],[-1.6647,12.189521],[-1.663369,12.186883],[-1.662403,12.184098],[-1.661816,12.181214],[-1.661619,12.178279],[-1.661816,12.175344],[-1.662404,12.17246],[-1.663371,12.169675],[-1.664702,12.167038],[-1.666373,12.164593],[-1.668357,12.162382],[-1.670619,12.160443],[-1.673121,12.158809],[-1.675819,12.157508],[-1.678667,12.156563],[-1.681618,12.155989],[-1.68462,12.155797],[-1.687622,12.155989],[-1.690573,12.156563],[-1.693421,12.157508],[-1.696119,12.158809],[-1.698621,12.160443],[-1.700883,12.162382],[-1.702867,12.164593],[-1.704538,12.167038],[-1.705869,12.169675],[-1.706836,12.17246],[-1.707424,12.175344],[-1.707621,12.178279],[-1.707424,12.181214],[-1.706837,12.184098],[-1.705871,12.186883],[-1.70454,12.189521],[-1.702869,12.191966],[-1.700885,12.194177],[-1.698623,12.196117],[-1.696121,12.197751],[-1.693423,12.199051],[-1.690573,12.199997],[-1.687622,12.200571],[-1.68462,12.200763]]]},"properties":{"well_id":"GBF-R-065","label":"Tanghin-Dassouri well 065","commune":"Tanghin-Dassouri","province":"Kadiogo","region":"Centre","asset_type":"restored","year":"2025","funder":"L'Oreal Fund for Women","population_dependent":650,"status_today":"NEVER_REPORTED","status_month6_illustrative":"WORKING","report_count_month6":21,"pump_type":"Volanta","depth_m":"41","coordinate_confidence":"ILLUSTRATIVE_COMMUNE_CENTROID_PLUS_JITTER","provenance":"ILLUSTRATIVE_STRUCTURE_ONLY","marker_state_today":"NEVER_REPORTED","marker_style":"dashed-outline-no-fill","marker-color":"#E67E22","marker-size":"medium","fill":"#E67E22","fill-opacity":0.9,"stroke":"#FFFFFF","stroke-width":1.5,"stroke-opacity":1}},{"type":"Feature","geometry":{"type":"Polygon","coordinates":[[[-1.70548,12.203553],[-1.702478,12.203361],[-1.699526,12.202787],[-1.696677,12.201841],[-1.693979,12.200541],[-1.691477,12.198907],[-1.689215,12.196967],[-1.687231,12.194756],[-1.68556,12.192311],[-1.684229,12.189673],[-1.683262,12.186888],[-1.682676,12.184004],[-1.682479,12.181069],[-1.682676,12.178134],[-1.683263,12.17525],[-1.684231,12.172465],[-1.685561,12.169828],[-1.687233,12.167383],[-1.689217,12.165172],[-1.691479,12.163233],[-1.69398,12.161599],[-1.696679,12.160298],[-1.699527,12.159353],[-1.702478,12.158779],[-1.70548,12.158587],[-1.708482,12.158779],[-1.711433,12.159353],[-1.714281,12.160298],[-1.71698,12.161599],[-1.719481,12.163233],[-1.721743,12.165172],[-1.723727,12.167383],[-1.725399,12.169828],[-1.726729,12.172465],[-1.727697,12.17525],[-1.728284,12.178134],[-1.728481,12.181069],[-1.728284,12.184004],[-1.727698,12.186888],[-1.726731,12.189673],[-1.7254,12.192311],[-1.723729,12.194756],[-1.721745,12.196967],[-1.719483,12.198907],[-1.716981,12.200541],[-1.714283,12.201841],[-1.711434,12.202787],[-1.708482,12.203361],[-1.70548,12.203553]]]},"properties":{"well_id":"GBF-R-066","label":"Tanghin-Dassouri well 066","commune":"Tanghin-Dassouri","province":"Kadiogo","region":"Centre","asset_type":"restored","year":"2020","funder":"[PENDING]","population_dependent":180,"status_today":"NEVER_REPORTED","status_month6_illustrative":"WORKING","report_count_month6":3,"pump_type":"India Mark II","depth_m":"41","coordinate_confidence":"ILLUSTRATIVE_COMMUNE_CENTROID_PLUS_JITTER","provenance":"ILLUSTRATIVE_STRUCTURE_ONLY","marker_state_today":"NEVER_REPORTED","marker_style":"dashed-outline-no-fill","marker-color":"#E67E22","marker-size":"medium","fill":"#E67E22","fill-opacity":0.9,"stroke":"#FFFFFF","stroke-width":1.5,"stroke-opacity":1}},{"type":"Feature","geometry":{"type":"Polygon","coordinates":[[[-1.55935,12.231933],[-1.556347,12.231741],[-1.553396,12.231167],[-1.550546,12.230221],[-1.547847,12.228921],[-1.545346,12.227287],[-1.543083,12.225347],[-1.541099,12.223136],[-1.539428,12.220691],[-1.538097,12.218053],[-1.53713,12.215268],[-1.536543,12.212384],[-1.536347,12.209449],[-1.536544,12.206514],[-1.537131,12.20363],[-1.538098,12.200845],[-1.539429,12.198208],[-1.541101,12.195763],[-1.543085,12.193552],[-1.545347,12.191613],[-1.547849,12.189979],[-1.550548,12.188678],[-1.553397,12.187733],[-1.556348,12.187159],[-1.55935,12.186967],[-1.562352,12.187159],[-1.565303,12.187733],[-1.568152,12.188678],[-1.570851,12.189979],[-1.573353,12.191613],[-1.575615,12.193552],[-1.577599,12.195763],[-1.579271,12.198208],[-1.580602,12.200845],[-1.581569,12.20363],[-1.582156,12.206514],[-1.582353,12.209449],[-1.582157,12.212384],[-1.58157,12.215268],[-1.580603,12.218053],[-1.579272,12.220691],[-1.577601,12.223136],[-1.575617,12.225347],[-1.573354,12.227287],[-1.570853,12.228921],[-1.568154,12.230221],[-1.565304,12.231167],[-1.562353,12.231741],[-1.55935,12.231933]]]},"properties":{"well_id":"GBF-R-067","label":"Komsilga well 067","commune":"Komsilga","province":"Kadiogo","region":"Centre","asset_type":"restored","year":"2020","funder":"Individual donors (Water Ball)","population_dependent":950,"status_today":"NEVER_REPORTED","status_month6_illustrative":"WORKING_DEGRADING","report_count_month6":29,"pump_type":"Vergnet HPV-60","depth_m":"41","coordinate_confidence":"ILLUSTRATIVE_COMMUNE_CENTROID_PLUS_JITTER","provenance":"ILLUSTRATIVE_STRUCTURE_ONLY","marker_state_today":"NEVER_REPORTED","marker_style":"dashed-outline-no-fill","marker-color":"#E67E22","marker-size":"medium","fill":"#E67E22","fill-opacity":0.9,"stroke":"#FFFFFF","stroke-width":1.5,"stroke-opacity":1}},{"type":"Feature","geometry":{"type":"Polygon","coordinates":[[[-1.69755,12.446973],[-1.694545,12.446781],[-1.691591,12.446207],[-1.688739,12.445261],[-1.686038,12.443961],[-1.683534,12.442327],[-1.68127,12.440387],[-1.679284,12.438176],[-1.677611,12.435731],[-1.67628,12.433093],[-1.675312,12.430308],[-1.674724,12.427424],[-1.674528,12.424489],[-1.674725,12.421554],[-1.675313,12.41867],[-1.676281,12.415885],[-1.677613,12.413248],[-1.679286,12.410803],[-1.681272,12.408592],[-1.683536,12.406653],[-1.68604,12.405019],[-1.68874,12.403718],[-1.691592,12.402773],[-1.694545,12.402199],[-1.69755,12.402007],[-1.700555,12.402199],[-1.703508,12.402773],[-1.70636,12.403718],[-1.70906,12.405019],[-1.711564,12.406653],[-1.713828,12.408592],[-1.715814,12.410803],[-1.717487,12.413248],[-1.718819,12.415885],[-1.719787,12.41867],[-1.720375,12.421554],[-1.720572,12.424489],[-1.720376,12.427424],[-1.719788,12.430308],[-1.71882,12.433093],[-1.717489,12.435731],[-1.715816,12.438176],[-1.71383,12.440387],[-1.711566,12.442327],[-1.709062,12.443961],[-1.706361,12.445261],[-1.703509,12.446207],[-1.700555,12.446781],[-1.69755,12.446973]]]},"properties":{"well_id":"GBF-R-068","label":"Pabre well 068","commune":"Pabre","province":"Kadiogo","region":"Centre","asset_type":"restored","year":"2021","funder":"Individual donors (Water Ball)","population_dependent":240,"status_today":"NEVER_REPORTED","status_month6_illustrative":"WORKING","report_count_month6":23,"pump_type":"Vergnet HPV-60","depth_m":"","coordinate_confidence":"ILLUSTRATIVE_COMMUNE_CENTROID_PLUS_JITTER","provenance":"ILLUSTRATIVE_STRUCTURE_ONLY","marker_state_today":"NEVER_REPORTED","marker_style":"dashed-outline-no-fill","marker-color":"#E67E22","marker-size":"medium","fill":"#E67E22","fill-opacity":0.9,"stroke":"#FFFFFF","stroke-width":1.5,"stroke-opacity":1}},{"type":"Feature","geometry":{"type":"Polygon","coordinates":[[[-1.3347,12.385573],[-1.331695,12.385381],[-1.328742,12.384807],[-1.325891,12.383861],[-1.323191,12.382561],[-1.320687,12.380927],[-1.318424,12.378987],[-1.316439,12.376776],[-1.314766,12.374331],[-1.313435,12.371693],[-1.312467,12.368908],[-1.31188,12.366024],[-1.311683,12.363089],[-1.31188,12.360154],[-1.312468,12.35727],[-1.313436,12.354485],[-1.314768,12.351848],[-1.316441,12.349403],[-1.318426,12.347192],[-1.320689,12.345253],[-1.323192,12.343619],[-1.325893,12.342318],[-1.328743,12.341373],[-1.331696,12.340799],[-1.3347,12.340607],[-1.337704,12.340799],[-1.340657,12.341373],[-1.343507,12.342318],[-1.346208,12.343619],[-1.348711,12.345253],[-1.350974,12.347192],[-1.352959,12.349403],[-1.354632,12.351848],[-1.355964,12.354485],[-1.356932,12.35727],[-1.35752,12.360154],[-1.357717,12.363089],[-1.35752,12.366024],[-1.356933,12.368908],[-1.355965,12.371693],[-1.354634,12.374331],[-1.352961,12.376776],[-1.350976,12.378987],[-1.348713,12.380927],[-1.346209,12.382561],[-1.343509,12.383861],[-1.340658,12.384807],[-1.337705,12.385381],[-1.3347,12.385573]]]},"properties":{"well_id":"GBF-R-069","label":"Saaba well 069","commune":"Saaba","province":"Kadiogo","region":"Centre","asset_type":"restored","year":"2023","funder":"Individual donors (Water Ball)","population_dependent":3000,"status_today":"NEVER_REPORTED","status_month6_illustrative":"WORKING","report_count_month6":27,"pump_type":"Vergnet HPV-60","depth_m":"","coordinate_confidence":"ILLUSTRATIVE_COMMUNE_CENTROID_PLUS_JITTER","provenance":"ILLUSTRATIVE_STRUCTURE_ONLY","marker_state_today":"NEVER_REPORTED","marker_style":"dashed-outline-no-fill","marker-color":"#E67E22","marker-size":"medium","fill":"#E67E22","fill-opacity":0.9,"stroke":"#FFFFFF","stroke-width":1.5,"stroke-opacity":1}},{"type":"Feature","geometry":{"type":"Polygon","coordinates":[[[-1.73286,12.292983],[-1.729857,12.292791],[-1.726904,12.292217],[-1.724054,12.291271],[-1.721355,12.289971],[-1.718852,12.288337],[-1.716589,12.286397],[-1.714605,12.284186],[-1.712933,12.281741],[-1.711602,12.279103],[-1.710635,12.276318],[-1.710048,12.273434],[-1.709851,12.270499],[-1.710048,12.267564],[-1.710636,12.26468],[-1.711603,12.261895],[-1.712935,12.259258],[-1.714607,12.256813],[-1.716591,12.254602],[-1.718854,12.252663],[-1.721357,12.251029],[-1.724056,12.249728],[-1.726905,12.248783],[-1.729857,12.248209],[-1.73286,12.248017],[-1.735863,12.248209],[-1.738815,12.248783],[-1.741664,12.249728],[-1.744363,12.251029],[-1.746866,12.252663],[-1.749129,12.254602],[-1.751113,12.256813],[-1.752785,12.259258],[-1.754117,12.261895],[-1.755084,12.26468],[-1.755672,12.267564],[-1.755869,12.270499],[-1.755672,12.273434],[-1.755085,12.276318],[-1.754118,12.279103],[-1.752787,12.281741],[-1.751115,12.284186],[-1.749131,12.286397],[-1.746868,12.288337],[-1.744365,12.289971],[-1.741666,12.291271],[-1.738816,12.292217],[-1.735863,12.292791],[-1.73286,12.292983]]]},"properties":{"well_id":"GBF-R-070","label":"Tanghin-Dassouri well 070","commune":"Tanghin-Dassouri","province":"Kadiogo","region":"Centre","asset_type":"restored","year":"2023","funder":"Individual donors (Water Ball)","population_dependent":650,"status_today":"NEVER_REPORTED","status_month6_illustrative":"WORKING","report_count_month6":41,"pump_type":"Vergnet HPV-60","depth_m":"58","coordinate_confidence":"ILLUSTRATIVE_COMMUNE_CENTROID_PLUS_JITTER","provenance":"ILLUSTRATIVE_STRUCTURE_ONLY","marker_state_today":"NEVER_REPORTED","marker_style":"dashed-outline-no-fill","marker-color":"#E67E22","marker-size":"medium","fill":"#E67E22","fill-opacity":0.9,"stroke":"#FFFFFF","stroke-width":1.5,"stroke-opacity":1}},{"type":"Feature","geometry":{"type":"Polygon","coordinates":[[[-1.39184,12.077663],[-1.388839,12.077471],[-1.385889,12.076897],[-1.383041,12.075951],[-1.380344,12.074651],[-1.377844,12.073017],[-1.375583,12.071077],[-1.3736,12.068866],[-1.371929,12.066421],[-1.370599,12.063783],[-1.369633,12.060998],[-1.369046,12.058114],[-1.36885,12.055179],[-1.369047,12.052244],[-1.369634,12.04936],[-1.370601,12.046575],[-1.371931,12.043938],[-1.373602,12.041493],[-1.375585,12.039282],[-1.377845,12.037343],[-1.380346,12.035709],[-1.383043,12.034408],[-1.38589,12.033463],[-1.388839,12.032889],[-1.39184,12.032697],[-1.394841,12.032889],[-1.39779,12.033463],[-1.400637,12.034408],[-1.403334,12.035709],[-1.405835,12.037343],[-1.408095,12.039282],[-1.410078,12.041493],[-1.411749,12.043938],[-1.413079,12.046575],[-1.414046,12.04936],[-1.414633,12.052244],[-1.41483,12.055179],[-1.414634,12.058114],[-1.414047,12.060998],[-1.413081,12.063783],[-1.411751,12.066421],[-1.41008,12.068866],[-1.408097,12.071077],[-1.405836,12.073017],[-1.403336,12.074651],[-1.400639,12.075951],[-1.397791,12.076897],[-1.394841,12.077471],[-1.39184,12.077663]]]},"properties":{"well_id":"GBF-R-071","label":"Kombissiri well 071","commune":"Kombissiri","province":"Bazega","region":"Centre-Sud","asset_type":"restored","year":"2023","funder":"[PENDING]","population_dependent":950,"status_today":"NEVER_REPORTED","status_month6_illustrative":"NOT_REPORTED_SINCE","report_count_month6":41,"pump_type":"Vergnet HPV-60","depth_m":"","coordinate_confidence":"ILLUSTRATIVE_COMMUNE_CENTROID_PLUS_JITTER","provenance":"ILLUSTRATIVE_STRUCTURE_ONLY","marker_state_today":"NEVER_REPORTED","marker_style":"dashed-outline-no-fill","marker-color":"#E67E22","marker-size":"medium","fill":"#E67E22","fill-opacity":0.9,"stroke":"#FFFFFF","stroke-width":1.5,"stroke-opacity":1}},{"type":"Feature","geometry":{"type":"Polygon","coordinates":[[[-2.02633,12.224723],[-2.023327,12.224531],[-2.020376,12.223957],[-2.017527,12.223011],[-2.014828,12.221711],[-2.012326,12.220077],[-2.010064,12.218137],[-2.00808,12.215926],[-2.006408,12.213481],[-2.005078,12.210843],[-2.004111,12.208058],[-2.003524,12.205174],[-2.003327,12.202239],[-2.003524,12.199304],[-2.004112,12.19642],[-2.005079,12.193635],[-2.00641,12.190998],[-2.008082,12.188553],[-2.010066,12.186342],[-2.012328,12.184403],[-2.014829,12.182769],[-2.017528,12.181468],[-2.020377,12.180523],[-2.023328,12.179949],[-2.02633,12.179757],[-2.029332,12.179949],[-2.032283,12.180523],[-2.035132,12.181468],[-2.037831,12.182769],[-2.040332,12.184403],[-2.042594,12.186342],[-2.044578,12.188553],[-2.04625,12.190998],[-2.047581,12.193635],[-2.048548,12.19642],[-2.049136,12.199304],[-2.049333,12.202239],[-2.049136,12.205174],[-2.048549,12.208058],[-2.047582,12.210843],[-2.046252,12.213481],[-2.04458,12.215926],[-2.042596,12.218137],[-2.040334,12.220077],[-2.037832,12.221711],[-2.035133,12.223011],[-2.032284,12.223957],[-2.029333,12.224531],[-2.02633,12.224723]]]},"properties":{"well_id":"GBF-R-072","label":"Kokologho well 072","commune":"Kokologho","province":"Boulkiemde","region":"Centre-Ouest","asset_type":"restored","year":"2022","funder":"[PENDING]","population_dependent":410,"status_today":"NEVER_REPORTED","status_month6_illustrative":"WORKING","report_count_month6":18,"pump_type":"India Mark II","depth_m":"47","coordinate_confidence":"ILLUSTRATIVE_COMMUNE_CENTROID_PLUS_JITTER","provenance":"ILLUSTRATIVE_STRUCTURE_ONLY","marker_state_today":"NEVER_REPORTED","marker_style":"dashed-outline-no-fill","marker-color":"#E67E22","marker-size":"medium","fill":"#E67E22","fill-opacity":0.9,"stroke":"#FFFFFF","stroke-width":1.5,"stroke-opacity":1}},{"type":"Feature","geometry":{"type":"Polygon","coordinates":[[[-1.59871,12.164073],[-1.595708,12.163881],[-1.592757,12.163307],[-1.589909,12.162361],[-1.58721,12.161061],[-1.584709,12.159427],[-1.582447,12.157487],[-1.580464,12.155276],[-1.578793,12.152831],[-1.577462,12.150193],[-1.576496,12.147408],[-1.575909,12.144524],[-1.575713,12.141589],[-1.57591,12.138654],[-1.576497,12.13577],[-1.577464,12.132985],[-1.578794,12.130348],[-1.580466,12.127903],[-1.582449,12.125692],[-1.584711,12.123753],[-1.587212,12.122119],[-1.58991,12.120818],[-1.592758,12.119873],[-1.595708,12.119299],[-1.59871,12.119107],[-1.601712,12.119299],[-1.604662,12.119873],[-1.60751,12.120818],[-1.610208,12.122119],[-1.612709,12.123753],[-1.614971,12.125692],[-1.616954,12.127903],[-1.618626,12.130348],[-1.619956,12.132985],[-1.620923,12.13577],[-1.62151,12.138654],[-1.621707,12.141589],[-1.621511,12.144524],[-1.620924,12.147408],[-1.619958,12.150193],[-1.618627,12.152831],[-1.616956,12.155276],[-1.614973,12.157487],[-1.612711,12.159427],[-1.61021,12.161061],[-1.607511,12.162361],[-1.604663,12.163307],[-1.601712,12.163881],[-1.59871,12.164073]]]},"properties":{"well_id":"GBF-R-073","label":"Komsilga well 073","commune":"Komsilga","province":"Kadiogo","region":"Centre","asset_type":"restored","year":"2021","funder":"School partner network","population_dependent":180,"status_today":"NEVER_REPORTED","status_month6_illustrative":"NEVER_REPORTED","report_count_month6":0,"pump_type":"India Mark II","depth_m":"47","coordinate_confidence":"ILLUSTRATIVE_COMMUNE_CENTROID_PLUS_JITTER","provenance":"ILLUSTRATIVE_STRUCTURE_ONLY","marker_state_today":"NEVER_REPORTED","marker_style":"dashed-outline-no-fill","marker-color":"#E67E22","marker-size":"medium","fill":"#E67E22","fill-opacity":0.9,"stroke":"#FFFFFF","stroke-width":1.5,"stroke-opacity":1}},{"type":"Feature","geometry":{"type":"Polygon","coordinates":[[[-1.28792,12.043643],[-1.284919,12.043451],[-1.28197,12.042877],[-1.279123,12.041931],[-1.276426,12.040631],[-1.273925,12.038997],[-1.271665,12.037057],[-1.269682,12.034846],[-1.268012,12.032401],[-1.266682,12.029763],[-1.265716,12.026978],[-1.265129,12.024094],[-1.264933,12.021159],[-1.26513,12.018224],[-1.265717,12.01534],[-1.266683,12.012555],[-1.268013,12.009918],[-1.269684,12.007473],[-1.271667,12.005262],[-1.273927,12.003323],[-1.276427,12.001689],[-1.279124,12.000388],[-1.281971,11.999443],[-1.28492,11.998869],[-1.28792,11.998677],[-1.29092,11.998869],[-1.293869,11.999443],[-1.296716,12.000388],[-1.299413,12.001689],[-1.301913,12.003323],[-1.304173,12.005262],[-1.306156,12.007473],[-1.307827,12.009918],[-1.309157,12.012555],[-1.310123,12.01534],[-1.31071,12.018224],[-1.310907,12.021159],[-1.310711,12.024094],[-1.310124,12.026978],[-1.309158,12.029763],[-1.307828,12.032401],[-1.306158,12.034846],[-1.304175,12.037057],[-1.301915,12.038997],[-1.299414,12.040631],[-1.296717,12.041931],[-1.29387,12.042877],[-1.290921,12.043451],[-1.28792,12.043643]]]},"properties":{"well_id":"GBF-R-074","label":"Kombissiri well 074","commune":"Kombissiri","province":"Bazega","region":"Centre-Sud","asset_type":"restored","year":"2024","funder":"[PENDING]","population_dependent":950,"status_today":"NEVER_REPORTED","status_month6_illustrative":"WORKING","report_count_month6":32,"pump_type":"Vergnet HPV-60","depth_m":"52","coordinate_confidence":"ILLUSTRATIVE_COMMUNE_CENTROID_PLUS_JITTER","provenance":"ILLUSTRATIVE_STRUCTURE_ONLY","marker_state_today":"NEVER_REPORTED","marker_style":"dashed-outline-no-fill","marker-color":"#E67E22","marker-size":"medium","fill":"#E67E22","fill-opacity":0.9,"stroke":"#FFFFFF","stroke-width":1.5,"stroke-opacity":1}},{"type":"Feature","geometry":{"type":"Polygon","coordinates":[[[-1.93276,12.635483],[-1.929753,12.635291],[-1.926797,12.634717],[-1.923943,12.633771],[-1.92124,12.632471],[-1.918734,12.630837],[-1.916468,12.628897],[-1.914481,12.626686],[-1.912807,12.624241],[-1.911474,12.621603],[-1.910505,12.618818],[-1.909918,12.615934],[-1.909721,12.612999],[-1.909918,12.610064],[-1.910507,12.60718],[-1.911475,12.604395],[-1.912808,12.601758],[-1.914483,12.599313],[-1.91647,12.597102],[-1.918736,12.595163],[-1.921241,12.593529],[-1.923944,12.592228],[-1.926798,12.591283],[-1.929753,12.590709],[-1.93276,12.590517],[-1.935767,12.590709],[-1.938722,12.591283],[-1.941576,12.592228],[-1.944279,12.593529],[-1.946784,12.595163],[-1.94905,12.597102],[-1.951037,12.599313],[-1.952712,12.601758],[-1.954045,12.604395],[-1.955013,12.60718],[-1.955602,12.610064],[-1.955799,12.612999],[-1.955602,12.615934],[-1.955015,12.618818],[-1.954046,12.621603],[-1.952713,12.624241],[-1.951039,12.626686],[-1.949052,12.628897],[-1.946786,12.630837],[-1.94428,12.632471],[-1.941577,12.633771],[-1.938723,12.634717],[-1.935767,12.635291],[-1.93276,12.635483]]]},"properties":{"well_id":"GBF-R-075","label":"Bouss\u00e9 well 075","commune":"Bouss\u00e9","province":"Kourweogo","region":"Plateau-Central","asset_type":"restored","year":"2021","funder":"[PENDING]","population_dependent":2200,"status_today":"NEVER_REPORTED","status_month6_illustrative":"BROKEN","report_count_month6":28,"pump_type":"[PENDING]","depth_m":"","coordinate_confidence":"ILLUSTRATIVE_COMMUNE_CENTROID_PLUS_JITTER","provenance":"ILLUSTRATIVE_STRUCTURE_ONLY","marker_state_today":"NEVER_REPORTED","marker_style":"dashed-outline-no-fill","marker-color":"#E67E22","marker-size":"medium","fill":"#E67E22","fill-opacity":0.9,"stroke":"#FFFFFF","stroke-width":1.5,"stroke-opacity":1}},{"type":"Feature","geometry":{"type":"Polygon","coordinates":[[[-1.25148,12.004303],[-1.24848,12.004111],[-1.245531,12.003537],[-1.242684,12.002591],[-1.239987,12.001291],[-1.237487,11.999657],[-1.235227,11.997717],[-1.233245,11.995506],[-1.231575,11.993061],[-1.230245,11.990423],[-1.229279,11.987638],[-1.228693,11.984754],[-1.228496,11.981819],[-1.228693,11.978884],[-1.22928,11.976],[-1.230246,11.973215],[-1.231576,11.970578],[-1.233247,11.968133],[-1.235229,11.965922],[-1.237489,11.963983],[-1.239989,11.962349],[-1.242685,11.961048],[-1.245532,11.960103],[-1.24848,11.959529],[-1.25148,11.959337],[-1.25448,11.959529],[-1.257428,11.960103],[-1.260275,11.961048],[-1.262971,11.962349],[-1.265471,11.963983],[-1.267731,11.965922],[-1.269713,11.968133],[-1.271384,11.970578],[-1.272714,11.973215],[-1.27368,11.976],[-1.274267,11.978884],[-1.274464,11.981819],[-1.274267,11.984754],[-1.273681,11.987638],[-1.272715,11.990423],[-1.271385,11.993061],[-1.269715,11.995506],[-1.267733,11.997717],[-1.265473,11.999657],[-1.262973,12.001291],[-1.260276,12.002591],[-1.257429,12.003537],[-1.25448,12.004111],[-1.25148,12.004303]]]},"properties":{"well_id":"GBF-R-076","label":"Kombissiri well 076","commune":"Kombissiri","province":"Bazega","region":"Centre-Sud","asset_type":"restored","year":"2024","funder":"Individual donors (Water Ball)","population_dependent":950,"status_today":"NEVER_REPORTED","status_month6_illustrative":"NOT_REPORTED_SINCE","report_count_month6":11,"pump_type":"Volanta","depth_m":"47","coordinate_confidence":"ILLUSTRATIVE_COMMUNE_CENTROID_PLUS_JITTER","provenance":"ILLUSTRATIVE_STRUCTURE_ONLY","marker_state_today":"NEVER_REPORTED","marker_style":"dashed-outline-no-fill","marker-color":"#E67E22","marker-size":"medium","fill":"#E67E22","fill-opacity":0.9,"stroke":"#FFFFFF","stroke-width":1.5,"stroke-opacity":1}},{"type":"Feature","geometry":{"type":"Polygon","coordinates":[[[-1.73049,12.351733],[-1.727486,12.351541],[-1.724533,12.350967],[-1.721682,12.350021],[-1.718982,12.348721],[-1.716479,12.347087],[-1.714216,12.345147],[-1.712231,12.342936],[-1.710559,12.340491],[-1.709227,12.337853],[-1.70826,12.335068],[-1.707673,12.332184],[-1.707476,12.329249],[-1.707673,12.326314],[-1.708261,12.32343],[-1.709229,12.320645],[-1.71056,12.318008],[-1.712233,12.315563],[-1.714218,12.313352],[-1.716481,12.311413],[-1.718984,12.309779],[-1.721684,12.308478],[-1.724534,12.307533],[-1.727486,12.306959],[-1.73049,12.306767],[-1.733494,12.306959],[-1.736446,12.307533],[-1.739296,12.308478],[-1.741996,12.309779],[-1.744499,12.311413],[-1.746762,12.313352],[-1.748747,12.315563],[-1.75042,12.318008],[-1.751751,12.320645],[-1.752719,12.32343],[-1.753307,12.326314],[-1.753504,12.329249],[-1.753307,12.332184],[-1.75272,12.335068],[-1.751753,12.337853],[-1.750421,12.340491],[-1.748749,12.342936],[-1.746764,12.345147],[-1.744501,12.347087],[-1.741998,12.348721],[-1.739298,12.350021],[-1.736447,12.350967],[-1.733494,12.351541],[-1.73049,12.351733]]]},"properties":{"well_id":"GBF-R-077","label":"Tanghin-Dassouri well 077","commune":"Tanghin-Dassouri","province":"Kadiogo","region":"Centre","asset_type":"restored","year":"2021","funder":"[PENDING]","population_dependent":240,"status_today":"NEVER_REPORTED","status_month6_illustrative":"WORKING_DEGRADING","report_count_month6":7,"pump_type":"[PENDING]","depth_m":"47","coordinate_confidence":"ILLUSTRATIVE_COMMUNE_CENTROID_PLUS_JITTER","provenance":"ILLUSTRATIVE_STRUCTURE_ONLY","marker_state_today":"NEVER_REPORTED","marker_style":"dashed-outline-no-fill","marker-color":"#E67E22","marker-size":"medium","fill":"#E67E22","fill-opacity":0.9,"stroke":"#FFFFFF","stroke-width":1.5,"stroke-opacity":1}},{"type":"Feature","geometry":{"type":"Polygon","coordinates":[[[-1.26964,12.008423],[-1.26664,12.008231],[-1.263691,12.007657],[-1.260844,12.006711],[-1.258147,12.005411],[-1.255647,12.003777],[-1.253387,12.001837],[-1.251405,11.999626],[-1.249734,11.997181],[-1.248405,11.994543],[-1.247439,11.991758],[-1.246852,11.988874],[-1.246656,11.985939],[-1.246853,11.983004],[-1.24744,11.98012],[-1.248406,11.977335],[-1.249736,11.974698],[-1.251406,11.972253],[-1.253389,11.970042],[-1.255649,11.968103],[-1.258149,11.966469],[-1.260845,11.965168],[-1.263692,11.964223],[-1.26664,11.963649],[-1.26964,11.963457],[-1.27264,11.963649],[-1.275588,11.964223],[-1.278435,11.965168],[-1.281131,11.966469],[-1.283631,11.968103],[-1.285891,11.970042],[-1.287874,11.972253],[-1.289544,11.974698],[-1.290874,11.977335],[-1.29184,11.98012],[-1.292427,11.983004],[-1.292624,11.985939],[-1.292428,11.988874],[-1.291841,11.991758],[-1.290875,11.994543],[-1.289546,11.997181],[-1.287875,11.999626],[-1.285893,12.001837],[-1.283633,12.003777],[-1.281133,12.005411],[-1.278436,12.006711],[-1.275589,12.007657],[-1.27264,12.008231],[-1.26964,12.008423]]]},"properties":{"well_id":"GBF-R-078","label":"Kombissiri well 078","commune":"Kombissiri","province":"Bazega","region":"Centre-Sud","asset_type":"restored","year":"2018","funder":"[PENDING]","population_dependent":1200,"status_today":"NEVER_REPORTED","status_month6_illustrative":"WORKING_DEGRADING","report_count_month6":10,"pump_type":"[PENDING]","depth_m":"41","coordinate_confidence":"ILLUSTRATIVE_COMMUNE_CENTROID_PLUS_JITTER","provenance":"ILLUSTRATIVE_STRUCTURE_ONLY","marker_state_today":"NEVER_REPORTED","marker_style":"dashed-outline-no-fill","marker-color":"#E67E22","marker-size":"medium","fill":"#E67E22","fill-opacity":0.9,"stroke":"#FFFFFF","stroke-width":1.5,"stroke-opacity":1}},{"type":"Feature","geometry":{"type":"Polygon","coordinates":[[[-1.70892,11.629743],[-1.705924,11.629551],[-1.702979,11.628977],[-1.700136,11.628031],[-1.697443,11.626731],[-1.694947,11.625097],[-1.692689,11.623157],[-1.69071,11.620946],[-1.689042,11.618501],[-1.687714,11.615863],[-1.686749,11.613078],[-1.686164,11.610194],[-1.685968,11.607259],[-1.686164,11.604324],[-1.68675,11.60144],[-1.687715,11.598655],[-1.689043,11.596018],[-1.690712,11.593573],[-1.692691,11.591362],[-1.694948,11.589423],[-1.697445,11.587789],[-1.700137,11.586488],[-1.70298,11.585543],[-1.705924,11.584969],[-1.70892,11.584777],[-1.711916,11.584969],[-1.71486,11.585543],[-1.717703,11.586488],[-1.720395,11.587789],[-1.722892,11.589423],[-1.725149,11.591362],[-1.727128,11.593573],[-1.728797,11.596018],[-1.730125,11.598655],[-1.73109,11.60144],[-1.731676,11.604324],[-1.731872,11.607259],[-1.731676,11.610194],[-1.731091,11.613078],[-1.730126,11.615863],[-1.728798,11.618501],[-1.72713,11.620946],[-1.725151,11.623157],[-1.722893,11.625097],[-1.720397,11.626731],[-1.717704,11.628031],[-1.714861,11.628977],[-1.711916,11.629551],[-1.70892,11.629743]]]},"properties":{"well_id":"GBF-R-079","label":"Sapouy well 079","commune":"Sapouy","province":"Ziro","region":"Centre-Ouest","asset_type":"restored","year":"2018","funder":"L'Oreal Fund for Women","population_dependent":1800,"status_today":"NEVER_REPORTED","status_month6_illustrative":"NOT_REPORTED_SINCE","report_count_month6":6,"pump_type":"Vergnet HPV-60","depth_m":"47","coordinate_confidence":"ILLUSTRATIVE_COMMUNE_CENTROID_PLUS_JITTER","provenance":"ILLUSTRATIVE_STRUCTURE_ONLY","marker_state_today":"NEVER_REPORTED","marker_style":"dashed-outline-no-fill","marker-color":"#E67E22","marker-size":"medium","fill":"#E67E22","fill-opacity":0.9,"stroke":"#FFFFFF","stroke-width":1.5,"stroke-opacity":1}},{"type":"Feature","geometry":{"type":"Polygon","coordinates":[[[-1.60384,12.242703],[-1.600837,12.242511],[-1.597886,12.241937],[-1.595036,12.240991],[-1.592337,12.239691],[-1.589835,12.238057],[-1.587573,12.236117],[-1.585589,12.233906],[-1.583917,12.231461],[-1.582586,12.228823],[-1.581619,12.226038],[-1.581032,12.223154],[-1.580836,12.220219],[-1.581033,12.217284],[-1.58162,12.2144],[-1.582587,12.211615],[-1.583919,12.208978],[-1.58559,12.206533],[-1.587574,12.204322],[-1.589837,12.202383],[-1.592339,12.200749],[-1.595037,12.199448],[-1.597887,12.198503],[-1.600838,12.197929],[-1.60384,12.197737],[-1.606842,12.197929],[-1.609793,12.198503],[-1.612643,12.199448],[-1.615341,12.200749],[-1.617843,12.202383],[-1.620106,12.204322],[-1.62209,12.206533],[-1.623761,12.208978],[-1.625093,12.211615],[-1.62606,12.2144],[-1.626647,12.217284],[-1.626844,12.220219],[-1.626648,12.223154],[-1.626061,12.226038],[-1.625094,12.228823],[-1.623763,12.231461],[-1.622091,12.233906],[-1.620107,12.236117],[-1.617845,12.238057],[-1.615343,12.239691],[-1.612644,12.240991],[-1.609794,12.241937],[-1.606843,12.242511],[-1.60384,12.242703]]]},"properties":{"well_id":"GBF-R-080","label":"Komsilga well 080","commune":"Komsilga","province":"Kadiogo","region":"Centre","asset_type":"restored","year":"2021","funder":"[PENDING]","population_dependent":410,"status_today":"NEVER_REPORTED","status_month6_illustrative":"WORKING_DEGRADING","report_count_month6":35,"pump_type":"India Mark II","depth_m":"","coordinate_confidence":"ILLUSTRATIVE_COMMUNE_CENTROID_PLUS_JITTER","provenance":"ILLUSTRATIVE_STRUCTURE_ONLY","marker_state_today":"NEVER_REPORTED","marker_style":"dashed-outline-no-fill","marker-color":"#E67E22","marker-size":"medium","fill":"#E67E22","fill-opacity":0.9,"stroke":"#FFFFFF","stroke-width":1.5,"stroke-opacity":1}},{"type":"Feature","geometry":{"type":"Polygon","coordinates":[[[-1.63363,11.978313],[-1.63063,11.978121],[-1.627681,11.977547],[-1.624835,11.976601],[-1.622138,11.975301],[-1.619639,11.973667],[-1.617379,11.971727],[-1.615397,11.969516],[-1.613727,11.967071],[-1.612397,11.964433],[-1.611431,11.961648],[-1.610845,11.958764],[-1.610648,11.955829],[-1.610845,11.952894],[-1.611432,11.95001],[-1.612398,11.947225],[-1.613728,11.944588],[-1.615398,11.942143],[-1.617381,11.939932],[-1.619641,11.937993],[-1.62214,11.936359],[-1.624836,11.935058],[-1.627682,11.934113],[-1.630631,11.933539],[-1.63363,11.933347],[-1.636629,11.933539],[-1.639578,11.934113],[-1.642424,11.935058],[-1.64512,11.936359],[-1.647619,11.937993],[-1.649879,11.939932],[-1.651862,11.942143],[-1.653532,11.944588],[-1.654862,11.947225],[-1.655828,11.95001],[-1.656415,11.952894],[-1.656612,11.955829],[-1.656415,11.958764],[-1.655829,11.961648],[-1.654863,11.964433],[-1.653533,11.967071],[-1.651863,11.969516],[-1.649881,11.971727],[-1.647621,11.973667],[-1.645122,11.975301],[-1.642425,11.976601],[-1.639579,11.977547],[-1.63663,11.978121],[-1.63363,11.978313]]]},"properties":{"well_id":"GBF-R-081","label":"Doulougou well 081","commune":"Doulougou","province":"Bazega","region":"Centre-Sud","asset_type":"restored","year":"2024","funder":"Individual donors (Water Ball)","population_dependent":240,"status_today":"NEVER_REPORTED","status_month6_illustrative":"WORKING","report_count_month6":30,"pump_type":"Volanta","depth_m":"58","coordinate_confidence":"ILLUSTRATIVE_COMMUNE_CENTROID_PLUS_JITTER","provenance":"ILLUSTRATIVE_STRUCTURE_ONLY","marker_state_today":"NEVER_REPORTED","marker_style":"dashed-outline-no-fill","marker-color":"#E67E22","marker-size":"medium","fill":"#E67E22","fill-opacity":0.9,"stroke":"#FFFFFF","stroke-width":1.5,"stroke-opacity":1}},{"type":"Feature","geometry":{"type":"Polygon","coordinates":[[[-1.64328,12.355993],[-1.640276,12.355801],[-1.637323,12.355227],[-1.634472,12.354281],[-1.631772,12.352981],[-1.629269,12.351347],[-1.627006,12.349407],[-1.625021,12.347196],[-1.623348,12.344751],[-1.622017,12.342113],[-1.62105,12.339328],[-1.620462,12.336444],[-1.620266,12.333509],[-1.620463,12.330574],[-1.62105,12.32769],[-1.622018,12.324905],[-1.62335,12.322268],[-1.625023,12.319823],[-1.627007,12.317612],[-1.629271,12.315673],[-1.631774,12.314039],[-1.634474,12.312738],[-1.637324,12.311793],[-1.640276,12.311219],[-1.64328,12.311027],[-1.646284,12.311219],[-1.649236,12.311793],[-1.652086,12.312738],[-1.654786,12.314039],[-1.657289,12.315673],[-1.659553,12.317612],[-1.661537,12.319823],[-1.66321,12.322268],[-1.664542,12.324905],[-1.66551,12.32769],[-1.666097,12.330574],[-1.666294,12.333509],[-1.666098,12.336444],[-1.66551,12.339328],[-1.664543,12.342113],[-1.663212,12.344751],[-1.661539,12.347196],[-1.659554,12.349407],[-1.657291,12.351347],[-1.654788,12.352981],[-1.652088,12.354281],[-1.649237,12.355227],[-1.646284,12.355801],[-1.64328,12.355993]]]},"properties":{"well_id":"GBF-R-082","label":"Tanghin-Dassouri well 082","commune":"Tanghin-Dassouri","province":"Kadiogo","region":"Centre","asset_type":"restored","year":"2025","funder":"[PENDING]","population_dependent":320,"status_today":"NEVER_REPORTED","status_month6_illustrative":"NEVER_REPORTED","report_count_month6":0,"pump_type":"Volanta","depth_m":"","coordinate_confidence":"ILLUSTRATIVE_COMMUNE_CENTROID_PLUS_JITTER","provenance":"ILLUSTRATIVE_STRUCTURE_ONLY","marker_state_today":"NEVER_REPORTED","marker_style":"dashed-outline-no-fill","marker-color":"#E67E22","marker-size":"medium","fill":"#E67E22","fill-opacity":0.9,"stroke":"#FFFFFF","stroke-width":1.5,"stroke-opacity":1}},{"type":"Feature","geometry":{"type":"Polygon","coordinates":[[[-1.40923,12.101003],[-1.406229,12.100811],[-1.403279,12.100237],[-1.400431,12.099291],[-1.397733,12.097991],[-1.395232,12.096357],[-1.392971,12.094417],[-1.390988,12.092206],[-1.389317,12.089761],[-1.387987,12.087123],[-1.387021,12.084338],[-1.386434,12.081454],[-1.386238,12.078519],[-1.386435,12.075584],[-1.387022,12.0727],[-1.387989,12.069915],[-1.389319,12.067278],[-1.39099,12.064833],[-1.392973,12.062622],[-1.395234,12.060683],[-1.397735,12.059049],[-1.400432,12.057748],[-1.40328,12.056803],[-1.406229,12.056229],[-1.40923,12.056037],[-1.412231,12.056229],[-1.41518,12.056803],[-1.418028,12.057748],[-1.420725,12.059049],[-1.423226,12.060683],[-1.425487,12.062622],[-1.42747,12.064833],[-1.429141,12.067278],[-1.430471,12.069915],[-1.431438,12.0727],[-1.432025,12.075584],[-1.432222,12.078519],[-1.432026,12.081454],[-1.431439,12.084338],[-1.430473,12.087123],[-1.429143,12.089761],[-1.427472,12.092206],[-1.425489,12.094417],[-1.423228,12.096357],[-1.420727,12.097991],[-1.418029,12.099291],[-1.415181,12.100237],[-1.412231,12.100811],[-1.40923,12.101003]]]},"properties":{"well_id":"GBF-R-083","label":"Kombissiri well 083","commune":"Kombissiri","province":"Bazega","region":"Centre-Sud","asset_type":"restored","year":"2025","funder":"L'Oreal Fund for Women","population_dependent":500,"status_today":"NEVER_REPORTED","status_month6_illustrative":"WORKING_DEGRADING","report_count_month6":6,"pump_type":"[PENDING]","depth_m":"52","coordinate_confidence":"ILLUSTRATIVE_COMMUNE_CENTROID_PLUS_JITTER","provenance":"ILLUSTRATIVE_STRUCTURE_ONLY","marker_state_today":"NEVER_REPORTED","marker_style":"dashed-outline-no-fill","marker-color":"#E67E22","marker-size":"medium","fill":"#E67E22","fill-opacity":0.9,"stroke":"#FFFFFF","stroke-width":1.5,"stroke-opacity":1}},{"type":"Feature","geometry":{"type":"Polygon","coordinates":[[[-1.65426,12.216273],[-1.651257,12.216081],[-1.648306,12.215507],[-1.645457,12.214561],[-1.642758,12.213261],[-1.640256,12.211627],[-1.637994,12.209687],[-1.63601,12.207476],[-1.634339,12.205031],[-1.633008,12.202393],[-1.632041,12.199608],[-1.631455,12.196724],[-1.631258,12.193789],[-1.631455,12.190854],[-1.632042,12.18797],[-1.63301,12.185185],[-1.634341,12.182548],[-1.636012,12.180103],[-1.637996,12.177892],[-1.640258,12.175953],[-1.64276,12.174319],[-1.645458,12.173018],[-1.648307,12.172073],[-1.651258,12.171499],[-1.65426,12.171307],[-1.657262,12.171499],[-1.660213,12.172073],[-1.663062,12.173018],[-1.66576,12.174319],[-1.668262,12.175953],[-1.670524,12.177892],[-1.672508,12.180103],[-1.674179,12.182548],[-1.67551,12.185185],[-1.676478,12.18797],[-1.677065,12.190854],[-1.677262,12.193789],[-1.677065,12.196724],[-1.676479,12.199608],[-1.675512,12.202393],[-1.674181,12.205031],[-1.67251,12.207476],[-1.670526,12.209687],[-1.668264,12.211627],[-1.665762,12.213261],[-1.663063,12.214561],[-1.660214,12.215507],[-1.657263,12.216081],[-1.65426,12.216273]]]},"properties":{"well_id":"GBF-R-084","label":"Tanghin-Dassouri well 084","commune":"Tanghin-Dassouri","province":"Kadiogo","region":"Centre","asset_type":"restored","year":"2019","funder":"[PENDING]","population_dependent":1500,"status_today":"NEVER_REPORTED","status_month6_illustrative":"NOT_REPORTED_SINCE","report_count_month6":7,"pump_type":"India Mark II","depth_m":"","coordinate_confidence":"ILLUSTRATIVE_COMMUNE_CENTROID_PLUS_JITTER","provenance":"ILLUSTRATIVE_STRUCTURE_ONLY","marker_state_today":"NEVER_REPORTED","marker_style":"dashed-outline-no-fill","marker-color":"#E67E22","marker-size":"medium","fill":"#E67E22","fill-opacity":0.9,"stroke":"#FFFFFF","stroke-width":1.5,"stroke-opacity":1}},{"type":"Feature","geometry":{"type":"Polygon","coordinates":[[[-1.71341,12.329853],[-1.710406,12.329661],[-1.707454,12.329087],[-1.704603,12.328141],[-1.701903,12.326841],[-1.6994,12.325207],[-1.697137,12.323267],[-1.695152,12.321056],[-1.69348,12.318611],[-1.692149,12.315973],[-1.691182,12.313188],[-1.690595,12.310304],[-1.690398,12.307369],[-1.690595,12.304434],[-1.691183,12.30155],[-1.69215,12.298765],[-1.693482,12.296128],[-1.695154,12.293683],[-1.697139,12.291472],[-1.699402,12.289533],[-1.701905,12.287899],[-1.704604,12.286598],[-1.707455,12.285653],[-1.710407,12.285079],[-1.71341,12.284887],[-1.716413,12.285079],[-1.719365,12.285653],[-1.722216,12.286598],[-1.724915,12.287899],[-1.727418,12.289533],[-1.729681,12.291472],[-1.731666,12.293683],[-1.733338,12.296128],[-1.73467,12.298765],[-1.735637,12.30155],[-1.736225,12.304434],[-1.736422,12.307369],[-1.736225,12.310304],[-1.735638,12.313188],[-1.734671,12.315973],[-1.73334,12.318611],[-1.731668,12.321056],[-1.729683,12.323267],[-1.72742,12.325207],[-1.724917,12.326841],[-1.722217,12.328141],[-1.719366,12.329087],[-1.716414,12.329661],[-1.71341,12.329853]]]},"properties":{"well_id":"GBF-R-085","label":"Tanghin-Dassouri well 085","commune":"Tanghin-Dassouri","province":"Kadiogo","region":"Centre","asset_type":"restored","year":"2022","funder":"[PENDING]","population_dependent":3000,"status_today":"NEVER_REPORTED","status_month6_illustrative":"NOT_REPORTED_SINCE","report_count_month6":21,"pump_type":"India Mark II","depth_m":"47","coordinate_confidence":"ILLUSTRATIVE_COMMUNE_CENTROID_PLUS_JITTER","provenance":"ILLUSTRATIVE_STRUCTURE_ONLY","marker_state_today":"NEVER_REPORTED","marker_style":"dashed-outline-no-fill","marker-color":"#E67E22","marker-size":"medium","fill":"#E67E22","fill-opacity":0.9,"stroke":"#FFFFFF","stroke-width":1.5,"stroke-opacity":1}},{"type":"Feature","geometry":{"type":"Polygon","coordinates":[[[-2.07054,12.130323],[-2.067538,12.130131],[-2.064588,12.129557],[-2.06174,12.128611],[-2.059042,12.127311],[-2.056541,12.125677],[-2.054279,12.123737],[-2.052296,12.121526],[-2.050625,12.119081],[-2.049295,12.116443],[-2.048328,12.113658],[-2.047742,12.110774],[-2.047545,12.107839],[-2.047742,12.104904],[-2.048329,12.10202],[-2.049296,12.099235],[-2.050627,12.096598],[-2.052298,12.094153],[-2.054281,12.091942],[-2.056543,12.090003],[-2.059044,12.088369],[-2.061741,12.087068],[-2.064589,12.086123],[-2.067539,12.085549],[-2.07054,12.085357],[-2.073541,12.085549],[-2.076491,12.086123],[-2.079339,12.087068],[-2.082036,12.088369],[-2.084537,12.090003],[-2.086799,12.091942],[-2.088782,12.094153],[-2.090453,12.096598],[-2.091784,12.099235],[-2.092751,12.10202],[-2.093338,12.104904],[-2.093535,12.107839],[-2.093338,12.110774],[-2.092752,12.113658],[-2.091785,12.116443],[-2.090455,12.119081],[-2.088784,12.121526],[-2.086801,12.123737],[-2.084539,12.125677],[-2.082038,12.127311],[-2.07934,12.128611],[-2.076492,12.129557],[-2.073542,12.130131],[-2.07054,12.130323]]]},"properties":{"well_id":"GBF-R-086","label":"Kokologho well 086","commune":"Kokologho","province":"Boulkiemde","region":"Centre-Ouest","asset_type":"restored","year":"2023","funder":"Individual donors (Water Ball)","population_dependent":1800,"status_today":"NEVER_REPORTED","status_month6_illustrative":"WORKING","report_count_month6":24,"pump_type":"Vergnet HPV-60","depth_m":"41","coordinate_confidence":"ILLUSTRATIVE_COMMUNE_CENTROID_PLUS_JITTER","provenance":"ILLUSTRATIVE_STRUCTURE_ONLY","marker_state_today":"NEVER_REPORTED","marker_style":"dashed-outline-no-fill","marker-color":"#E67E22","marker-size":"medium","fill":"#E67E22","fill-opacity":0.9,"stroke":"#FFFFFF","stroke-width":1.5,"stroke-opacity":1}},{"type":"Feature","geometry":{"type":"Polygon","coordinates":[[[-1.57458,12.204163],[-1.571578,12.203971],[-1.568626,12.203397],[-1.565777,12.202451],[-1.563079,12.201151],[-1.560577,12.199517],[-1.558315,12.197577],[-1.556331,12.195366],[-1.55466,12.192921],[-1.553329,12.190283],[-1.552362,12.187498],[-1.551776,12.184614],[-1.551579,12.181679],[-1.551776,12.178744],[-1.552363,12.17586],[-1.553331,12.173075],[-1.554661,12.170438],[-1.556333,12.167993],[-1.558317,12.165782],[-1.560579,12.163843],[-1.56308,12.162209],[-1.565779,12.160908],[-1.568627,12.159963],[-1.571578,12.159389],[-1.57458,12.159197],[-1.577582,12.159389],[-1.580533,12.159963],[-1.583381,12.160908],[-1.58608,12.162209],[-1.588581,12.163843],[-1.590843,12.165782],[-1.592827,12.167993],[-1.594499,12.170438],[-1.595829,12.173075],[-1.596797,12.17586],[-1.597384,12.178744],[-1.597581,12.181679],[-1.597384,12.184614],[-1.596798,12.187498],[-1.595831,12.190283],[-1.5945,12.192921],[-1.592829,12.195366],[-1.590845,12.197577],[-1.588583,12.199517],[-1.586081,12.201151],[-1.583383,12.202451],[-1.580534,12.203397],[-1.577582,12.203971],[-1.57458,12.204163]]]},"properties":{"well_id":"GBF-R-087","label":"Komsilga well 087","commune":"Komsilga","province":"Kadiogo","region":"Centre","asset_type":"restored","year":"2017","funder":"[PENDING]","population_dependent":410,"status_today":"NEVER_REPORTED","status_month6_illustrative":"NEVER_REPORTED","report_count_month6":0,"pump_type":"Vergnet HPV-60","depth_m":"52","coordinate_confidence":"ILLUSTRATIVE_COMMUNE_CENTROID_PLUS_JITTER","provenance":"ILLUSTRATIVE_STRUCTURE_ONLY","marker_state_today":"NEVER_REPORTED","marker_style":"dashed-outline-no-fill","marker-color":"#E67E22","marker-size":"medium","fill":"#E67E22","fill-opacity":0.9,"stroke":"#FFFFFF","stroke-width":1.5,"stroke-opacity":1}},{"type":"Feature","geometry":{"type":"Polygon","coordinates":[[[-1.71283,12.285573],[-1.709827,12.285381],[-1.706875,12.284807],[-1.704025,12.283861],[-1.701325,12.282561],[-1.698823,12.280927],[-1.69656,12.278987],[-1.694576,12.276776],[-1.692904,12.274331],[-1.691573,12.271693],[-1.690605,12.268908],[-1.690019,12.266024],[-1.689822,12.263089],[-1.690019,12.260154],[-1.690606,12.25727],[-1.691574,12.254485],[-1.692905,12.251848],[-1.694577,12.249403],[-1.696562,12.247192],[-1.698825,12.245253],[-1.701327,12.243619],[-1.704026,12.242318],[-1.706876,12.241373],[-1.709827,12.240799],[-1.71283,12.240607],[-1.715833,12.240799],[-1.718784,12.241373],[-1.721634,12.242318],[-1.724333,12.243619],[-1.726835,12.245253],[-1.729098,12.247192],[-1.731083,12.249403],[-1.732755,12.251848],[-1.734086,12.254485],[-1.735054,12.25727],[-1.735641,12.260154],[-1.735838,12.263089],[-1.735641,12.266024],[-1.735055,12.268908],[-1.734087,12.271693],[-1.732756,12.274331],[-1.731084,12.276776],[-1.7291,12.278987],[-1.726837,12.280927],[-1.724335,12.282561],[-1.721635,12.283861],[-1.718785,12.284807],[-1.715833,12.285381],[-1.71283,12.285573]]]},"properties":{"well_id":"GBF-R-088","label":"Tanghin-Dassouri well 088","commune":"Tanghin-Dassouri","province":"Kadiogo","region":"Centre","asset_type":"restored","year":"2024","funder":"Individual donors (Water Ball)","population_dependent":500,"status_today":"NEVER_REPORTED","status_month6_illustrative":"NOT_REPORTED_SINCE","report_count_month6":29,"pump_type":"India Mark II","depth_m":"","coordinate_confidence":"ILLUSTRATIVE_COMMUNE_CENTROID_PLUS_JITTER","provenance":"ILLUSTRATIVE_STRUCTURE_ONLY","marker_state_today":"NEVER_REPORTED","marker_style":"dashed-outline-no-fill","marker-color":"#E67E22","marker-size":"medium","fill":"#E67E22","fill-opacity":0.9,"stroke":"#FFFFFF","stroke-width":1.5,"stroke-opacity":1}},{"type":"Feature","geometry":{"type":"Polygon","coordinates":[[[-1.68233,11.522593],[-1.679335,11.522401],[-1.676391,11.521827],[-1.673549,11.520881],[-1.670857,11.519581],[-1.668362,11.517947],[-1.666105,11.516007],[-1.664127,11.513796],[-1.662459,11.511351],[-1.661132,11.508713],[-1.660168,11.505928],[-1.659582,11.503044],[-1.659386,11.500109],[-1.659583,11.497174],[-1.660169,11.49429],[-1.661133,11.491505],[-1.662461,11.488868],[-1.664128,11.486423],[-1.666107,11.484212],[-1.668364,11.482273],[-1.670859,11.480639],[-1.67355,11.479338],[-1.676392,11.478393],[-1.679335,11.477819],[-1.68233,11.477627],[-1.685325,11.477819],[-1.688268,11.478393],[-1.69111,11.479338],[-1.693801,11.480639],[-1.696296,11.482273],[-1.698553,11.484212],[-1.700532,11.486423],[-1.702199,11.488868],[-1.703527,11.491505],[-1.704491,11.49429],[-1.705077,11.497174],[-1.705274,11.500109],[-1.705078,11.503044],[-1.704492,11.505928],[-1.703528,11.508713],[-1.702201,11.511351],[-1.700533,11.513796],[-1.698555,11.516007],[-1.696298,11.517947],[-1.693803,11.519581],[-1.691111,11.520881],[-1.688269,11.521827],[-1.685325,11.522401],[-1.68233,11.522593]]]},"properties":{"well_id":"GBF-R-089","label":"Sapouy well 089","commune":"Sapouy","province":"Ziro","region":"Centre-Ouest","asset_type":"restored","year":"2020","funder":"Individual donors (Water Ball)","population_dependent":2600,"status_today":"NEVER_REPORTED","status_month6_illustrative":"WORKING","report_count_month6":34,"pump_type":"Volanta","depth_m":"58","coordinate_confidence":"ILLUSTRATIVE_COMMUNE_CENTROID_PLUS_JITTER","provenance":"ILLUSTRATIVE_STRUCTURE_ONLY","marker_state_today":"NEVER_REPORTED","marker_style":"dashed-outline-no-fill","marker-color":"#E67E22","marker-size":"medium","fill":"#E67E22","fill-opacity":0.9,"stroke":"#FFFFFF","stroke-width":1.5,"stroke-opacity":1}},{"type":"Feature","geometry":{"type":"Polygon","coordinates":[[[-1.69462,12.234313],[-1.691617,12.234121],[-1.688666,12.233547],[-1.685816,12.232601],[-1.683117,12.231301],[-1.680615,12.229667],[-1.678353,12.227727],[-1.676369,12.225516],[-1.674697,12.223071],[-1.673367,12.220433],[-1.6724,12.217648],[-1.671813,12.214764],[-1.671616,12.211829],[-1.671813,12.208894],[-1.672401,12.20601],[-1.673368,12.203225],[-1.674699,12.200588],[-1.676371,12.198143],[-1.678355,12.195932],[-1.680617,12.193993],[-1.683119,12.192359],[-1.685818,12.191058],[-1.688667,12.190113],[-1.691618,12.189539],[-1.69462,12.189347],[-1.697622,12.189539],[-1.700573,12.190113],[-1.703422,12.191058],[-1.706121,12.192359],[-1.708623,12.193993],[-1.710885,12.195932],[-1.712869,12.198143],[-1.714541,12.200588],[-1.715872,12.203225],[-1.716839,12.20601],[-1.717427,12.208894],[-1.717624,12.211829],[-1.717427,12.214764],[-1.71684,12.217648],[-1.715873,12.220433],[-1.714543,12.223071],[-1.712871,12.225516],[-1.710887,12.227727],[-1.708625,12.229667],[-1.706123,12.231301],[-1.703424,12.232601],[-1.700574,12.233547],[-1.697623,12.234121],[-1.69462,12.234313]]]},"properties":{"well_id":"GBF-R-090","label":"Tanghin-Dassouri well 090","commune":"Tanghin-Dassouri","province":"Kadiogo","region":"Centre","asset_type":"restored","year":"2017","funder":"[PENDING]","population_dependent":1500,"status_today":"NEVER_REPORTED","status_month6_illustrative":"WORKING","report_count_month6":25,"pump_type":"India Mark II","depth_m":"34","coordinate_confidence":"ILLUSTRATIVE_COMMUNE_CENTROID_PLUS_JITTER","provenance":"ILLUSTRATIVE_STRUCTURE_ONLY","marker_state_today":"NEVER_REPORTED","marker_style":"dashed-outline-no-fill","marker-color":"#E67E22","marker-size":"medium","fill":"#E67E22","fill-opacity":0.9,"stroke":"#FFFFFF","stroke-width":1.5,"stroke-opacity":1}},{"type":"Feature","geometry":{"type":"Polygon","coordinates":[[[-1.37723,12.254673],[-1.374227,12.254481],[-1.371275,12.253907],[-1.368426,12.252961],[-1.365726,12.251661],[-1.363224,12.250027],[-1.360962,12.248087],[-1.358978,12.245876],[-1.357306,12.243431],[-1.355975,12.240793],[-1.355008,12.238008],[-1.354421,12.235124],[-1.354225,12.232189],[-1.354422,12.229254],[-1.355009,12.22637],[-1.355977,12.223585],[-1.357308,12.220948],[-1.35898,12.218503],[-1.360964,12.216292],[-1.363226,12.214353],[-1.365728,12.212719],[-1.368427,12.211418],[-1.371276,12.210473],[-1.374227,12.209899],[-1.37723,12.209707],[-1.380233,12.209899],[-1.383184,12.210473],[-1.386033,12.211418],[-1.388732,12.212719],[-1.391234,12.214353],[-1.393496,12.216292],[-1.39548,12.218503],[-1.397152,12.220948],[-1.398483,12.223585],[-1.399451,12.22637],[-1.400038,12.229254],[-1.400235,12.232189],[-1.400039,12.235124],[-1.399452,12.238008],[-1.398485,12.240793],[-1.397154,12.243431],[-1.395482,12.245876],[-1.393498,12.248087],[-1.391236,12.250027],[-1.388734,12.251661],[-1.386034,12.252961],[-1.383185,12.253907],[-1.380233,12.254481],[-1.37723,12.254673]]]},"properties":{"well_id":"GBF-R-091","label":"Koubri well 091","commune":"Koubri","province":"Kadiogo","region":"Centre","asset_type":"restored","year":"2018","funder":"[PENDING]","population_dependent":3000,"status_today":"NEVER_REPORTED","status_month6_illustrative":"WORKING_DEGRADING","report_count_month6":34,"pump_type":"India Mark II","depth_m":"52","coordinate_confidence":"ILLUSTRATIVE_COMMUNE_CENTROID_PLUS_JITTER","provenance":"ILLUSTRATIVE_STRUCTURE_ONLY","marker_state_today":"NEVER_REPORTED","marker_style":"dashed-outline-no-fill","marker-color":"#E67E22","marker-size":"medium","fill":"#E67E22","fill-opacity":0.9,"stroke":"#FFFFFF","stroke-width":1.5,"stroke-opacity":1}},{"type":"Feature","geometry":{"type":"Polygon","coordinates":[[[-1.32354,12.174343],[-1.320538,12.174151],[-1.317587,12.173577],[-1.314738,12.172631],[-1.31204,12.171331],[-1.309539,12.169697],[-1.307277,12.167757],[-1.305293,12.165546],[-1.303622,12.163101],[-1.302292,12.160463],[-1.301325,12.157678],[-1.300738,12.154794],[-1.300542,12.151859],[-1.300739,12.148924],[-1.301326,12.14604],[-1.302293,12.143255],[-1.303624,12.140618],[-1.305295,12.138173],[-1.307279,12.135962],[-1.30954,12.134023],[-1.312042,12.132389],[-1.31474,12.131088],[-1.317588,12.130143],[-1.320538,12.129569],[-1.32354,12.129377],[-1.326542,12.129569],[-1.329492,12.130143],[-1.33234,12.131088],[-1.335038,12.132389],[-1.33754,12.134023],[-1.339801,12.135962],[-1.341785,12.138173],[-1.343456,12.140618],[-1.344787,12.143255],[-1.345754,12.14604],[-1.346341,12.148924],[-1.346538,12.151859],[-1.346342,12.154794],[-1.345755,12.157678],[-1.344788,12.160463],[-1.343458,12.163101],[-1.341787,12.165546],[-1.339803,12.167757],[-1.337541,12.169697],[-1.33504,12.171331],[-1.332342,12.172631],[-1.329493,12.173577],[-1.326542,12.174151],[-1.32354,12.174343]]]},"properties":{"well_id":"GBF-R-092","label":"Koubri well 092","commune":"Koubri","province":"Kadiogo","region":"Centre","asset_type":"restored","year":"2023","funder":"[PENDING]","population_dependent":1500,"status_today":"NEVER_REPORTED","status_month6_illustrative":"NOT_REPORTED_SINCE","report_count_month6":13,"pump_type":"Vergnet HPV-60","depth_m":"34","coordinate_confidence":"ILLUSTRATIVE_COMMUNE_CENTROID_PLUS_JITTER","provenance":"ILLUSTRATIVE_STRUCTURE_ONLY","marker_state_today":"NEVER_REPORTED","marker_style":"dashed-outline-no-fill","marker-color":"#E67E22","marker-size":"medium","fill":"#E67E22","fill-opacity":0.9,"stroke":"#FFFFFF","stroke-width":1.5,"stroke-opacity":1}},{"type":"Feature","geometry":{"type":"Polygon","coordinates":[[[-2.04928,12.223153],[-2.046277,12.222961],[-2.043326,12.222387],[-2.040477,12.221441],[-2.037778,12.220141],[-2.035276,12.218507],[-2.033014,12.216567],[-2.03103,12.214356],[-2.029358,12.211911],[-2.028028,12.209273],[-2.027061,12.206488],[-2.026474,12.203604],[-2.026277,12.200669],[-2.026474,12.197734],[-2.027062,12.19485],[-2.028029,12.192065],[-2.02936,12.189428],[-2.031032,12.186983],[-2.033016,12.184772],[-2.035278,12.182833],[-2.03778,12.181199],[-2.040478,12.179898],[-2.043327,12.178953],[-2.046278,12.178379],[-2.04928,12.178187],[-2.052282,12.178379],[-2.055233,12.178953],[-2.058082,12.179898],[-2.06078,12.181199],[-2.063282,12.182833],[-2.065544,12.184772],[-2.067528,12.186983],[-2.0692,12.189428],[-2.070531,12.192065],[-2.071498,12.19485],[-2.072086,12.197734],[-2.072283,12.200669],[-2.072086,12.203604],[-2.071499,12.206488],[-2.070532,12.209273],[-2.069202,12.211911],[-2.06753,12.214356],[-2.065546,12.216567],[-2.063284,12.218507],[-2.060782,12.220141],[-2.058083,12.221441],[-2.055234,12.222387],[-2.052283,12.222961],[-2.04928,12.223153]]]},"properties":{"well_id":"GBF-R-093","label":"Kokologho well 093","commune":"Kokologho","province":"Boulkiemde","region":"Centre-Ouest","asset_type":"restored","year":"2025","funder":"[PENDING]","population_dependent":500,"status_today":"NEVER_REPORTED","status_month6_illustrative":"WORKING","report_count_month6":36,"pump_type":"Volanta","depth_m":"63","coordinate_confidence":"ILLUSTRATIVE_COMMUNE_CENTROID_PLUS_JITTER","provenance":"ILLUSTRATIVE_STRUCTURE_ONLY","marker_state_today":"NEVER_REPORTED","marker_style":"dashed-outline-no-fill","marker-color":"#E67E22","marker-size":"medium","fill":"#E67E22","fill-opacity":0.9,"stroke":"#FFFFFF","stroke-width":1.5,"stroke-opacity":1}},{"type":"Feature","geometry":{"type":"Polygon","coordinates":[[[-1.67686,12.190283],[-1.673858,12.190091],[-1.670907,12.189517],[-1.668058,12.188571],[-1.665359,12.187271],[-1.662858,12.185637],[-1.660596,12.183697],[-1.658612,12.181486],[-1.656941,12.179041],[-1.65561,12.176403],[-1.654643,12.173618],[-1.654057,12.170734],[-1.65386,12.167799],[-1.654057,12.164864],[-1.654644,12.16198],[-1.655612,12.159195],[-1.656942,12.156558],[-1.658614,12.154113],[-1.660598,12.151902],[-1.66286,12.149963],[-1.665361,12.148329],[-1.668059,12.147028],[-1.670908,12.146083],[-1.673858,12.145509],[-1.67686,12.145317],[-1.679862,12.145509],[-1.682812,12.146083],[-1.685661,12.147028],[-1.688359,12.148329],[-1.69086,12.149963],[-1.693122,12.151902],[-1.695106,12.154113],[-1.696778,12.156558],[-1.698108,12.159195],[-1.699076,12.16198],[-1.699663,12.164864],[-1.69986,12.167799],[-1.699663,12.170734],[-1.699077,12.173618],[-1.69811,12.176403],[-1.696779,12.179041],[-1.695108,12.181486],[-1.693124,12.183697],[-1.690862,12.185637],[-1.688361,12.187271],[-1.685662,12.188571],[-1.682813,12.189517],[-1.679862,12.190091],[-1.67686,12.190283]]]},"properties":{"well_id":"GBF-R-094","label":"Tanghin-Dassouri well 094","commune":"Tanghin-Dassouri","province":"Kadiogo","region":"Centre","asset_type":"restored","year":"2024","funder":"School partner network","population_dependent":800,"status_today":"NEVER_REPORTED","status_month6_illustrative":"WORKING","report_count_month6":7,"pump_type":"India Mark II","depth_m":"63","coordinate_confidence":"ILLUSTRATIVE_COMMUNE_CENTROID_PLUS_JITTER","provenance":"ILLUSTRATIVE_STRUCTURE_ONLY","marker_state_today":"NEVER_REPORTED","marker_style":"dashed-outline-no-fill","marker-color":"#E67E22","marker-size":"medium","fill":"#E67E22","fill-opacity":0.9,"stroke":"#FFFFFF","stroke-width":1.5,"stroke-opacity":1}},{"type":"Feature","geometry":{"type":"Polygon","coordinates":[[[-1.37788,12.146333],[-1.374878,12.146141],[-1.371928,12.145567],[-1.369079,12.144621],[-1.366381,12.143321],[-1.36388,12.141687],[-1.361618,12.139747],[-1.359635,12.137536],[-1.357964,12.135091],[-1.356634,12.132453],[-1.355667,12.129668],[-1.355081,12.126784],[-1.354884,12.123849],[-1.355081,12.120914],[-1.355668,12.11803],[-1.356635,12.115245],[-1.357966,12.112608],[-1.359637,12.110163],[-1.36162,12.107952],[-1.363882,12.106013],[-1.366383,12.104379],[-1.369081,12.103078],[-1.371929,12.102133],[-1.374879,12.101559],[-1.37788,12.101367],[-1.380881,12.101559],[-1.383831,12.102133],[-1.386679,12.103078],[-1.389377,12.104379],[-1.391878,12.106013],[-1.39414,12.107952],[-1.396123,12.110163],[-1.397794,12.112608],[-1.399125,12.115245],[-1.400092,12.11803],[-1.400679,12.120914],[-1.400876,12.123849],[-1.400679,12.126784],[-1.400093,12.129668],[-1.399126,12.132453],[-1.397796,12.135091],[-1.396125,12.137536],[-1.394142,12.139747],[-1.39188,12.141687],[-1.389379,12.143321],[-1.386681,12.144621],[-1.383832,12.145567],[-1.380882,12.146141],[-1.37788,12.146333]]]},"properties":{"well_id":"GBF-R-095","label":"Koubri well 095","commune":"Koubri","province":"Kadiogo","region":"Centre","asset_type":"restored","year":"2023","funder":"School partner network","population_dependent":1800,"status_today":"NEVER_REPORTED","status_month6_illustrative":"NOT_REPORTED_SINCE","report_count_month6":20,"pump_type":"India Mark II","depth_m":"","coordinate_confidence":"ILLUSTRATIVE_COMMUNE_CENTROID_PLUS_JITTER","provenance":"ILLUSTRATIVE_STRUCTURE_ONLY","marker_state_today":"NEVER_REPORTED","marker_style":"dashed-outline-no-fill","marker-color":"#E67E22","marker-size":"medium","fill":"#E67E22","fill-opacity":0.9,"stroke":"#FFFFFF","stroke-width":1.5,"stroke-opacity":1}},{"type":"Feature","geometry":{"type":"Polygon","coordinates":[[[-1.63403,12.544383],[-1.631024,12.544191],[-1.628069,12.543617],[-1.625216,12.542671],[-1.622514,12.541371],[-1.620009,12.539737],[-1.617744,12.537797],[-1.615757,12.535586],[-1.614084,12.533141],[-1.612752,12.530503],[-1.611783,12.527718],[-1.611196,12.524834],[-1.610999,12.521899],[-1.611196,12.518964],[-1.611784,12.51608],[-1.612753,12.513295],[-1.614086,12.510658],[-1.615759,12.508213],[-1.617746,12.506002],[-1.620011,12.504063],[-1.622515,12.502429],[-1.625217,12.501128],[-1.62807,12.500183],[-1.631024,12.499609],[-1.63403,12.499417],[-1.637036,12.499609],[-1.63999,12.500183],[-1.642843,12.501128],[-1.645545,12.502429],[-1.648049,12.504063],[-1.650314,12.506002],[-1.652301,12.508213],[-1.653974,12.510658],[-1.655307,12.513295],[-1.656276,12.51608],[-1.656864,12.518964],[-1.657061,12.521899],[-1.656864,12.524834],[-1.656277,12.527718],[-1.655308,12.530503],[-1.653976,12.533141],[-1.652303,12.535586],[-1.650316,12.537797],[-1.648051,12.539737],[-1.645546,12.541371],[-1.642844,12.542671],[-1.639991,12.543617],[-1.637036,12.544191],[-1.63403,12.544383]]]},"properties":{"well_id":"GBF-R-096","label":"Pabre well 096","commune":"Pabre","province":"Kadiogo","region":"Centre","asset_type":"restored","year":"2019","funder":"Newday Impact","population_dependent":2600,"status_today":"NEVER_REPORTED","status_month6_illustrative":"WORKING","report_count_month6":40,"pump_type":"Volanta","depth_m":"47","coordinate_confidence":"ILLUSTRATIVE_COMMUNE_CENTROID_PLUS_JITTER","provenance":"ILLUSTRATIVE_STRUCTURE_ONLY","marker_state_today":"NEVER_REPORTED","marker_style":"dashed-outline-no-fill","marker-color":"#E67E22","marker-size":"medium","fill":"#E67E22","fill-opacity":0.9,"stroke":"#FFFFFF","stroke-width":1.5,"stroke-opacity":1}},{"type":"Feature","geometry":{"type":"Polygon","coordinates":[[[-1.71938,12.330903],[-1.716376,12.330711],[-1.713424,12.330137],[-1.710573,12.329191],[-1.707873,12.327891],[-1.70537,12.326257],[-1.703107,12.324317],[-1.701122,12.322106],[-1.69945,12.319661],[-1.698119,12.317023],[-1.697152,12.314238],[-1.696565,12.311354],[-1.696368,12.308419],[-1.696565,12.305484],[-1.697153,12.3026],[-1.69812,12.299815],[-1.699452,12.297178],[-1.701124,12.294733],[-1.703109,12.292522],[-1.705372,12.290583],[-1.707875,12.288949],[-1.710574,12.287648],[-1.713425,12.286703],[-1.716377,12.286129],[-1.71938,12.285937],[-1.722383,12.286129],[-1.725335,12.286703],[-1.728186,12.287648],[-1.730885,12.288949],[-1.733388,12.290583],[-1.735651,12.292522],[-1.737636,12.294733],[-1.739308,12.297178],[-1.74064,12.299815],[-1.741607,12.3026],[-1.742195,12.305484],[-1.742392,12.308419],[-1.742195,12.311354],[-1.741608,12.314238],[-1.740641,12.317023],[-1.73931,12.319661],[-1.737638,12.322106],[-1.735653,12.324317],[-1.73339,12.326257],[-1.730887,12.327891],[-1.728187,12.329191],[-1.725336,12.330137],[-1.722384,12.330711],[-1.71938,12.330903]]]},"properties":{"well_id":"GBF-R-097","label":"Tanghin-Dassouri well 097","commune":"Tanghin-Dassouri","province":"Kadiogo","region":"Centre","asset_type":"restored","year":"2017","funder":"[PENDING]","population_dependent":2600,"status_today":"NEVER_REPORTED","status_month6_illustrative":"BROKEN","report_count_month6":13,"pump_type":"Vergnet HPV-60","depth_m":"","coordinate_confidence":"ILLUSTRATIVE_COMMUNE_CENTROID_PLUS_JITTER","provenance":"ILLUSTRATIVE_STRUCTURE_ONLY","marker_state_today":"NEVER_REPORTED","marker_style":"dashed-outline-no-fill","marker-color":"#E67E22","marker-size":"medium","fill":"#E67E22","fill-opacity":0.9,"stroke":"#FFFFFF","stroke-width":1.5,"stroke-opacity":1}},{"type":"Feature","geometry":{"type":"Polygon","coordinates":[[[-1.41812,12.066753],[-1.415119,12.066561],[-1.412169,12.065987],[-1.409322,12.065041],[-1.406625,12.063741],[-1.404124,12.062107],[-1.401863,12.060167],[-1.399881,12.057956],[-1.39821,12.055511],[-1.39688,12.052873],[-1.395914,12.050088],[-1.395327,12.047204],[-1.395131,12.044269],[-1.395328,12.041334],[-1.395915,12.03845],[-1.396882,12.035665],[-1.398212,12.033028],[-1.399882,12.030583],[-1.401865,12.028372],[-1.404126,12.026433],[-1.406626,12.024799],[-1.409323,12.023498],[-1.41217,12.022553],[-1.41512,12.021979],[-1.41812,12.021787],[-1.42112,12.021979],[-1.42407,12.022553],[-1.426917,12.023498],[-1.429614,12.024799],[-1.432114,12.026433],[-1.434375,12.028372],[-1.436358,12.030583],[-1.438028,12.033028],[-1.439358,12.035665],[-1.440325,12.03845],[-1.440912,12.041334],[-1.441109,12.044269],[-1.440913,12.047204],[-1.440326,12.050088],[-1.43936,12.052873],[-1.43803,12.055511],[-1.436359,12.057956],[-1.434377,12.060167],[-1.432116,12.062107],[-1.429615,12.063741],[-1.426918,12.065041],[-1.424071,12.065987],[-1.421121,12.066561],[-1.41812,12.066753]]]},"properties":{"well_id":"GBF-R-098","label":"Kombissiri well 098","commune":"Kombissiri","province":"Bazega","region":"Centre-Sud","asset_type":"restored","year":"2018","funder":"[PENDING]","population_dependent":950,"status_today":"NEVER_REPORTED","status_month6_illustrative":"WORKING","report_count_month6":13,"pump_type":"India Mark II","depth_m":"58","coordinate_confidence":"ILLUSTRATIVE_COMMUNE_CENTROID_PLUS_JITTER","provenance":"ILLUSTRATIVE_STRUCTURE_ONLY","marker_state_today":"NEVER_REPORTED","marker_style":"dashed-outline-no-fill","marker-color":"#E67E22","marker-size":"medium","fill":"#E67E22","fill-opacity":0.9,"stroke":"#FFFFFF","stroke-width":1.5,"stroke-opacity":1}},{"type":"Feature","geometry":{"type":"Polygon","coordinates":[[[-1.3483,12.031743],[-1.345299,12.031551],[-1.34235,12.030977],[-1.339503,12.030031],[-1.336806,12.028731],[-1.334306,12.027097],[-1.332045,12.025157],[-1.330063,12.022946],[-1.328393,12.020501],[-1.327063,12.017863],[-1.326097,12.015078],[-1.32551,12.012194],[-1.325314,12.009259],[-1.325511,12.006324],[-1.326098,12.00344],[-1.327064,12.000655],[-1.328394,11.998018],[-1.330065,11.995573],[-1.332047,11.993362],[-1.334308,11.991423],[-1.336808,11.989789],[-1.339504,11.988488],[-1.342351,11.987543],[-1.3453,11.986969],[-1.3483,11.986777],[-1.3513,11.986969],[-1.354249,11.987543],[-1.357096,11.988488],[-1.359792,11.989789],[-1.362292,11.991423],[-1.364553,11.993362],[-1.366535,11.995573],[-1.368206,11.998018],[-1.369536,12.000655],[-1.370502,12.00344],[-1.371089,12.006324],[-1.371286,12.009259],[-1.37109,12.012194],[-1.370503,12.015078],[-1.369537,12.017863],[-1.368207,12.020501],[-1.366537,12.022946],[-1.364555,12.025157],[-1.362294,12.027097],[-1.359794,12.028731],[-1.357097,12.030031],[-1.35425,12.030977],[-1.351301,12.031551],[-1.3483,12.031743]]]},"properties":{"well_id":"GBF-R-099","label":"Kombissiri well 099","commune":"Kombissiri","province":"Bazega","region":"Centre-Sud","asset_type":"restored","year":"2020","funder":"[PENDING]","population_dependent":500,"status_today":"NEVER_REPORTED","status_month6_illustrative":"WORKING_DEGRADING","report_count_month6":40,"pump_type":"India Mark II","depth_m":"","coordinate_confidence":"ILLUSTRATIVE_COMMUNE_CENTROID_PLUS_JITTER","provenance":"ILLUSTRATIVE_STRUCTURE_ONLY","marker_state_today":"NEVER_REPORTED","marker_style":"dashed-outline-no-fill","marker-color":"#E67E22","marker-size":"medium","fill":"#E67E22","fill-opacity":0.9,"stroke":"#FFFFFF","stroke-width":1.5,"stroke-opacity":1}},{"type":"Feature","geometry":{"type":"Polygon","coordinates":[[[-1.59953,12.180753],[-1.596528,12.180561],[-1.593577,12.179987],[-1.590728,12.179041],[-1.58803,12.177741],[-1.585528,12.176107],[-1.583266,12.174167],[-1.581283,12.171956],[-1.579612,12.169511],[-1.578281,12.166873],[-1.577314,12.164088],[-1.576728,12.161204],[-1.576531,12.158269],[-1.576728,12.155334],[-1.577315,12.15245],[-1.578282,12.149665],[-1.579613,12.147028],[-1.581285,12.144583],[-1.583268,12.142372],[-1.58553,12.140433],[-1.588031,12.138799],[-1.590729,12.137498],[-1.593578,12.136553],[-1.596528,12.135979],[-1.59953,12.135787],[-1.602532,12.135979],[-1.605482,12.136553],[-1.608331,12.137498],[-1.611029,12.138799],[-1.61353,12.140433],[-1.615792,12.142372],[-1.617775,12.144583],[-1.619447,12.147028],[-1.620778,12.149665],[-1.621745,12.15245],[-1.622332,12.155334],[-1.622529,12.158269],[-1.622332,12.161204],[-1.621746,12.164088],[-1.620779,12.166873],[-1.619448,12.169511],[-1.617777,12.171956],[-1.615794,12.174167],[-1.613532,12.176107],[-1.61103,12.177741],[-1.608332,12.179041],[-1.605483,12.179987],[-1.602532,12.180561],[-1.59953,12.180753]]]},"properties":{"well_id":"GBF-R-100","label":"Komsilga well 100","commune":"Komsilga","province":"Kadiogo","region":"Centre","asset_type":"restored","year":"2022","funder":"[PENDING]","population_dependent":800,"status_today":"NEVER_REPORTED","status_month6_illustrative":"BROKEN","report_count_month6":16,"pump_type":"India Mark II","depth_m":"34","coordinate_confidence":"ILLUSTRATIVE_COMMUNE_CENTROID_PLUS_JITTER","provenance":"ILLUSTRATIVE_STRUCTURE_ONLY","marker_state_today":"NEVER_REPORTED","marker_style":"dashed-outline-no-fill","marker-color":"#E67E22","marker-size":"medium","fill":"#E67E22","fill-opacity":0.9,"stroke":"#FFFFFF","stroke-width":1.5,"stroke-opacity":1}},{"type":"Feature","geometry":{"type":"Polygon","coordinates":[[[-1.41556,12.064893],[-1.412559,12.064701],[-1.40961,12.064127],[-1.406762,12.063181],[-1.404065,12.061881],[-1.401564,12.060247],[-1.399303,12.058307],[-1.397321,12.056096],[-1.39565,12.053651],[-1.39432,12.051013],[-1.393354,12.048228],[-1.392767,12.045344],[-1.392571,12.042409],[-1.392768,12.039474],[-1.393355,12.03659],[-1.394322,12.033805],[-1.395652,12.031168],[-1.397323,12.028723],[-1.399305,12.026512],[-1.401566,12.024573],[-1.404066,12.022939],[-1.406763,12.021638],[-1.409611,12.020693],[-1.41256,12.020119],[-1.41556,12.019927],[-1.41856,12.020119],[-1.421509,12.020693],[-1.424357,12.021638],[-1.427054,12.022939],[-1.429554,12.024573],[-1.431815,12.026512],[-1.433797,12.028723],[-1.435468,12.031168],[-1.436798,12.033805],[-1.437765,12.03659],[-1.438352,12.039474],[-1.438549,12.042409],[-1.438353,12.045344],[-1.437766,12.048228],[-1.4368,12.051013],[-1.43547,12.053651],[-1.433799,12.056096],[-1.431817,12.058307],[-1.429556,12.060247],[-1.427055,12.061881],[-1.424358,12.063181],[-1.42151,12.064127],[-1.418561,12.064701],[-1.41556,12.064893]]]},"properties":{"well_id":"GBF-R-101","label":"Kombissiri well 101","commune":"Kombissiri","province":"Bazega","region":"Centre-Sud","asset_type":"restored","year":"2021","funder":"[PENDING]","population_dependent":500,"status_today":"NEVER_REPORTED","status_month6_illustrative":"WORKING","report_count_month6":12,"pump_type":"India Mark II","depth_m":"63","coordinate_confidence":"ILLUSTRATIVE_COMMUNE_CENTROID_PLUS_JITTER","provenance":"ILLUSTRATIVE_STRUCTURE_ONLY","marker_state_today":"NEVER_REPORTED","marker_style":"dashed-outline-no-fill","marker-color":"#E67E22","marker-size":"medium","fill":"#E67E22","fill-opacity":0.9,"stroke":"#FFFFFF","stroke-width":1.5,"stroke-opacity":1}},{"type":"Feature","geometry":{"type":"Polygon","coordinates":[[[-1.88157,12.627073],[-1.878563,12.626881],[-1.875607,12.626307],[-1.872753,12.625361],[-1.87005,12.624061],[-1.867544,12.622427],[-1.865278,12.620487],[-1.863292,12.618276],[-1.861617,12.615831],[-1.860285,12.613193],[-1.859316,12.610408],[-1.858729,12.607524],[-1.858532,12.604589],[-1.858729,12.601654],[-1.859317,12.59877],[-1.860286,12.595985],[-1.861619,12.593348],[-1.863293,12.590903],[-1.86528,12.588692],[-1.867546,12.586753],[-1.870052,12.585119],[-1.872754,12.583818],[-1.875608,12.582873],[-1.878563,12.582299],[-1.88157,12.582107],[-1.884577,12.582299],[-1.887532,12.582873],[-1.890386,12.583818],[-1.893088,12.585119],[-1.895594,12.586753],[-1.89786,12.588692],[-1.899847,12.590903],[-1.901521,12.593348],[-1.902854,12.595985],[-1.903823,12.59877],[-1.904411,12.601654],[-1.904608,12.604589],[-1.904411,12.607524],[-1.903824,12.610408],[-1.902855,12.613193],[-1.901523,12.615831],[-1.899848,12.618276],[-1.897862,12.620487],[-1.895596,12.622427],[-1.89309,12.624061],[-1.890387,12.625361],[-1.887533,12.626307],[-1.884577,12.626881],[-1.88157,12.627073]]]},"properties":{"well_id":"GBF-R-102","label":"Bouss\u00e9 well 102","commune":"Bouss\u00e9","province":"Kourweogo","region":"Plateau-Central","asset_type":"restored","year":"2025","funder":"[PENDING]","population_dependent":320,"status_today":"NEVER_REPORTED","status_month6_illustrative":"BROKEN","report_count_month6":31,"pump_type":"Vergnet HPV-60","depth_m":"52","coordinate_confidence":"ILLUSTRATIVE_COMMUNE_CENTROID_PLUS_JITTER","provenance":"ILLUSTRATIVE_STRUCTURE_ONLY","marker_state_today":"NEVER_REPORTED","marker_style":"dashed-outline-no-fill","marker-color":"#E67E22","marker-size":"medium","fill":"#E67E22","fill-opacity":0.9,"stroke":"#FFFFFF","stroke-width":1.5,"stroke-opacity":1}},{"type":"Feature","geometry":{"type":"Polygon","coordinates":[[[-1.63978,12.338703],[-1.636776,12.338511],[-1.633823,12.337937],[-1.630973,12.336991],[-1.628273,12.335691],[-1.62577,12.334057],[-1.623507,12.332117],[-1.621522,12.329906],[-1.61985,12.327461],[-1.618518,12.324823],[-1.617551,12.322038],[-1.616964,12.319154],[-1.616767,12.316219],[-1.616964,12.313284],[-1.617552,12.3104],[-1.61852,12.307615],[-1.619851,12.304978],[-1.621524,12.302533],[-1.623509,12.300322],[-1.625772,12.298383],[-1.628275,12.296749],[-1.630974,12.295448],[-1.633824,12.294503],[-1.636776,12.293929],[-1.63978,12.293737],[-1.642784,12.293929],[-1.645736,12.294503],[-1.648586,12.295448],[-1.651285,12.296749],[-1.653788,12.298383],[-1.656051,12.300322],[-1.658036,12.302533],[-1.659709,12.304978],[-1.66104,12.307615],[-1.662008,12.3104],[-1.662596,12.313284],[-1.662793,12.316219],[-1.662596,12.319154],[-1.662009,12.322038],[-1.661042,12.324823],[-1.65971,12.327461],[-1.658038,12.329906],[-1.656053,12.332117],[-1.65379,12.334057],[-1.651287,12.335691],[-1.648587,12.336991],[-1.645737,12.337937],[-1.642784,12.338511],[-1.63978,12.338703]]]},"properties":{"well_id":"GBF-R-103","label":"Tanghin-Dassouri well 103","commune":"Tanghin-Dassouri","province":"Kadiogo","region":"Centre","asset_type":"restored","year":"2019","funder":"Newday Impact","population_dependent":650,"status_today":"NEVER_REPORTED","status_month6_illustrative":"WORKING","report_count_month6":4,"pump_type":"Vergnet HPV-60","depth_m":"63","coordinate_confidence":"ILLUSTRATIVE_COMMUNE_CENTROID_PLUS_JITTER","provenance":"ILLUSTRATIVE_STRUCTURE_ONLY","marker_state_today":"NEVER_REPORTED","marker_style":"dashed-outline-no-fill","marker-color":"#E67E22","marker-size":"medium","fill":"#E67E22","fill-opacity":0.9,"stroke":"#FFFFFF","stroke-width":1.5,"stroke-opacity":1}},{"type":"Feature","geometry":{"type":"Polygon","coordinates":[[[-1.65894,12.338273],[-1.655936,12.338081],[-1.652983,12.337507],[-1.650133,12.336561],[-1.647433,12.335261],[-1.64493,12.333627],[-1.642667,12.331687],[-1.640682,12.329476],[-1.63901,12.327031],[-1.637678,12.324393],[-1.636711,12.321608],[-1.636124,12.318724],[-1.635927,12.315789],[-1.636124,12.312854],[-1.636712,12.30997],[-1.63768,12.307185],[-1.639011,12.304548],[-1.640684,12.302103],[-1.642669,12.299892],[-1.644932,12.297953],[-1.647435,12.296319],[-1.650134,12.295018],[-1.652984,12.294073],[-1.655937,12.293499],[-1.65894,12.293307],[-1.661943,12.293499],[-1.664896,12.294073],[-1.667746,12.295018],[-1.670445,12.296319],[-1.672948,12.297953],[-1.675211,12.299892],[-1.677196,12.302103],[-1.678869,12.304548],[-1.6802,12.307185],[-1.681168,12.30997],[-1.681756,12.312854],[-1.681953,12.315789],[-1.681756,12.318724],[-1.681169,12.321608],[-1.680202,12.324393],[-1.67887,12.327031],[-1.677198,12.329476],[-1.675213,12.331687],[-1.67295,12.333627],[-1.670447,12.335261],[-1.667747,12.336561],[-1.664897,12.337507],[-1.661944,12.338081],[-1.65894,12.338273]]]},"properties":{"well_id":"GBF-R-104","label":"Tanghin-Dassouri well 104","commune":"Tanghin-Dassouri","province":"Kadiogo","region":"Centre","asset_type":"restored","year":"2022","funder":"[PENDING]","population_dependent":180,"status_today":"NEVER_REPORTED","status_month6_illustrative":"WORKING","report_count_month6":30,"pump_type":"Vergnet HPV-60","depth_m":"58","coordinate_confidence":"ILLUSTRATIVE_COMMUNE_CENTROID_PLUS_JITTER","provenance":"ILLUSTRATIVE_STRUCTURE_ONLY","marker_state_today":"NEVER_REPORTED","marker_style":"dashed-outline-no-fill","marker-color":"#E67E22","marker-size":"medium","fill":"#E67E22","fill-opacity":0.9,"stroke":"#FFFFFF","stroke-width":1.5,"stroke-opacity":1}},{"type":"Feature","geometry":{"type":"Polygon","coordinates":[[[-1.66109,12.180393],[-1.658088,12.180201],[-1.655137,12.179627],[-1.652288,12.178681],[-1.64959,12.177381],[-1.647088,12.175747],[-1.644826,12.173807],[-1.642843,12.171596],[-1.641172,12.169151],[-1.639841,12.166513],[-1.638874,12.163728],[-1.638288,12.160844],[-1.638091,12.157909],[-1.638288,12.154974],[-1.638875,12.15209],[-1.639842,12.149305],[-1.641173,12.146668],[-1.642845,12.144223],[-1.644828,12.142012],[-1.64709,12.140073],[-1.649591,12.138439],[-1.652289,12.137138],[-1.655138,12.136193],[-1.658088,12.135619],[-1.66109,12.135427],[-1.664092,12.135619],[-1.667042,12.136193],[-1.669891,12.137138],[-1.672589,12.138439],[-1.67509,12.140073],[-1.677352,12.142012],[-1.679335,12.144223],[-1.681007,12.146668],[-1.682338,12.149305],[-1.683305,12.15209],[-1.683892,12.154974],[-1.684089,12.157909],[-1.683892,12.160844],[-1.683306,12.163728],[-1.682339,12.166513],[-1.681008,12.169151],[-1.679337,12.171596],[-1.677354,12.173807],[-1.675092,12.175747],[-1.67259,12.177381],[-1.669892,12.178681],[-1.667043,12.179627],[-1.664092,12.180201],[-1.66109,12.180393]]]},"properties":{"well_id":"GBF-R-105","label":"Komsilga well 105","commune":"Komsilga","province":"Kadiogo","region":"Centre","asset_type":"restored","year":"2020","funder":"School partner network","population_dependent":1800,"status_today":"NEVER_REPORTED","status_month6_illustrative":"WORKING","report_count_month6":36,"pump_type":"[PENDING]","depth_m":"","coordinate_confidence":"ILLUSTRATIVE_COMMUNE_CENTROID_PLUS_JITTER","provenance":"ILLUSTRATIVE_STRUCTURE_ONLY","marker_state_today":"NEVER_REPORTED","marker_style":"dashed-outline-no-fill","marker-color":"#E67E22","marker-size":"medium","fill":"#E67E22","fill-opacity":0.9,"stroke":"#FFFFFF","stroke-width":1.5,"stroke-opacity":1}},{"type":"Feature","geometry":{"type":"Polygon","coordinates":[[[-1.63361,12.298793],[-1.630606,12.298601],[-1.627654,12.298027],[-1.624804,12.297081],[-1.622105,12.295781],[-1.619602,12.294147],[-1.617339,12.292207],[-1.615355,12.289996],[-1.613683,12.287551],[-1.612352,12.284913],[-1.611384,12.282128],[-1.610797,12.279244],[-1.610601,12.276309],[-1.610798,12.273374],[-1.611385,12.27049],[-1.612353,12.267705],[-1.613684,12.265068],[-1.615357,12.262623],[-1.617341,12.260412],[-1.619604,12.258473],[-1.622106,12.256839],[-1.624805,12.255538],[-1.627655,12.254593],[-1.630607,12.254019],[-1.63361,12.253827],[-1.636613,12.254019],[-1.639565,12.254593],[-1.642415,12.255538],[-1.645114,12.256839],[-1.647616,12.258473],[-1.649879,12.260412],[-1.651863,12.262623],[-1.653536,12.265068],[-1.654867,12.267705],[-1.655835,12.27049],[-1.656422,12.273374],[-1.656619,12.276309],[-1.656423,12.279244],[-1.655836,12.282128],[-1.654868,12.284913],[-1.653537,12.287551],[-1.651865,12.289996],[-1.649881,12.292207],[-1.647618,12.294147],[-1.645115,12.295781],[-1.642416,12.297081],[-1.639566,12.298027],[-1.636614,12.298601],[-1.63361,12.298793]]]},"properties":{"well_id":"GBF-R-106","label":"Komsilga well 106","commune":"Komsilga","province":"Kadiogo","region":"Centre","asset_type":"restored","year":"2018","funder":"[PENDING]","population_dependent":240,"status_today":"NEVER_REPORTED","status_month6_illustrative":"WORKING","report_count_month6":10,"pump_type":"Vergnet HPV-60","depth_m":"47","coordinate_confidence":"ILLUSTRATIVE_COMMUNE_CENTROID_PLUS_JITTER","provenance":"ILLUSTRATIVE_STRUCTURE_ONLY","marker_state_today":"NEVER_REPORTED","marker_style":"dashed-outline-no-fill","marker-color":"#E67E22","marker-size":"medium","fill":"#E67E22","fill-opacity":0.9,"stroke":"#FFFFFF","stroke-width":1.5,"stroke-opacity":1}},{"type":"Feature","geometry":{"type":"Polygon","coordinates":[[[-1.84222,11.602653],[-1.839224,11.602461],[-1.83628,11.601887],[-1.833437,11.600941],[-1.830744,11.599641],[-1.828248,11.598007],[-1.825991,11.596067],[-1.824011,11.593856],[-1.822344,11.591411],[-1.821016,11.588773],[-1.820051,11.585988],[-1.819466,11.583104],[-1.81927,11.580169],[-1.819466,11.577234],[-1.820052,11.57435],[-1.821017,11.571565],[-1.822345,11.568928],[-1.824013,11.566483],[-1.825993,11.564272],[-1.82825,11.562333],[-1.830746,11.560699],[-1.833438,11.559398],[-1.836281,11.558453],[-1.839225,11.557879],[-1.84222,11.557687],[-1.845215,11.557879],[-1.848159,11.558453],[-1.851002,11.559398],[-1.853694,11.560699],[-1.85619,11.562333],[-1.858447,11.564272],[-1.860427,11.566483],[-1.862095,11.568928],[-1.863423,11.571565],[-1.864388,11.57435],[-1.864974,11.577234],[-1.86517,11.580169],[-1.864974,11.583104],[-1.864389,11.585988],[-1.863424,11.588773],[-1.862096,11.591411],[-1.860429,11.593856],[-1.858449,11.596067],[-1.856192,11.598007],[-1.853696,11.599641],[-1.851003,11.600941],[-1.84816,11.601887],[-1.845216,11.602461],[-1.84222,11.602653]]]},"properties":{"well_id":"GBF-R-107","label":"Sapouy well 107","commune":"Sapouy","province":"Ziro","region":"Centre-Ouest","asset_type":"restored","year":"2022","funder":"L'Oreal Fund for Women","population_dependent":2600,"status_today":"NEVER_REPORTED","status_month6_illustrative":"WORKING","report_count_month6":7,"pump_type":"India Mark II","depth_m":"","coordinate_confidence":"ILLUSTRATIVE_COMMUNE_CENTROID_PLUS_JITTER","provenance":"ILLUSTRATIVE_STRUCTURE_ONLY","marker_state_today":"NEVER_REPORTED","marker_style":"dashed-outline-no-fill","marker-color":"#E67E22","marker-size":"medium","fill":"#E67E22","fill-opacity":0.9,"stroke":"#FFFFFF","stroke-width":1.5,"stroke-opacity":1}},{"type":"Feature","geometry":{"type":"Polygon","coordinates":[[[-1.96362,12.716993],[-1.960612,12.716801],[-1.957655,12.716227],[-1.9548,12.715281],[-1.952096,12.713981],[-1.949589,12.712347],[-1.947323,12.710407],[-1.945335,12.708196],[-1.94366,12.705751],[-1.942327,12.703113],[-1.941358,12.700328],[-1.940771,12.697444],[-1.940574,12.694509],[-1.940771,12.691574],[-1.941359,12.68869],[-1.942329,12.685905],[-1.943662,12.683268],[-1.945337,12.680823],[-1.947325,12.678612],[-1.949591,12.676673],[-1.952098,12.675039],[-1.954801,12.673738],[-1.957656,12.672793],[-1.960612,12.672219],[-1.96362,12.672027],[-1.966628,12.672219],[-1.969584,12.672793],[-1.972439,12.673738],[-1.975142,12.675039],[-1.977649,12.676673],[-1.979915,12.678612],[-1.981903,12.680823],[-1.983578,12.683268],[-1.984911,12.685905],[-1.985881,12.68869],[-1.986469,12.691574],[-1.986666,12.694509],[-1.986469,12.697444],[-1.985882,12.700328],[-1.984913,12.703113],[-1.98358,12.705751],[-1.981905,12.708196],[-1.979917,12.710407],[-1.977651,12.712347],[-1.975144,12.713981],[-1.97244,12.715281],[-1.969585,12.716227],[-1.966628,12.716801],[-1.96362,12.716993]]]},"properties":{"well_id":"GBF-R-108","label":"Bouss\u00e9 well 108","commune":"Bouss\u00e9","province":"Kourweogo","region":"Plateau-Central","asset_type":"restored","year":"2022","funder":"[PENDING]","population_dependent":320,"status_today":"NEVER_REPORTED","status_month6_illustrative":"WORKING","report_count_month6":4,"pump_type":"India Mark II","depth_m":"","coordinate_confidence":"ILLUSTRATIVE_COMMUNE_CENTROID_PLUS_JITTER","provenance":"ILLUSTRATIVE_STRUCTURE_ONLY","marker_state_today":"NEVER_REPORTED","marker_style":"dashed-outline-no-fill","marker-color":"#E67E22","marker-size":"medium","fill":"#E67E22","fill-opacity":0.9,"stroke":"#FFFFFF","stroke-width":1.5,"stroke-opacity":1}},{"type":"Feature","geometry":{"type":"Polygon","coordinates":[[[-2.01302,12.210903],[-2.010017,12.210711],[-2.007066,12.210137],[-2.004217,12.209191],[-2.001518,12.207891],[-1.999017,12.206257],[-1.996754,12.204317],[-1.994771,12.202106],[-1.993099,12.199661],[-1.991769,12.197023],[-1.990802,12.194238],[-1.990215,12.191354],[-1.990018,12.188419],[-1.990216,12.185484],[-1.990803,12.1826],[-1.99177,12.179815],[-1.993101,12.177178],[-1.994773,12.174733],[-1.996756,12.172522],[-1.999018,12.170583],[-2.00152,12.168949],[-2.004218,12.167648],[-2.007067,12.166703],[-2.010018,12.166129],[-2.01302,12.165937],[-2.016022,12.166129],[-2.018973,12.166703],[-2.021822,12.167648],[-2.02452,12.168949],[-2.027022,12.170583],[-2.029284,12.172522],[-2.031267,12.174733],[-2.032939,12.177178],[-2.03427,12.179815],[-2.035237,12.1826],[-2.035824,12.185484],[-2.036022,12.188419],[-2.035825,12.191354],[-2.035238,12.194238],[-2.034271,12.197023],[-2.032941,12.199661],[-2.031269,12.202106],[-2.029286,12.204317],[-2.027023,12.206257],[-2.024522,12.207891],[-2.021823,12.209191],[-2.018974,12.210137],[-2.016023,12.210711],[-2.01302,12.210903]]]},"properties":{"well_id":"GBF-R-109","label":"Kokologho well 109","commune":"Kokologho","province":"Boulkiemde","region":"Centre-Ouest","asset_type":"restored","year":"2024","funder":"Newday Impact","population_dependent":650,"status_today":"NEVER_REPORTED","status_month6_illustrative":"NEVER_REPORTED","report_count_month6":0,"pump_type":"[PENDING]","depth_m":"41","coordinate_confidence":"ILLUSTRATIVE_COMMUNE_CENTROID_PLUS_JITTER","provenance":"ILLUSTRATIVE_STRUCTURE_ONLY","marker_state_today":"NEVER_REPORTED","marker_style":"dashed-outline-no-fill","marker-color":"#E67E22","marker-size":"medium","fill":"#E67E22","fill-opacity":0.9,"stroke":"#FFFFFF","stroke-width":1.5,"stroke-opacity":1}},{"type":"Feature","geometry":{"type":"Polygon","coordinates":[[[-1.31861,12.246323],[-1.315607,12.246131],[-1.312655,12.245557],[-1.309806,12.244611],[-1.307107,12.243311],[-1.304605,12.241677],[-1.302342,12.239737],[-1.300358,12.237526],[-1.298687,12.235081],[-1.297356,12.232443],[-1.296389,12.229658],[-1.295802,12.226774],[-1.295605,12.223839],[-1.295802,12.220904],[-1.29639,12.21802],[-1.297357,12.215235],[-1.298688,12.212598],[-1.30036,12.210153],[-1.302344,12.207942],[-1.304607,12.206003],[-1.307109,12.204369],[-1.309807,12.203068],[-1.312656,12.202123],[-1.315608,12.201549],[-1.31861,12.201357],[-1.321612,12.201549],[-1.324564,12.202123],[-1.327413,12.203068],[-1.330111,12.204369],[-1.332613,12.206003],[-1.334876,12.207942],[-1.33686,12.210153],[-1.338532,12.212598],[-1.339863,12.215235],[-1.34083,12.21802],[-1.341418,12.220904],[-1.341615,12.223839],[-1.341418,12.226774],[-1.340831,12.229658],[-1.339864,12.232443],[-1.338533,12.235081],[-1.336862,12.237526],[-1.334878,12.239737],[-1.332615,12.241677],[-1.330113,12.243311],[-1.327414,12.244611],[-1.324565,12.245557],[-1.321613,12.246131],[-1.31861,12.246323]]]},"properties":{"well_id":"GBF-R-110","label":"Koubri well 110","commune":"Koubri","province":"Kadiogo","region":"Centre","asset_type":"restored","year":"2025","funder":"[PENDING]","population_dependent":320,"status_today":"NEVER_REPORTED","status_month6_illustrative":"WORKING","report_count_month6":25,"pump_type":"India Mark II","depth_m":"52","coordinate_confidence":"ILLUSTRATIVE_COMMUNE_CENTROID_PLUS_JITTER","provenance":"ILLUSTRATIVE_STRUCTURE_ONLY","marker_state_today":"NEVER_REPORTED","marker_style":"dashed-outline-no-fill","marker-color":"#E67E22","marker-size":"medium","fill":"#E67E22","fill-opacity":0.9,"stroke":"#FFFFFF","stroke-width":1.5,"stroke-opacity":1}},{"type":"Feature","geometry":{"type":"Polygon","coordinates":[[[-1.77247,11.490843],[-1.769475,11.490651],[-1.766532,11.490077],[-1.76369,11.489131],[-1.760999,11.487831],[-1.758503,11.486197],[-1.756247,11.484257],[-1.754269,11.482046],[-1.752602,11.479601],[-1.751275,11.476963],[-1.75031,11.474178],[-1.749725,11.471294],[-1.749529,11.468359],[-1.749725,11.465424],[-1.750311,11.46254],[-1.751276,11.459755],[-1.752603,11.457118],[-1.754271,11.454673],[-1.756249,11.452462],[-1.758505,11.450523],[-1.761,11.448889],[-1.763691,11.447588],[-1.766533,11.446643],[-1.769476,11.446069],[-1.77247,11.445877],[-1.775464,11.446069],[-1.778407,11.446643],[-1.781249,11.447588],[-1.78394,11.448889],[-1.786435,11.450523],[-1.788691,11.452462],[-1.790669,11.454673],[-1.792337,11.457118],[-1.793664,11.459755],[-1.794629,11.46254],[-1.795215,11.465424],[-1.795411,11.468359],[-1.795215,11.471294],[-1.79463,11.474178],[-1.793665,11.476963],[-1.792338,11.479601],[-1.790671,11.482046],[-1.788693,11.484257],[-1.786437,11.486197],[-1.783941,11.487831],[-1.78125,11.489131],[-1.778408,11.490077],[-1.775465,11.490651],[-1.77247,11.490843]]]},"properties":{"well_id":"GBF-R-111","label":"Sapouy well 111","commune":"Sapouy","province":"Ziro","region":"Centre-Ouest","asset_type":"restored","year":"2017","funder":"[PENDING]","population_dependent":950,"status_today":"NEVER_REPORTED","status_month6_illustrative":"WORKING","report_count_month6":20,"pump_type":"Vergnet HPV-60","depth_m":"58","coordinate_confidence":"ILLUSTRATIVE_COMMUNE_CENTROID_PLUS_JITTER","provenance":"ILLUSTRATIVE_STRUCTURE_ONLY","marker_state_today":"NEVER_REPORTED","marker_style":"dashed-outline-no-fill","marker-color":"#E67E22","marker-size":"medium","fill":"#E67E22","fill-opacity":0.9,"stroke":"#FFFFFF","stroke-width":1.5,"stroke-opacity":1}},{"type":"Feature","geometry":{"type":"Polygon","coordinates":[[[-1.41027,12.431983],[-1.407265,12.431791],[-1.404311,12.431217],[-1.40146,12.430271],[-1.398759,12.428971],[-1.396255,12.427337],[-1.393991,12.425397],[-1.392005,12.423186],[-1.390332,12.420741],[-1.389001,12.418103],[-1.388033,12.415318],[-1.387446,12.412434],[-1.387249,12.409499],[-1.387446,12.406564],[-1.388034,12.40368],[-1.389002,12.400895],[-1.390334,12.398258],[-1.392007,12.395813],[-1.393993,12.393602],[-1.396257,12.391663],[-1.39876,12.390029],[-1.401461,12.388728],[-1.404312,12.387783],[-1.407265,12.387209],[-1.41027,12.387017],[-1.413275,12.387209],[-1.416228,12.387783],[-1.419079,12.388728],[-1.42178,12.390029],[-1.424283,12.391663],[-1.426547,12.393602],[-1.428533,12.395813],[-1.430206,12.398258],[-1.431538,12.400895],[-1.432506,12.40368],[-1.433094,12.406564],[-1.433291,12.409499],[-1.433094,12.412434],[-1.432507,12.415318],[-1.431539,12.418103],[-1.430208,12.420741],[-1.428535,12.423186],[-1.426549,12.425397],[-1.424285,12.427337],[-1.421781,12.428971],[-1.41908,12.430271],[-1.416229,12.431217],[-1.413275,12.431791],[-1.41027,12.431983]]]},"properties":{"well_id":"GBF-R-112","label":"Saaba well 112","commune":"Saaba","province":"Kadiogo","region":"Centre","asset_type":"restored","year":"2024","funder":"[PENDING]","population_dependent":240,"status_today":"NEVER_REPORTED","status_month6_illustrative":"BROKEN","report_count_month6":34,"pump_type":"[PENDING]","depth_m":"41","coordinate_confidence":"ILLUSTRATIVE_COMMUNE_CENTROID_PLUS_JITTER","provenance":"ILLUSTRATIVE_STRUCTURE_ONLY","marker_state_today":"NEVER_REPORTED","marker_style":"dashed-outline-no-fill","marker-color":"#E67E22","marker-size":"medium","fill":"#E67E22","fill-opacity":0.9,"stroke":"#FFFFFF","stroke-width":1.5,"stroke-opacity":1}},{"type":"Feature","geometry":{"type":"Polygon","coordinates":[[[-1.4108,12.439523],[-1.407795,12.439331],[-1.404841,12.438757],[-1.401989,12.437811],[-1.399288,12.436511],[-1.396784,12.434877],[-1.39452,12.432937],[-1.392535,12.430726],[-1.390862,12.428281],[-1.38953,12.425643],[-1.388562,12.422858],[-1.387975,12.419974],[-1.387778,12.417039],[-1.387976,12.414104],[-1.388563,12.41122],[-1.389532,12.408435],[-1.390864,12.405798],[-1.392537,12.403353],[-1.394522,12.401142],[-1.396786,12.399203],[-1.39929,12.397569],[-1.401991,12.396268],[-1.404842,12.395323],[-1.407795,12.394749],[-1.4108,12.394557],[-1.413805,12.394749],[-1.416758,12.395323],[-1.419609,12.396268],[-1.42231,12.397569],[-1.424814,12.399203],[-1.427078,12.401142],[-1.429063,12.403353],[-1.430736,12.405798],[-1.432068,12.408435],[-1.433037,12.41122],[-1.433624,12.414104],[-1.433822,12.417039],[-1.433625,12.419974],[-1.433038,12.422858],[-1.43207,12.425643],[-1.430738,12.428281],[-1.429065,12.430726],[-1.42708,12.432937],[-1.424816,12.434877],[-1.422312,12.436511],[-1.419611,12.437811],[-1.416759,12.438757],[-1.413805,12.439331],[-1.4108,12.439523]]]},"properties":{"well_id":"GBF-R-113","label":"Saaba well 113","commune":"Saaba","province":"Kadiogo","region":"Centre","asset_type":"restored","year":"2019","funder":"School partner network","population_dependent":320,"status_today":"NEVER_REPORTED","status_month6_illustrative":"WORKING_DEGRADING","report_count_month6":30,"pump_type":"[PENDING]","depth_m":"47","coordinate_confidence":"ILLUSTRATIVE_COMMUNE_CENTROID_PLUS_JITTER","provenance":"ILLUSTRATIVE_STRUCTURE_ONLY","marker_state_today":"NEVER_REPORTED","marker_style":"dashed-outline-no-fill","marker-color":"#E67E22","marker-size":"medium","fill":"#E67E22","fill-opacity":0.9,"stroke":"#FFFFFF","stroke-width":1.5,"stroke-opacity":1}},{"type":"Feature","geometry":{"type":"Polygon","coordinates":[[[-1.85448,12.670153],[-1.851472,12.669961],[-1.848516,12.669387],[-1.845661,12.668441],[-1.842958,12.667141],[-1.840452,12.665507],[-1.838186,12.663567],[-1.836198,12.661356],[-1.834524,12.658911],[-1.833191,12.656273],[-1.832222,12.653488],[-1.831635,12.650604],[-1.831438,12.647669],[-1.831635,12.644734],[-1.832223,12.64185],[-1.833193,12.639065],[-1.834526,12.636428],[-1.8362,12.633983],[-1.838188,12.631772],[-1.840454,12.629833],[-1.84296,12.628199],[-1.845663,12.626898],[-1.848517,12.625953],[-1.851473,12.625379],[-1.85448,12.625187],[-1.857487,12.625379],[-1.860443,12.625953],[-1.863297,12.626898],[-1.866,12.628199],[-1.868506,12.629833],[-1.870772,12.631772],[-1.87276,12.633983],[-1.874434,12.636428],[-1.875767,12.639065],[-1.876737,12.64185],[-1.877325,12.644734],[-1.877522,12.647669],[-1.877325,12.650604],[-1.876738,12.653488],[-1.875769,12.656273],[-1.874436,12.658911],[-1.872762,12.661356],[-1.870774,12.663567],[-1.868508,12.665507],[-1.866002,12.667141],[-1.863299,12.668441],[-1.860444,12.669387],[-1.857488,12.669961],[-1.85448,12.670153]]]},"properties":{"well_id":"GBF-R-114","label":"Bouss\u00e9 well 114","commune":"Bouss\u00e9","province":"Kourweogo","region":"Plateau-Central","asset_type":"restored","year":"2017","funder":"[PENDING]","population_dependent":1500,"status_today":"NEVER_REPORTED","status_month6_illustrative":"WORKING","report_count_month6":28,"pump_type":"India Mark II","depth_m":"41","coordinate_confidence":"ILLUSTRATIVE_COMMUNE_CENTROID_PLUS_JITTER","provenance":"ILLUSTRATIVE_STRUCTURE_ONLY","marker_state_today":"NEVER_REPORTED","marker_style":"dashed-outline-no-fill","marker-color":"#E67E22","marker-size":"medium","fill":"#E67E22","fill-opacity":0.9,"stroke":"#FFFFFF","stroke-width":1.5,"stroke-opacity":1}},{"type":"Feature","geometry":{"type":"Polygon","coordinates":[[[-1.97951,12.218083],[-1.976507,12.217891],[-1.973556,12.217317],[-1.970707,12.216371],[-1.968008,12.215071],[-1.965506,12.213437],[-1.963244,12.211497],[-1.96126,12.209286],[-1.959589,12.206841],[-1.958258,12.204203],[-1.957291,12.201418],[-1.956704,12.198534],[-1.956508,12.195599],[-1.956705,12.192664],[-1.957292,12.18978],[-1.958259,12.186995],[-1.95959,12.184358],[-1.961262,12.181913],[-1.963246,12.179702],[-1.965508,12.177763],[-1.96801,12.176129],[-1.970708,12.174828],[-1.973557,12.173883],[-1.976508,12.173309],[-1.97951,12.173117],[-1.982512,12.173309],[-1.985463,12.173883],[-1.988312,12.174828],[-1.99101,12.176129],[-1.993512,12.177763],[-1.995774,12.179702],[-1.997758,12.181913],[-1.99943,12.184358],[-2.000761,12.186995],[-2.001728,12.18978],[-2.002315,12.192664],[-2.002512,12.195599],[-2.002316,12.198534],[-2.001729,12.201418],[-2.000762,12.204203],[-1.999431,12.206841],[-1.99776,12.209286],[-1.995776,12.211497],[-1.993514,12.213437],[-1.991012,12.215071],[-1.988313,12.216371],[-1.985464,12.217317],[-1.982513,12.217891],[-1.97951,12.218083]]]},"properties":{"well_id":"GBF-R-115","label":"Kokologho well 115","commune":"Kokologho","province":"Boulkiemde","region":"Centre-Ouest","asset_type":"restored","year":"2018","funder":"School partner network","population_dependent":650,"status_today":"NEVER_REPORTED","status_month6_illustrative":"BROKEN","report_count_month6":23,"pump_type":"India Mark II","depth_m":"34","coordinate_confidence":"ILLUSTRATIVE_COMMUNE_CENTROID_PLUS_JITTER","provenance":"ILLUSTRATIVE_STRUCTURE_ONLY","marker_state_today":"NEVER_REPORTED","marker_style":"dashed-outline-no-fill","marker-color":"#E67E22","marker-size":"medium","fill":"#E67E22","fill-opacity":0.9,"stroke":"#FFFFFF","stroke-width":1.5,"stroke-opacity":1}},{"type":"Feature","geometry":{"type":"Polygon","coordinates":[[[-1.97558,12.175823],[-1.972578,12.175631],[-1.969627,12.175057],[-1.966778,12.174111],[-1.96408,12.172811],[-1.961578,12.171177],[-1.959317,12.169237],[-1.957333,12.167026],[-1.955662,12.164581],[-1.954331,12.161943],[-1.953365,12.159158],[-1.952778,12.156274],[-1.952582,12.153339],[-1.952779,12.150404],[-1.953366,12.14752],[-1.954333,12.144735],[-1.955664,12.142098],[-1.957335,12.139653],[-1.959319,12.137442],[-1.96158,12.135503],[-1.964082,12.133869],[-1.96678,12.132568],[-1.969628,12.131623],[-1.972578,12.131049],[-1.97558,12.130857],[-1.978582,12.131049],[-1.981532,12.131623],[-1.98438,12.132568],[-1.987078,12.133869],[-1.98958,12.135503],[-1.991841,12.137442],[-1.993825,12.139653],[-1.995496,12.142098],[-1.996827,12.144735],[-1.997794,12.14752],[-1.998381,12.150404],[-1.998578,12.153339],[-1.998382,12.156274],[-1.997795,12.159158],[-1.996829,12.161943],[-1.995498,12.164581],[-1.993827,12.167026],[-1.991843,12.169237],[-1.989582,12.171177],[-1.98708,12.172811],[-1.984382,12.174111],[-1.981533,12.175057],[-1.978582,12.175631],[-1.97558,12.175823]]]},"properties":{"well_id":"GBF-R-116","label":"Kokologho well 116","commune":"Kokologho","province":"Boulkiemde","region":"Centre-Ouest","asset_type":"restored","year":"2018","funder":"[PENDING]","population_dependent":1800,"status_today":"NEVER_REPORTED","status_month6_illustrative":"WORKING","report_count_month6":28,"pump_type":"India Mark II","depth_m":"58","coordinate_confidence":"ILLUSTRATIVE_COMMUNE_CENTROID_PLUS_JITTER","provenance":"ILLUSTRATIVE_STRUCTURE_ONLY","marker_state_today":"NEVER_REPORTED","marker_style":"dashed-outline-no-fill","marker-color":"#E67E22","marker-size":"medium","fill":"#E67E22","fill-opacity":0.9,"stroke":"#FFFFFF","stroke-width":1.5,"stroke-opacity":1}},{"type":"Feature","geometry":{"type":"Polygon","coordinates":[[[-1.75381,11.626413],[-1.750814,11.626221],[-1.747869,11.625647],[-1.745026,11.624701],[-1.742333,11.623401],[-1.739837,11.621767],[-1.737579,11.619827],[-1.7356,11.617616],[-1.733932,11.615171],[-1.732604,11.612533],[-1.731639,11.609748],[-1.731054,11.606864],[-1.730858,11.603929],[-1.731054,11.600994],[-1.73164,11.59811],[-1.732606,11.595325],[-1.733934,11.592688],[-1.735602,11.590243],[-1.737581,11.588032],[-1.739839,11.586093],[-1.742335,11.584459],[-1.745027,11.583158],[-1.74787,11.582213],[-1.750814,11.581639],[-1.75381,11.581447],[-1.756806,11.581639],[-1.75975,11.582213],[-1.762593,11.583158],[-1.765285,11.584459],[-1.767781,11.586093],[-1.770039,11.588032],[-1.772018,11.590243],[-1.773686,11.592688],[-1.775014,11.595325],[-1.77598,11.59811],[-1.776566,11.600994],[-1.776762,11.603929],[-1.776566,11.606864],[-1.775981,11.609748],[-1.775016,11.612533],[-1.773688,11.615171],[-1.77202,11.617616],[-1.770041,11.619827],[-1.767783,11.621767],[-1.765287,11.623401],[-1.762594,11.624701],[-1.759751,11.625647],[-1.756806,11.626221],[-1.75381,11.626413]]]},"properties":{"well_id":"GBF-R-117","label":"Sapouy well 117","commune":"Sapouy","province":"Ziro","region":"Centre-Ouest","asset_type":"restored","year":"2022","funder":"[PENDING]","population_dependent":2200,"status_today":"NEVER_REPORTED","status_month6_illustrative":"NOT_REPORTED_SINCE","report_count_month6":3,"pump_type":"[PENDING]","depth_m":"52","coordinate_confidence":"ILLUSTRATIVE_COMMUNE_CENTROID_PLUS_JITTER","provenance":"ILLUSTRATIVE_STRUCTURE_ONLY","marker_state_today":"NEVER_REPORTED","marker_style":"dashed-outline-no-fill","marker-color":"#E67E22","marker-size":"medium","fill":"#E67E22","fill-opacity":0.9,"stroke":"#FFFFFF","stroke-width":1.5,"stroke-opacity":1}},{"type":"Feature","geometry":{"type":"Polygon","coordinates":[[[-1.47522,11.967023],[-1.47222,11.966831],[-1.469272,11.966257],[-1.466425,11.965311],[-1.463729,11.964011],[-1.461229,11.962377],[-1.458969,11.960437],[-1.456987,11.958226],[-1.455317,11.955781],[-1.453988,11.953143],[-1.453022,11.950358],[-1.452436,11.947474],[-1.452239,11.944539],[-1.452436,11.941604],[-1.453023,11.93872],[-1.453989,11.935935],[-1.455319,11.933298],[-1.456989,11.930853],[-1.458971,11.928642],[-1.461231,11.926703],[-1.463731,11.925069],[-1.466426,11.923768],[-1.469273,11.922823],[-1.472221,11.922249],[-1.47522,11.922057],[-1.478219,11.922249],[-1.481167,11.922823],[-1.484014,11.923768],[-1.486709,11.925069],[-1.489209,11.926703],[-1.491469,11.928642],[-1.493451,11.930853],[-1.495121,11.933298],[-1.496451,11.935935],[-1.497417,11.93872],[-1.498004,11.941604],[-1.498201,11.944539],[-1.498004,11.947474],[-1.497418,11.950358],[-1.496452,11.953143],[-1.495123,11.955781],[-1.493453,11.958226],[-1.491471,11.960437],[-1.489211,11.962377],[-1.486711,11.964011],[-1.484015,11.965311],[-1.481168,11.966257],[-1.47822,11.966831],[-1.47522,11.967023]]]},"properties":{"well_id":"GBF-R-118","label":"Doulougou well 118","commune":"Doulougou","province":"Bazega","region":"Centre-Sud","asset_type":"restored","year":"2022","funder":"School partner network","population_dependent":3000,"status_today":"NEVER_REPORTED","status_month6_illustrative":"NEVER_REPORTED","report_count_month6":0,"pump_type":"India Mark II","depth_m":"58","coordinate_confidence":"ILLUSTRATIVE_COMMUNE_CENTROID_PLUS_JITTER","provenance":"ILLUSTRATIVE_STRUCTURE_ONLY","marker_state_today":"NEVER_REPORTED","marker_style":"dashed-outline-no-fill","marker-color":"#E67E22","marker-size":"medium","fill":"#E67E22","fill-opacity":0.9,"stroke":"#FFFFFF","stroke-width":1.5,"stroke-opacity":1}},{"type":"Feature","geometry":{"type":"Polygon","coordinates":[[[-2.04332,12.278293],[-2.040317,12.278101],[-2.037365,12.277527],[-2.034515,12.276581],[-2.031815,12.275281],[-2.029313,12.273647],[-2.02705,12.271707],[-2.025066,12.269496],[-2.023394,12.267051],[-2.022063,12.264413],[-2.021096,12.261628],[-2.020509,12.258744],[-2.020313,12.255809],[-2.02051,12.252874],[-2.021097,12.24999],[-2.022065,12.247205],[-2.023396,12.244568],[-2.025068,12.242123],[-2.027052,12.239912],[-2.029315,12.237973],[-2.031817,12.236339],[-2.034516,12.235038],[-2.037366,12.234093],[-2.040317,12.233519],[-2.04332,12.233327],[-2.046323,12.233519],[-2.049274,12.234093],[-2.052124,12.235038],[-2.054823,12.236339],[-2.057325,12.237973],[-2.059588,12.239912],[-2.061572,12.242123],[-2.063244,12.244568],[-2.064575,12.247205],[-2.065543,12.24999],[-2.06613,12.252874],[-2.066327,12.255809],[-2.066131,12.258744],[-2.065544,12.261628],[-2.064577,12.264413],[-2.063246,12.267051],[-2.061574,12.269496],[-2.05959,12.271707],[-2.057327,12.273647],[-2.054825,12.275281],[-2.052125,12.276581],[-2.049275,12.277527],[-2.046323,12.278101],[-2.04332,12.278293]]]},"properties":{"well_id":"GBF-R-119","label":"Kokologho well 119","commune":"Kokologho","province":"Boulkiemde","region":"Centre-Ouest","asset_type":"restored","year":"2021","funder":"Newday Impact","population_dependent":1500,"status_today":"NEVER_REPORTED","status_month6_illustrative":"WORKING","report_count_month6":26,"pump_type":"[PENDING]","depth_m":"58","coordinate_confidence":"ILLUSTRATIVE_COMMUNE_CENTROID_PLUS_JITTER","provenance":"ILLUSTRATIVE_STRUCTURE_ONLY","marker_state_today":"NEVER_REPORTED","marker_style":"dashed-outline-no-fill","marker-color":"#E67E22","marker-size":"medium","fill":"#E67E22","fill-opacity":0.9,"stroke":"#FFFFFF","stroke-width":1.5,"stroke-opacity":1}},{"type":"Feature","geometry":{"type":"Polygon","coordinates":[[[-1.62752,12.185553],[-1.624518,12.185361],[-1.621567,12.184787],[-1.618718,12.183841],[-1.616019,12.182541],[-1.613518,12.180907],[-1.611256,12.178967],[-1.609272,12.176756],[-1.607601,12.174311],[-1.606271,12.171673],[-1.605304,12.168888],[-1.604717,12.166004],[-1.604521,12.163069],[-1.604718,12.160134],[-1.605305,12.15725],[-1.606272,12.154465],[-1.607603,12.151828],[-1.609274,12.149383],[-1.611258,12.147172],[-1.61352,12.145233],[-1.616021,12.143599],[-1.618719,12.142298],[-1.621568,12.141353],[-1.624518,12.140779],[-1.62752,12.140587],[-1.630522,12.140779],[-1.633472,12.141353],[-1.636321,12.142298],[-1.639019,12.143599],[-1.64152,12.145233],[-1.643782,12.147172],[-1.645766,12.149383],[-1.647437,12.151828],[-1.648768,12.154465],[-1.649735,12.15725],[-1.650322,12.160134],[-1.650519,12.163069],[-1.650323,12.166004],[-1.649736,12.168888],[-1.648769,12.171673],[-1.647439,12.174311],[-1.645768,12.176756],[-1.643784,12.178967],[-1.641522,12.180907],[-1.639021,12.182541],[-1.636322,12.183841],[-1.633473,12.184787],[-1.630522,12.185361],[-1.62752,12.185553]]]},"properties":{"well_id":"GBF-R-120","label":"Komsilga well 120","commune":"Komsilga","province":"Kadiogo","region":"Centre","asset_type":"restored","year":"2020","funder":"Individual donors (Water Ball)","population_dependent":320,"status_today":"NEVER_REPORTED","status_month6_illustrative":"WORKING","report_count_month6":36,"pump_type":"India Mark II","depth_m":"34","coordinate_confidence":"ILLUSTRATIVE_COMMUNE_CENTROID_PLUS_JITTER","provenance":"ILLUSTRATIVE_STRUCTURE_ONLY","marker_state_today":"NEVER_REPORTED","marker_style":"dashed-outline-no-fill","marker-color":"#E67E22","marker-size":"medium","fill":"#E67E22","fill-opacity":0.9,"stroke":"#FFFFFF","stroke-width":1.5,"stroke-opacity":1}},{"type":"Feature","geometry":{"type":"Polygon","coordinates":[[[-1.35702,12.128663],[-1.354018,12.128471],[-1.351068,12.127897],[-1.34822,12.126951],[-1.345522,12.125651],[-1.343021,12.124017],[-1.34076,12.122077],[-1.338776,12.119866],[-1.337105,12.117421],[-1.335775,12.114783],[-1.334809,12.111998],[-1.334222,12.109114],[-1.334026,12.106179],[-1.334223,12.103244],[-1.33481,12.10036],[-1.335777,12.097575],[-1.337107,12.094938],[-1.338778,12.092493],[-1.340761,12.090282],[-1.343023,12.088343],[-1.345524,12.086709],[-1.348221,12.085408],[-1.351069,12.084463],[-1.354019,12.083889],[-1.35702,12.083697],[-1.360021,12.083889],[-1.362971,12.084463],[-1.365819,12.085408],[-1.368516,12.086709],[-1.371017,12.088343],[-1.373279,12.090282],[-1.375262,12.092493],[-1.376933,12.094938],[-1.378263,12.097575],[-1.37923,12.10036],[-1.379817,12.103244],[-1.380014,12.106179],[-1.379818,12.109114],[-1.379231,12.111998],[-1.378265,12.114783],[-1.376935,12.117421],[-1.375264,12.119866],[-1.37328,12.122077],[-1.371019,12.124017],[-1.368518,12.125651],[-1.36582,12.126951],[-1.362972,12.127897],[-1.360022,12.128471],[-1.35702,12.128663]]]},"properties":{"well_id":"GBF-R-121","label":"Kombissiri well 121","commune":"Kombissiri","province":"Bazega","region":"Centre-Sud","asset_type":"restored","year":"2024","funder":"[PENDING]","population_dependent":1500,"status_today":"NEVER_REPORTED","status_month6_illustrative":"WORKING","report_count_month6":14,"pump_type":"India Mark II","depth_m":"47","coordinate_confidence":"ILLUSTRATIVE_COMMUNE_CENTROID_PLUS_JITTER","provenance":"ILLUSTRATIVE_STRUCTURE_ONLY","marker_state_today":"NEVER_REPORTED","marker_style":"dashed-outline-no-fill","marker-color":"#E67E22","marker-size":"medium","fill":"#E67E22","fill-opacity":0.9,"stroke":"#FFFFFF","stroke-width":1.5,"stroke-opacity":1}},{"type":"Feature","geometry":{"type":"Polygon","coordinates":[[[-1.65893,12.210203],[-1.655927,12.210011],[-1.652976,12.209437],[-1.650127,12.208491],[-1.647428,12.207191],[-1.644927,12.205557],[-1.642665,12.203617],[-1.640681,12.201406],[-1.639009,12.198961],[-1.637679,12.196323],[-1.636712,12.193538],[-1.636125,12.190654],[-1.635929,12.187719],[-1.636126,12.184784],[-1.636713,12.1819],[-1.63768,12.179115],[-1.639011,12.176478],[-1.640683,12.174033],[-1.642666,12.171822],[-1.644929,12.169883],[-1.64743,12.168249],[-1.650128,12.166948],[-1.652977,12.166003],[-1.655928,12.165429],[-1.65893,12.165237],[-1.661932,12.165429],[-1.664883,12.166003],[-1.667732,12.166948],[-1.67043,12.168249],[-1.672931,12.169883],[-1.675194,12.171822],[-1.677177,12.174033],[-1.678849,12.176478],[-1.68018,12.179115],[-1.681147,12.1819],[-1.681734,12.184784],[-1.681931,12.187719],[-1.681735,12.190654],[-1.681148,12.193538],[-1.680181,12.196323],[-1.678851,12.198961],[-1.677179,12.201406],[-1.675195,12.203617],[-1.672933,12.205557],[-1.670432,12.207191],[-1.667733,12.208491],[-1.664884,12.209437],[-1.661933,12.210011],[-1.65893,12.210203]]]},"properties":{"well_id":"GBF-R-122","label":"Komsilga well 122","commune":"Komsilga","province":"Kadiogo","region":"Centre","asset_type":"restored","year":"2023","funder":"[PENDING]","population_dependent":1800,"status_today":"NEVER_REPORTED","status_month6_illustrative":"WORKING","report_count_month6":6,"pump_type":"Vergnet HPV-60","depth_m":"34","coordinate_confidence":"ILLUSTRATIVE_COMMUNE_CENTROID_PLUS_JITTER","provenance":"ILLUSTRATIVE_STRUCTURE_ONLY","marker_state_today":"NEVER_REPORTED","marker_style":"dashed-outline-no-fill","marker-color":"#E67E22","marker-size":"medium","fill":"#E67E22","fill-opacity":0.9,"stroke":"#FFFFFF","stroke-width":1.5,"stroke-opacity":1}},{"type":"Feature","geometry":{"type":"Polygon","coordinates":[[[-1.7513,12.355643],[-1.748296,12.355451],[-1.745343,12.354877],[-1.742492,12.353931],[-1.739792,12.352631],[-1.737289,12.350997],[-1.735026,12.349057],[-1.733041,12.346846],[-1.731368,12.344401],[-1.730037,12.341763],[-1.72907,12.338978],[-1.728482,12.336094],[-1.728286,12.333159],[-1.728483,12.330224],[-1.729071,12.32734],[-1.730038,12.324555],[-1.73137,12.321918],[-1.733043,12.319473],[-1.735028,12.317262],[-1.737291,12.315323],[-1.739794,12.313689],[-1.742494,12.312388],[-1.745344,12.311443],[-1.748296,12.310869],[-1.7513,12.310677],[-1.754304,12.310869],[-1.757256,12.311443],[-1.760106,12.312388],[-1.762806,12.313689],[-1.765309,12.315323],[-1.767572,12.317262],[-1.769557,12.319473],[-1.77123,12.321918],[-1.772562,12.324555],[-1.773529,12.32734],[-1.774117,12.330224],[-1.774314,12.333159],[-1.774118,12.336094],[-1.77353,12.338978],[-1.772563,12.341763],[-1.771232,12.344401],[-1.769559,12.346846],[-1.767574,12.349057],[-1.765311,12.350997],[-1.762808,12.352631],[-1.760108,12.353931],[-1.757257,12.354877],[-1.754304,12.355451],[-1.7513,12.355643]]]},"properties":{"well_id":"GBF-R-123","label":"Tanghin-Dassouri well 123","commune":"Tanghin-Dassouri","province":"Kadiogo","region":"Centre","asset_type":"restored","year":"2023","funder":"Individual donors (Water Ball)","population_dependent":950,"status_today":"NEVER_REPORTED","status_month6_illustrative":"NOT_REPORTED_SINCE","report_count_month6":34,"pump_type":"Volanta","depth_m":"41","coordinate_confidence":"ILLUSTRATIVE_COMMUNE_CENTROID_PLUS_JITTER","provenance":"ILLUSTRATIVE_STRUCTURE_ONLY","marker_state_today":"NEVER_REPORTED","marker_style":"dashed-outline-no-fill","marker-color":"#E67E22","marker-size":"medium","fill":"#E67E22","fill-opacity":0.9,"stroke":"#FFFFFF","stroke-width":1.5,"stroke-opacity":1}},{"type":"Feature","geometry":{"type":"Polygon","coordinates":[[[-1.56107,12.163813],[-1.558068,12.163621],[-1.555117,12.163047],[-1.552269,12.162101],[-1.54957,12.160801],[-1.547069,12.159167],[-1.544807,12.157227],[-1.542824,12.155016],[-1.541153,12.152571],[-1.539822,12.149933],[-1.538856,12.147148],[-1.538269,12.144264],[-1.538073,12.141329],[-1.53827,12.138394],[-1.538857,12.13551],[-1.539824,12.132725],[-1.541154,12.130088],[-1.542826,12.127643],[-1.544809,12.125432],[-1.547071,12.123493],[-1.549572,12.121859],[-1.55227,12.120558],[-1.555118,12.119613],[-1.558068,12.119039],[-1.56107,12.118847],[-1.564072,12.119039],[-1.567022,12.119613],[-1.56987,12.120558],[-1.572568,12.121859],[-1.575069,12.123493],[-1.577331,12.125432],[-1.579314,12.127643],[-1.580986,12.130088],[-1.582316,12.132725],[-1.583283,12.13551],[-1.58387,12.138394],[-1.584067,12.141329],[-1.583871,12.144264],[-1.583284,12.147148],[-1.582318,12.149933],[-1.580987,12.152571],[-1.579316,12.155016],[-1.577333,12.157227],[-1.575071,12.159167],[-1.57257,12.160801],[-1.569871,12.162101],[-1.567023,12.163047],[-1.564072,12.163621],[-1.56107,12.163813]]]},"properties":{"well_id":"GBF-R-124","label":"Komsilga well 124","commune":"Komsilga","province":"Kadiogo","region":"Centre","asset_type":"restored","year":"2024","funder":"[PENDING]","population_dependent":500,"status_today":"NEVER_REPORTED","status_month6_illustrative":"WORKING","report_count_month6":39,"pump_type":"India Mark II","depth_m":"34","coordinate_confidence":"ILLUSTRATIVE_COMMUNE_CENTROID_PLUS_JITTER","provenance":"ILLUSTRATIVE_STRUCTURE_ONLY","marker_state_today":"NEVER_REPORTED","marker_style":"dashed-outline-no-fill","marker-color":"#E67E22","marker-size":"medium","fill":"#E67E22","fill-opacity":0.9,"stroke":"#FFFFFF","stroke-width":1.5,"stroke-opacity":1}},{"type":"Feature","geometry":{"type":"Polygon","coordinates":[[[-1.66453,12.477793],[-1.661524,12.477601],[-1.65857,12.477027],[-1.655718,12.476081],[-1.653017,12.474781],[-1.650512,12.473147],[-1.648248,12.471207],[-1.646262,12.468996],[-1.644589,12.466551],[-1.643257,12.463913],[-1.642289,12.461128],[-1.641702,12.458244],[-1.641505,12.455309],[-1.641702,12.452374],[-1.64229,12.44949],[-1.643258,12.446705],[-1.644591,12.444068],[-1.646264,12.441623],[-1.64825,12.439412],[-1.650514,12.437473],[-1.653018,12.435839],[-1.655719,12.434538],[-1.658571,12.433593],[-1.661525,12.433019],[-1.66453,12.432827],[-1.667535,12.433019],[-1.670489,12.433593],[-1.673341,12.434538],[-1.676042,12.435839],[-1.678546,12.437473],[-1.68081,12.439412],[-1.682796,12.441623],[-1.684469,12.444068],[-1.685802,12.446705],[-1.68677,12.44949],[-1.687358,12.452374],[-1.687555,12.455309],[-1.687358,12.458244],[-1.686771,12.461128],[-1.685803,12.463913],[-1.684471,12.466551],[-1.682798,12.468996],[-1.680812,12.471207],[-1.678548,12.473147],[-1.676043,12.474781],[-1.673342,12.476081],[-1.67049,12.477027],[-1.667536,12.477601],[-1.66453,12.477793]]]},"properties":{"well_id":"GBF-R-125","label":"Pabre well 125","commune":"Pabre","province":"Kadiogo","region":"Centre","asset_type":"restored","year":"2021","funder":"Newday Impact","population_dependent":240,"status_today":"NEVER_REPORTED","status_month6_illustrative":"NOT_REPORTED_SINCE","report_count_month6":29,"pump_type":"[PENDING]","depth_m":"63","coordinate_confidence":"ILLUSTRATIVE_COMMUNE_CENTROID_PLUS_JITTER","provenance":"ILLUSTRATIVE_STRUCTURE_ONLY","marker_state_today":"NEVER_REPORTED","marker_style":"dashed-outline-no-fill","marker-color":"#E67E22","marker-size":"medium","fill":"#E67E22","fill-opacity":0.9,"stroke":"#FFFFFF","stroke-width":1.5,"stroke-opacity":1}},{"type":"Feature","geometry":{"type":"Polygon","coordinates":[[[-1.8524,12.713883],[-1.849392,12.713691],[-1.846435,12.713117],[-1.84358,12.712171],[-1.840876,12.710871],[-1.838369,12.709237],[-1.836103,12.707297],[-1.834115,12.705086],[-1.832441,12.702641],[-1.831107,12.700003],[-1.830139,12.697218],[-1.829551,12.694334],[-1.829354,12.691399],[-1.829551,12.688464],[-1.83014,12.68558],[-1.831109,12.682795],[-1.832442,12.680158],[-1.834117,12.677713],[-1.836105,12.675502],[-1.838371,12.673563],[-1.840878,12.671929],[-1.843581,12.670628],[-1.846436,12.669683],[-1.849392,12.669109],[-1.8524,12.668917],[-1.855408,12.669109],[-1.858364,12.669683],[-1.861219,12.670628],[-1.863922,12.671929],[-1.866429,12.673563],[-1.868695,12.675502],[-1.870683,12.677713],[-1.872358,12.680158],[-1.873691,12.682795],[-1.87466,12.68558],[-1.875249,12.688464],[-1.875446,12.691399],[-1.875249,12.694334],[-1.874661,12.697218],[-1.873693,12.700003],[-1.872359,12.702641],[-1.870685,12.705086],[-1.868697,12.707297],[-1.866431,12.709237],[-1.863924,12.710871],[-1.86122,12.712171],[-1.858365,12.713117],[-1.855408,12.713691],[-1.8524,12.713883]]]},"properties":{"well_id":"GBF-R-126","label":"Bouss\u00e9 well 126","commune":"Bouss\u00e9","province":"Kourweogo","region":"Plateau-Central","asset_type":"restored","year":"2017","funder":"[PENDING]","population_dependent":320,"status_today":"NEVER_REPORTED","status_month6_illustrative":"WORKING","report_count_month6":23,"pump_type":"Volanta","depth_m":"63","coordinate_confidence":"ILLUSTRATIVE_COMMUNE_CENTROID_PLUS_JITTER","provenance":"ILLUSTRATIVE_STRUCTURE_ONLY","marker_state_today":"NEVER_REPORTED","marker_style":"dashed-outline-no-fill","marker-color":"#E67E22","marker-size":"medium","fill":"#E67E22","fill-opacity":0.9,"stroke":"#FFFFFF","stroke-width":1.5,"stroke-opacity":1}},{"type":"Feature","geometry":{"type":"Polygon","coordinates":[[[-1.70758,12.212623],[-1.704577,12.212431],[-1.701626,12.211857],[-1.698777,12.210911],[-1.696078,12.209611],[-1.693577,12.207977],[-1.691314,12.206037],[-1.689331,12.203826],[-1.687659,12.201381],[-1.686329,12.198743],[-1.685362,12.195958],[-1.684775,12.193074],[-1.684578,12.190139],[-1.684775,12.187204],[-1.685363,12.18432],[-1.68633,12.181535],[-1.687661,12.178898],[-1.689332,12.176453],[-1.691316,12.174242],[-1.693578,12.172303],[-1.69608,12.170669],[-1.698778,12.169368],[-1.701627,12.168423],[-1.704578,12.167849],[-1.70758,12.167657],[-1.710582,12.167849],[-1.713533,12.168423],[-1.716382,12.169368],[-1.71908,12.170669],[-1.721582,12.172303],[-1.723844,12.174242],[-1.725828,12.176453],[-1.727499,12.178898],[-1.72883,12.181535],[-1.729797,12.18432],[-1.730385,12.187204],[-1.730582,12.190139],[-1.730385,12.193074],[-1.729798,12.195958],[-1.728831,12.198743],[-1.727501,12.201381],[-1.725829,12.203826],[-1.723846,12.206037],[-1.721583,12.207977],[-1.719082,12.209611],[-1.716383,12.210911],[-1.713534,12.211857],[-1.710583,12.212431],[-1.70758,12.212623]]]},"properties":{"well_id":"GBF-R-127","label":"Tanghin-Dassouri well 127","commune":"Tanghin-Dassouri","province":"Kadiogo","region":"Centre","asset_type":"restored","year":"2020","funder":"Individual donors (Water Ball)","population_dependent":800,"status_today":"NEVER_REPORTED","status_month6_illustrative":"WORKING","report_count_month6":15,"pump_type":"Vergnet HPV-60","depth_m":"47","coordinate_confidence":"ILLUSTRATIVE_COMMUNE_CENTROID_PLUS_JITTER","provenance":"ILLUSTRATIVE_STRUCTURE_ONLY","marker_state_today":"NEVER_REPORTED","marker_style":"dashed-outline-no-fill","marker-color":"#E67E22","marker-size":"medium","fill":"#E67E22","fill-opacity":0.9,"stroke":"#FFFFFF","stroke-width":1.5,"stroke-opacity":1}},{"type":"Feature","geometry":{"type":"Polygon","coordinates":[[[-1.58756,12.091213],[-1.584559,12.091021],[-1.581609,12.090447],[-1.578761,12.089501],[-1.576064,12.088201],[-1.573563,12.086567],[-1.571302,12.084627],[-1.569319,12.082416],[-1.567648,12.079971],[-1.566318,12.077333],[-1.565352,12.074548],[-1.564765,12.071664],[-1.564569,12.068729],[-1.564766,12.065794],[-1.565353,12.06291],[-1.56632,12.060125],[-1.56765,12.057488],[-1.569321,12.055043],[-1.571304,12.052832],[-1.573565,12.050893],[-1.576065,12.049259],[-1.578762,12.047958],[-1.58161,12.047013],[-1.584559,12.046439],[-1.58756,12.046247],[-1.590561,12.046439],[-1.59351,12.047013],[-1.596358,12.047958],[-1.599055,12.049259],[-1.601555,12.050893],[-1.603816,12.052832],[-1.605799,12.055043],[-1.60747,12.057488],[-1.6088,12.060125],[-1.609767,12.06291],[-1.610354,12.065794],[-1.610551,12.068729],[-1.610355,12.071664],[-1.609768,12.074548],[-1.608802,12.077333],[-1.607472,12.079971],[-1.605801,12.082416],[-1.603818,12.084627],[-1.601557,12.086567],[-1.599056,12.088201],[-1.596359,12.089501],[-1.593511,12.090447],[-1.590561,12.091021],[-1.58756,12.091213]]]},"properties":{"well_id":"GBF-R-128","label":"Doulougou well 128","commune":"Doulougou","province":"Bazega","region":"Centre-Sud","asset_type":"restored","year":"2023","funder":"[PENDING]","population_dependent":500,"status_today":"NEVER_REPORTED","status_month6_illustrative":"NEVER_REPORTED","report_count_month6":0,"pump_type":"India Mark II","depth_m":"34","coordinate_confidence":"ILLUSTRATIVE_COMMUNE_CENTROID_PLUS_JITTER","provenance":"ILLUSTRATIVE_STRUCTURE_ONLY","marker_state_today":"NEVER_REPORTED","marker_style":"dashed-outline-no-fill","marker-color":"#E67E22","marker-size":"medium","fill":"#E67E22","fill-opacity":0.9,"stroke":"#FFFFFF","stroke-width":1.5,"stroke-opacity":1}},{"type":"Feature","geometry":{"type":"Polygon","coordinates":[[[-1.60934,12.059313],[-1.606339,12.059121],[-1.60339,12.058547],[-1.600542,12.057601],[-1.597845,12.056301],[-1.595345,12.054667],[-1.593084,12.052727],[-1.591101,12.050516],[-1.589431,12.048071],[-1.588101,12.045433],[-1.587134,12.042648],[-1.586548,12.039764],[-1.586352,12.036829],[-1.586548,12.033894],[-1.587135,12.03101],[-1.588102,12.028225],[-1.589432,12.025588],[-1.591103,12.023143],[-1.593086,12.020932],[-1.595346,12.018993],[-1.597847,12.017359],[-1.600543,12.016058],[-1.603391,12.015113],[-1.60634,12.014539],[-1.60934,12.014347],[-1.61234,12.014539],[-1.615289,12.015113],[-1.618137,12.016058],[-1.620833,12.017359],[-1.623334,12.018993],[-1.625594,12.020932],[-1.627577,12.023143],[-1.629248,12.025588],[-1.630578,12.028225],[-1.631545,12.03101],[-1.632132,12.033894],[-1.632328,12.036829],[-1.632132,12.039764],[-1.631546,12.042648],[-1.630579,12.045433],[-1.629249,12.048071],[-1.627579,12.050516],[-1.625596,12.052727],[-1.623335,12.054667],[-1.620835,12.056301],[-1.618138,12.057601],[-1.61529,12.058547],[-1.612341,12.059121],[-1.60934,12.059313]]]},"properties":{"well_id":"GBF-R-129","label":"Doulougou well 129","commune":"Doulougou","province":"Bazega","region":"Centre-Sud","asset_type":"restored","year":"2017","funder":"Newday Impact","population_dependent":2200,"status_today":"NEVER_REPORTED","status_month6_illustrative":"WORKING","report_count_month6":35,"pump_type":"[PENDING]","depth_m":"","coordinate_confidence":"ILLUSTRATIVE_COMMUNE_CENTROID_PLUS_JITTER","provenance":"ILLUSTRATIVE_STRUCTURE_ONLY","marker_state_today":"NEVER_REPORTED","marker_style":"dashed-outline-no-fill","marker-color":"#E67E22","marker-size":"medium","fill":"#E67E22","fill-opacity":0.9,"stroke":"#FFFFFF","stroke-width":1.5,"stroke-opacity":1}},{"type":"Feature","geometry":{"type":"Polygon","coordinates":[[[-1.76969,11.510713],[-1.766695,11.510521],[-1.763752,11.509947],[-1.76091,11.509001],[-1.758218,11.507701],[-1.755722,11.506067],[-1.753466,11.504127],[-1.751487,11.501916],[-1.74982,11.499471],[-1.748493,11.496833],[-1.747529,11.494048],[-1.746943,11.491164],[-1.746747,11.488229],[-1.746944,11.485294],[-1.74753,11.48241],[-1.748494,11.479625],[-1.749822,11.476988],[-1.751489,11.474543],[-1.753468,11.472332],[-1.755724,11.470393],[-1.758219,11.468759],[-1.760911,11.467458],[-1.763752,11.466513],[-1.766696,11.465939],[-1.76969,11.465747],[-1.772684,11.465939],[-1.775628,11.466513],[-1.778469,11.467458],[-1.781161,11.468759],[-1.783656,11.470393],[-1.785912,11.472332],[-1.787891,11.474543],[-1.789558,11.476988],[-1.790886,11.479625],[-1.79185,11.48241],[-1.792436,11.485294],[-1.792633,11.488229],[-1.792437,11.491164],[-1.791851,11.494048],[-1.790887,11.496833],[-1.78956,11.499471],[-1.787893,11.501916],[-1.785914,11.504127],[-1.783658,11.506067],[-1.781162,11.507701],[-1.77847,11.509001],[-1.775628,11.509947],[-1.772685,11.510521],[-1.76969,11.510713]]]},"properties":{"well_id":"GBF-R-130","label":"Sapouy well 130","commune":"Sapouy","province":"Ziro","region":"Centre-Ouest","asset_type":"restored","year":"2018","funder":"[PENDING]","population_dependent":3000,"status_today":"NEVER_REPORTED","status_month6_illustrative":"NOT_REPORTED_SINCE","report_count_month6":17,"pump_type":"India Mark II","depth_m":"63","coordinate_confidence":"ILLUSTRATIVE_COMMUNE_CENTROID_PLUS_JITTER","provenance":"ILLUSTRATIVE_STRUCTURE_ONLY","marker_state_today":"NEVER_REPORTED","marker_style":"dashed-outline-no-fill","marker-color":"#E67E22","marker-size":"medium","fill":"#E67E22","fill-opacity":0.9,"stroke":"#FFFFFF","stroke-width":1.5,"stroke-opacity":1}},{"type":"Feature","geometry":{"type":"Polygon","coordinates":[[[-1.69103,12.591103],[-1.688023,12.590911],[-1.685068,12.590337],[-1.682214,12.589391],[-1.679512,12.588091],[-1.677006,12.586457],[-1.674741,12.584517],[-1.672754,12.582306],[-1.67108,12.579861],[-1.669748,12.577223],[-1.668779,12.574438],[-1.668192,12.571554],[-1.667995,12.568619],[-1.668192,12.565684],[-1.66878,12.5628],[-1.669749,12.560015],[-1.671082,12.557378],[-1.672756,12.554933],[-1.674743,12.552722],[-1.677008,12.550783],[-1.679513,12.549149],[-1.682216,12.547848],[-1.685069,12.546903],[-1.688024,12.546329],[-1.69103,12.546137],[-1.694036,12.546329],[-1.696991,12.546903],[-1.699844,12.547848],[-1.702547,12.549149],[-1.705052,12.550783],[-1.707317,12.552722],[-1.709304,12.554933],[-1.710978,12.557378],[-1.712311,12.560015],[-1.71328,12.5628],[-1.713868,12.565684],[-1.714065,12.568619],[-1.713868,12.571554],[-1.713281,12.574438],[-1.712312,12.577223],[-1.71098,12.579861],[-1.709306,12.582306],[-1.707319,12.584517],[-1.705054,12.586457],[-1.702548,12.588091],[-1.699846,12.589391],[-1.696992,12.590337],[-1.694037,12.590911],[-1.69103,12.591103]]]},"properties":{"well_id":"GBF-R-131","label":"Pabre well 131","commune":"Pabre","province":"Kadiogo","region":"Centre","asset_type":"restored","year":"2022","funder":"[PENDING]","population_dependent":3000,"status_today":"NEVER_REPORTED","status_month6_illustrative":"NEVER_REPORTED","report_count_month6":0,"pump_type":"Vergnet HPV-60","depth_m":"41","coordinate_confidence":"ILLUSTRATIVE_COMMUNE_CENTROID_PLUS_JITTER","provenance":"ILLUSTRATIVE_STRUCTURE_ONLY","marker_state_today":"NEVER_REPORTED","marker_style":"dashed-outline-no-fill","marker-color":"#E67E22","marker-size":"medium","fill":"#E67E22","fill-opacity":0.9,"stroke":"#FFFFFF","stroke-width":1.5,"stroke-opacity":1}},{"type":"Feature","geometry":{"type":"Polygon","coordinates":[[[-1.60085,12.228513],[-1.597847,12.228321],[-1.594896,12.227747],[-1.592046,12.226801],[-1.589348,12.225501],[-1.586846,12.223867],[-1.584583,12.221927],[-1.5826,12.219716],[-1.580928,12.217271],[-1.579597,12.214633],[-1.57863,12.211848],[-1.578043,12.208964],[-1.577847,12.206029],[-1.578044,12.203094],[-1.578631,12.20021],[-1.579599,12.197425],[-1.58093,12.194788],[-1.582601,12.192343],[-1.584585,12.190132],[-1.586848,12.188193],[-1.589349,12.186559],[-1.592048,12.185258],[-1.594897,12.184313],[-1.597848,12.183739],[-1.60085,12.183547],[-1.603852,12.183739],[-1.606803,12.184313],[-1.609652,12.185258],[-1.612351,12.186559],[-1.614852,12.188193],[-1.617115,12.190132],[-1.619099,12.192343],[-1.62077,12.194788],[-1.622101,12.197425],[-1.623069,12.20021],[-1.623656,12.203094],[-1.623853,12.206029],[-1.623657,12.208964],[-1.62307,12.211848],[-1.622103,12.214633],[-1.620772,12.217271],[-1.6191,12.219716],[-1.617117,12.221927],[-1.614854,12.223867],[-1.612352,12.225501],[-1.609654,12.226801],[-1.606804,12.227747],[-1.603853,12.228321],[-1.60085,12.228513]]]},"properties":{"well_id":"GBF-R-132","label":"Komsilga well 132","commune":"Komsilga","province":"Kadiogo","region":"Centre","asset_type":"restored","year":"2022","funder":"[PENDING]","population_dependent":650,"status_today":"NEVER_REPORTED","status_month6_illustrative":"WORKING_DEGRADING","report_count_month6":9,"pump_type":"Volanta","depth_m":"","coordinate_confidence":"ILLUSTRATIVE_COMMUNE_CENTROID_PLUS_JITTER","provenance":"ILLUSTRATIVE_STRUCTURE_ONLY","marker_state_today":"NEVER_REPORTED","marker_style":"dashed-outline-no-fill","marker-color":"#E67E22","marker-size":"medium","fill":"#E67E22","fill-opacity":0.9,"stroke":"#FFFFFF","stroke-width":1.5,"stroke-opacity":1}},{"type":"Feature","geometry":{"type":"Polygon","coordinates":[[[-1.42351,12.436563],[-1.420505,12.436371],[-1.417551,12.435797],[-1.414699,12.434851],[-1.411998,12.433551],[-1.409495,12.431917],[-1.40723,12.429977],[-1.405245,12.427766],[-1.403572,12.425321],[-1.40224,12.422683],[-1.401273,12.419898],[-1.400685,12.417014],[-1.400489,12.414079],[-1.400686,12.411144],[-1.401274,12.40826],[-1.402242,12.405475],[-1.403574,12.402838],[-1.405247,12.400393],[-1.407232,12.398182],[-1.409496,12.396243],[-1.412,12.394609],[-1.414701,12.393308],[-1.417552,12.392363],[-1.420505,12.391789],[-1.42351,12.391597],[-1.426515,12.391789],[-1.429468,12.392363],[-1.432319,12.393308],[-1.43502,12.394609],[-1.437524,12.396243],[-1.439788,12.398182],[-1.441773,12.400393],[-1.443446,12.402838],[-1.444778,12.405475],[-1.445746,12.40826],[-1.446334,12.411144],[-1.446531,12.414079],[-1.446335,12.417014],[-1.445747,12.419898],[-1.44478,12.422683],[-1.443448,12.425321],[-1.441775,12.427766],[-1.43979,12.429977],[-1.437525,12.431917],[-1.435022,12.433551],[-1.432321,12.434851],[-1.429469,12.435797],[-1.426515,12.436371],[-1.42351,12.436563]]]},"properties":{"well_id":"GBF-R-133","label":"Saaba well 133","commune":"Saaba","province":"Kadiogo","region":"Centre","asset_type":"restored","year":"2024","funder":"[PENDING]","population_dependent":950,"status_today":"NEVER_REPORTED","status_month6_illustrative":"WORKING","report_count_month6":37,"pump_type":"Vergnet HPV-60","depth_m":"52","coordinate_confidence":"ILLUSTRATIVE_COMMUNE_CENTROID_PLUS_JITTER","provenance":"ILLUSTRATIVE_STRUCTURE_ONLY","marker_state_today":"NEVER_REPORTED","marker_style":"dashed-outline-no-fill","marker-color":"#E67E22","marker-size":"medium","fill":"#E67E22","fill-opacity":0.9,"stroke":"#FFFFFF","stroke-width":1.5,"stroke-opacity":1}},{"type":"Feature","geometry":{"type":"Polygon","coordinates":[[[-2.11728,12.285803],[-2.114277,12.285611],[-2.111325,12.285037],[-2.108475,12.284091],[-2.105775,12.282791],[-2.103273,12.281157],[-2.10101,12.279217],[-2.099026,12.277006],[-2.097354,12.274561],[-2.096023,12.271923],[-2.095055,12.269138],[-2.094469,12.266254],[-2.094272,12.263319],[-2.094469,12.260384],[-2.095056,12.2575],[-2.096024,12.254715],[-2.097355,12.252078],[-2.099027,12.249633],[-2.101012,12.247422],[-2.103275,12.245483],[-2.105777,12.243849],[-2.108476,12.242548],[-2.111326,12.241603],[-2.114277,12.241029],[-2.11728,12.240837],[-2.120283,12.241029],[-2.123234,12.241603],[-2.126084,12.242548],[-2.128783,12.243849],[-2.131285,12.245483],[-2.133548,12.247422],[-2.135533,12.249633],[-2.137205,12.252078],[-2.138536,12.254715],[-2.139504,12.2575],[-2.140091,12.260384],[-2.140288,12.263319],[-2.140091,12.266254],[-2.139505,12.269138],[-2.138537,12.271923],[-2.137206,12.274561],[-2.135534,12.277006],[-2.13355,12.279217],[-2.131287,12.281157],[-2.128785,12.282791],[-2.126085,12.284091],[-2.123235,12.285037],[-2.120283,12.285611],[-2.11728,12.285803]]]},"properties":{"well_id":"GBF-R-134","label":"Kokologho well 134","commune":"Kokologho","province":"Boulkiemde","region":"Centre-Ouest","asset_type":"restored","year":"2024","funder":"[PENDING]","population_dependent":500,"status_today":"NEVER_REPORTED","status_month6_illustrative":"WORKING","report_count_month6":6,"pump_type":"India Mark II","depth_m":"","coordinate_confidence":"ILLUSTRATIVE_COMMUNE_CENTROID_PLUS_JITTER","provenance":"ILLUSTRATIVE_STRUCTURE_ONLY","marker_state_today":"NEVER_REPORTED","marker_style":"dashed-outline-no-fill","marker-color":"#E67E22","marker-size":"medium","fill":"#E67E22","fill-opacity":0.9,"stroke":"#FFFFFF","stroke-width":1.5,"stroke-opacity":1}},{"type":"Feature","geometry":{"type":"Polygon","coordinates":[[[-1.62336,12.230323],[-1.620357,12.230131],[-1.617406,12.229557],[-1.614556,12.228611],[-1.611858,12.227311],[-1.609356,12.225677],[-1.607093,12.223737],[-1.605109,12.221526],[-1.603438,12.219081],[-1.602107,12.216443],[-1.60114,12.213658],[-1.600553,12.210774],[-1.600357,12.207839],[-1.600554,12.204904],[-1.601141,12.20202],[-1.602108,12.199235],[-1.603439,12.196598],[-1.605111,12.194153],[-1.607095,12.191942],[-1.609357,12.190003],[-1.611859,12.188369],[-1.614558,12.187068],[-1.617407,12.186123],[-1.620358,12.185549],[-1.62336,12.185357],[-1.626362,12.185549],[-1.629313,12.186123],[-1.632162,12.187068],[-1.634861,12.188369],[-1.637363,12.190003],[-1.639625,12.191942],[-1.641609,12.194153],[-1.643281,12.196598],[-1.644612,12.199235],[-1.645579,12.20202],[-1.646166,12.204904],[-1.646363,12.207839],[-1.646167,12.210774],[-1.64558,12.213658],[-1.644613,12.216443],[-1.643282,12.219081],[-1.641611,12.221526],[-1.639627,12.223737],[-1.637364,12.225677],[-1.634862,12.227311],[-1.632164,12.228611],[-1.629314,12.229557],[-1.626363,12.230131],[-1.62336,12.230323]]]},"properties":{"well_id":"GBF-R-135","label":"Komsilga well 135","commune":"Komsilga","province":"Kadiogo","region":"Centre","asset_type":"restored","year":"2021","funder":"[PENDING]","population_dependent":800,"status_today":"NEVER_REPORTED","status_month6_illustrative":"NEVER_REPORTED","report_count_month6":0,"pump_type":"Volanta","depth_m":"","coordinate_confidence":"ILLUSTRATIVE_COMMUNE_CENTROID_PLUS_JITTER","provenance":"ILLUSTRATIVE_STRUCTURE_ONLY","marker_state_today":"NEVER_REPORTED","marker_style":"dashed-outline-no-fill","marker-color":"#E67E22","marker-size":"medium","fill":"#E67E22","fill-opacity":0.9,"stroke":"#FFFFFF","stroke-width":1.5,"stroke-opacity":1}},{"type":"Feature","geometry":{"type":"Polygon","coordinates":[[[-1.54268,12.184013],[-1.539678,12.183821],[-1.536727,12.183247],[-1.533878,12.182301],[-1.53118,12.181001],[-1.528678,12.179367],[-1.526416,12.177427],[-1.524433,12.175216],[-1.522761,12.172771],[-1.521431,12.170133],[-1.520464,12.167348],[-1.519877,12.164464],[-1.519681,12.161529],[-1.519878,12.158594],[-1.520465,12.15571],[-1.521432,12.152925],[-1.522763,12.150288],[-1.524434,12.147843],[-1.526418,12.145632],[-1.52868,12.143693],[-1.531181,12.142059],[-1.533879,12.140758],[-1.536728,12.139813],[-1.539678,12.139239],[-1.54268,12.139047],[-1.545682,12.139239],[-1.548632,12.139813],[-1.551481,12.140758],[-1.554179,12.142059],[-1.55668,12.143693],[-1.558942,12.145632],[-1.560926,12.147843],[-1.562597,12.150288],[-1.563928,12.152925],[-1.564895,12.15571],[-1.565482,12.158594],[-1.565679,12.161529],[-1.565483,12.164464],[-1.564896,12.167348],[-1.563929,12.170133],[-1.562599,12.172771],[-1.560927,12.175216],[-1.558944,12.177427],[-1.556682,12.179367],[-1.55418,12.181001],[-1.551482,12.182301],[-1.548633,12.183247],[-1.545682,12.183821],[-1.54268,12.184013]]]},"properties":{"well_id":"GBF-R-136","label":"Komsilga well 136","commune":"Komsilga","province":"Kadiogo","region":"Centre","asset_type":"restored","year":"2024","funder":"[PENDING]","population_dependent":2200,"status_today":"NEVER_REPORTED","status_month6_illustrative":"BROKEN","report_count_month6":38,"pump_type":"Vergnet HPV-60","depth_m":"41","coordinate_confidence":"ILLUSTRATIVE_COMMUNE_CENTROID_PLUS_JITTER","provenance":"ILLUSTRATIVE_STRUCTURE_ONLY","marker_state_today":"NEVER_REPORTED","marker_style":"dashed-outline-no-fill","marker-color":"#E67E22","marker-size":"medium","fill":"#E67E22","fill-opacity":0.9,"stroke":"#FFFFFF","stroke-width":1.5,"stroke-opacity":1}},{"type":"Feature","geometry":{"type":"Polygon","coordinates":[[[-1.74086,12.274463],[-1.737857,12.274271],[-1.734905,12.273697],[-1.732055,12.272751],[-1.729356,12.271451],[-1.726853,12.269817],[-1.724591,12.267877],[-1.722606,12.265666],[-1.720934,12.263221],[-1.719604,12.260583],[-1.718636,12.257798],[-1.71805,12.254914],[-1.717853,12.251979],[-1.71805,12.249044],[-1.718637,12.24616],[-1.719605,12.243375],[-1.720936,12.240738],[-1.722608,12.238293],[-1.724593,12.236082],[-1.726855,12.234143],[-1.729357,12.232509],[-1.732056,12.231208],[-1.734906,12.230263],[-1.737857,12.229689],[-1.74086,12.229497],[-1.743863,12.229689],[-1.746814,12.230263],[-1.749664,12.231208],[-1.752363,12.232509],[-1.754865,12.234143],[-1.757127,12.236082],[-1.759112,12.238293],[-1.760784,12.240738],[-1.762115,12.243375],[-1.763083,12.24616],[-1.76367,12.249044],[-1.763867,12.251979],[-1.76367,12.254914],[-1.763084,12.257798],[-1.762116,12.260583],[-1.760786,12.263221],[-1.759114,12.265666],[-1.757129,12.267877],[-1.754867,12.269817],[-1.752364,12.271451],[-1.749665,12.272751],[-1.746815,12.273697],[-1.743863,12.274271],[-1.74086,12.274463]]]},"properties":{"well_id":"GBF-R-137","label":"Tanghin-Dassouri well 137","commune":"Tanghin-Dassouri","province":"Kadiogo","region":"Centre","asset_type":"restored","year":"2018","funder":"Newday Impact","population_dependent":800,"status_today":"NEVER_REPORTED","status_month6_illustrative":"WORKING","report_count_month6":41,"pump_type":"India Mark II","depth_m":"","coordinate_confidence":"ILLUSTRATIVE_COMMUNE_CENTROID_PLUS_JITTER","provenance":"ILLUSTRATIVE_STRUCTURE_ONLY","marker_state_today":"NEVER_REPORTED","marker_style":"dashed-outline-no-fill","marker-color":"#E67E22","marker-size":"medium","fill":"#E67E22","fill-opacity":0.9,"stroke":"#FFFFFF","stroke-width":1.5,"stroke-opacity":1}}]}