{
  "type": "FeatureCollection",
  "generator": "overpass-turbo",
  "copyright": "The data included in this document is from www.openstreetmap.org. The data is made available under ODbL.",
  "timestamp": "2026-08-21T23:03:06Z",
  "features": [
    {
      "type": "Feature",
      "properties": {
        "@id": "relation/1243815",
        "admin_level": "5",
        "boundary": "administrative",
        "name": "Rombo",
        "type": "boundary",
        "wikidata": "Q1365107",
        "wikipedia": "en:Rombo District"
      },
      "geometry": {
        "type": "Polygon",
        "coordinates": [
          [
            [
              37.2520733,
              -2.8547143
            ],
            [
              37.2519859,
              -2.8585616
            ],
            [
              37.2531956,
              -2.863649
            ],
            [
              37.2535383,
              -2.8652832
            ],
            [
              37.2536306,
              -2.8662321
            ],
            [
              37.2537492,
              -2.8695005
            ],
            [
              37.2537568,
              -2.8715715
            ],
            [
              37.253657,
              -2.8738364
            ],
            [
              37.2536965,
              -2.8750357
            ],
            [
              37.2537756,
              -2.8762877
            ],
            [
              37.2540919,
              -2.87837
            ],
            [
              37.2539997,
              -2.8807159
            ],
            [
              37.2537097,
              -2.8832594
            ],
            [
              37.253657,
              -2.8859084
            ],
            [
              37.2539733,
              -2.8872527
            ],
            [
              37.254606,
              -2.8889396
            ],
            [
              37.2547114,
              -2.8896644
            ],
            [
              37.2546587,
              -2.8916149
            ],
            [
              37.2538073,
              -2.8937233
            ],
            [
              37.253764,
              -2.8939505
            ],
            [
              37.253642,
              -2.8950963
            ],
            [
              37.2536925,
              -2.8961196
            ],
            [
              37.2535595,
              -2.8981908
            ],
            [
              37.2532934,
              -2.9000529
            ],
            [
              37.2531794,
              -2.901459
            ],
            [
              37.2529324,
              -2.9023901
            ],
            [
              37.2529514,
              -2.9047462
            ],
            [
              37.2531794,
              -2.9070454
            ],
            [
              37.2531413,
              -2.9084321
            ],
            [
              37.2529643,
              -2.9096632
            ],
            [
              37.2525793,
              -2.9109748
            ],
            [
              37.2525793,
              -2.9138518
            ],
            [
              37.2511576,
              -2.9273563
            ],
            [
              37.2566074,
              -2.9482054
            ],
            [
              37.263005,
              -2.9711867
            ],
            [
              37.2648536,
              -2.976732
            ],
            [
              37.2724829,
              -2.9996172
            ],
            [
              37.2762741,
              -3.0171494
            ],
            [
              37.28125,
              -3.0342077
            ],
            [
              37.2874107,
              -3.0453429
            ],
            [
              37.3089729,
              -3.0806442
            ],
            [
              37.3111055,
              -3.0825395
            ],
            [
              37.3141858,
              -3.0860933
            ],
            [
              37.317503,
              -3.0905948
            ],
            [
              37.3209917,
              -3.0939629
            ],
            [
              37.3343263,
              -3.1069424
            ],
            [
              37.3435673,
              -3.1178407
            ],
            [
              37.3531874,
              -3.129521
            ],
            [
              37.3532334,
              -3.1294751
            ],
            [
              37.3587341,
              -3.1354335
            ],
            [
              37.3586866,
              -3.1354796
            ],
            [
              37.3622862,
              -3.1384528
            ],
            [
              37.3727118,
              -3.1493512
            ],
            [
              37.3911938,
              -3.1671202
            ],
            [
              37.3985391,
              -3.1751756
            ],
            [
              37.4009086,
              -3.1792032
            ],
            [
              37.4075432,
              -3.19176
            ],
            [
              37.4094338,
              -3.1962359
            ],
            [
              37.4112943,
              -3.1995844
            ],
            [
              37.4133838,
              -3.2019598
            ],
            [
              37.417495,
              -3.2073968
            ],
            [
              37.4229448,
              -3.2161629
            ],
            [
              37.4253142,
              -3.2190059
            ],
            [
              37.4281192,
              -3.2216009
            ],
            [
              37.4311051,
              -3.2248076
            ],
            [
              37.4318239,
              -3.2262451
            ],
            [
              37.4345552,
              -3.2296673
            ],
            [
              37.4428484,
              -3.2372488
            ],
            [
              37.4459287,
              -3.2386703
            ],
            [
              37.449009,
              -3.2403288
            ],
            [
              37.4551696,
              -3.2391442
            ],
            [
              37.4591977,
              -3.2389072
            ],
            [
              37.4651214,
              -3.2400918
            ],
            [
              37.4710451,
              -3.2403288
            ],
            [
              37.4764949,
              -3.2403287
            ],
            [
              37.4812339,
              -3.2398549
            ],
            [
              37.4890531,
              -3.2403287
            ],
            [
              37.5006636,
              -3.2381964
            ],
            [
              37.5061133,
              -3.2358272
            ],
            [
              37.5094306,
              -3.2367749
            ],
            [
              37.5134587,
              -3.2408026
            ],
            [
              37.516776,
              -3.2419872
            ],
            [
              37.5189085,
              -3.2419872
            ],
            [
              37.5205671,
              -3.2403287
            ],
            [
              37.5236475,
              -3.2389072
            ],
            [
              37.525543,
              -3.2403287
            ],
            [
              37.52578,
              -3.2443564
            ],
            [
              37.5290973,
              -3.245304
            ],
            [
              37.5338362,
              -3.2457779
            ],
            [
              37.5381065,
              -3.2432582
            ],
            [
              37.5411816,
              -3.2438825
            ],
            [
              37.54829,
              -3.245541
            ],
            [
              37.5527151,
              -3.2457229
            ],
            [
              37.5539767,
              -3.2445933
            ],
            [
              37.5550351,
              -3.2432945
            ],
            [
              37.5559413,
              -3.2423883
            ],
            [
              37.557531,
              -3.242461
            ],
            [
              37.5594265,
              -3.2436456
            ],
            [
              37.5599004,
              -3.2471994
            ],
            [
              37.5647351,
              -3.250157
            ],
            [
              37.5691414,
              -3.2509901
            ],
            [
              37.5716119,
              -3.2502851
            ],
            [
              37.5738758,
              -3.2493455
            ],
            [
              37.5754562,
              -3.2482351
            ],
            [
              37.5771647,
              -3.2461423
            ],
            [
              37.57772,
              -3.2453309
            ],
            [
              37.5785316,
              -3.24516
            ],
            [
              37.5802401,
              -3.2452881
            ],
            [
              37.5816924,
              -3.2458007
            ],
            [
              37.5828029,
              -3.2460569
            ],
            [
              37.5837853,
              -3.2464413
            ],
            [
              37.5839989,
              -3.247509
            ],
            [
              37.5832301,
              -3.247808
            ],
            [
              37.5825894,
              -3.2477653
            ],
            [
              37.5816497,
              -3.2480215
            ],
            [
              37.5814788,
              -3.2489611
            ],
            [
              37.5819365,
              -3.2502793
            ],
            [
              37.5826474,
              -3.2531224
            ],
            [
              37.5833155,
              -3.2547695
            ],
            [
              37.585622,
              -3.2561362
            ],
            [
              37.5891673,
              -3.2578445
            ],
            [
              37.6008924,
              -3.2685222
            ],
            [
              37.6001815,
              -3.2727868
            ],
            [
              37.6006554,
              -3.2744453
            ],
            [
              37.6015459,
              -3.2783738
            ],
            [
              37.6014231,
              -3.2794792
            ],
            [
              37.6009809,
              -3.2804127
            ],
            [
              37.6000473,
              -3.2814443
            ],
            [
              37.5968643,
              -3.2858175
            ],
            [
              37.5971012,
              -3.2886605
            ],
            [
              37.5971012,
              -3.2943466
            ],
            [
              37.5996747,
              -3.3026292
            ],
            [
              37.600963,
              -3.3053895
            ],
            [
              37.6040918,
              -3.3103581
            ],
            [
              37.6053801,
              -3.3127504
            ],
            [
              37.6057482,
              -3.3156947
            ],
            [
              37.6090609,
              -3.3210313
            ],
            [
              37.6057482,
              -3.3311526
            ],
            [
              37.605196,
              -3.3359371
            ],
            [
              37.6026194,
              -3.3390655
            ],
            [
              37.6013312,
              -3.3456903
            ],
            [
              37.600595,
              -3.3523151
            ],
            [
              37.6026195,
              -3.3589399
            ],
            [
              37.6097971,
              -3.3674049
            ],
            [
              37.6059322,
              -3.3747658
            ],
            [
              37.6063003,
              -3.3784462
            ],
            [
              37.604828,
              -3.3819426
            ],
            [
              37.6061163,
              -3.3839668
            ],
            [
              37.6064844,
              -3.3869112
            ],
            [
              37.6070365,
              -3.3900396
            ],
            [
              37.6103493,
              -3.3940881
            ],
            [
              37.6112695,
              -3.3977685
            ],
            [
              37.6163604,
              -3.4055858
            ],
            [
              37.6171605,
              -3.4067939
            ],
            [
              37.664214,
              -3.3583054
            ],
            [
              37.6815087,
              -3.3564982
            ],
            [
              37.6852649,
              -3.3507339
            ],
            [
              37.712127,
              -3.3112602
            ],
            [
              37.6939391,
              -3.1961469
            ],
            [
              37.6883738,
              -3.1590941
            ],
            [
              37.6727472,
              -3.0608561
            ],
            [
              37.6405422,
              -3.0386537
            ],
            [
              37.6323624,
              -3.0330861
            ],
            [
              37.6309788,
              -3.0321444
            ],
            [
              37.6224907,
              -3.0263669
            ],
            [
              37.5690953,
              -2.9912538
            ],
            [
              37.5682643,
              -2.9907073
            ],
            [
              37.5676332,
              -2.9902955
            ],
            [
              37.5668964,
              -2.9898146
            ],
            [
              37.5668677,
              -2.9897958
            ],
            [
              37.5396157,
              -2.9720103
            ],
            [
              37.5340988,
              -2.9684098
            ],
            [
              37.5198859,
              -2.9594781
            ],
            [
              37.5121653,
              -2.9546263
            ],
            [
              37.4793361,
              -2.9363073
            ],
            [
              37.4712126,
              -2.9315789
            ],
            [
              37.4643657,
              -2.9279535
            ],
            [
              37.4618507,
              -2.9265755
            ],
            [
              37.4442102,
              -2.9169101
            ],
            [
              37.4352763,
              -2.9119046
            ],
            [
              37.4292843,
              -2.908703
            ],
            [
              37.4253133,
              -2.9079435
            ],
            [
              37.4153915,
              -2.9062197
            ],
            [
              37.4097259,
              -2.9053455
            ],
            [
              37.4097231,
              -2.9052647
            ],
            [
              37.409644,
              -2.9052495
            ],
            [
              37.4096468,
              -2.9053302
            ],
            [
              37.4093418,
              -2.9051914
            ],
            [
              37.4093387,
              -2.9051363
            ],
            [
              37.4058469,
              -2.902938
            ],
            [
              37.4011675,
              -2.8997015
            ],
            [
              37.3971565,
              -2.8965705
            ],
            [
              37.3951434,
              -2.8957112
            ],
            [
              37.3900704,
              -2.8909478
            ],
            [
              37.3886752,
              -2.8906963
            ],
            [
              37.3883352,
              -2.8899878
            ],
            [
              37.3863533,
              -2.8896493
            ],
            [
              37.3868876,
              -2.8874873
            ],
            [
              37.3806838,
              -2.8855756
            ],
            [
              37.3750547,
              -2.8836917
            ],
            [
              37.3594044,
              -2.8797546
            ],
            [
              37.3566953,
              -2.8794731
            ],
            [
              37.3557101,
              -2.8792269
            ],
            [
              37.3546898,
              -2.8792621
            ],
            [
              37.3499752,
              -2.8784177
            ],
            [
              37.3447328,
              -2.8765532
            ],
            [
              37.3316189,
              -2.8724143
            ],
            [
              37.324354,
              -2.8700424
            ],
            [
              37.3152199,
              -2.8677852
            ],
            [
              37.3146734,
              -2.866975
            ],
            [
              37.2901148,
              -2.8606087
            ],
            [
              37.2520733,
              -2.8547143
            ]
          ]
        ]
      },
      "id": "relation/1243815"
    },
    {
      "type": "Feature",
      "properties": {
        "@id": "relation/16362170",
        "admin_level": "8",
        "admin_type:KE": "ward",
        "boundary": "administrative",
        "name": "Rombo ward",
        "type": "boundary"
      },
      "geometry": {
        "type": "Polygon",
        "coordinates": [
          [
            [
              37.6939391,
              -3.1961469
            ],
            [
              37.6963281,
              -3.195697
            ],
            [
              37.6964776,
              -3.1956674
            ],
            [
              37.6976936,
              -3.1954242
            ],
            [
              37.6992226,
              -3.1951185
            ],
            [
              37.7001641,
              -3.1949312
            ],
            [
              37.7809994,
              -3.178852
            ],
            [
              37.7903635,
              -3.1746613
            ],
            [
              37.7960868,
              -3.175367
            ],
            [
              37.7987113,
              -3.1732307
            ],
            [
              37.8010917,
              -3.1717659
            ],
            [
              37.8054862,
              -3.1706673
            ],
            [
              37.8095145,
              -3.1711555
            ],
            [
              37.8125053,
              -3.1711555
            ],
            [
              37.8165336,
              -3.173658
            ],
            [
              37.8195243,
              -3.1767708
            ],
            [
              37.8233085,
              -3.1779304
            ],
            [
              37.8265433,
              -3.1803718
            ],
            [
              37.8299003,
              -3.1835457
            ],
            [
              37.8317313,
              -3.1868416
            ],
            [
              37.8342948,
              -3.1891609
            ],
            [
              37.83991,
              -3.1888557
            ],
            [
              37.8441215,
              -3.1871467
            ],
            [
              37.8501029,
              -3.1843391
            ],
            [
              37.8533378,
              -3.1810432
            ],
            [
              37.8541312,
              -3.177137
            ],
            [
              37.8541312,
              -3.1734749
            ],
            [
              37.8544974,
              -3.1704841
            ],
            [
              37.8544974,
              -3.1558547
            ],
            [
              37.8544974,
              -3.1451546
            ],
            [
              37.8547416,
              -3.1316658
            ],
            [
              37.8544974,
              -3.1241585
            ],
            [
              37.8547416,
              -3.1173836
            ],
            [
              37.8547416,
              -3.0893684
            ],
            [
              37.8559013,
              -3.0854622
            ],
            [
              37.8573051,
              -3.081739
            ],
            [
              37.8660941,
              -3.081739
            ],
            [
              37.8715263,
              -3.0796638
            ],
            [
              37.8723197,
              -3.0713631
            ],
            [
              37.8747001,
              -3.052259
            ],
            [
              37.8754935,
              -3.0433479
            ],
            [
              37.8756751,
              -3.0419868
            ],
            [
              37.8756566,
              -3.041974
            ],
            [
              37.875586,
              -3.041916
            ],
            [
              37.875132,
              -3.041863
            ],
            [
              37.874972,
              -3.0416491
            ],
            [
              37.874759,
              -3.0411691
            ],
            [
              37.874439,
              -3.0411161
            ],
            [
              37.874199,
              -3.0412221
            ],
            [
              37.873879,
              -3.0410361
            ],
            [
              37.873772,
              -3.0405022
            ],
            [
              37.873478,
              -3.0403152
            ],
            [
              37.873052,
              -3.0404222
            ],
            [
              37.872651,
              -3.0406891
            ],
            [
              37.872251,
              -3.0409291
            ],
            [
              37.871931,
              -3.0409821
            ],
            [
              37.871744,
              -3.0409821
            ],
            [
              37.871504,
              -3.0409561
            ],
            [
              37.871237,
              -3.0407691
            ],
            [
              37.871131,
              -3.0406091
            ],
            [
              37.8707839,
              -3.0403152
            ],
            [
              37.8703039,
              -3.0400222
            ],
            [
              37.8697169,
              -3.0399422
            ],
            [
              37.8687289,
              -3.0394353
            ],
            [
              37.8678489,
              -3.0386343
            ],
            [
              37.8667819,
              -3.0377814
            ],
            [
              37.8660078,
              -3.0368475
            ],
            [
              37.8653278,
              -3.0358936
            ],
            [
              37.8648878,
              -3.0353536
            ],
            [
              37.8632068,
              -3.0326859
            ],
            [
              37.8630998,
              -3.0324729
            ],
            [
              37.8634998,
              -3.031532
            ],
            [
              37.8636068,
              -3.030872
            ],
            [
              37.8637138,
              -3.0301251
            ],
            [
              37.8636338,
              -3.0298051
            ],
            [
              37.8630728,
              -3.0290842
            ],
            [
              37.8621128,
              -3.0283913
            ],
            [
              37.8616328,
              -3.0282043
            ],
            [
              37.8613127,
              -3.0283373
            ],
            [
              37.8609657,
              -3.0285243
            ],
            [
              37.8606457,
              -3.0286572
            ],
            [
              37.8604317,
              -3.0286572
            ],
            [
              37.8603257,
              -3.0283643
            ],
            [
              37.8604317,
              -3.0278573
            ],
            [
              37.8604587,
              -3.0273504
            ],
            [
              37.8602187,
              -3.0269234
            ],
            [
              37.8598187,
              -3.0266564
            ],
            [
              37.8592847,
              -3.0264964
            ],
            [
              37.8589377,
              -3.0262305
            ],
            [
              37.8586707,
              -3.0257765
            ],
            [
              37.8585907,
              -3.0255095
            ],
            [
              37.8585647,
              -3.0243626
            ],
            [
              37.8584307,
              -3.0231888
            ],
            [
              37.8581637,
              -3.0226818
            ],
            [
              37.8578177,
              -3.0220949
            ],
            [
              37.8576037,
              -3.0213219
            ],
            [
              37.8576577,
              -3.020495
            ],
            [
              37.8578707,
              -3.0199081
            ],
            [
              37.8579507,
              -3.0194541
            ],
            [
              37.8578177,
              -3.0190541
            ],
            [
              37.8574437,
              -3.0187872
            ],
            [
              37.8571767,
              -3.0186542
            ],
            [
              37.8571237,
              -3.0184672
            ],
            [
              37.8571507,
              -3.0182802
            ],
            [
              37.8572037,
              -3.0178272
            ],
            [
              37.8571767,
              -3.0174003
            ],
            [
              37.8571237,
              -3.0169733
            ],
            [
              37.8566966,
              -3.0163064
            ],
            [
              37.8562696,
              -3.0157464
            ],
            [
              37.8561366,
              -3.0149725
            ],
            [
              37.8560836,
              -3.0141186
            ],
            [
              37.8558696,
              -3.0136116
            ],
            [
              37.8556296,
              -3.0133457
            ],
            [
              37.8552026,
              -3.0131047
            ],
            [
              37.8546426,
              -3.0127047
            ],
            [
              37.8542686,
              -3.0123047
            ],
            [
              37.8541086,
              -3.0119318
            ],
            [
              37.8541626,
              -3.0109179
            ],
            [
              37.8540826,
              -3.010091
            ],
            [
              37.8538416,
              -3.009424
            ],
            [
              37.8535216,
              -3.0087571
            ],
            [
              37.8530416,
              -3.0084371
            ],
            [
              37.8528016,
              -3.0080901
            ],
            [
              37.8527216,
              -3.0076632
            ],
            [
              37.8523475,
              -3.0071562
            ],
            [
              37.8521075,
              -3.0070492
            ],
            [
              37.8520275,
              -3.0067823
            ],
            [
              37.8519215,
              -3.0063293
            ],
            [
              37.8517345,
              -3.0060623
            ],
            [
              37.8511475,
              -3.0056624
            ],
            [
              37.8505875,
              -3.0049954
            ],
            [
              37.8499465,
              -3.0039285
            ],
            [
              37.8491735,
              -3.0035016
            ],
            [
              37.8485325,
              -3.0033946
            ],
            [
              37.8478655,
              -3.0033686
            ],
            [
              37.8475724,
              -3.0034746
            ],
            [
              37.8471454,
              -3.0035816
            ],
            [
              37.8464254,
              -3.0037685
            ],
            [
              37.8461854,
              -3.0040085
            ],
            [
              37.8460784,
              -3.0043815
            ],
            [
              37.8458644,
              -3.0045415
            ],
            [
              37.8453574,
              -3.0047554
            ],
            [
              37.8449314,
              -3.0048884
            ],
            [
              37.8442104,
              -3.0051554
            ],
            [
              37.8437834,
              -3.0048624
            ],
            [
              37.8433834,
              -3.0043015
            ],
            [
              37.8428764,
              -3.0041685
            ],
            [
              37.8424493,
              -3.0042755
            ],
            [
              37.8420233,
              -3.0042485
            ],
            [
              37.8415163,
              -3.0041415
            ],
            [
              37.8409023,
              -3.0038745
            ],
            [
              37.8405823,
              -3.0037945
            ],
            [
              37.8404483,
              -3.0035816
            ],
            [
              37.8404753,
              -3.0032876
            ],
            [
              37.8406093,
              -3.0029416
            ],
            [
              37.8409823,
              -3.0024347
            ],
            [
              37.8413563,
              -3.0018477
            ],
            [
              37.8414623,
              -3.0013408
            ],
            [
              37.8415163,
              -3.0008068
            ],
            [
              37.8411423,
              -3.0002469
            ],
            [
              37.8408753,
              -3.0002469
            ],
            [
              37.8407153,
              -3.0000869
            ],
            [
              37.8404753,
              -2.9997399
            ],
            [
              37.8399953,
              -2.9996599
            ],
            [
              37.8392753,
              -2.9995529
            ],
            [
              37.8388483,
              -2.9998199
            ],
            [
              37.8385283,
              -3.0000869
            ],
            [
              37.8383143,
              -3.0001399
            ],
            [
              37.8376472,
              -3.0001139
            ],
            [
              37.8371942,
              -2.9998999
            ],
            [
              37.8363932,
              -2.9997669
            ],
            [
              37.8357532,
              -2.9995269
            ],
            [
              37.8354592,
              -2.999233
            ],
            [
              37.8352462,
              -2.999153
            ],
            [
              37.8348732,
              -2.999127
            ],
            [
              37.8343662,
              -2.999046
            ],
            [
              37.8339122,
              -2.998966
            ],
            [
              37.8335922,
              -2.99878
            ],
            [
              37.8332181,
              -2.998726
            ],
            [
              37.8328451,
              -2.99894
            ],
            [
              37.8324451,
              -2.999046
            ],
            [
              37.8322581,
              -2.999233
            ],
            [
              37.8319381,
              -2.99918
            ],
            [
              37.8313781,
              -2.998806
            ],
            [
              37.8314041,
              -2.99862
            ],
            [
              37.8313511,
              -2.998379
            ],
            [
              37.8312171,
              -2.998299
            ],
            [
              37.8310571,
              -2.9981931
            ],
            [
              37.8309771,
              -2.9978461
            ],
            [
              37.8307911,
              -2.9975791
            ],
            [
              37.8306311,
              -2.9975521
            ],
            [
              37.8304171,
              -2.9975521
            ],
            [
              37.8302571,
              -2.9974721
            ],
            [
              37.8302841,
              -2.9972321
            ],
            [
              37.8300441,
              -2.9970992
            ],
            [
              37.8299371,
              -2.9970722
            ],
            [
              37.8297231,
              -2.9970462
            ],
            [
              37.8294571,
              -2.9970192
            ],
            [
              37.8293771,
              -2.9967522
            ],
            [
              37.8291631,
              -2.9964852
            ],
            [
              37.8288701,
              -2.9963792
            ],
            [
              37.8287901,
              -2.9961652
            ],
            [
              37.8287901,
              -2.9958723
            ],
            [
              37.8286031,
              -2.9956323
            ],
            [
              37.828283,
              -2.9955513
            ],
            [
              37.828069,
              -2.9956053
            ],
            [
              37.827909,
              -2.9957123
            ],
            [
              37.827696,
              -2.9956053
            ],
            [
              37.827616,
              -2.9953653
            ],
            [
              37.827216,
              -2.9948044
            ],
            [
              37.826815,
              -2.9941644
            ],
            [
              37.826495,
              -2.9939774
            ],
            [
              37.826015,
              -2.9939774
            ],
            [
              37.825775,
              -2.9941114
            ],
            [
              37.825508,
              -2.9938445
            ],
            [
              37.825108,
              -2.9936845
            ],
            [
              37.824761,
              -2.9936575
            ],
            [
              37.824361,
              -2.9937915
            ],
            [
              37.823907,
              -2.9938445
            ],
            [
              37.823774,
              -2.9937375
            ],
            [
              37.8235069,
              -2.9933905
            ],
            [
              37.8234269,
              -2.9932045
            ],
            [
              37.8232939,
              -2.9930975
            ],
            [
              37.8231069,
              -2.9930975
            ],
            [
              37.8227329,
              -2.9928306
            ],
            [
              37.8215859,
              -2.9920576
            ],
            [
              37.8211329,
              -2.9917107
            ],
            [
              37.8207589,
              -2.9914437
            ],
            [
              37.8205459,
              -2.9914437
            ],
            [
              37.8201989,
              -2.9913907
            ],
            [
              37.8197989,
              -2.9912037
            ],
            [
              37.8195589,
              -2.9909097
            ],
            [
              37.8193719,
              -2.9906698
            ],
            [
              37.8191579,
              -2.9906698
            ],
            [
              37.8188919,
              -2.9907237
            ],
            [
              37.8187048,
              -2.9907237
            ],
            [
              37.8186248,
              -2.9905368
            ],
            [
              37.8183578,
              -2.9899498
            ],
            [
              37.8180108,
              -2.9895499
            ],
            [
              37.8176378,
              -2.9893899
            ],
            [
              37.8173978,
              -2.9891489
            ],
            [
              37.8172638,
              -2.9886959
            ],
            [
              37.8170768,
              -2.988322
            ],
            [
              37.8166508,
              -2.987735
            ],
            [
              37.8163838,
              -2.987575
            ],
            [
              37.8158498,
              -2.987575
            ],
            [
              37.8154768,
              -2.987575
            ],
            [
              37.8151568,
              -2.987522
            ],
            [
              37.8148358,
              -2.9873621
            ],
            [
              37.8147558,
              -2.9872551
            ],
            [
              37.8146228,
              -2.9869351
            ],
            [
              37.8145698,
              -2.9867481
            ],
            [
              37.8141428,
              -2.9867221
            ],
            [
              37.8138227,
              -2.9869081
            ],
            [
              37.8134217,
              -2.9872821
            ],
            [
              37.8128887,
              -2.9873891
            ],
            [
              37.8122487,
              -2.9874691
            ],
            [
              37.8118747,
              -2.987602
            ],
            [
              37.8117947,
              -2.987602
            ],
            [
              37.8115017,
              -2.987735
            ],
            [
              37.8111277,
              -2.987735
            ],
            [
              37.8105677,
              -2.9873621
            ],
            [
              37.8100877,
              -2.9869881
            ],
            [
              37.8094207,
              -2.9866681
            ],
            [
              37.8085666,
              -2.9861352
            ],
            [
              37.8076326,
              -2.9858412
            ],
            [
              37.8069386,
              -2.9858152
            ],
            [
              37.8066456,
              -2.9857082
            ],
            [
              37.8062986,
              -2.9855212
            ],
            [
              37.8061116,
              -2.9854942
            ],
            [
              37.8058986,
              -2.9854942
            ],
            [
              37.8054986,
              -2.9853882
            ],
            [
              37.8051786,
              -2.9852013
            ],
            [
              37.8050446,
              -2.9850413
            ],
            [
              37.8048316,
              -2.9844273
            ],
            [
              37.8046976,
              -2.9841344
            ],
            [
              37.8044315,
              -2.9836804
            ],
            [
              37.8041105,
              -2.9833074
            ],
            [
              37.8036835,
              -2.9828275
            ],
            [
              37.8035775,
              -2.9825335
            ],
            [
              37.8036035,
              -2.9823735
            ],
            [
              37.8036305,
              -2.9819196
            ],
            [
              37.8036035,
              -2.9811996
            ],
            [
              37.8034435,
              -2.9809597
            ],
            [
              37.8033105,
              -2.9806657
            ],
            [
              37.8032575,
              -2.9801857
            ],
            [
              37.8030705,
              -2.9799997
            ],
            [
              37.8027765,
              -2.9798928
            ],
            [
              37.8024835,
              -2.9797858
            ],
            [
              37.8022165,
              -2.9797588
            ],
            [
              37.8017095,
              -2.9797858
            ],
            [
              37.8014165,
              -2.9797858
            ],
            [
              37.8012025,
              -2.9796528
            ],
            [
              37.8009625,
              -2.9796528
            ],
            [
              37.8007495,
              -2.9796528
            ],
            [
              37.8004825,
              -2.9793588
            ],
            [
              37.8001625,
              -2.9792788
            ],
            [
              37.7999485,
              -2.9793858
            ],
            [
              37.7996284,
              -2.9794388
            ],
            [
              37.7992284,
              -2.9794928
            ],
            [
              37.7991754,
              -2.9794388
            ],
            [
              37.7991214,
              -2.9792258
            ],
            [
              37.7989614,
              -2.9789858
            ],
            [
              37.7986684,
              -2.9788788
            ],
            [
              37.7984544,
              -2.9787459
            ],
            [
              37.7984284,
              -2.9786119
            ],
            [
              37.7982944,
              -2.9779449
            ],
            [
              37.7982414,
              -2.9778119
            ],
            [
              37.7983214,
              -2.977598
            ],
            [
              37.7985614,
              -2.977278
            ],
            [
              37.7986144,
              -2.977038
            ],
            [
              37.7986144,
              -2.9763181
            ],
            [
              37.7988014,
              -2.9759981
            ],
            [
              37.7991214,
              -2.9754642
            ],
            [
              37.7992554,
              -2.9751442
            ],
            [
              37.7992554,
              -2.9748772
            ],
            [
              37.7988554,
              -2.9746372
            ],
            [
              37.7985614,
              -2.9743973
            ],
            [
              37.7979474,
              -2.9743973
            ],
            [
              37.7976544,
              -2.9746902
            ],
            [
              37.7973874,
              -2.9751172
            ],
            [
              37.7969874,
              -2.9755442
            ],
            [
              37.7962404,
              -2.9759711
            ],
            [
              37.7951994,
              -2.976771
            ],
            [
              37.7943463,
              -2.977091
            ],
            [
              37.7941593,
              -2.977225
            ],
            [
              37.7939993,
              -2.977518
            ],
            [
              37.7939193,
              -2.9779189
            ],
            [
              37.7938923,
              -2.9782119
            ],
            [
              37.7936253,
              -2.9786389
            ],
            [
              37.7931723,
              -2.9788519
            ],
            [
              37.7926383,
              -2.9787719
            ],
            [
              37.7922913,
              -2.9785859
            ],
            [
              37.7916243,
              -2.9782389
            ],
            [
              37.7910913,
              -2.9781589
            ],
            [
              37.7903443,
              -2.9782649
            ],
            [
              37.7899442,
              -2.9781849
            ],
            [
              37.7896502,
              -2.9779189
            ],
            [
              37.7894902,
              -2.9779189
            ],
            [
              37.7893032,
              -2.9780519
            ],
            [
              37.7889832,
              -2.9782919
            ],
            [
              37.7888772,
              -2.9785589
            ],
            [
              37.7886902,
              -2.9785589
            ],
            [
              37.7883962,
              -2.9785319
            ],
            [
              37.7882632,
              -2.9784249
            ],
            [
              37.7880232,
              -2.9785319
            ],
            [
              37.7879162,
              -2.9786919
            ],
            [
              37.7877032,
              -2.9788519
            ],
            [
              37.7874092,
              -2.9789588
            ],
            [
              37.7873022,
              -2.9791458
            ],
            [
              37.7873562,
              -2.9793328
            ],
            [
              37.7872492,
              -2.9795188
            ],
            [
              37.7869822,
              -2.9796258
            ],
            [
              37.7863692,
              -2.9797058
            ],
            [
              37.7858622,
              -2.9798388
            ],
            [
              37.7855952,
              -2.9801057
            ],
            [
              37.7851682,
              -2.9804797
            ],
            [
              37.7845011,
              -2.9808797
            ],
            [
              37.7840481,
              -2.9810667
            ],
            [
              37.7837811,
              -2.9808797
            ],
            [
              37.7833271,
              -2.9806657
            ],
            [
              37.7830071,
              -2.9806127
            ],
            [
              37.7827941,
              -2.9807727
            ],
            [
              37.7826601,
              -2.9810397
            ],
            [
              37.7824471,
              -2.9812796
            ],
            [
              37.7821801,
              -2.9812526
            ],
            [
              37.7818871,
              -2.9810667
            ],
            [
              37.7817531,
              -2.9807467
            ],
            [
              37.7815131,
              -2.9804257
            ],
            [
              37.7813261,
              -2.9803197
            ],
            [
              37.7810061,
              -2.9802127
            ],
            [
              37.7807391,
              -2.9799458
            ],
            [
              37.7807661,
              -2.9796528
            ],
            [
              37.7807661,
              -2.9793058
            ],
            [
              37.7807931,
              -2.9788519
            ],
            [
              37.7806061,
              -2.9786119
            ],
            [
              37.7803931,
              -2.9785319
            ],
            [
              37.780099,
              -2.9783989
            ],
            [
              37.779592,
              -2.9783189
            ],
            [
              37.779139,
              -2.9782649
            ],
            [
              37.778765,
              -2.9784249
            ],
            [
              37.778392,
              -2.9795188
            ],
            [
              37.778312,
              -2.9800528
            ],
            [
              37.778418,
              -2.9805057
            ],
            [
              37.778605,
              -2.9806927
            ],
            [
              37.778818,
              -2.9809867
            ],
            [
              37.778818,
              -2.9811727
            ],
            [
              37.778552,
              -2.9813326
            ],
            [
              37.778392,
              -2.9814666
            ],
            [
              37.778151,
              -2.9817066
            ],
            [
              37.777938,
              -2.9817066
            ],
            [
              37.777431,
              -2.9814396
            ],
            [
              37.777138,
              -2.9811467
            ],
            [
              37.777084,
              -2.9807997
            ],
            [
              37.776818,
              -2.9805057
            ],
            [
              37.776604,
              -2.9805057
            ],
            [
              37.776391,
              -2.9805597
            ],
            [
              37.776257,
              -2.9807197
            ],
            [
              37.776017,
              -2.9807997
            ],
            [
              37.775804,
              -2.9807467
            ],
            [
              37.775617,
              -2.9805057
            ],
            [
              37.775564,
              -2.9801857
            ],
            [
              37.775457,
              -2.9795728
            ],
            [
              37.7751899,
              -2.9790119
            ],
            [
              37.7747369,
              -2.9785049
            ],
            [
              37.7740159,
              -2.9782919
            ],
            [
              37.7736959,
              -2.9782389
            ],
            [
              37.7734829,
              -2.9782119
            ],
            [
              37.7731889,
              -2.9781589
            ],
            [
              37.7730559,
              -2.9782389
            ],
            [
              37.7730559,
              -2.9783719
            ],
            [
              37.7731619,
              -2.9785859
            ],
            [
              37.7729489,
              -2.9787459
            ],
            [
              37.7725759,
              -2.9786659
            ],
            [
              37.7723349,
              -2.9786119
            ],
            [
              37.7720149,
              -2.9784789
            ],
            [
              37.7715879,
              -2.9783189
            ],
            [
              37.7713479,
              -2.9781849
            ],
            [
              37.7712149,
              -2.9780249
            ],
            [
              37.7711079,
              -2.977785
            ],
            [
              37.7708679,
              -2.977598
            ],
            [
              37.7705479,
              -2.977438
            ],
            [
              37.7699078,
              -2.977225
            ],
            [
              37.7695868,
              -2.977198
            ],
            [
              37.7691608,
              -2.977412
            ],
            [
              37.7690538,
              -2.977865
            ],
            [
              37.7689468,
              -2.9783989
            ],
            [
              37.7689198,
              -2.9788519
            ],
            [
              37.7687598,
              -2.9795988
            ],
            [
              37.7687338,
              -2.9803997
            ],
            [
              37.7686798,
              -2.9809067
            ],
            [
              37.7685468,
              -2.9810397
            ],
            [
              37.7684138,
              -2.9814396
            ],
            [
              37.7682798,
              -2.9820796
            ],
            [
              37.7682268,
              -2.9825335
            ],
            [
              37.7680128,
              -2.9827465
            ],
            [
              37.7676928,
              -2.9827465
            ],
            [
              37.7675598,
              -2.9826405
            ],
            [
              37.7675058,
              -2.9824005
            ],
            [
              37.7672928,
              -2.9822136
            ],
            [
              37.7672128,
              -2.9821606
            ],
            [
              37.7667588,
              -2.9819736
            ],
            [
              37.7664128,
              -2.9817336
            ],
            [
              37.7662528,
              -2.9816266
            ],
            [
              37.7663058,
              -2.9815196
            ],
            [
              37.7664128,
              -2.9812797
            ],
            [
              37.7663058,
              -2.9809867
            ],
            [
              37.7661458,
              -2.9809867
            ],
            [
              37.7659858,
              -2.9809597
            ],
            [
              37.7656918,
              -2.9811197
            ],
            [
              37.7654788,
              -2.9812797
            ],
            [
              37.7653717,
              -2.9812527
            ],
            [
              37.7651587,
              -2.9810397
            ],
            [
              37.7650247,
              -2.9807197
            ],
            [
              37.7648387,
              -2.9801858
            ],
            [
              37.7648117,
              -2.9797588
            ],
            [
              37.7648917,
              -2.9792518
            ],
            [
              37.7647317,
              -2.9783449
            ],
            [
              37.7645177,
              -2.977838
            ],
            [
              37.7641717,
              -2.977278
            ],
            [
              37.7637447,
              -2.976985
            ],
            [
              37.7632377,
              -2.976985
            ],
            [
              37.7628637,
              -2.977198
            ],
            [
              37.7624107,
              -2.977572
            ],
            [
              37.7624107,
              -2.977919
            ],
            [
              37.7626237,
              -2.9785589
            ],
            [
              37.7627037,
              -2.9788789
            ],
            [
              37.7624907,
              -2.9790659
            ],
            [
              37.7623307,
              -2.9790919
            ],
            [
              37.7620907,
              -2.9790389
            ],
            [
              37.7620107,
              -2.9788259
            ],
            [
              37.7619037,
              -2.9786919
            ],
            [
              37.7616637,
              -2.9786389
            ],
            [
              37.7613967,
              -2.9789059
            ],
            [
              37.7611827,
              -2.9793058
            ],
            [
              37.7611297,
              -2.9796258
            ],
            [
              37.7612097,
              -2.9799458
            ],
            [
              37.7615037,
              -2.9802128
            ],
            [
              37.7618497,
              -2.9805597
            ],
            [
              37.7618497,
              -2.9815466
            ],
            [
              37.7617697,
              -2.9820266
            ],
            [
              37.7616637,
              -2.9821866
            ],
            [
              37.7614237,
              -2.9823206
            ],
            [
              37.7611027,
              -2.9823206
            ],
            [
              37.7605427,
              -2.9823206
            ],
            [
              37.7594226,
              -2.9823736
            ],
            [
              37.7589416,
              -2.9825605
            ],
            [
              37.7587816,
              -2.9828005
            ],
            [
              37.7583286,
              -2.9834135
            ],
            [
              37.7579816,
              -2.9838674
            ],
            [
              37.7578216,
              -2.9840544
            ],
            [
              37.7571016,
              -2.9841874
            ],
            [
              37.7565146,
              -2.9842944
            ],
            [
              37.7563276,
              -2.9844544
            ],
            [
              37.7563806,
              -2.9849073
            ],
            [
              37.7566206,
              -2.9852543
            ],
            [
              37.7568076,
              -2.9855483
            ],
            [
              37.7571016,
              -2.9859482
            ],
            [
              37.7573416,
              -2.9861612
            ],
            [
              37.7572346,
              -2.9862952
            ],
            [
              37.7567806,
              -2.9864552
            ],
            [
              37.7565676,
              -2.9868022
            ],
            [
              37.7566476,
              -2.9872551
            ],
            [
              37.7564076,
              -2.9876021
            ],
            [
              37.7561406,
              -2.9878421
            ],
            [
              37.7559006,
              -2.988136
            ],
            [
              37.7558736,
              -2.988669
            ],
            [
              37.7560076,
              -2.9890959
            ],
            [
              37.7559536,
              -2.9895759
            ],
            [
              37.7557406,
              -2.9898959
            ],
            [
              37.7551005,
              -2.9899769
            ],
            [
              37.7542465,
              -2.9896029
            ],
            [
              37.7538465,
              -2.9892559
            ],
            [
              37.7533125,
              -2.988776
            ],
            [
              37.7530995,
              -2.988669
            ],
            [
              37.7527525,
              -2.988322
            ],
            [
              37.7522985,
              -2.988056
            ],
            [
              37.7520315,
              -2.988002
            ],
            [
              37.7518455,
              -2.9877891
            ],
            [
              37.7517385,
              -2.9873891
            ],
            [
              37.7516855,
              -2.9869881
            ],
            [
              37.7517115,
              -2.9861612
            ],
            [
              37.7515255,
              -2.9859212
            ],
            [
              37.7504844,
              -2.9855213
            ],
            [
              37.7500574,
              -2.9855213
            ],
            [
              37.7498174,
              -2.9856283
            ],
            [
              37.7495504,
              -2.9858682
            ],
            [
              37.7494704,
              -2.9862412
            ],
            [
              37.7495704,
              -2.9866602
            ],
            [
              37.7498374,
              -2.9871941
            ],
            [
              37.7503774,
              -2.9876551
            ],
            [
              37.7503774,
              -2.9880021
            ],
            [
              37.7502174,
              -2.988376
            ],
            [
              37.7498974,
              -2.988749
            ],
            [
              37.7497644,
              -2.9891489
            ],
            [
              37.7497904,
              -2.9894429
            ],
            [
              37.7498704,
              -2.9901099
            ],
            [
              37.7503515,
              -2.9912038
            ],
            [
              37.7503515,
              -2.9914167
            ],
            [
              37.7502974,
              -2.9916307
            ],
            [
              37.7500314,
              -2.9916837
            ],
            [
              37.7497904,
              -2.9916567
            ],
            [
              37.7491504,
              -2.9913907
            ],
            [
              37.7482704,
              -2.9908038
            ],
            [
              37.7474434,
              -2.9904028
            ],
            [
              37.7472834,
              -2.9904568
            ],
            [
              37.7472834,
              -2.9905368
            ],
            [
              37.7473634,
              -2.9906968
            ],
            [
              37.7476294,
              -2.9910168
            ],
            [
              37.7476834,
              -2.9914167
            ],
            [
              37.7476564,
              -2.9917107
            ],
            [
              37.7473634,
              -2.9920577
            ],
            [
              37.7462694,
              -2.9921907
            ],
            [
              37.7458694,
              -2.9924037
            ],
            [
              37.7457094,
              -2.9928046
            ],
            [
              37.7456824,
              -2.9936045
            ],
            [
              37.7457624,
              -2.9941115
            ],
            [
              37.7459754,
              -2.9946984
            ],
            [
              37.7462154,
              -2.9955514
            ],
            [
              37.7460554,
              -2.9958983
            ],
            [
              37.7456024,
              -2.9960583
            ],
            [
              37.7448553,
              -2.9960583
            ],
            [
              37.7427743,
              -2.9955784
            ],
            [
              37.7421073,
              -2.9954984
            ],
            [
              37.7417873,
              -2.9955784
            ],
            [
              37.7417073,
              -2.9958183
            ],
            [
              37.7418133,
              -2.9960583
            ],
            [
              37.7420803,
              -2.9963523
            ],
            [
              37.7422403,
              -2.9966453
            ],
            [
              37.7422403,
              -2.9974992
            ],
            [
              37.7422673,
              -2.9980331
            ],
            [
              37.7425873,
              -2.9984061
            ],
            [
              37.7428813,
              -2.9986201
            ],
            [
              37.7429343,
              -2.9988331
            ],
            [
              37.7427743,
              -2.9989931
            ],
            [
              37.7421603,
              -2.9991
            ],
            [
              37.7417333,
              -2.999313
            ],
            [
              37.7414933,
              -2.99958
            ],
            [
              37.7413603,
              -2.99974
            ],
            [
              37.7408533,
              -2.9999
            ],
            [
              37.7405333,
              -2.999874
            ],
            [
              37.7401332,
              -2.99966
            ],
            [
              37.7397062,
              -2.999553
            ],
            [
              37.7394662,
              -2.999687
            ],
            [
              37.7392522,
              -3.000087
            ],
            [
              37.7391992,
              -3.0004599
            ],
            [
              37.7391722,
              -3.0015278
            ],
            [
              37.7392792,
              -3.0018208
            ],
            [
              37.7395992,
              -3.0018738
            ],
            [
              37.7397862,
              -3.0018478
            ],
            [
              37.7400262,
              -3.0016078
            ],
            [
              37.7405333,
              -3.0011539
            ],
            [
              37.7409603,
              -3.0010469
            ],
            [
              37.7412003,
              -3.0010469
            ],
            [
              37.7414673,
              -3.0012878
            ],
            [
              37.7413333,
              -3.0019808
            ],
            [
              37.7410663,
              -3.0025947
            ],
            [
              37.7406133,
              -3.0028877
            ],
            [
              37.7391992,
              -3.0029147
            ],
            [
              37.7385852,
              -3.0028077
            ],
            [
              37.7380782,
              -3.0026207
            ],
            [
              37.7375712,
              -3.0020878
            ],
            [
              37.7370642,
              -3.0008609
            ],
            [
              37.7367182,
              -3.0005139
            ],
            [
              37.7365042,
              -3.0004869
            ],
            [
              37.7362372,
              -3.0005939
            ],
            [
              37.7359972,
              -3.0007809
            ],
            [
              37.7358912,
              -3.0011009
            ],
            [
              37.7357572,
              -3.0016608
            ],
            [
              37.7353302,
              -3.0020878
            ],
            [
              37.7348501,
              -3.0021408
            ],
            [
              37.7346101,
              -3.0019548
            ],
            [
              37.7343431,
              -3.0016078
            ],
            [
              37.7341831,
              -3.0011269
            ],
            [
              37.7340761,
              -3.0005409
            ],
            [
              37.7339161,
              -3.0001939
            ],
            [
              37.7335161,
              -2.99982
            ],
            [
              37.7333291,
              -2.99958
            ],
            [
              37.7332231,
              -2.9990461
            ],
            [
              37.7330091,
              -2.9987531
            ],
            [
              37.7326621,
              -2.9987261
            ],
            [
              37.7323421,
              -2.9988331
            ],
            [
              37.7320751,
              -2.9989131
            ],
            [
              37.7318891,
              -2.9990731
            ],
            [
              37.7317551,
              -2.999367
            ],
            [
              37.7317821,
              -2.99958
            ],
            [
              37.7319151,
              -3.000034
            ],
            [
              37.7318351,
              -3.0002469
            ],
            [
              37.7314621,
              -3.0002999
            ],
            [
              37.7308551,
              -3.000137
            ],
            [
              37.730261,
              -2.99982
            ],
            [
              37.730101,
              -2.99942
            ],
            [
              37.730101,
              -2.999207
            ],
            [
              37.730235,
              -2.9989401
            ],
            [
              37.730101,
              -2.9985931
            ],
            [
              37.729754,
              -2.9985661
            ],
            [
              37.729461,
              -2.9987801
            ],
            [
              37.729461,
              -2.9990461
            ],
            [
              37.729327,
              -2.999287
            ],
            [
              37.729114,
              -2.9995
            ],
            [
              37.728714,
              -2.999713
            ],
            [
              37.728287,
              -2.99982
            ],
            [
              37.727727,
              -2.999633
            ],
            [
              37.727647,
              -2.999313
            ],
            [
              37.727673,
              -2.9991271
            ],
            [
              37.727807,
              -2.9989131
            ],
            [
              37.727753,
              -2.9987001
            ],
            [
              37.72762,
              -2.9986731
            ],
            [
              37.727433,
              -2.9985131
            ],
            [
              37.727407,
              -2.9984331
            ],
            [
              37.727433,
              -2.9982191
            ],
            [
              37.727193,
              -2.9980591
            ],
            [
              37.726873,
              -2.9980332
            ],
            [
              37.72674,
              -2.9979792
            ],
            [
              37.72666,
              -2.9979262
            ],
            [
              37.726099,
              -2.9953114
            ],
            [
              37.725993,
              -2.9951254
            ],
            [
              37.7256719,
              -2.9949384
            ],
            [
              37.7255659,
              -2.9947245
            ],
            [
              37.7256719,
              -2.9943515
            ],
            [
              37.7256459,
              -2.9936046
            ],
            [
              37.725859,
              -2.9933376
            ],
            [
              37.725886,
              -2.9930446
            ],
            [
              37.726019,
              -2.9926436
            ],
            [
              37.726153,
              -2.9920307
            ],
            [
              37.726099,
              -2.9915237
            ],
            [
              37.725913,
              -2.9915507
            ],
            [
              37.7251919,
              -2.9912838
            ],
            [
              37.7246319,
              -2.9912838
            ],
            [
              37.7243379,
              -2.9912298
            ],
            [
              37.7241519,
              -2.9911768
            ],
            [
              37.7239119,
              -2.9910698
            ],
            [
              37.7235379,
              -2.9907768
            ],
            [
              37.7233249,
              -2.9905628
            ],
            [
              37.7233249,
              -2.9902429
            ],
            [
              37.7233249,
              -2.9900829
            ],
            [
              37.7232979,
              -2.9898159
            ],
            [
              37.7230849,
              -2.9896829
            ],
            [
              37.7227909,
              -2.9896299
            ],
            [
              37.7226309,
              -2.9894699
            ],
            [
              37.7224979,
              -2.98923
            ],
            [
              37.7224179,
              -2.988963
            ],
            [
              37.7223909,
              -2.988776
            ],
            [
              37.7223639,
              -2.988563
            ],
            [
              37.7223109,
              -2.988269
            ],
            [
              37.7221239,
              -2.9882421
            ],
            [
              37.7218309,
              -2.988349
            ],
            [
              37.7214039,
              -2.988616
            ],
            [
              37.7210839,
              -2.988829
            ],
            [
              37.7206828,
              -2.988909
            ],
            [
              37.7203368,
              -2.988909
            ],
            [
              37.7198828,
              -2.988669
            ],
            [
              37.7196958,
              -2.988456
            ],
            [
              37.7195098,
              -2.9881361
            ],
            [
              37.7193488,
              -2.9877621
            ],
            [
              37.7191888,
              -2.9874951
            ],
            [
              37.7192958,
              -2.9870152
            ],
            [
              37.7194028,
              -2.9868552
            ],
            [
              37.7195898,
              -2.9865622
            ],
            [
              37.7197228,
              -2.9861882
            ],
            [
              37.7195358,
              -2.9858683
            ],
            [
              37.7192158,
              -2.9857353
            ],
            [
              37.7190288,
              -2.9857353
            ],
            [
              37.7184958,
              -2.9857613
            ],
            [
              37.7175618,
              -2.9857083
            ],
            [
              37.7172948,
              -2.9854683
            ],
            [
              37.7171618,
              -2.9849884
            ],
            [
              37.7171348,
              -2.9844014
            ],
            [
              37.7170018,
              -2.9838145
            ],
            [
              37.7168948,
              -2.9836275
            ],
            [
              37.7166818,
              -2.9835745
            ],
            [
              37.7164148,
              -2.9835745
            ],
            [
              37.7161477,
              -2.9837875
            ],
            [
              37.7161477,
              -2.9840544
            ],
            [
              37.7161747,
              -2.9842944
            ],
            [
              37.7162547,
              -2.9845344
            ],
            [
              37.7161747,
              -2.9848544
            ],
            [
              37.7161747,
              -2.9851213
            ],
            [
              37.7162547,
              -2.9856013
            ],
            [
              37.7163878,
              -2.9860283
            ],
            [
              37.7164678,
              -2.9868552
            ],
            [
              37.7162007,
              -2.9872821
            ],
            [
              37.7161207,
              -2.9876291
            ],
            [
              37.7160947,
              -2.9879761
            ],
            [
              37.7159877,
              -2.9882161
            ],
            [
              37.7157207,
              -2.988402
            ],
            [
              37.7154007,
              -2.988563
            ],
            [
              37.7151607,
              -2.988723
            ],
            [
              37.7151337,
              -2.989043
            ],
            [
              37.7151337,
              -2.9894429
            ],
            [
              37.7151067,
              -2.9897629
            ],
            [
              37.7147337,
              -2.9902169
            ],
            [
              37.7144397,
              -2.9904029
            ],
            [
              37.7139597,
              -2.9904299
            ],
            [
              37.7137197,
              -2.9902699
            ],
            [
              37.7135067,
              -2.9898699
            ],
            [
              37.7132667,
              -2.989283
            ],
            [
              37.7127857,
              -2.988803
            ],
            [
              37.7124127,
              -2.988402
            ],
            [
              37.7119587,
              -2.9880821
            ],
            [
              37.7115317,
              -2.9876021
            ],
            [
              37.7112916,
              -2.9872821
            ],
            [
              37.7108116,
              -2.9870152
            ],
            [
              37.7105716,
              -2.9866952
            ],
            [
              37.7106246,
              -2.9862412
            ],
            [
              37.7104916,
              -2.9858153
            ],
            [
              37.7101976,
              -2.9854943
            ],
            [
              37.7096916,
              -2.9854413
            ],
            [
              37.7093706,
              -2.9852813
            ],
            [
              37.7091846,
              -2.9849614
            ],
            [
              37.7091846,
              -2.9848014
            ],
            [
              37.7091846,
              -2.9845344
            ],
            [
              37.7090776,
              -2.9844014
            ],
            [
              37.7090246,
              -2.9842944
            ],
            [
              37.7086776,
              -2.9842414
            ],
            [
              37.7083306,
              -2.9840004
            ],
            [
              37.7079566,
              -2.9837605
            ],
            [
              37.7075306,
              -2.9835745
            ],
            [
              37.7070236,
              -2.9836005
            ],
            [
              37.7066226,
              -2.9837345
            ],
            [
              37.7063825,
              -2.9837605
            ],
            [
              37.7060625,
              -2.9835475
            ],
            [
              37.7054225,
              -2.9830405
            ],
            [
              37.7050755,
              -2.9827466
            ],
            [
              37.7048085,
              -2.9826936
            ],
            [
              37.7041685,
              -2.9827466
            ],
            [
              37.7037145,
              -2.9826406
            ],
            [
              37.7031275,
              -2.9822936
            ],
            [
              37.7027015,
              -2.9821866
            ],
            [
              37.7021405,
              -2.9822936
            ],
            [
              37.7018205,
              -2.9825336
            ],
            [
              37.7016334,
              -2.9827206
            ],
            [
              37.7012334,
              -2.9829076
            ],
            [
              37.7007264,
              -2.9829076
            ],
            [
              37.7005664,
              -2.9828276
            ],
            [
              37.7005404,
              -2.9824806
            ],
            [
              37.7004334,
              -2.9817337
            ],
            [
              37.7002194,
              -2.9814397
            ],
            [
              37.6998994,
              -2.9812527
            ],
            [
              37.6997394,
              -2.9810127
            ],
            [
              37.6996864,
              -2.9806928
            ],
            [
              37.6996594,
              -2.9805598
            ],
            [
              37.6996064,
              -2.9799728
            ],
            [
              37.6995264,
              -2.9794389
            ],
            [
              37.6993924,
              -2.978559
            ],
            [
              37.6994194,
              -2.977758
            ],
            [
              37.6995524,
              -2.9772521
            ],
            [
              37.6996064,
              -2.9769051
            ],
            [
              37.6994194,
              -2.9766911
            ],
            [
              37.6994194,
              -2.9763981
            ],
            [
              37.6995524,
              -2.9762112
            ],
            [
              37.6997394,
              -2.9761842
            ],
            [
              37.6997664,
              -2.9758642
            ],
            [
              37.6996324,
              -2.9755442
            ],
            [
              37.6991264,
              -2.9749043
            ],
            [
              37.6987794,
              -2.9743173
            ],
            [
              37.6986454,
              -2.9739974
            ],
            [
              37.6981654,
              -2.9733034
            ],
            [
              37.6976324,
              -2.9729305
            ],
            [
              37.6970713,
              -2.9726895
            ],
            [
              37.6957373,
              -2.9719696
            ],
            [
              37.6944573,
              -2.9716766
            ],
            [
              37.6942433,
              -2.9718096
            ],
            [
              37.6941633,
              -2.9719966
            ],
            [
              37.6941373,
              -2.9723695
            ],
            [
              37.6942173,
              -2.9728235
            ],
            [
              37.6941103,
              -2.9730105
            ],
            [
              37.6938963,
              -2.9730635
            ],
            [
              37.6935763,
              -2.9730365
            ],
            [
              37.6928563,
              -2.9728765
            ],
            [
              37.6923493,
              -2.9728235
            ],
            [
              37.6920022,
              -2.9728495
            ],
            [
              37.6917092,
              -2.9729835
            ],
            [
              37.6912822,
              -2.9731435
            ],
            [
              37.6907222,
              -2.9731165
            ],
            [
              37.6902412,
              -2.9726895
            ],
            [
              37.6900552,
              -2.9723965
            ],
            [
              37.6899212,
              -2.9717826
            ],
            [
              37.6898682,
              -2.9709827
            ],
            [
              37.6897082,
              -2.9702087
            ],
            [
              37.6895212,
              -2.9698888
            ],
            [
              37.6892542,
              -2.9697018
            ],
            [
              37.6890942,
              -2.9695418
            ],
            [
              37.6889872,
              -2.9691688
            ],
            [
              37.6889872,
              -2.9689548
            ],
            [
              37.6889872,
              -2.9687419
            ],
            [
              37.6891212,
              -2.9685819
            ],
            [
              37.6894142,
              -2.9682619
            ],
            [
              37.6896012,
              -2.967621
            ],
            [
              37.6898952,
              -2.967141
            ],
            [
              37.6899482,
              -2.966634
            ],
            [
              37.6898152,
              -2.9663671
            ],
            [
              37.6894682,
              -2.9661011
            ],
            [
              37.6891212,
              -2.9658071
            ],
            [
              37.6883742,
              -2.9652472
            ],
            [
              37.6876271,
              -2.9648732
            ],
            [
              37.6874931,
              -2.9646602
            ],
            [
              37.6874131,
              -2.9643403
            ],
            [
              37.6871731,
              -2.9641803
            ],
            [
              37.6870671,
              -2.9641803
            ],
            [
              37.6867461,
              -2.9642063
            ],
            [
              37.6865331,
              -2.9642333
            ],
            [
              37.6861861,
              -2.9642063
            ],
            [
              37.6858661,
              -2.9641803
            ],
            [
              37.6851191,
              -2.9638603
            ],
            [
              37.6845051,
              -2.9635663
            ],
            [
              37.6838651,
              -2.9632994
            ],
            [
              37.6836781,
              -2.9630334
            ],
            [
              37.6835451,
              -2.9627664
            ],
            [
              37.6830651,
              -2.9624724
            ],
            [
              37.682745,
              -2.9621255
            ],
            [
              37.682584,
              -2.9617525
            ],
            [
              37.682451,
              -2.9616455
            ],
            [
              37.682211,
              -2.9614325
            ],
            [
              37.681837,
              -2.9613525
            ],
            [
              37.681491,
              -2.9612985
            ],
            [
              37.68109,
              -2.9612985
            ],
            [
              37.680317,
              -2.9608186
            ],
            [
              37.679223,
              -2.9600987
            ],
            [
              37.678956,
              -2.9598847
            ],
            [
              37.678929,
              -2.9595647
            ],
            [
              37.678663,
              -2.9591647
            ],
            [
              37.678396,
              -2.9589778
            ],
            [
              37.6779419,
              -2.9586048
            ],
            [
              37.6775949,
              -2.9580708
            ],
            [
              37.6772489,
              -2.9573509
            ],
            [
              37.6770079,
              -2.9569239
            ],
            [
              37.6764479,
              -2.95655
            ],
            [
              37.6759679,
              -2.956364
            ],
            [
              37.6755409,
              -2.95623
            ],
            [
              37.6751939,
              -2.956097
            ],
            [
              37.6747139,
              -2.956097
            ],
            [
              37.6739139,
              -2.956364
            ],
            [
              37.6728728,
              -2.956737
            ],
            [
              37.6724728,
              -2.956897
            ],
            [
              37.6720728,
              -2.956817
            ],
            [
              37.6719128,
              -2.956524
            ],
            [
              37.6718058,
              -2.95647
            ],
            [
              37.6716188,
              -2.95647
            ],
            [
              37.6714058,
              -2.956631
            ],
            [
              37.6711118,
              -2.9571369
            ],
            [
              37.6709258,
              -2.9578309
            ],
            [
              37.6706048,
              -2.9588448
            ],
            [
              37.6704188,
              -2.9596187
            ],
            [
              37.6702048,
              -2.9600987
            ],
            [
              37.6699918,
              -2.9602586
            ],
            [
              37.6697248,
              -2.9602586
            ],
            [
              37.6690048,
              -2.9602856
            ],
            [
              37.6687648,
              -2.9604716
            ],
            [
              37.6686578,
              -2.9607656
            ],
            [
              37.6685238,
              -2.9612186
            ],
            [
              37.6684438,
              -2.9618595
            ],
            [
              37.6684178,
              -2.9620195
            ],
            [
              37.6682838,
              -2.9621525
            ],
            [
              37.6681507,
              -2.9622325
            ],
            [
              37.6679637,
              -2.9622325
            ],
            [
              37.6678577,
              -2.9622055
            ],
            [
              37.6677767,
              -2.9620195
            ],
            [
              37.6677507,
              -2.9618325
            ],
            [
              37.6677237,
              -2.9615125
            ],
            [
              37.6675107,
              -2.9610056
            ],
            [
              37.6673237,
              -2.9607656
            ],
            [
              37.6671907,
              -2.9607116
            ],
            [
              37.6669237,
              -2.9607116
            ],
            [
              37.6665237,
              -2.9607656
            ],
            [
              37.6663627,
              -2.9609526
            ],
            [
              37.6662297,
              -2.9611926
            ],
            [
              37.6660427,
              -2.9613256
            ],
            [
              37.6654557,
              -2.9615655
            ],
            [
              37.6651627,
              -2.9615655
            ],
            [
              37.6648427,
              -2.9614585
            ],
            [
              37.6647087,
              -2.9611386
            ],
            [
              37.6647357,
              -2.9608716
            ],
            [
              37.6646827,
              -2.9605786
            ],
            [
              37.6644957,
              -2.9604186
            ],
            [
              37.6642287,
              -2.9603656
            ],
            [
              37.6640417,
              -2.9604986
            ],
            [
              37.6634286,
              -2.9605786
            ],
            [
              37.6631346,
              -2.9607116
            ],
            [
              37.6627876,
              -2.9609526
            ],
            [
              37.6627076,
              -2.9611656
            ],
            [
              37.6626546,
              -2.9614325
            ],
            [
              37.6624676,
              -2.9616195
            ],
            [
              37.6621206,
              -2.9617525
            ],
            [
              37.6617746,
              -2.9620455
            ],
            [
              37.6615346,
              -2.9623925
            ],
            [
              37.6614806,
              -2.9627394
            ],
            [
              37.6614536,
              -2.9630334
            ],
            [
              37.6613206,
              -2.9631934
            ],
            [
              37.6610006,
              -2.9633534
            ],
            [
              37.6607336,
              -2.9635134
            ],
            [
              37.6605736,
              -2.9637803
            ],
            [
              37.6603336,
              -2.9646603
            ],
            [
              37.6602806,
              -2.9648732
            ],
            [
              37.6602806,
              -2.9651132
            ],
            [
              37.6600936,
              -2.9653272
            ],
            [
              37.6599866,
              -2.9654872
            ],
            [
              37.6598536,
              -2.9657002
            ],
            [
              37.6597736,
              -2.9659671
            ],
            [
              37.6597736,
              -2.9662871
            ],
            [
              37.6598796,
              -2.9665541
            ],
            [
              37.6601206,
              -2.966928
            ],
            [
              37.6600936,
              -2.967141
            ],
            [
              37.6599596,
              -2.967275
            ],
            [
              37.6596666,
              -2.967248
            ],
            [
              37.6593736,
              -2.967088
            ],
            [
              37.6591066,
              -2.966901
            ],
            [
              37.6590266,
              -2.9667681
            ],
            [
              37.6586256,
              -2.9666341
            ],
            [
              37.6581455,
              -2.9667941
            ],
            [
              37.6579055,
              -2.967061
            ],
            [
              37.6577185,
              -2.967461
            ],
            [
              37.6575325,
              -2.967621
            ],
            [
              37.6571055,
              -2.967595
            ],
            [
              37.6568915,
              -2.967701
            ],
            [
              37.6568115,
              -2.967915
            ],
            [
              37.6566515,
              -2.9680479
            ],
            [
              37.6565455,
              -2.9680479
            ],
            [
              37.6564645,
              -2.9680749
            ],
            [
              37.6563585,
              -2.9681549
            ],
            [
              37.6563315,
              -2.9683419
            ],
            [
              37.6561715,
              -2.9686889
            ],
            [
              37.6558515,
              -2.9689819
            ],
            [
              37.6555315,
              -2.9693818
            ],
            [
              37.6553975,
              -2.9696488
            ],
            [
              37.6552915,
              -2.9698088
            ],
            [
              37.6550245,
              -2.9698888
            ],
            [
              37.6548905,
              -2.9697818
            ],
            [
              37.6548905,
              -2.9696758
            ],
            [
              37.6548645,
              -2.9694088
            ],
            [
              37.6547845,
              -2.9692218
            ],
            [
              37.6545705,
              -2.9691418
            ],
            [
              37.6543835,
              -2.9692218
            ],
            [
              37.6542775,
              -2.9693818
            ],
            [
              37.6541705,
              -2.9697018
            ],
            [
              37.6539835,
              -2.9699158
            ],
            [
              37.6535565,
              -2.9699688
            ],
            [
              37.6533705,
              -2.9701288
            ],
            [
              37.6533965,
              -2.9702627
            ],
            [
              37.6537175,
              -2.9703957
            ],
            [
              37.6539575,
              -2.9703687
            ],
            [
              37.6541705,
              -2.9704487
            ],
            [
              37.6541975,
              -2.9706357
            ],
            [
              37.6540905,
              -2.9707957
            ],
            [
              37.6538775,
              -2.9709027
            ],
            [
              37.6537705,
              -2.9710627
            ],
            [
              37.6538235,
              -2.9711697
            ],
            [
              37.6539305,
              -2.9713556
            ],
            [
              37.6539035,
              -2.9714896
            ],
            [
              37.6538505,
              -2.9715696
            ],
            [
              37.6536635,
              -2.9716766
            ],
            [
              37.6532905,
              -2.9716766
            ],
            [
              37.6531304,
              -2.9714496
            ],
            [
              37.6531304,
              -2.9711827
            ],
            [
              37.6529964,
              -2.9709157
            ],
            [
              37.6527564,
              -2.9708897
            ],
            [
              37.6526494,
              -2.9710757
            ],
            [
              37.6524894,
              -2.9713696
            ],
            [
              37.6522494,
              -2.9717166
            ],
            [
              37.6517964,
              -2.9717966
            ],
            [
              37.6514754,
              -2.9717696
            ],
            [
              37.6513694,
              -2.9714756
            ],
            [
              37.6515554,
              -2.9712627
            ],
            [
              37.6516894,
              -2.9709157
            ],
            [
              37.6516894,
              -2.9707557
            ],
            [
              37.6516624,
              -2.9705687
            ],
            [
              37.6515024,
              -2.9704087
            ],
            [
              37.6512354,
              -2.9703027
            ],
            [
              37.6510754,
              -2.9701428
            ],
            [
              37.6510494,
              -2.9698758
            ],
            [
              37.6509154,
              -2.9697688
            ],
            [
              37.6506754,
              -2.9697688
            ],
            [
              37.6504084,
              -2.9698758
            ],
            [
              37.6503024,
              -2.9697158
            ],
            [
              37.6500614,
              -2.9694488
            ],
            [
              37.6498214,
              -2.9693418
            ],
            [
              37.6494754,
              -2.9694488
            ],
            [
              37.6493944,
              -2.9697418
            ],
            [
              37.6494214,
              -2.9702228
            ],
            [
              37.6493414,
              -2.9706757
            ],
            [
              37.6491544,
              -2.9708897
            ],
            [
              37.6488084,
              -2.9710497
            ],
            [
              37.6485674,
              -2.9710497
            ],
            [
              37.6483543,
              -2.9709957
            ],
            [
              37.6480613,
              -2.9708897
            ],
            [
              37.6478743,
              -2.9707287
            ],
            [
              37.6475543,
              -2.9707027
            ],
            [
              37.6473403,
              -2.9709957
            ],
            [
              37.6473133,
              -2.9712357
            ],
            [
              37.6471803,
              -2.9712627
            ],
            [
              37.6469933,
              -2.9711827
            ],
            [
              37.6466473,
              -2.9708357
            ],
            [
              37.6463263,
              -2.9705427
            ],
            [
              37.6458193,
              -2.9704087
            ],
            [
              37.6453933,
              -2.9700888
            ],
            [
              37.6453133,
              -2.9697958
            ],
            [
              37.6453063,
              -2.9694118
            ],
            [
              37.6452063,
              -2.9689419
            ],
            [
              37.6450993,
              -2.9688089
            ],
            [
              37.6448593,
              -2.9687019
            ],
            [
              37.6446723,
              -2.9683279
            ],
            [
              37.6443523,
              -2.967821
            ],
            [
              37.6441653,
              -2.967448
            ],
            [
              37.6439793,
              -2.967128
            ],
            [
              37.6439253,
              -2.9668081
            ],
            [
              37.6439253,
              -2.9665681
            ],
            [
              37.6438993,
              -2.9664071
            ],
            [
              37.6440053,
              -2.9661141
            ],
            [
              37.6441393,
              -2.9659271
            ],
            [
              37.6442993,
              -2.9657942
            ],
            [
              37.6445393,
              -2.9657142
            ],
            [
              37.6447263,
              -2.9657142
            ],
            [
              37.6449923,
              -2.9657672
            ],
            [
              37.6453933,
              -2.9658472
            ],
            [
              37.6456063,
              -2.9658202
            ],
            [
              37.6457663,
              -2.9657142
            ],
            [
              37.6456593,
              -2.9655272
            ],
            [
              37.6454733,
              -2.9652602
            ],
            [
              37.6452593,
              -2.9650472
            ],
            [
              37.6452863,
              -2.9644873
            ],
            [
              37.6451263,
              -2.9636334
            ],
            [
              37.6449663,
              -2.9630994
            ],
            [
              37.6445923,
              -2.9623265
            ],
            [
              37.6441653,
              -2.9613926
            ],
            [
              37.6437122,
              -2.9608586
            ],
            [
              37.6430982,
              -2.9600587
            ],
            [
              37.6424582,
              -2.9596587
            ],
            [
              37.6417382,
              -2.9596047
            ],
            [
              37.6413642,
              -2.9597117
            ],
            [
              37.6406972,
              -2.9596587
            ],
            [
              37.6401632,
              -2.9596317
            ],
            [
              37.6393902,
              -2.9594987
            ],
            [
              37.6386961,
              -2.9593378
            ],
            [
              37.6375761,
              -2.9592318
            ],
            [
              37.6364281,
              -2.9591518
            ],
            [
              37.6359751,
              -2.9589378
            ],
            [
              37.6356011,
              -2.9586978
            ],
            [
              37.6354411,
              -2.9584048
            ],
            [
              37.6352281,
              -2.9578979
            ],
            [
              37.6350411,
              -2.9573109
            ],
            [
              37.6349081,
              -2.957124
            ],
            [
              37.6347481,
              -2.957071
            ],
            [
              37.6344011,
              -2.957177
            ],
            [
              37.634081,
              -2.9574979
            ],
            [
              37.633707,
              -2.9581649
            ],
            [
              37.63344,
              -2.9586708
            ],
            [
              37.633174,
              -2.9589918
            ],
            [
              37.63264,
              -2.9591248
            ],
            [
              37.63192,
              -2.9591248
            ],
            [
              37.630906,
              -2.9586708
            ],
            [
              37.630479,
              -2.9585908
            ],
            [
              37.629945,
              -2.9585378
            ],
            [
              37.629332,
              -2.9582179
            ],
            [
              37.6284779,
              -2.9580579
            ],
            [
              37.6278379,
              -2.9580849
            ],
            [
              37.6273569,
              -2.9580849
            ],
            [
              37.6269839,
              -2.9582449
            ],
            [
              37.6266639,
              -2.9588048
            ],
            [
              37.6264769,
              -2.9592578
            ],
            [
              37.6262899,
              -2.9597117
            ],
            [
              37.6260499,
              -2.9601117
            ],
            [
              37.6256769,
              -2.9602987
            ],
            [
              37.6252229,
              -2.9601387
            ],
            [
              37.6249829,
              -2.9599787
            ],
            [
              37.6243428,
              -2.9593918
            ],
            [
              37.6238088,
              -2.9590178
            ],
            [
              37.6234088,
              -2.9589118
            ],
            [
              37.6229818,
              -2.9589648
            ],
            [
              37.6226888,
              -2.9589648
            ],
            [
              37.6222878,
              -2.9587248
            ],
            [
              37.6217278,
              -2.9584049
            ],
            [
              37.6213808,
              -2.9582709
            ],
            [
              37.6208208,
              -2.9580579
            ],
            [
              37.6205808,
              -2.9580849
            ],
            [
              37.6203668,
              -2.9582449
            ],
            [
              37.6202338,
              -2.9584049
            ],
            [
              37.6199138,
              -2.9586448
            ],
            [
              37.6197538,
              -2.9588848
            ],
            [
              37.6194067,
              -2.9591778
            ],
            [
              37.6187667,
              -2.9593648
            ],
            [
              37.6182327,
              -2.9593648
            ],
            [
              37.6175387,
              -2.9592048
            ],
            [
              37.6165257,
              -2.9590448
            ],
            [
              37.6156187,
              -2.9590178
            ],
            [
              37.6151917,
              -2.9591248
            ],
            [
              37.6145246,
              -2.9593378
            ],
            [
              37.6138836,
              -2.9596587
            ],
            [
              37.6135106,
              -2.9599787
            ],
            [
              37.6133236,
              -2.9600847
            ],
            [
              37.6127106,
              -2.9601117
            ],
            [
              37.6124166,
              -2.9603517
            ],
            [
              37.6121766,
              -2.9605917
            ],
            [
              37.6119366,
              -2.9608586
            ],
            [
              37.6115626,
              -2.9610456
            ],
            [
              37.6111896,
              -2.9611256
            ],
            [
              37.6108956,
              -2.9610986
            ],
            [
              37.6106826,
              -2.9610186
            ],
            [
              37.6103626,
              -2.9610186
            ],
            [
              37.6101486,
              -2.9611526
            ],
            [
              37.6095615,
              -2.9614726
            ],
            [
              37.6091355,
              -2.9616596
            ],
            [
              37.6087085,
              -2.9616856
            ],
            [
              37.6084145,
              -2.9616856
            ],
            [
              37.6081215,
              -2.9616056
            ],
            [
              37.6080415,
              -2.9614186
            ],
            [
              37.6080415,
              -2.9612586
            ],
            [
              37.6080145,
              -2.9606457
            ],
            [
              37.6079075,
              -2.9604317
            ],
            [
              37.6076405,
              -2.9602187
            ],
            [
              37.6071345,
              -2.9602717
            ],
            [
              37.6066805,
              -2.9608056
            ],
            [
              37.6059605,
              -2.9612586
            ],
            [
              37.6055065,
              -2.9611786
            ],
            [
              37.6051065,
              -2.9609656
            ],
            [
              37.6045464,
              -2.9605387
            ],
            [
              37.6039594,
              -2.9604317
            ],
            [
              37.6035854,
              -2.9605117
            ],
            [
              37.6033454,
              -2.9606987
            ],
            [
              37.6032924,
              -2.9609126
            ],
            [
              37.6032924,
              -2.9612326
            ],
            [
              37.6034254,
              -2.9617126
            ],
            [
              37.6034524,
              -2.9620595
            ],
            [
              37.6033984,
              -2.9625395
            ],
            [
              37.6032124,
              -2.9628865
            ],
            [
              37.6028384,
              -2.9629924
            ],
            [
              37.6023584,
              -2.9629665
            ],
            [
              37.6019584,
              -2.9628595
            ],
            [
              37.6013174,
              -2.9625925
            ],
            [
              37.6006514,
              -2.9623265
            ],
            [
              37.6002244,
              -2.9619795
            ],
            [
              37.5998503,
              -2.9616056
            ],
            [
              37.5996633,
              -2.9613386
            ],
            [
              37.5995573,
              -2.9609926
            ],
            [
              37.5993973,
              -2.9605387
            ],
            [
              37.5992633,
              -2.9597387
            ],
            [
              37.5992633,
              -2.9596318
            ],
            [
              37.5992633,
              -2.9593648
            ],
            [
              37.5992633,
              -2.9591518
            ],
            [
              37.5992633,
              -2.9588848
            ],
            [
              37.5990503,
              -2.9585109
            ],
            [
              37.5989703,
              -2.9583509
            ],
            [
              37.5988903,
              -2.9582709
            ],
            [
              37.5988363,
              -2.9582179
            ],
            [
              37.5988363,
              -2.9581109
            ],
            [
              37.5988633,
              -2.9578979
            ],
            [
              37.5989433,
              -2.9577379
            ],
            [
              37.5992373,
              -2.957418
            ],
            [
              37.5994233,
              -2.956911
            ],
            [
              37.5994773,
              -2.9562441
            ],
            [
              37.5994233,
              -2.9560041
            ],
            [
              37.5992373,
              -2.9558171
            ],
            [
              37.5986503,
              -2.9554701
            ],
            [
              37.5979833,
              -2.9552832
            ],
            [
              37.5971293,
              -2.9554431
            ],
            [
              37.5967293,
              -2.9556831
            ],
            [
              37.5962223,
              -2.9558171
            ],
            [
              37.5958753,
              -2.9558171
            ],
            [
              37.5954213,
              -2.9557371
            ],
            [
              37.5950482,
              -2.9558431
            ],
            [
              37.5947812,
              -2.9560301
            ],
            [
              37.5944082,
              -2.9564041
            ],
            [
              37.5940342,
              -2.9564571
            ],
            [
              37.5932602,
              -2.956484
            ],
            [
              37.5926202,
              -2.956484
            ],
            [
              37.5919802,
              -2.9563241
            ],
            [
              37.5916332,
              -2.9560571
            ],
            [
              37.5910192,
              -2.9550702
            ],
            [
              37.5904322,
              -2.9544032
            ],
            [
              37.5899791,
              -2.9539233
            ],
            [
              37.5896051,
              -2.9536023
            ],
            [
              37.5893391,
              -2.9535223
            ],
            [
              37.5889651,
              -2.9536023
            ],
            [
              37.5886981,
              -2.9536823
            ],
            [
              37.5881651,
              -2.9538433
            ],
            [
              37.5879511,
              -2.9538433
            ],
            [
              37.5876581,
              -2.9537623
            ],
            [
              37.5872581,
              -2.9536023
            ],
            [
              37.5870171,
              -2.9535763
            ],
            [
              37.5866171,
              -2.9535493
            ],
            [
              37.5862441,
              -2.9536293
            ],
            [
              37.5856571,
              -2.9538433
            ],
            [
              37.585283,
              -2.9541363
            ],
            [
              37.584936,
              -2.9544032
            ],
            [
              37.584403,
              -2.9545102
            ],
            [
              37.584083,
              -2.9545102
            ],
            [
              37.583683,
              -2.9545962
            ],
            [
              37.583763,
              -2.9541893
            ],
            [
              37.583763,
              -2.9534423
            ],
            [
              37.583683,
              -2.9530424
            ],
            [
              37.583602,
              -2.9524024
            ],
            [
              37.583549,
              -2.9521625
            ],
            [
              37.583176,
              -2.9518955
            ],
            [
              37.583202,
              -2.9517085
            ],
            [
              37.583016,
              -2.9512815
            ],
            [
              37.582775,
              -2.9511755
            ],
            [
              37.582509,
              -2.9511755
            ],
            [
              37.582269,
              -2.9511215
            ],
            [
              37.582002,
              -2.9510416
            ],
            [
              37.581868,
              -2.9508286
            ],
            [
              37.581602,
              -2.9505346
            ],
            [
              37.581388,
              -2.9504016
            ],
            [
              37.581068,
              -2.9503746
            ],
            [
              37.5807479,
              -2.9504546
            ],
            [
              37.5804809,
              -2.9502946
            ],
            [
              37.5802139,
              -2.9499477
            ],
            [
              37.5799739,
              -2.9495207
            ],
            [
              37.5797069,
              -2.9492277
            ],
            [
              37.5791999,
              -2.9489607
            ],
            [
              37.5787469,
              -2.9488278
            ],
            [
              37.5784799,
              -2.9488548
            ],
            [
              37.5782399,
              -2.9489877
            ],
            [
              37.5779729,
              -2.9489607
            ],
            [
              37.5778399,
              -2.9487738
            ],
            [
              37.5774399,
              -2.9487208
            ],
            [
              37.5772529,
              -2.9488278
            ],
            [
              37.5770929,
              -2.9488808
            ],
            [
              37.5768529,
              -2.9487738
            ],
            [
              37.5765589,
              -2.9486938
            ],
            [
              37.5761859,
              -2.9488548
            ],
            [
              37.5757318,
              -2.9488278
            ],
            [
              37.5755188,
              -2.9487478
            ],
            [
              37.5753318,
              -2.9484278
            ],
            [
              37.5750378,
              -2.9480538
            ],
            [
              37.5747448,
              -2.9479468
            ],
            [
              37.5743708,
              -2.9480538
            ],
            [
              37.5740248,
              -2.9482138
            ],
            [
              37.5737578,
              -2.9482408
            ],
            [
              37.5733838,
              -2.9480268
            ],
            [
              37.5731978,
              -2.9478409
            ],
            [
              37.5730638,
              -2.9476269
            ],
            [
              37.5729838,
              -2.9474409
            ],
            [
              37.5727168,
              -2.9472539
            ],
            [
              37.5722898,
              -2.9471999
            ],
            [
              37.5719438,
              -2.9473599
            ],
            [
              37.5715698,
              -2.9477609
            ],
            [
              37.5710627,
              -2.9480538
            ],
            [
              37.5703697,
              -2.9482408
            ],
            [
              37.5696757,
              -2.9485078
            ],
            [
              37.5692217,
              -2.9486408
            ],
            [
              37.5683947,
              -2.9485608
            ],
            [
              37.5675947,
              -2.9484808
            ],
            [
              37.5670877,
              -2.9484278
            ],
            [
              37.5667677,
              -2.9481608
            ],
            [
              37.5665277,
              -2.9477069
            ],
            [
              37.5662076,
              -2.9476009
            ],
            [
              37.5657536,
              -2.9475739
            ],
            [
              37.5652466,
              -2.9475469
            ],
            [
              37.5644466,
              -2.9474939
            ],
            [
              37.5638866,
              -2.9474139
            ],
            [
              37.5632196,
              -2.9473599
            ],
            [
              37.5630586,
              -2.9474409
            ],
            [
              37.5628456,
              -2.9476009
            ],
            [
              37.5623656,
              -2.9478409
            ],
            [
              37.5617786,
              -2.9480538
            ],
            [
              37.5615386,
              -2.9480808
            ],
            [
              37.5611385,
              -2.9480538
            ],
            [
              37.5608445,
              -2.9479469
            ],
            [
              37.5605245,
              -2.9478139
            ],
            [
              37.5601245,
              -2.9475469
            ],
            [
              37.5597505,
              -2.9472269
            ],
            [
              37.5594305,
              -2.9471199
            ],
            [
              37.5591375,
              -2.9470139
            ],
            [
              37.5588165,
              -2.94672
            ],
            [
              37.5584165,
              -2.946187
            ],
            [
              37.5578835,
              -2.946027
            ],
            [
              37.5570295,
              -2.946053
            ],
            [
              37.5565225,
              -2.94624
            ],
            [
              37.5562294,
              -2.946267
            ],
            [
              37.5559884,
              -2.946267
            ],
            [
              37.5556954,
              -2.946133
            ],
            [
              37.5555884,
              -2.94608
            ],
            [
              37.5552684,
              -2.945973
            ],
            [
              37.5550514,
              -2.94604
            ],
            [
              37.5549214,
              -2.94608
            ],
            [
              37.5546814,
              -2.946293
            ],
            [
              37.5542284,
              -2.946613
            ],
            [
              37.5538014,
              -2.946907
            ],
            [
              37.5532414,
              -2.9472269
            ],
            [
              37.5526004,
              -2.9474409
            ],
            [
              37.5519604,
              -2.9474939
            ],
            [
              37.5514533,
              -2.9474139
            ],
            [
              37.5510263,
              -2.9472269
            ],
            [
              37.5508133,
              -2.9472539
            ],
            [
              37.5507063,
              -2.9473599
            ],
            [
              37.5505463,
              -2.9474409
            ],
            [
              37.5501723,
              -2.9474409
            ],
            [
              37.5498523,
              -2.9474939
            ],
            [
              37.5495593,
              -2.9476269
            ],
            [
              37.5493193,
              -2.9478939
            ],
            [
              37.5490523,
              -2.9480269
            ],
            [
              37.5486253,
              -2.9478939
            ],
            [
              37.5481713,
              -2.9478139
            ],
            [
              37.5477983,
              -2.9478939
            ],
            [
              37.5474513,
              -2.9479739
            ],
            [
              37.5472113,
              -2.9481608
            ],
            [
              37.5470243,
              -2.9483738
            ],
            [
              37.5469713,
              -2.9485338
            ],
            [
              37.5465712,
              -2.9486938
            ],
            [
              37.5460102,
              -2.9488278
            ],
            [
              37.5457172,
              -2.9490408
            ],
            [
              37.5455302,
              -2.9491478
            ],
            [
              37.5452632,
              -2.9491478
            ],
            [
              37.5449172,
              -2.9490678
            ],
            [
              37.5446762,
              -2.9490148
            ],
            [
              37.5445432,
              -2.9490948
            ],
            [
              37.5441702,
              -2.9491478
            ],
            [
              37.5436892,
              -2.9492547
            ],
            [
              37.5430492,
              -2.9493347
            ],
            [
              37.5427022,
              -2.9495477
            ],
            [
              37.5423552,
              -2.9499747
            ],
            [
              37.5421952,
              -2.9501877
            ],
            [
              37.5419552,
              -2.9505086
            ],
            [
              37.5418482,
              -2.9507216
            ],
            [
              37.5415551,
              -2.9510156
            ],
            [
              37.5413151,
              -2.9511486
            ],
            [
              37.5408081,
              -2.9511486
            ],
            [
              37.5405411,
              -2.9510686
            ],
            [
              37.5403011,
              -2.9507216
            ],
            [
              37.5398481,
              -2.9506946
            ],
            [
              37.5391271,
              -2.9507486
            ],
            [
              37.5387801,
              -2.9509086
            ],
            [
              37.5384341,
              -2.9511216
            ],
            [
              37.5383001,
              -2.9513886
            ],
            [
              37.5381401,
              -2.9516555
            ],
            [
              37.5377931,
              -2.9518685
            ],
            [
              37.5374461,
              -2.9520825
            ],
            [
              37.5370731,
              -2.9523225
            ],
            [
              37.536433,
              -2.9524555
            ],
            [
              37.536006,
              -2.9526424
            ],
            [
              37.535632,
              -2.9529624
            ],
            [
              37.535392,
              -2.9533624
            ],
            [
              37.534912,
              -2.9537623
            ],
            [
              37.534565,
              -2.9541363
            ],
            [
              37.534112,
              -2.9544563
            ],
            [
              37.533311,
              -2.9549102
            ],
            [
              37.532831,
              -2.9550962
            ],
            [
              37.532511,
              -2.9552832
            ],
            [
              37.532244,
              -2.9555232
            ],
            [
              37.531924,
              -2.9559501
            ],
            [
              37.5315499,
              -2.9561901
            ],
            [
              37.5310169,
              -2.9567241
            ],
            [
              37.5304029,
              -2.957364
            ],
            [
              37.5300159,
              -2.957644
            ],
            [
              37.5297359,
              -2.957804
            ],
            [
              37.5293889,
              -2.957964
            ],
            [
              37.5290419,
              -2.9581909
            ],
            [
              37.5287889,
              -2.9582579
            ],
            [
              37.5284819,
              -2.9582449
            ],
            [
              37.5281889,
              -2.9582109
            ],
            [
              37.5277619,
              -2.9582909
            ],
            [
              37.5274149,
              -2.9585309
            ],
            [
              37.5271219,
              -2.9586909
            ],
            [
              37.5269079,
              -2.9586909
            ],
            [
              37.5267208,
              -2.9586379
            ],
            [
              37.5265078,
              -2.9583179
            ],
            [
              37.5263748,
              -2.9582379
            ],
            [
              37.5257078,
              -2.957651
            ],
            [
              37.5249608,
              -2.957224
            ],
            [
              37.5246668,
              -2.957144
            ],
            [
              37.5239728,
              -2.957144
            ],
            [
              37.5233058,
              -2.957384
            ],
            [
              37.5227458,
              -2.957704
            ],
            [
              37.5224528,
              -2.957758
            ],
            [
              37.5221588,
              -2.957758
            ],
            [
              37.5218917,
              -2.957758
            ],
            [
              37.5216257,
              -2.957758
            ],
            [
              37.5214387,
              -2.957758
            ],
            [
              37.5211987,
              -2.957784
            ],
            [
              37.5209847,
              -2.957918
            ],
            [
              37.5209317,
              -2.958051
            ],
            [
              37.5207987,
              -2.9581849
            ],
            [
              37.5206377,
              -2.9584779
            ],
            [
              37.5205317,
              -2.9588249
            ],
            [
              37.5202377,
              -2.9591449
            ],
            [
              37.5198859,
              -2.9594781
            ],
            [
              37.5340988,
              -2.9684098
            ],
            [
              37.5396157,
              -2.9720103
            ],
            [
              37.5668677,
              -2.9897958
            ],
            [
              37.5668964,
              -2.9898146
            ],
            [
              37.5676332,
              -2.9902955
            ],
            [
              37.5682643,
              -2.9907073
            ],
            [
              37.5690953,
              -2.9912538
            ],
            [
              37.6224907,
              -3.0263669
            ],
            [
              37.6309788,
              -3.0321444
            ],
            [
              37.6323624,
              -3.0330861
            ],
            [
              37.6405422,
              -3.0386537
            ],
            [
              37.6727472,
              -3.0608561
            ],
            [
              37.6883738,
              -3.1590941
            ],
            [
              37.6939391,
              -3.1961469
            ]
          ]
        ]
      },
      "id": "relation/16362170"
    },
    {
      "type": "Feature",
      "properties": {
        "@id": "relation/20355535",
        "boundary": "protected_area",
        "leisure": "nature_reserve",
        "name": "Motikanju Conservancy",
        "protect_class": "6",
        "protection_title": "Community Conservancy",
        "type": "multipolygon"
      },
      "geometry": {
        "type": "Polygon",
        "coordinates": [
          [
            [
              37.5706704,
              -2.7034254
            ],
            [
              37.5706723,
              -2.7038107
            ],
            [
              37.5704919,
              -2.7062451
            ],
            [
              37.5704805,
              -2.7094549
            ],
            [
              37.5704614,
              -2.7111953
            ],
            [
              37.5710962,
              -2.7271257
            ],
            [
              37.5726258,
              -2.7481578
            ],
            [
              37.57315,
              -2.7567886
            ],
            [
              37.5748357,
              -2.7807429
            ],
            [
              37.5752118,
              -2.7803263
            ],
            [
              37.5757456,
              -2.7797885
            ],
            [
              37.5760205,
              -2.7794043
            ],
            [
              37.5762106,
              -2.7789393
            ],
            [
              37.576801,
              -2.7774431
            ],
            [
              37.5770558,
              -2.7768567
            ],
            [
              37.5771811,
              -2.7765373
            ],
            [
              37.5773692,
              -2.7760823
            ],
            [
              37.5774116,
              -2.7760196
            ],
            [
              37.5775046,
              -2.7759125
            ],
            [
              37.577909,
              -2.7755425
            ],
            [
              37.5785479,
              -2.7749278
            ],
            [
              37.5793972,
              -2.7742404
            ],
            [
              37.5800482,
              -2.7737794
            ],
            [
              37.5808004,
              -2.773286
            ],
            [
              37.581132,
              -2.7730959
            ],
            [
              37.5821591,
              -2.7724651
            ],
            [
              37.582612,
              -2.7722103
            ],
            [
              37.5828466,
              -2.7720122
            ],
            [
              37.5831337,
              -2.7715876
            ],
            [
              37.5834895,
              -2.7708112
            ],
            [
              37.5837564,
              -2.7701561
            ],
            [
              37.5839263,
              -2.7696506
            ],
            [
              37.5841882,
              -2.7696266
            ],
            [
              37.5849799,
              -2.7689199
            ],
            [
              37.585255,
              -2.7687849
            ],
            [
              37.5861716,
              -2.7686949
            ],
            [
              37.5863666,
              -2.7686216
            ],
            [
              37.5871305,
              -2.7678505
            ],
            [
              37.5874598,
              -2.7676715
            ],
            [
              37.5881284,
              -2.7675396
            ],
            [
              37.5888178,
              -2.767508
            ],
            [
              37.5894437,
              -2.7673845
            ],
            [
              37.5897749,
              -2.7672383
            ],
            [
              37.5899741,
              -2.767101
            ],
            [
              37.5901699,
              -2.7669328
            ],
            [
              37.5905521,
              -2.7666918
            ],
            [
              37.5909501,
              -2.7667626
            ],
            [
              37.5914783,
              -2.7667533
            ],
            [
              37.5917977,
              -2.7668376
            ],
            [
              37.5920499,
              -2.7670049
            ],
            [
              37.5922283,
              -2.7671633
            ],
            [
              37.59246,
              -2.7677883
            ],
            [
              37.5926799,
              -2.76796
            ],
            [
              37.5932005,
              -2.768638
            ],
            [
              37.593339,
              -2.7688789
            ],
            [
              37.5935106,
              -2.7689907
            ],
            [
              37.5936539,
              -2.7689561
            ],
            [
              37.5940133,
              -2.7687183
            ],
            [
              37.5951784,
              -2.7683359
            ],
            [
              37.5960314,
              -2.7681972
            ],
            [
              37.596466,
              -2.7681375
            ],
            [
              37.5968094,
              -2.7681086
            ],
            [
              37.5973264,
              -2.7681388
            ],
            [
              37.5982716,
              -2.7682465
            ],
            [
              37.5987849,
              -2.7682132
            ],
            [
              37.5996283,
              -2.7679916
            ],
            [
              37.6001416,
              -2.7679799
            ],
            [
              37.6025433,
              -2.76719
            ],
            [
              37.6039332,
              -2.7670199
            ],
            [
              37.6053216,
              -2.7669583
            ],
            [
              37.6067133,
              -2.766715
            ],
            [
              37.6070766,
              -2.7666133
            ],
            [
              37.607495,
              -2.766055
            ],
            [
              37.6079,
              -2.7657449
            ],
            [
              37.6082632,
              -2.7655766
            ],
            [
              37.6085999,
              -2.7655283
            ],
            [
              37.6089716,
              -2.7649633
            ],
            [
              37.6094599,
              -2.76463
            ],
            [
              37.6099799,
              -2.7643699
            ],
            [
              37.6104483,
              -2.7640199
            ],
            [
              37.6108133,
              -2.7637949
            ],
            [
              37.61125,
              -2.7637499
            ],
            [
              37.6117233,
              -2.7636266
            ],
            [
              37.6120366,
              -2.7633283
            ],
            [
              37.6121116,
              -2.7629616
            ],
            [
              37.6120033,
              -2.7625616
            ],
            [
              37.6119916,
              -2.7622033
            ],
            [
              37.6128583,
              -2.7612683
            ],
            [
              37.6132066,
              -2.7610283
            ],
            [
              37.6138416,
              -2.760705
            ],
            [
              37.6141066,
              -2.76065
            ],
            [
              37.6150583,
              -2.7607099
            ],
            [
              37.6155583,
              -2.7605983
            ],
            [
              37.6162133,
              -2.7605383
            ],
            [
              37.6165866,
              -2.7606016
            ],
            [
              37.6170232,
              -2.7605533
            ],
            [
              37.6176616,
              -2.7604199
            ],
            [
              37.609837,
              -2.7409477
            ],
            [
              37.6188948,
              -2.745004
            ],
            [
              37.61889,
              -2.7463007
            ],
            [
              37.6331782,
              -2.7463556
            ],
            [
              37.6332179,
              -2.7462059
            ],
            [
              37.6333148,
              -2.7460689
            ],
            [
              37.6334485,
              -2.7460249
            ],
            [
              37.6335609,
              -2.7459834
            ],
            [
              37.6336461,
              -2.745884
            ],
            [
              37.6336808,
              -2.7457519
            ],
            [
              37.63377,
              -2.745686
            ],
            [
              37.633851,
              -2.7456121
            ],
            [
              37.6339226,
              -2.7455278
            ],
            [
              37.6339697,
              -2.74543
            ],
            [
              37.6336887,
              -2.7226568
            ],
            [
              37.6323168,
              -2.7233074
            ],
            [
              37.6316351,
              -2.7233534
            ],
            [
              37.6295653,
              -2.7233162
            ],
            [
              37.6201245,
              -2.7234607
            ],
            [
              37.6248083,
              -2.7036433
            ],
            [
              37.6249292,
              -2.6840753
            ],
            [
              37.6246075,
              -2.6840159
            ],
            [
              37.6243681,
              -2.6840738
            ],
            [
              37.6239613,
              -2.6841822
            ],
            [
              37.6236336,
              -2.6840219
            ],
            [
              37.6233657,
              -2.6840012
            ],
            [
              37.6231127,
              -2.6838727
            ],
            [
              37.6227811,
              -2.6835614
            ],
            [
              37.622526,
              -2.6832652
            ],
            [
              37.6225727,
              -2.6827272
            ],
            [
              37.6226961,
              -2.6824385
            ],
            [
              37.6226192,
              -2.6821794
            ],
            [
              37.6226383,
              -2.6819839
            ],
            [
              37.6224004,
              -2.6818467
            ],
            [
              37.6222908,
              -2.6815719
            ],
            [
              37.6221296,
              -2.6814565
            ],
            [
              37.6221525,
              -2.681405
            ],
            [
              37.6222004,
              -2.6813973
            ],
            [
              37.6222302,
              -2.681313
            ],
            [
              37.6222144,
              -2.6811805
            ],
            [
              37.6220637,
              -2.6811027
            ],
            [
              37.6219936,
              -2.6809819
            ],
            [
              37.6219463,
              -2.6809329
            ],
            [
              37.6218674,
              -2.6809331
            ],
            [
              37.6217922,
              -2.6809816
            ],
            [
              37.6216502,
              -2.6810262
            ],
            [
              37.6215451,
              -2.6810329
            ],
            [
              37.6213738,
              -2.6811663
            ],
            [
              37.6214009,
              -2.6812309
            ],
            [
              37.6213702,
              -2.6812729
            ],
            [
              37.6213233,
              -2.681217
            ],
            [
              37.6212687,
              -2.6811179
            ],
            [
              37.621174,
              -2.6811244
            ],
            [
              37.6211158,
              -2.6811831
            ],
            [
              37.6210009,
              -2.6812233
            ],
            [
              37.6208955,
              -2.6815785
            ],
            [
              37.6207889,
              -2.6817142
            ],
            [
              37.6207598,
              -2.6818711
            ],
            [
              37.6205378,
              -2.6820495
            ],
            [
              37.6202996,
              -2.6822705
            ],
            [
              37.6201399,
              -2.6824809
            ],
            [
              37.6199836,
              -2.6829471
            ],
            [
              37.6199721,
              -2.6832376
            ],
            [
              37.619781,
              -2.6834551
            ],
            [
              37.6197027,
              -2.683351
            ],
            [
              37.6195516,
              -2.6834286
            ],
            [
              37.6194876,
              -2.6835924
            ],
            [
              37.6195918,
              -2.6837141
            ],
            [
              37.6195531,
              -2.6838922
            ],
            [
              37.6197687,
              -2.6841307
            ],
            [
              37.619934,
              -2.6842934
            ],
            [
              37.6198425,
              -2.6846344
            ],
            [
              37.6194452,
              -2.6849808
            ],
            [
              37.6192678,
              -2.6851065
            ],
            [
              37.6192085,
              -2.6853326
            ],
            [
              37.6190369,
              -2.6855242
            ],
            [
              37.6186702,
              -2.68565
            ],
            [
              37.6182258,
              -2.685484
            ],
            [
              37.6179492,
              -2.6854504
            ],
            [
              37.6172697,
              -2.6858133
            ],
            [
              37.6168181,
              -2.6854805
            ],
            [
              37.6164716,
              -2.6854878
            ],
            [
              37.616291,
              -2.6853831
            ],
            [
              37.6160254,
              -2.6854547
            ],
            [
              37.6158458,
              -2.6853978
            ],
            [
              37.615532,
              -2.6850658
            ],
            [
              37.6151743,
              -2.6849743
            ],
            [
              37.6144524,
              -2.6846306
            ],
            [
              37.6141367,
              -2.684732
            ],
            [
              37.6139327,
              -2.6849829
            ],
            [
              37.6139284,
              -2.6852526
            ],
            [
              37.6140223,
              -2.6854636
            ],
            [
              37.6142541,
              -2.685562
            ],
            [
              37.6142653,
              -2.6858805
            ],
            [
              37.6142365,
              -2.6860843
            ],
            [
              37.6141881,
              -2.6863201
            ],
            [
              37.6138749,
              -2.6864802
            ],
            [
              37.6138151,
              -2.6869703
            ],
            [
              37.6138419,
              -2.6874864
            ],
            [
              37.6138788,
              -2.6878211
            ],
            [
              37.6138296,
              -2.6880171
            ],
            [
              37.613684,
              -2.6882147
            ],
            [
              37.6136407,
              -2.6883269
            ],
            [
              37.613676,
              -2.688508
            ],
            [
              37.6138649,
              -2.6887194
            ],
            [
              37.6138574,
              -2.6889122
            ],
            [
              37.6137931,
              -2.6890517
            ],
            [
              37.6132334,
              -2.6898094
            ],
            [
              37.6128138,
              -2.6905952
            ],
            [
              37.6126383,
              -2.6909148
            ],
            [
              37.6122784,
              -2.6910711
            ],
            [
              37.6120246,
              -2.6909396
            ],
            [
              37.6117598,
              -2.6909363
            ],
            [
              37.6115362,
              -2.6909288
            ],
            [
              37.6112172,
              -2.6907243
            ],
            [
              37.6106983,
              -2.6907309
            ],
            [
              37.6106597,
              -2.6908467
            ],
            [
              37.6102971,
              -2.6910666
            ],
            [
              37.6101191,
              -2.6909785
            ],
            [
              37.6099496,
              -2.6912389
            ],
            [
              37.609806,
              -2.6915354
            ],
            [
              37.6097504,
              -2.6916212
            ],
            [
              37.6096665,
              -2.6917674
            ],
            [
              37.6096144,
              -2.6920393
            ],
            [
              37.6096754,
              -2.6923834
            ],
            [
              37.6095652,
              -2.6925751
            ],
            [
              37.6093378,
              -2.6924645
            ],
            [
              37.6090131,
              -2.692542
            ],
            [
              37.6086215,
              -2.6927092
            ],
            [
              37.6085125,
              -2.6927832
            ],
            [
              37.6082614,
              -2.6928851
            ],
            [
              37.6081258,
              -2.6930333
            ],
            [
              37.6079601,
              -2.6929955
            ],
            [
              37.6078145,
              -2.6928783
            ],
            [
              37.6078062,
              -2.6927395
            ],
            [
              37.6075341,
              -2.6927026
            ],
            [
              37.6072833,
              -2.69272
            ],
            [
              37.6072741,
              -2.6928607
            ],
            [
              37.6072755,
              -2.6929338
            ],
            [
              37.6071592,
              -2.6931688
            ],
            [
              37.6069888,
              -2.6932571
            ],
            [
              37.606871,
              -2.6932142
            ],
            [
              37.6069082,
              -2.6930081
            ],
            [
              37.6062135,
              -2.692553
            ],
            [
              37.6054746,
              -2.6923234
            ],
            [
              37.6049068,
              -2.6916995
            ],
            [
              37.6047135,
              -2.691665
            ],
            [
              37.6045598,
              -2.6917677
            ],
            [
              37.6042584,
              -2.6918074
            ],
            [
              37.6037182,
              -2.6918697
            ],
            [
              37.6029679,
              -2.6916344
            ],
            [
              37.6026044,
              -2.6913367
            ],
            [
              37.6025193,
              -2.6911536
            ],
            [
              37.6023545,
              -2.6910791
            ],
            [
              37.6018145,
              -2.6909698
            ],
            [
              37.601684,
              -2.6907467
            ],
            [
              37.6017584,
              -2.6902893
            ],
            [
              37.6017189,
              -2.6900205
            ],
            [
              37.601577,
              -2.689826
            ],
            [
              37.6012415,
              -2.6898656
            ],
            [
              37.6009002,
              -2.6899167
            ],
            [
              37.6006102,
              -2.6900024
            ],
            [
              37.6003427,
              -2.6901676
            ],
            [
              37.6001723,
              -2.6900988
            ],
            [
              37.600144,
              -2.6899272
            ],
            [
              37.6000476,
              -2.6897327
            ],
            [
              37.5998884,
              -2.6896868
            ],
            [
              37.5996326,
              -2.6896465
            ],
            [
              37.5993084,
              -2.6897662
            ],
            [
              37.5991493,
              -2.6896859
            ],
            [
              37.5988306,
              -2.6899486
            ],
            [
              37.5987224,
              -2.6900628
            ],
            [
              37.598699,
              -2.6906803
            ],
            [
              37.5986301,
              -2.6912234
            ],
            [
              37.5987602,
              -2.6917782
            ],
            [
              37.599391,
              -2.6921334
            ],
            [
              37.5998515,
              -2.6921568
            ],
            [
              37.6002039,
              -2.6922201
            ],
            [
              37.6002604,
              -2.6925404
            ],
            [
              37.6004761,
              -2.6929237
            ],
            [
              37.6006578,
              -2.6930669
            ],
            [
              37.6010046,
              -2.6931531
            ],
            [
              37.6013799,
              -2.6930963
            ],
            [
              37.6016699,
              -2.6930967
            ],
            [
              37.6017324,
              -2.6931711
            ],
            [
              37.6020847,
              -2.693303
            ],
            [
              37.6024996,
              -2.6934979
            ],
            [
              37.6031698,
              -2.6941333
            ],
            [
              37.6032433,
              -2.6945279
            ],
            [
              37.6031065,
              -2.6947851
            ],
            [
              37.6028388,
              -2.6952021
            ],
            [
              37.6026561,
              -2.6958423
            ],
            [
              37.6029171,
              -2.6963172
            ],
            [
              37.6029907,
              -2.6966318
            ],
            [
              37.6027517,
              -2.6967744
            ],
            [
              37.6027402,
              -2.6968773
            ],
            [
              37.6024949,
              -2.6971846
            ],
            [
              37.6023413,
              -2.6976945
            ],
            [
              37.602392,
              -2.6980834
            ],
            [
              37.6025279,
              -2.6985581
            ],
            [
              37.6022547,
              -2.6988494
            ],
            [
              37.6018382,
              -2.6991395
            ],
            [
              37.6018219,
              -2.6994436
            ],
            [
              37.6019464,
              -2.6999011
            ],
            [
              37.6019764,
              -2.70057
            ],
            [
              37.6017631,
              -2.7008206
            ],
            [
              37.6017867,
              -2.7011714
            ],
            [
              37.6016153,
              -2.7013599
            ],
            [
              37.6012715,
              -2.7014998
            ],
            [
              37.6007648,
              -2.7014469
            ],
            [
              37.6004504,
              -2.7017034
            ],
            [
              37.6002597,
              -2.7018818
            ],
            [
              37.6001117,
              -2.7020575
            ],
            [
              37.5999096,
              -2.702355
            ],
            [
              37.599582,
              -2.702731
            ],
            [
              37.5996184,
              -2.7032648
            ],
            [
              37.5996912,
              -2.7036773
            ],
            [
              37.5995335,
              -2.7040776
            ],
            [
              37.5990846,
              -2.7043931
            ],
            [
              37.5989451,
              -2.704478
            ],
            [
              37.5986782,
              -2.70466
            ],
            [
              37.5984174,
              -2.7046054
            ],
            [
              37.598011,
              -2.7050118
            ],
            [
              37.5975378,
              -2.7053151
            ],
            [
              37.5972345,
              -2.7056426
            ],
            [
              37.5969434,
              -2.7058246
            ],
            [
              37.5963368,
              -2.7058974
            ],
            [
              37.5957302,
              -2.7062249
            ],
            [
              37.5952571,
              -2.7064918
            ],
            [
              37.594966,
              -2.7066495
            ],
            [
              37.5947112,
              -2.7066617
            ],
            [
              37.5944322,
              -2.7066374
            ],
            [
              37.5942017,
              -2.7067102
            ],
            [
              37.5942108,
              -2.7068376
            ],
            [
              37.594144,
              -2.706965
            ],
            [
              37.594047,
              -2.7069346
            ],
            [
              37.593953,
              -2.7068679
            ],
            [
              37.5938408,
              -2.7068376
            ],
            [
              37.5937467,
              -2.7068254
            ],
            [
              37.5935769,
              -2.7068285
            ],
            [
              37.5933616,
              -2.7068618
            ],
            [
              37.5932311,
              -2.7069073
            ],
            [
              37.5930856,
              -2.7068406
            ],
            [
              37.5929855,
              -2.7068103
            ],
            [
              37.5928429,
              -2.7066404
            ],
            [
              37.5927671,
              -2.7066071
            ],
            [
              37.5927247,
              -2.7065737
            ],
            [
              37.5925791,
              -2.7065828
            ],
            [
              37.5924608,
              -2.7064736
            ],
            [
              37.5923273,
              -2.7064676
            ],
            [
              37.5923759,
              -2.7062977
            ],
            [
              37.5922151,
              -2.7062735
            ],
            [
              37.5920968,
              -2.7061248
            ],
            [
              37.5920241,
              -2.7060703
            ],
            [
              37.5919543,
              -2.7059762
            ],
            [
              37.5918572,
              -2.7058337
            ],
            [
              37.5916935,
              -2.7056638
            ],
            [
              37.5914994,
              -2.7055395
            ],
            [
              37.5914842,
              -2.7052878
            ],
            [
              37.5914114,
              -2.7051301
            ],
            [
              37.5912598,
              -2.7049693
            ],
            [
              37.5910353,
              -2.7047934
            ],
            [
              37.5908139,
              -2.7045659
            ],
            [
              37.5907775,
              -2.7044507
            ],
            [
              37.5905349,
              -2.70439
            ],
            [
              37.5904015,
              -2.7043354
            ],
            [
              37.590359,
              -2.7041959
            ],
            [
              37.5903499,
              -2.70402
            ],
            [
              37.5903105,
              -2.7039776
            ],
            [
              37.5902589,
              -2.7039776
            ],
            [
              37.5901892,
              -2.7039139
            ],
            [
              37.5901558,
              -2.7038532
            ],
            [
              37.5901194,
              -2.7037319
            ],
            [
              37.5900982,
              -2.703647
            ],
            [
              37.5901103,
              -2.7035621
            ],
            [
              37.5901103,
              -2.7035196
            ],
            [
              37.5900466,
              -2.703465
            ],
            [
              37.5898889,
              -2.7034407
            ],
            [
              37.5898282,
              -2.7033558
            ],
            [
              37.5896796,
              -2.703277
            ],
            [
              37.5896008,
              -2.7032284
            ],
            [
              37.5895826,
              -2.7031557
            ],
            [
              37.5894946,
              -2.7031314
            ],
            [
              37.5893976,
              -2.7031344
            ],
            [
              37.5893339,
              -2.7031435
            ],
            [
              37.5891822,
              -2.7030798
            ],
            [
              37.5891216,
              -2.7030192
            ],
            [
              37.5891216,
              -2.7029797
            ],
            [
              37.5890185,
              -2.7028797
            ],
            [
              37.5889154,
              -2.7028645
            ],
            [
              37.5888153,
              -2.702816
            ],
            [
              37.5887243,
              -2.7027826
            ],
            [
              37.5885939,
              -2.7028129
            ],
            [
              37.588518,
              -2.7028524
            ],
            [
              37.5884453,
              -2.7028827
            ],
            [
              37.5882451,
              -2.7028706
            ],
            [
              37.5882026,
              -2.7029191
            ],
            [
              37.5882542,
              -2.703007
            ],
            [
              37.5882239,
              -2.7030738
            ],
            [
              37.5881905,
              -2.703092
            ],
            [
              37.5881147,
              -2.7030707
            ],
            [
              37.5879054,
              -2.7031739
            ],
            [
              37.5878174,
              -2.7032588
            ],
            [
              37.5878205,
              -2.7033043
            ],
            [
              37.5877993,
              -2.7033589
            ],
            [
              37.5877538,
              -2.7033346
            ],
            [
              37.5876719,
              -2.7033953
            ],
            [
              37.5876597,
              -2.7034711
            ],
            [
              37.5874171,
              -2.7035621
            ],
            [
              37.5873474,
              -2.7036015
            ],
            [
              37.587317,
              -2.7036257
            ],
            [
              37.5872503,
              -2.703653
            ],
            [
              37.5871047,
              -2.7037046
            ],
            [
              37.5870653,
              -2.703744
            ],
            [
              37.5870077,
              -2.7037926
            ],
            [
              37.5868682,
              -2.7038562
            ],
            [
              37.5868348,
              -2.7038987
            ],
            [
              37.5867863,
              -2.7039199
            ],
            [
              37.5867377,
              -2.7039139
            ],
            [
              37.5866073,
              -2.7039381
            ],
            [
              37.5864345,
              -2.7039442
            ],
            [
              37.5862707,
              -2.7039958
            ],
            [
              37.58621,
              -2.7040352
            ],
            [
              37.5861342,
              -2.7040776
            ],
            [
              37.5859765,
              -2.7041413
            ],
            [
              37.5857915,
              -2.7041717
            ],
            [
              37.5857217,
              -2.7041474
            ],
            [
              37.5855731,
              -2.7040716
            ],
            [
              37.5854852,
              -2.704114
            ],
            [
              37.585382,
              -2.704199
            ],
            [
              37.5853184,
              -2.7041808
            ],
            [
              37.5852911,
              -2.704296
            ],
            [
              37.5852243,
              -2.704384
            ],
            [
              37.5849483,
              -2.7046023
            ],
            [
              37.5848088,
              -2.704663
            ],
            [
              37.5846663,
              -2.7049663
            ],
            [
              37.5844055,
              -2.705312
            ],
            [
              37.5844297,
              -2.7059429
            ],
            [
              37.5840536,
              -2.7062826
            ],
            [
              37.5839809,
              -2.7065494
            ],
            [
              37.5839687,
              -2.7067557
            ],
            [
              37.5840536,
              -2.7069498
            ],
            [
              37.5840658,
              -2.7072409
            ],
            [
              37.5838959,
              -2.7074229
            ],
            [
              37.5837382,
              -2.7075564
            ],
            [
              37.5837382,
              -2.7079931
            ],
            [
              37.5835684,
              -2.7085997
            ],
            [
              37.5834107,
              -2.7088605
            ],
            [
              37.5834471,
              -2.7089454
            ],
            [
              37.5833925,
              -2.7090364
            ],
            [
              37.5832833,
              -2.7091577
            ],
            [
              37.5831802,
              -2.7092123
            ],
            [
              37.5830771,
              -2.7093033
            ],
            [
              37.5829072,
              -2.7095156
            ],
            [
              37.5828223,
              -2.7096551
            ],
            [
              37.582707,
              -2.7098674
            ],
            [
              37.5826161,
              -2.7099827
            ],
            [
              37.5825554,
              -2.7100433
            ],
            [
              37.5824887,
              -2.7101343
            ],
            [
              37.582337,
              -2.7100979
            ],
            [
              37.5821854,
              -2.7100919
            ],
            [
              37.5820519,
              -2.7102374
            ],
            [
              37.5818336,
              -2.7103284
            ],
            [
              37.5817608,
              -2.7102738
            ],
            [
              37.5816455,
              -2.710286
            ],
            [
              37.5815121,
              -2.7103466
            ],
            [
              37.5809358,
              -2.7107894
            ],
            [
              37.5806932,
              -2.7112262
            ],
            [
              37.5806022,
              -2.7113596
            ],
            [
              37.5804566,
              -2.7114263
            ],
            [
              37.5804566,
              -2.711578
            ],
            [
              37.5803353,
              -2.7117417
            ],
            [
              37.5802504,
              -2.7119116
            ],
            [
              37.5801716,
              -2.7119904
            ],
            [
              37.5800684,
              -2.7120693
            ],
            [
              37.5799471,
              -2.7122452
            ],
            [
              37.5797712,
              -2.7123908
            ],
            [
              37.5797166,
              -2.7124696
            ],
            [
              37.5795407,
              -2.7126334
            ],
            [
              37.5792374,
              -2.7127608
            ],
            [
              37.5790979,
              -2.7127851
            ],
            [
              37.5790979,
              -2.7128639
            ],
            [
              37.5789887,
              -2.7129852
            ],
            [
              37.578922,
              -2.7131429
            ],
            [
              37.5791161,
              -2.7132521
            ],
            [
              37.5790494,
              -2.7133492
            ],
            [
              37.5788856,
              -2.7134584
            ],
            [
              37.578556,
              -2.7135958
            ],
            [
              37.5783902,
              -2.7134947
            ],
            [
              37.5782447,
              -2.7133573
            ],
            [
              37.5780829,
              -2.7133249
            ],
            [
              37.5779495,
              -2.7133451
            ],
            [
              37.577727,
              -2.7136484
            ],
            [
              37.5774966,
              -2.7137616
            ],
            [
              37.5772216,
              -2.713798
            ],
            [
              37.5771083,
              -2.7137778
            ],
            [
              37.5769061,
              -2.7137131
            ],
            [
              37.576797,
              -2.7136403
            ],
            [
              37.5766473,
              -2.7134786
            ],
            [
              37.5764815,
              -2.7135028
            ],
            [
              37.576061,
              -2.7136363
            ],
            [
              37.5756485,
              -2.7138668
            ],
            [
              37.5752684,
              -2.7140609
            ],
            [
              37.5750177,
              -2.714344
            ],
            [
              37.5749044,
              -2.7145785
            ],
            [
              37.5745648,
              -2.7143682
            ],
            [
              37.5744758,
              -2.7140204
            ],
            [
              37.5742655,
              -2.7138263
            ],
            [
              37.5741199,
              -2.7135514
            ],
            [
              37.5739582,
              -2.7133087
            ],
            [
              37.5737479,
              -2.7130499
            ],
            [
              37.5737803,
              -2.7128235
            ],
            [
              37.5740148,
              -2.7126617
            ],
            [
              37.5740795,
              -2.7124676
            ],
            [
              37.5739582,
              -2.7123059
            ],
            [
              37.5739663,
              -2.7120471
            ],
            [
              37.5739986,
              -2.7118044
            ],
            [
              37.573942,
              -2.7116993
            ],
            [
              37.573845,
              -2.7115052
            ],
            [
              37.5737964,
              -2.7111615
            ],
            [
              37.5736589,
              -2.7106277
            ],
            [
              37.5735619,
              -2.7103769
            ],
            [
              37.5734487,
              -2.7101909
            ],
            [
              37.5733193,
              -2.7100777
            ],
            [
              37.5732384,
              -2.7101505
            ],
            [
              37.5731899,
              -2.7100615
            ],
            [
              37.5732869,
              -2.7099159
            ],
            [
              37.5733435,
              -2.7097623
            ],
            [
              37.5734406,
              -2.7095924
            ],
            [
              37.5735295,
              -2.7093983
            ],
            [
              37.5735942,
              -2.7093013
            ],
            [
              37.5737075,
              -2.7092204
            ],
            [
              37.5738126,
              -2.7090829
            ],
            [
              37.5748986,
              -2.7081776
            ],
            [
              37.574733,
              -2.707954
            ],
            [
              37.5744584,
              -2.7077816
            ],
            [
              37.5740797,
              -2.7069385
            ],
            [
              37.5742087,
              -2.7068677
            ],
            [
              37.5740901,
              -2.7065535
            ],
            [
              37.5736564,
              -2.7061932
            ],
            [
              37.5733745,
              -2.7056348
            ],
            [
              37.5732598,
              -2.7050818
            ],
            [
              37.5732738,
              -2.7046611
            ],
            [
              37.5731899,
              -2.704237
            ],
            [
              37.572637,
              -2.7039032
            ],
            [
              37.5719956,
              -2.7035865
            ],
            [
              37.5716888,
              -2.7035756
            ],
            [
              37.5713819,
              -2.7035646
            ],
            [
              37.5706704,
              -2.7034254
            ]
          ]
        ]
      },
      "id": "relation/20355535"
    },
    {
      "type": "Feature",
      "properties": {
        "@id": "relation/20815275",
        "boundary": "protected_area",
        "leisure": "nature_reserve",
        "name": "Rombo-Emampuli Wildlife Conservancy",
        "operator": "Amboseli Ecosystem Trust",
        "protect_class": "6",
        "protection_title": "Community Conservancy",
        "source": "Rombo conservancy by rangers ajusted with borders",
        "type": "multipolygon"
      },
      "geometry": {
        "type": "Polygon",
        "coordinates": [
          [
            [
              37.8638407,
              -3.0317451
            ],
            [
              37.8629657,
              -3.0311266
            ],
            [
              37.8623488,
              -3.0310837
            ],
            [
              37.8620216,
              -3.0309716
            ],
            [
              37.8619524,
              -3.0308869
            ],
            [
              37.8615252,
              -3.0306781
            ],
            [
              37.8610262,
              -3.0302761
            ],
            [
              37.8609938,
              -3.0302448
            ],
            [
              37.8600566,
              -3.0293418
            ],
            [
              37.859569,
              -3.0289171
            ],
            [
              37.8594839,
              -3.0286849
            ],
            [
              37.8591097,
              -3.0284528
            ],
            [
              37.8588609,
              -3.0283586
            ],
            [
              37.8587437,
              -3.0282285
            ],
            [
              37.8586786,
              -3.0278252
            ],
            [
              37.8582878,
              -3.0276041
            ],
            [
              37.8578448,
              -3.027487
            ],
            [
              37.8574995,
              -3.027461
            ],
            [
              37.8572065,
              -3.0270838
            ],
            [
              37.8570372,
              -3.0264593
            ],
            [
              37.8560081,
              -3.0254056
            ],
            [
              37.8558257,
              -3.0250544
            ],
            [
              37.8558778,
              -3.0241828
            ],
            [
              37.8557324,
              -3.0240945
            ],
            [
              37.8549138,
              -3.0239356
            ],
            [
              37.8546142,
              -3.0237275
            ],
            [
              37.8542089,
              -3.0231999
            ],
            [
              37.8536632,
              -3.0227258
            ],
            [
              37.8528295,
              -3.0227909
            ],
            [
              37.8522525,
              -3.022015
            ],
            [
              37.8516747,
              -3.0217899
            ],
            [
              37.8513705,
              -3.0216461
            ],
            [
              37.851123,
              -3.0213209
            ],
            [
              37.8506041,
              -3.0211214
            ],
            [
              37.8502892,
              -3.0211257
            ],
            [
              37.8498333,
              -3.0208526
            ],
            [
              37.8493904,
              -3.0206704
            ],
            [
              37.8491557,
              -3.0203179
            ],
            [
              37.8487736,
              -3.020033
            ],
            [
              37.848528,
              -3.0197313
            ],
            [
              37.8481804,
              -3.0194151
            ],
            [
              37.8480065,
              -3.0190986
            ],
            [
              37.8476801,
              -3.0190309
            ],
            [
              37.8474494,
              -3.0188752
            ],
            [
              37.8471908,
              -3.0184589
            ],
            [
              37.8471896,
              -3.0180412
            ],
            [
              37.847241,
              -3.0176264
            ],
            [
              37.8470179,
              -3.0170314
            ],
            [
              37.8466681,
              -3.0165126
            ],
            [
              37.8464413,
              -3.0162385
            ],
            [
              37.8460555,
              -3.0160133
            ],
            [
              37.8456044,
              -3.0156519
            ],
            [
              37.8452133,
              -3.0152967
            ],
            [
              37.8450264,
              -3.0148945
            ],
            [
              37.845237,
              -3.0146368
            ],
            [
              37.8453575,
              -3.0144721
            ],
            [
              37.8452209,
              -3.0141734
            ],
            [
              37.8447528,
              -3.0138148
            ],
            [
              37.8442365,
              -3.0135627
            ],
            [
              37.8437027,
              -3.0133377
            ],
            [
              37.8430923,
              -3.0128267
            ],
            [
              37.8414905,
              -3.0124289
            ],
            [
              37.8403497,
              -3.0122017
            ],
            [
              37.8398286,
              -3.0121366
            ],
            [
              37.8395421,
              -3.0119545
            ],
            [
              37.8394899,
              -3.0114732
            ],
            [
              37.8393988,
              -3.011213
            ],
            [
              37.8391382,
              -3.0110439
            ],
            [
              37.8388647,
              -3.0109788
            ],
            [
              37.8384999,
              -3.0110439
            ],
            [
              37.8381873,
              -3.011252
            ],
            [
              37.8379788,
              -3.0115252
            ],
            [
              37.8378746,
              -3.0119285
            ],
            [
              37.8376141,
              -3.0124879
            ],
            [
              37.8373014,
              -3.012657
            ],
            [
              37.8369152,
              -3.0124898
            ],
            [
              37.836476,
              -3.0121482
            ],
            [
              37.8361853,
              -3.0122026
            ],
            [
              37.8354403,
              -3.0118579
            ],
            [
              37.8347897,
              -3.0115175
            ],
            [
              37.8335326,
              -3.0108599
            ],
            [
              37.8333872,
              -3.0102612
            ],
            [
              37.8329148,
              -3.0094084
            ],
            [
              37.8322062,
              -3.0089367
            ],
            [
              37.831893,
              -3.0090307
            ],
            [
              37.8315521,
              -3.0091544
            ],
            [
              37.8312814,
              -3.0090735
            ],
            [
              37.8310327,
              -3.0089403
            ],
            [
              37.8309301,
              -3.0087896
            ],
            [
              37.8302193,
              -3.0083182
            ],
            [
              37.8288326,
              -3.0074209
            ],
            [
              37.8287336,
              -3.0072968
            ],
            [
              37.8283474,
              -3.0068127
            ],
            [
              37.8282022,
              -3.0066307
            ],
            [
              37.8274646,
              -3.0058272
            ],
            [
              37.8270972,
              -3.0053049
            ],
            [
              37.82655,
              -3.0048576
            ],
            [
              37.8256702,
              -3.0043031
            ],
            [
              37.8251955,
              -3.0040245
            ],
            [
              37.8249031,
              -3.0039924
            ],
            [
              37.8139618,
              -2.9968742
            ],
            [
              37.8117403,
              -2.994228
            ],
            [
              37.8122485,
              -2.9920674
            ],
            [
              37.8125054,
              -2.9893856
            ],
            [
              37.8129627,
              -2.9884046
            ],
            [
              37.813198,
              -2.988055
            ],
            [
              37.8135842,
              -2.9873666
            ],
            [
              37.8135914,
              -2.9872828
            ],
            [
              37.8133571,
              -2.987381
            ],
            [
              37.8123917,
              -2.9876264
            ],
            [
              37.8115667,
              -2.9878543
            ],
            [
              37.8110401,
              -2.9878104
            ],
            [
              37.8106627,
              -2.9874862
            ],
            [
              37.8097851,
              -2.9866886
            ],
            [
              37.8091445,
              -2.9863556
            ],
            [
              37.8078982,
              -2.9858823
            ],
            [
              37.8068802,
              -2.9858472
            ],
            [
              37.8063799,
              -2.9856369
            ],
            [
              37.8059675,
              -2.9855755
            ],
            [
              37.8054584,
              -2.9854704
            ],
            [
              37.8051513,
              -2.9851286
            ],
            [
              37.8050372,
              -2.9846553
            ],
            [
              37.8048616,
              -2.9840681
            ],
            [
              37.8044404,
              -2.9835422
            ],
            [
              37.8039752,
              -2.9833056
            ],
            [
              37.8037646,
              -2.9831566
            ],
            [
              37.8036681,
              -2.982806
            ],
            [
              37.8037032,
              -2.9822538
            ],
            [
              37.8036593,
              -2.9817455
            ],
            [
              37.8036417,
              -2.9813862
            ],
            [
              37.8037734,
              -2.9807814
            ],
            [
              37.8037909,
              -2.9802556
            ],
            [
              37.8030186,
              -2.9797472
            ],
            [
              37.802141,
              -2.9797648
            ],
            [
              37.8017022,
              -2.9799926
            ],
            [
              37.800649,
              -2.9795544
            ],
            [
              37.8000523,
              -2.9797472
            ],
            [
              37.7992097,
              -2.9796946
            ],
            [
              37.7986305,
              -2.9787481
            ],
            [
              37.7982619,
              -2.978415
            ],
            [
              37.7982795,
              -2.977784
            ],
            [
              37.7986656,
              -2.9774685
            ],
            [
              37.7989465,
              -2.9761363
            ],
            [
              37.7992799,
              -2.9756104
            ],
            [
              37.7993326,
              -2.9751196
            ],
            [
              37.7992448,
              -2.9744185
            ],
            [
              37.7988938,
              -2.9743659
            ],
            [
              37.7983321,
              -2.9747165
            ],
            [
              37.7979899,
              -2.9749809
            ],
            [
              37.7970095,
              -2.9757301
            ],
            [
              37.7963475,
              -2.9762024
            ],
            [
              37.7956114,
              -2.9765925
            ],
            [
              37.795081,
              -2.9770155
            ],
            [
              37.7948919,
              -2.9770809
            ],
            [
              37.7947391,
              -2.9772443
            ],
            [
              37.7945752,
              -2.977344
            ],
            [
              37.7943957,
              -2.9773568
            ],
            [
              37.7943193,
              -2.9774841
            ],
            [
              37.7942709,
              -2.9776027
            ],
            [
              37.7940133,
              -2.9780984
            ],
            [
              37.7938515,
              -2.9786375
            ],
            [
              37.7937627,
              -2.9788863
            ],
            [
              37.7937343,
              -2.9791676
            ],
            [
              37.7936128,
              -2.9792349
            ],
            [
              37.7933739,
              -2.9791899
            ],
            [
              37.7929314,
              -2.9790134
            ],
            [
              37.7923464,
              -2.9788346
            ],
            [
              37.7920051,
              -2.9784527
            ],
            [
              37.7916309,
              -2.9782392
            ],
            [
              37.7913925,
              -2.9781571
            ],
            [
              37.791047,
              -2.9782228
            ],
            [
              37.7905577,
              -2.9783665
            ],
            [
              37.7903398,
              -2.9783583
            ],
            [
              37.7901958,
              -2.978153
            ],
            [
              37.7901013,
              -2.97796
            ],
            [
              37.7899409,
              -2.9779107
            ],
            [
              37.7896366,
              -2.978079
            ],
            [
              37.789246,
              -2.9784281
            ],
            [
              37.7887237,
              -2.9786745
            ],
            [
              37.7882613,
              -2.9787075
            ],
            [
              37.7878367,
              -2.9788527
            ],
            [
              37.7875925,
              -2.9791489
            ],
            [
              37.7874006,
              -2.9795438
            ],
            [
              37.7870662,
              -2.9798052
            ],
            [
              37.7864282,
              -2.9799425
            ],
            [
              37.7859676,
              -2.9801437
            ],
            [
              37.7853673,
              -2.9804476
            ],
            [
              37.7849725,
              -2.9806776
            ],
            [
              37.7846189,
              -2.9811046
            ],
            [
              37.7844379,
              -2.9813182
            ],
            [
              37.7842693,
              -2.9813141
            ],
            [
              37.784072,
              -2.9810307
            ],
            [
              37.7838335,
              -2.980924
            ],
            [
              37.7836196,
              -2.9809322
            ],
            [
              37.7834716,
              -2.9807925
            ],
            [
              37.7832537,
              -2.9806694
            ],
            [
              37.7831787,
              -2.980621
            ],
            [
              37.7828962,
              -2.9805768
            ],
            [
              37.782752,
              -2.980729
            ],
            [
              37.782601,
              -2.9811394
            ],
            [
              37.7826829,
              -2.9814369
            ],
            [
              37.7825875,
              -2.9815728
            ],
            [
              37.7823326,
              -2.9816878
            ],
            [
              37.7821599,
              -2.981581
            ],
            [
              37.7819871,
              -2.9812648
            ],
            [
              37.7818309,
              -2.9808172
            ],
            [
              37.7816541,
              -2.9806447
            ],
            [
              37.7812634,
              -2.9804969
            ],
            [
              37.7810537,
              -2.9803039
            ],
            [
              37.7809427,
              -2.9800164
            ],
            [
              37.7809386,
              -2.9796838
            ],
            [
              37.7809016,
              -2.9793471
            ],
            [
              37.7808728,
              -2.9790514
            ],
            [
              37.7806384,
              -2.9788338
            ],
            [
              37.7799393,
              -2.9784149
            ],
            [
              37.7795076,
              -2.9782712
            ],
            [
              37.7791416,
              -2.9782999
            ],
            [
              37.7788003,
              -2.9784888
            ],
            [
              37.7785659,
              -2.9787845
            ],
            [
              37.7783891,
              -2.9796551
            ],
            [
              37.7783685,
              -2.9801602
            ],
            [
              37.7784508,
              -2.9804681
            ],
            [
              37.7786728,
              -2.9807556
            ],
            [
              37.7788867,
              -2.980924
            ],
            [
              37.7790429,
              -2.9811087
            ],
            [
              37.779047,
              -2.9812648
            ],
            [
              37.7789566,
              -2.9814619
            ],
            [
              37.7784837,
              -2.9817042
            ],
            [
              37.7780468,
              -2.9817694
            ],
            [
              37.7780377,
              -2.9817684
            ],
            [
              37.7780262,
              -2.9886015
            ],
            [
              37.778171,
              -2.9887515
            ],
            [
              37.7782676,
              -2.988864
            ],
            [
              37.7784687,
              -2.9889202
            ],
            [
              37.778694,
              -2.9888908
            ],
            [
              37.7788845,
              -2.9888265
            ],
            [
              37.7791312,
              -2.9888426
            ],
            [
              37.7792063,
              -2.9887917
            ],
            [
              37.7793217,
              -2.9887193
            ],
            [
              37.7794853,
              -2.9886738
            ],
            [
              37.7797052,
              -2.988631
            ],
            [
              37.779834,
              -2.9886149
            ],
            [
              37.7800807,
              -2.9886711
            ],
            [
              37.780306,
              -2.988714
            ],
            [
              37.7804616,
              -2.9887756
            ],
            [
              37.780695,
              -2.9889176
            ],
            [
              37.7809337,
              -2.9888961
            ],
            [
              37.7810839,
              -2.9887943
            ],
            [
              37.7812368,
              -2.9887542
            ],
            [
              37.7814299,
              -2.9887622
            ],
            [
              37.7816337,
              -2.9887488
            ],
            [
              37.7817816,
              -2.989515
            ],
            [
              37.7824039,
              -2.9902028
            ],
            [
              37.7824382,
              -2.9905932
            ],
            [
              37.7821944,
              -2.9911699
            ],
            [
              37.781803,
              -2.9918123
            ],
            [
              37.7818193,
              -2.9925577
            ],
            [
              37.782445,
              -2.9933597
            ],
            [
              37.783047,
              -2.9936831
            ],
            [
              37.7833635,
              -2.9937474
            ],
            [
              37.7836585,
              -2.9938063
            ],
            [
              37.7842272,
              -2.9937635
            ],
            [
              37.7845758,
              -2.9937099
            ],
            [
              37.7848763,
              -2.9936724
            ],
            [
              37.7852035,
              -2.9936617
            ],
            [
              37.7853744,
              -2.993672
            ],
            [
              37.7841299,
              -2.9949737
            ],
            [
              37.7837678,
              -2.9955603
            ],
            [
              37.7833467,
              -2.9964684
            ],
            [
              37.7831187,
              -2.9968755
            ],
            [
              37.782884,
              -2.9972585
            ],
            [
              37.7825849,
              -2.9985576
            ],
            [
              37.7824776,
              -2.9994362
            ],
            [
              37.7822094,
              -3.0007754
            ],
            [
              37.7819734,
              -3.0017022
            ],
            [
              37.7817695,
              -3.0032665
            ],
            [
              37.781673,
              -3.0042254
            ],
            [
              37.7815281,
              -3.0047611
            ],
            [
              37.7813028,
              -3.0054682
            ],
            [
              37.7807128,
              -3.0064057
            ],
            [
              37.7803748,
              -3.0070325
            ],
            [
              37.7796721,
              -3.0075039
            ],
            [
              37.7786314,
              -3.0081039
            ],
            [
              37.7777194,
              -3.0086664
            ],
            [
              37.7771186,
              -3.0093146
            ],
            [
              37.7767324,
              -3.0097646
            ],
            [
              37.776448,
              -3.0105949
            ],
            [
              37.7763032,
              -3.0111145
            ],
            [
              37.7757775,
              -3.0122931
            ],
            [
              37.7753322,
              -3.0136805
            ],
            [
              37.7749728,
              -3.0151162
            ],
            [
              37.7746831,
              -3.0160376
            ],
            [
              37.7745276,
              -3.0165465
            ],
            [
              37.7739965,
              -3.0176983
            ],
            [
              37.7735244,
              -3.0183732
            ],
            [
              37.7730041,
              -3.0189518
            ],
            [
              37.7726769,
              -3.0193321
            ],
            [
              37.7724998,
              -3.0197339
            ],
            [
              37.7722584,
              -3.0204464
            ],
            [
              37.771663,
              -3.0216089
            ],
            [
              37.7716634,
              -3.0216678
            ],
            [
              37.7716566,
              -3.0219565
            ],
            [
              37.771661,
              -3.0219808
            ],
            [
              37.7716549,
              -3.0220779
            ],
            [
              37.7716738,
              -3.0221368
            ],
            [
              37.7717394,
              -3.0222986
            ],
            [
              37.7718498,
              -3.0224482
            ],
            [
              37.7718597,
              -3.0224894
            ],
            [
              37.771947,
              -3.0226328
            ],
            [
              37.7719477,
              -3.0226786
            ],
            [
              37.7720904,
              -3.0227891
            ],
            [
              37.772167,
              -3.0228236
            ],
            [
              37.7722712,
              -3.0229364
            ],
            [
              37.7724221,
              -3.0230678
            ],
            [
              37.7725575,
              -3.0232059
            ],
            [
              37.7727063,
              -3.023301
            ],
            [
              37.7728164,
              -3.0233582
            ],
            [
              37.7728587,
              -3.0234466
            ],
            [
              37.7729377,
              -3.0235087
            ],
            [
              37.7730309,
              -3.0235729
            ],
            [
              37.7730584,
              -3.023609
            ],
            [
              37.7731232,
              -3.0236601
            ],
            [
              37.7732041,
              -3.0236928
            ],
            [
              37.7732608,
              -3.0237255
            ],
            [
              37.7734167,
              -3.0237281
            ],
            [
              37.7734854,
              -3.0237866
            ],
            [
              37.7735561,
              -3.0238172
            ],
            [
              37.7735968,
              -3.0237982
            ],
            [
              37.7736681,
              -3.0237923
            ],
            [
              37.7737257,
              -3.023832
            ],
            [
              37.7737455,
              -3.0238677
            ],
            [
              37.7738071,
              -3.0238731
            ],
            [
              37.7738378,
              -3.0238897
            ],
            [
              37.7739011,
              -3.0239063
            ],
            [
              37.7739421,
              -3.0239062
            ],
            [
              37.7739774,
              -3.0239121
            ],
            [
              37.7739959,
              -3.023902
            ],
            [
              37.7741761,
              -3.0238388
            ],
            [
              37.7742217,
              -3.0238469
            ],
            [
              37.7743086,
              -3.0238287
            ],
            [
              37.7743421,
              -3.0238352
            ],
            [
              37.774392,
              -3.0238507
            ],
            [
              37.7744739,
              -3.023797
            ],
            [
              37.7744837,
              -3.0237514
            ],
            [
              37.7745175,
              -3.0237034
            ],
            [
              37.7745356,
              -3.0236942
            ],
            [
              37.7745795,
              -3.023683
            ],
            [
              37.7746993,
              -3.023745
            ],
            [
              37.7747746,
              -3.0238181
            ],
            [
              37.7748032,
              -3.0238323
            ],
            [
              37.7748638,
              -3.0237908
            ],
            [
              37.7749248,
              -3.0238041
            ],
            [
              37.7749402,
              -3.0238331
            ],
            [
              37.774957,
              -3.023937
            ],
            [
              37.7749686,
              -3.0239737
            ],
            [
              37.7750059,
              -3.0239814
            ],
            [
              37.775027,
              -3.024001
            ],
            [
              37.775087,
              -3.0240378
            ],
            [
              37.7750971,
              -3.0241131
            ],
            [
              37.7751238,
              -3.0241767
            ],
            [
              37.7751666,
              -3.0242364
            ],
            [
              37.775147,
              -3.0242601
            ],
            [
              37.7751189,
              -3.0243559
            ],
            [
              37.7751373,
              -3.0243797
            ],
            [
              37.7751553,
              -3.024425
            ],
            [
              37.7751744,
              -3.0245279
            ],
            [
              37.7752066,
              -3.0246007
            ],
            [
              37.7752566,
              -3.0246884
            ],
            [
              37.7752679,
              -3.0247449
            ],
            [
              37.7752934,
              -3.0247816
            ],
            [
              37.7753376,
              -3.0248177
            ],
            [
              37.7754513,
              -3.0248936
            ],
            [
              37.7755936,
              -3.0249112
            ],
            [
              37.7756648,
              -3.024933
            ],
            [
              37.7757084,
              -3.0249542
            ],
            [
              37.7757476,
              -3.0249994
            ],
            [
              37.7758037,
              -3.0250781
            ],
            [
              37.7758377,
              -3.0250953
            ],
            [
              37.7759149,
              -3.025217
            ],
            [
              37.7759794,
              -3.0253332
            ],
            [
              37.7759921,
              -3.0253993
            ],
            [
              37.7760039,
              -3.0254256
            ],
            [
              37.7760632,
              -3.0254634
            ],
            [
              37.7760819,
              -3.0254603
            ],
            [
              37.7761737,
              -3.0254847
            ],
            [
              37.7762822,
              -3.0255561
            ],
            [
              37.7763342,
              -3.0256543
            ],
            [
              37.7763518,
              -3.0257096
            ],
            [
              37.7764267,
              -3.0258698
            ],
            [
              37.7764413,
              -3.0259106
            ],
            [
              37.7764853,
              -3.0259582
            ],
            [
              37.7765762,
              -3.0259721
            ],
            [
              37.7766469,
              -3.0259906
            ],
            [
              37.7766815,
              -3.0259857
            ],
            [
              37.7767898,
              -3.0260816
            ],
            [
              37.7768662,
              -3.026155
            ],
            [
              37.7769514,
              -3.0261665
            ],
            [
              37.7770293,
              -3.0262425
            ],
            [
              37.7770602,
              -3.0262652
            ],
            [
              37.7770827,
              -3.0263292
            ],
            [
              37.7770827,
              -3.0263596
            ],
            [
              37.7770761,
              -3.0263917
            ],
            [
              37.777093,
              -3.0264818
            ],
            [
              37.77722,
              -3.0266166
            ],
            [
              37.7772247,
              -3.0266675
            ],
            [
              37.7772413,
              -3.026703
            ],
            [
              37.7772883,
              -3.0267655
            ],
            [
              37.7773132,
              -3.0267782
            ],
            [
              37.7773665,
              -3.0268335
            ],
            [
              37.7774243,
              -3.0268756
            ],
            [
              37.7774471,
              -3.0268719
            ],
            [
              37.7774676,
              -3.0268761
            ],
            [
              37.777507,
              -3.0269549
            ],
            [
              37.7775383,
              -3.0269817
            ],
            [
              37.7775843,
              -3.0269713
            ],
            [
              37.7776685,
              -3.0269318
            ],
            [
              37.777819,
              -3.0269012
            ],
            [
              37.7779172,
              -3.026918
            ],
            [
              37.7780579,
              -3.0270512
            ],
            [
              37.778116,
              -3.0271935
            ],
            [
              37.7781437,
              -3.0272344
            ],
            [
              37.7781981,
              -3.0272937
            ],
            [
              37.7782746,
              -3.0274112
            ],
            [
              37.7783466,
              -3.0274733
            ],
            [
              37.7784553,
              -3.0275856
            ],
            [
              37.7785961,
              -3.0276855
            ],
            [
              37.7786055,
              -3.0276854
            ],
            [
              37.7786348,
              -3.0276714
            ],
            [
              37.7787971,
              -3.0276805
            ],
            [
              37.7789253,
              -3.0277515
            ],
            [
              37.7790278,
              -3.0278983
            ],
            [
              37.779061,
              -3.0279333
            ],
            [
              37.7791155,
              -3.0279564
            ],
            [
              37.7792137,
              -3.0280581
            ],
            [
              37.7791837,
              -3.0280926
            ],
            [
              37.779286,
              -3.0281852
            ],
            [
              37.7793982,
              -3.0282711
            ],
            [
              37.779425,
              -3.0282858
            ],
            [
              37.7794383,
              -3.0283321
            ],
            [
              37.779522,
              -3.0284488
            ],
            [
              37.7795558,
              -3.0285118
            ],
            [
              37.7796003,
              -3.0285596
            ],
            [
              37.7796565,
              -3.0286402
            ],
            [
              37.7797397,
              -3.0286974
            ],
            [
              37.7798091,
              -3.0287709
            ],
            [
              37.7799071,
              -3.0287996
            ],
            [
              37.7799491,
              -3.0288031
            ],
            [
              37.7801203,
              -3.0288458
            ],
            [
              37.7802473,
              -3.0288565
            ],
            [
              37.7802788,
              -3.0288667
            ],
            [
              37.7803451,
              -3.0288952
            ],
            [
              37.7804129,
              -3.0289116
            ],
            [
              37.7804561,
              -3.0289646
            ],
            [
              37.7805617,
              -3.0290192
            ],
            [
              37.7806878,
              -3.0291219
            ],
            [
              37.780715,
              -3.02916
            ],
            [
              37.780776,
              -3.0292284
            ],
            [
              37.7808081,
              -3.0292928
            ],
            [
              37.7808222,
              -3.0293083
            ],
            [
              37.7809428,
              -3.0294152
            ],
            [
              37.7810328,
              -3.0294441
            ],
            [
              37.781101,
              -3.0295534
            ],
            [
              37.7811489,
              -3.0296042
            ],
            [
              37.7811523,
              -3.0296394
            ],
            [
              37.781152,
              -3.0298115
            ],
            [
              37.7811925,
              -3.0298775
            ],
            [
              37.7812641,
              -3.0299476
            ],
            [
              37.7813005,
              -3.029921
            ],
            [
              37.7813575,
              -3.0299496
            ],
            [
              37.7813795,
              -3.0299677
            ],
            [
              37.7814667,
              -3.0299826
            ],
            [
              37.7814738,
              -3.029988
            ],
            [
              37.7815341,
              -3.0300086
            ],
            [
              37.7815681,
              -3.0300482
            ],
            [
              37.7816027,
              -3.030097
            ],
            [
              37.7816306,
              -3.0301185
            ],
            [
              37.7816524,
              -3.0301606
            ],
            [
              37.781659,
              -3.0301856
            ],
            [
              37.7816975,
              -3.030229
            ],
            [
              37.7817601,
              -3.0303249
            ],
            [
              37.7817906,
              -3.0303549
            ],
            [
              37.7818782,
              -3.0303983
            ],
            [
              37.7819105,
              -3.0303967
            ],
            [
              37.7820185,
              -3.0304144
            ],
            [
              37.7821198,
              -3.0304746
            ],
            [
              37.7821918,
              -3.0305268
            ],
            [
              37.7823001,
              -3.0305698
            ],
            [
              37.7824153,
              -3.0306859
            ],
            [
              37.7825048,
              -3.0308064
            ],
            [
              37.7825329,
              -3.0308673
            ],
            [
              37.7825549,
              -3.0308673
            ],
            [
              37.782595,
              -3.0308914
            ],
            [
              37.7826569,
              -3.030946
            ],
            [
              37.7827022,
              -3.0310004
            ],
            [
              37.7827148,
              -3.0310296
            ],
            [
              37.7827902,
              -3.0311
            ],
            [
              37.7828663,
              -3.0311407
            ],
            [
              37.7828904,
              -3.0311626
            ],
            [
              37.7830622,
              -3.0311927
            ],
            [
              37.7831869,
              -3.0312656
            ],
            [
              37.7832934,
              -3.0313075
            ],
            [
              37.7833871,
              -3.0313984
            ],
            [
              37.7834068,
              -3.0314084
            ],
            [
              37.7834316,
              -3.0315371
            ],
            [
              37.7834703,
              -3.0315965
            ],
            [
              37.7835596,
              -3.0318343
            ],
            [
              37.7835875,
              -3.0318662
            ],
            [
              37.7836329,
              -3.0318778
            ],
            [
              37.7837517,
              -3.0319529
            ],
            [
              37.7838096,
              -3.0320124
            ],
            [
              37.7839615,
              -3.0320519
            ],
            [
              37.7841898,
              -3.0320463
            ],
            [
              37.7842602,
              -3.0321209
            ],
            [
              37.7842953,
              -3.0321326
            ],
            [
              37.784374,
              -3.0321425
            ],
            [
              37.7845516,
              -3.0321086
            ],
            [
              37.7847018,
              -3.0321498
            ],
            [
              37.7848481,
              -3.0322219
            ],
            [
              37.7848597,
              -3.0322405
            ],
            [
              37.7848782,
              -3.0322524
            ],
            [
              37.7848977,
              -3.0322549
            ],
            [
              37.7851425,
              -3.0322682
            ],
            [
              37.7851735,
              -3.0322647
            ],
            [
              37.785206,
              -3.0322517
            ],
            [
              37.785258,
              -3.0322454
            ],
            [
              37.7853015,
              -3.0322355
            ],
            [
              37.7854667,
              -3.0322179
            ],
            [
              37.7855454,
              -3.0321394
            ],
            [
              37.7856993,
              -3.0320853
            ],
            [
              37.7857925,
              -3.032121
            ],
            [
              37.7859268,
              -3.0321372
            ],
            [
              37.7860572,
              -3.0321753
            ],
            [
              37.7862054,
              -3.032251
            ],
            [
              37.7863305,
              -3.0322566
            ],
            [
              37.7864514,
              -3.0322199
            ],
            [
              37.7864405,
              -3.0322934
            ],
            [
              37.786473,
              -3.0323614
            ],
            [
              37.7865136,
              -3.0324105
            ],
            [
              37.7866246,
              -3.0324559
            ],
            [
              37.7867092,
              -3.0325007
            ],
            [
              37.7867426,
              -3.0325102
            ],
            [
              37.7868275,
              -3.0326175
            ],
            [
              37.7868768,
              -3.032639
            ],
            [
              37.7869284,
              -3.0327024
            ],
            [
              37.7869716,
              -3.0328637
            ],
            [
              37.7869495,
              -3.0329625
            ],
            [
              37.7869806,
              -3.0330207
            ],
            [
              37.7870651,
              -3.0330893
            ],
            [
              37.7871606,
              -3.0332366
            ],
            [
              37.7872492,
              -3.0333987
            ],
            [
              37.7874068,
              -3.0337278
            ],
            [
              37.7874777,
              -3.0338501
            ],
            [
              37.7876237,
              -3.034081
            ],
            [
              37.787625,
              -3.0341141
            ],
            [
              37.7876154,
              -3.034268
            ],
            [
              37.7876175,
              -3.0344588
            ],
            [
              37.7876238,
              -3.0345099
            ],
            [
              37.7876963,
              -3.0347294
            ],
            [
              37.787674,
              -3.0348343
            ],
            [
              37.7878398,
              -3.0350182
            ],
            [
              37.7878749,
              -3.0350444
            ],
            [
              37.787905,
              -3.0351167
            ],
            [
              37.7879397,
              -3.0351411
            ],
            [
              37.788,
              -3.0351968
            ],
            [
              37.7880679,
              -3.0352221
            ],
            [
              37.7880892,
              -3.0352731
            ],
            [
              37.7881052,
              -3.0352961
            ],
            [
              37.7881284,
              -3.035306
            ],
            [
              37.7881386,
              -3.0353543
            ],
            [
              37.788163,
              -3.0354296
            ],
            [
              37.788163,
              -3.035443
            ],
            [
              37.788179,
              -3.0354735
            ],
            [
              37.7882075,
              -3.0355661
            ],
            [
              37.7882002,
              -3.0355906
            ],
            [
              37.7882051,
              -3.0356205
            ],
            [
              37.7882634,
              -3.0357995
            ],
            [
              37.7882799,
              -3.0358687
            ],
            [
              37.7883137,
              -3.0359246
            ],
            [
              37.7883209,
              -3.0359469
            ],
            [
              37.7884197,
              -3.0360885
            ],
            [
              37.7884817,
              -3.0362042
            ],
            [
              37.7885063,
              -3.0362253
            ],
            [
              37.7885182,
              -3.0362435
            ],
            [
              37.7885932,
              -3.0362598
            ],
            [
              37.7886419,
              -3.0363314
            ],
            [
              37.788631,
              -3.0363472
            ],
            [
              37.7885281,
              -3.036447
            ],
            [
              37.7885166,
              -3.036598
            ],
            [
              37.7885367,
              -3.0367559
            ],
            [
              37.7885747,
              -3.0368323
            ],
            [
              37.7885898,
              -3.0368999
            ],
            [
              37.7885919,
              -3.0370409
            ],
            [
              37.7885845,
              -3.0370876
            ],
            [
              37.7885084,
              -3.0372034
            ],
            [
              37.7885007,
              -3.0373823
            ],
            [
              37.788458,
              -3.037474
            ],
            [
              37.7884437,
              -3.0375437
            ],
            [
              37.7884205,
              -3.0375836
            ],
            [
              37.7884131,
              -3.0377393
            ],
            [
              37.7884779,
              -3.0378908
            ],
            [
              37.7885209,
              -3.0380113
            ],
            [
              37.7885108,
              -3.0380354
            ],
            [
              37.7885177,
              -3.0381797
            ],
            [
              37.7885214,
              -3.0381904
            ],
            [
              37.7885212,
              -3.0383517
            ],
            [
              37.7884993,
              -3.0384583
            ],
            [
              37.788428,
              -3.038564
            ],
            [
              37.7883659,
              -3.0386183
            ],
            [
              37.7883657,
              -3.0386457
            ],
            [
              37.7883943,
              -3.0387701
            ],
            [
              37.7884112,
              -3.0389009
            ],
            [
              37.7884476,
              -3.0389431
            ],
            [
              37.7884689,
              -3.0389963
            ],
            [
              37.7884199,
              -3.0391544
            ],
            [
              37.7885309,
              -3.0393098
            ],
            [
              37.7885769,
              -3.0393367
            ],
            [
              37.7885907,
              -3.0393762
            ],
            [
              37.7886379,
              -3.0394754
            ],
            [
              37.7886705,
              -3.0395231
            ],
            [
              37.7887534,
              -3.0395294
            ],
            [
              37.788821,
              -3.0395947
            ],
            [
              37.7888351,
              -3.0397379
            ],
            [
              37.7889217,
              -3.0398741
            ],
            [
              37.7889917,
              -3.0399649
            ],
            [
              37.7889964,
              -3.0401177
            ],
            [
              37.7889239,
              -3.0401873
            ],
            [
              37.7888305,
              -3.0403008
            ],
            [
              37.788797,
              -3.0403446
            ],
            [
              37.7886976,
              -3.0404974
            ],
            [
              37.7886311,
              -3.0405696
            ],
            [
              37.7886054,
              -3.0406763
            ],
            [
              37.7886263,
              -3.0407396
            ],
            [
              37.7886609,
              -3.0409278
            ],
            [
              37.7886597,
              -3.0410863
            ],
            [
              37.7886783,
              -3.0412278
            ],
            [
              37.7886401,
              -3.0413945
            ],
            [
              37.7886465,
              -3.0415253
            ],
            [
              37.7886408,
              -3.0417522
            ],
            [
              37.7886331,
              -3.0419569
            ],
            [
              37.7886611,
              -3.0420991
            ],
            [
              37.7887254,
              -3.0423415
            ],
            [
              37.7890903,
              -3.0428062
            ],
            [
              37.7891761,
              -3.0433044
            ],
            [
              37.7892244,
              -3.044049
            ],
            [
              37.7893424,
              -3.0443007
            ],
            [
              37.7895355,
              -3.0444079
            ],
            [
              37.7904314,
              -3.0447025
            ],
            [
              37.7904206,
              -3.0449382
            ],
            [
              37.7898842,
              -3.0458757
            ],
            [
              37.789734,
              -3.0465506
            ],
            [
              37.7899325,
              -3.0472791
            ],
            [
              37.790426,
              -3.0484737
            ],
            [
              37.790823,
              -3.0490201
            ],
            [
              37.7908069,
              -3.0492558
            ],
            [
              37.7907693,
              -3.0494969
            ],
            [
              37.7912629,
              -3.0499308
            ],
            [
              37.7915168,
              -3.0502812
            ],
            [
              37.7918706,
              -3.0507215
            ],
            [
              37.792545,
              -3.0509486
            ],
            [
              37.7931887,
              -3.0524056
            ],
            [
              37.7935696,
              -3.0530592
            ],
            [
              37.7938217,
              -3.0531984
            ],
            [
              37.7939665,
              -3.0531502
            ],
            [
              37.7939826,
              -3.0529627
            ],
            [
              37.7941757,
              -3.052861
            ],
            [
              37.7947658,
              -3.0530699
            ],
            [
              37.7947658,
              -3.0532038
            ],
            [
              37.7948409,
              -3.0532734
            ],
            [
              37.7957636,
              -3.0532841
            ],
            [
              37.7959204,
              -3.053136
            ],
            [
              37.7961718,
              -3.0532163
            ],
            [
              37.7966239,
              -3.0533658
            ],
            [
              37.796639,
              -3.0533652
            ],
            [
              37.7967338,
              -3.0533972
            ],
            [
              37.7968494,
              -3.0535102
            ],
            [
              37.796866,
              -3.053517
            ],
            [
              37.7969571,
              -3.0535241
            ],
            [
              37.7969948,
              -3.0535494
            ],
            [
              37.7970659,
              -3.0537075
            ],
            [
              37.7971278,
              -3.0538784
            ],
            [
              37.7971399,
              -3.0539803
            ],
            [
              37.7971266,
              -3.0540381
            ],
            [
              37.7971347,
              -3.0540804
            ],
            [
              37.7971824,
              -3.0542422
            ],
            [
              37.7971863,
              -3.0542846
            ],
            [
              37.7972568,
              -3.0544419
            ],
            [
              37.7974482,
              -3.0546683
            ],
            [
              37.7975476,
              -3.0548017
            ],
            [
              37.7976296,
              -3.0549873
            ],
            [
              37.7976512,
              -3.0551319
            ],
            [
              37.7976342,
              -3.0551671
            ],
            [
              37.7976222,
              -3.0552489
            ],
            [
              37.7976067,
              -3.0552737
            ],
            [
              37.7976668,
              -3.05556
            ],
            [
              37.7977203,
              -3.0556609
            ],
            [
              37.7977332,
              -3.0556727
            ],
            [
              37.7977873,
              -3.0558286
            ],
            [
              37.7978757,
              -3.0559334
            ],
            [
              37.7979594,
              -3.0559967
            ],
            [
              37.7979863,
              -3.0560468
            ],
            [
              37.7980413,
              -3.0561006
            ],
            [
              37.7980623,
              -3.0561263
            ],
            [
              37.7980549,
              -3.0561905
            ],
            [
              37.798056,
              -3.0562204
            ],
            [
              37.7980766,
              -3.05628
            ],
            [
              37.7981488,
              -3.0564383
            ],
            [
              37.7982404,
              -3.0565802
            ],
            [
              37.7984781,
              -3.056974
            ],
            [
              37.7985671,
              -3.0570906
            ],
            [
              37.7986475,
              -3.0572454
            ],
            [
              37.7987455,
              -3.0572667
            ],
            [
              37.7988118,
              -3.0573039
            ],
            [
              37.7988578,
              -3.0574844
            ],
            [
              37.7988697,
              -3.0575009
            ],
            [
              37.7989375,
              -3.0575724
            ],
            [
              37.7989812,
              -3.0575906
            ],
            [
              37.7992742,
              -3.0578244
            ],
            [
              37.7992955,
              -3.0578504
            ],
            [
              37.7993308,
              -3.0579063
            ],
            [
              37.7993415,
              -3.0579466
            ],
            [
              37.7998039,
              -3.0585631
            ],
            [
              37.7998651,
              -3.0585935
            ],
            [
              37.7999451,
              -3.0586919
            ],
            [
              37.7999634,
              -3.0586976
            ],
            [
              37.800006,
              -3.0586929
            ],
            [
              37.8000242,
              -3.0587009
            ],
            [
              37.8000523,
              -3.0587399
            ],
            [
              37.8000579,
              -3.0587642
            ],
            [
              37.8000372,
              -3.0587896
            ],
            [
              37.8000377,
              -3.0589426
            ],
            [
              37.8000589,
              -3.0590826
            ],
            [
              37.8001235,
              -3.0591866
            ],
            [
              37.8003614,
              -3.0597695
            ],
            [
              37.8004213,
              -3.059875
            ],
            [
              37.8004196,
              -3.0599333
            ],
            [
              37.8004268,
              -3.0600017
            ],
            [
              37.8004123,
              -3.0600675
            ],
            [
              37.8004224,
              -3.0601701
            ],
            [
              37.8002995,
              -3.0612953
            ],
            [
              37.8003274,
              -3.0613976
            ],
            [
              37.8003263,
              -3.0615135
            ],
            [
              37.800332,
              -3.0615661
            ],
            [
              37.800442,
              -3.0618986
            ],
            [
              37.8004726,
              -3.0619569
            ],
            [
              37.800482,
              -3.0619795
            ],
            [
              37.8004857,
              -3.062001
            ],
            [
              37.8005401,
              -3.0620913
            ],
            [
              37.8005657,
              -3.0621556
            ],
            [
              37.8006236,
              -3.062284
            ],
            [
              37.8006398,
              -3.0623131
            ],
            [
              37.8007476,
              -3.0624239
            ],
            [
              37.8007739,
              -3.0624399
            ],
            [
              37.8008213,
              -3.0624575
            ],
            [
              37.8009012,
              -3.0624638
            ],
            [
              37.8009586,
              -3.0624514
            ],
            [
              37.8018644,
              -3.0626653
            ],
            [
              37.8019473,
              -3.0627008
            ],
            [
              37.802138,
              -3.0627681
            ],
            [
              37.8023971,
              -3.0629964
            ],
            [
              37.802612,
              -3.0632145
            ],
            [
              37.8026698,
              -3.063313
            ],
            [
              37.8027133,
              -3.0633515
            ],
            [
              37.8027701,
              -3.0634406
            ],
            [
              37.8027925,
              -3.0635325
            ],
            [
              37.8028296,
              -3.063577
            ],
            [
              37.8029184,
              -3.0637092
            ],
            [
              37.802953,
              -3.0637473
            ],
            [
              37.8030068,
              -3.06388
            ],
            [
              37.8030384,
              -3.0639018
            ],
            [
              37.8030184,
              -3.063997
            ],
            [
              37.8030028,
              -3.0641103
            ],
            [
              37.802957,
              -3.064309
            ],
            [
              37.8029504,
              -3.0644906
            ],
            [
              37.8029231,
              -3.0645647
            ],
            [
              37.8028981,
              -3.064682
            ],
            [
              37.8028112,
              -3.064795
            ],
            [
              37.8120866,
              -3.1007694
            ],
            [
              37.8406677,
              -3.0995469
            ],
            [
              37.8420553,
              -3.100478
            ],
            [
              37.8424253,
              -3.1006467
            ],
            [
              37.8426652,
              -3.1009108
            ],
            [
              37.84343,
              -3.1009979
            ],
            [
              37.8441023,
              -3.1009485
            ],
            [
              37.8447304,
              -3.1007023
            ],
            [
              37.8452265,
              -3.1006718
            ],
            [
              37.845424,
              -3.100871
            ],
            [
              37.8456159,
              -3.1008355
            ],
            [
              37.8460845,
              -3.1005082
            ],
            [
              37.8464337,
              -3.1004841
            ],
            [
              37.8466473,
              -3.1005965
            ],
            [
              37.8467105,
              -3.1009244
            ],
            [
              37.8472209,
              -3.1012706
            ],
            [
              37.8476659,
              -3.1012593
            ],
            [
              37.8483081,
              -3.1010604
            ],
            [
              37.8486139,
              -3.1012586
            ],
            [
              37.8492361,
              -3.1016068
            ],
            [
              37.8491235,
              -3.1020781
            ],
            [
              37.8501105,
              -3.1028173
            ],
            [
              37.8505236,
              -3.1029673
            ],
            [
              37.850765,
              -3.1028227
            ],
            [
              37.8510386,
              -3.1029138
            ],
            [
              37.8512371,
              -3.1032137
            ],
            [
              37.8512961,
              -3.1033691
            ],
            [
              37.8518164,
              -3.1033744
            ],
            [
              37.8523582,
              -3.103353
            ],
            [
              37.8524494,
              -3.1032566
            ],
            [
              37.8526211,
              -3.1030959
            ],
            [
              37.8532702,
              -3.1029298
            ],
            [
              37.8533917,
              -3.1028628
            ],
            [
              37.8536779,
              -3.1027049
            ],
            [
              37.8541177,
              -3.1023085
            ],
            [
              37.8542948,
              -3.1022442
            ],
            [
              37.8545576,
              -3.1024585
            ],
            [
              37.8547361,
              -3.1025711
            ],
            [
              37.8547416,
              -3.0893684
            ],
            [
              37.8559013,
              -3.0854622
            ],
            [
              37.8573051,
              -3.081739
            ],
            [
              37.8660941,
              -3.081739
            ],
            [
              37.8715263,
              -3.0796638
            ],
            [
              37.8723197,
              -3.0713631
            ],
            [
              37.8747001,
              -3.052259
            ],
            [
              37.8754935,
              -3.0433479
            ],
            [
              37.8756765,
              -3.0419666
            ],
            [
              37.8755869,
              -3.041942
            ],
            [
              37.8751718,
              -3.0416432
            ],
            [
              37.8748559,
              -3.0411436
            ],
            [
              37.8748208,
              -3.0407142
            ],
            [
              37.8749173,
              -3.0403549
            ],
            [
              37.8747242,
              -3.0401884
            ],
            [
              37.8743205,
              -3.0401533
            ],
            [
              37.873715,
              -3.0403724
            ],
            [
              37.8729885,
              -3.0410784
            ],
            [
              37.8725653,
              -3.0412751
            ],
            [
              37.8721616,
              -3.0412839
            ],
            [
              37.8716701,
              -3.041056
            ],
            [
              37.8713717,
              -3.0406879
            ],
            [
              37.8709241,
              -3.0403111
            ],
            [
              37.8699675,
              -3.0399868
            ],
            [
              37.8692562,
              -3.0396563
            ],
            [
              37.8690811,
              -3.0395749
            ],
            [
              37.8685019,
              -3.0391542
            ],
            [
              37.867949,
              -3.0386109
            ],
            [
              37.8674838,
              -3.0383217
            ],
            [
              37.8668344,
              -3.0379799
            ],
            [
              37.8661142,
              -3.0369012
            ],
            [
              37.8659743,
              -3.0366916
            ],
            [
              37.8656584,
              -3.0358765
            ],
            [
              37.8650879,
              -3.0347285
            ],
            [
              37.8647017,
              -3.0342727
            ],
            [
              37.8641488,
              -3.0338521
            ],
            [
              37.8637627,
              -3.033335
            ],
            [
              37.8636574,
              -3.0328354
            ],
            [
              37.8636925,
              -3.0323885
            ],
            [
              37.8638407,
              -3.0317451
            ]
          ]
        ]
      },
      "id": "relation/20815275"
    },
    {
      "type": "Feature",
      "properties": {
        "@id": "relation/20971978",
        "admin_level": "8",
        "admin_type:KE": "ward",
        "boundary": "administrative",
        "name": "Kanziko ward",
        "type": "boundary"
      },
      "geometry": {
        "type": "Polygon",
        "coordinates": [
          [
            [
              38.5018677,
              -2.022208
            ],
            [
              38.4855631,
              -2.0089657
            ],
            [
              38.4664765,
              -1.9935164
            ],
            [
              38.4509587,
              -1.9837823
            ],
            [
              38.4472081,
              -1.9814296
            ],
            [
              38.4395735,
              -1.9762495
            ],
            [
              38.4316662,
              -1.9698881
            ],
            [
              38.4289856,
              -1.9672687
            ],
            [
              38.4276671,
              -1.9659803
            ],
            [
              38.4210322,
              -1.9600732
            ],
            [
              38.4117616,
              -1.9528938
            ],
            [
              38.4107236,
              -1.9522019
            ],
            [
              38.4098453,
              -1.9516164
            ],
            [
              38.404945,
              -1.9483499
            ],
            [
              38.3963106,
              -1.9413523
            ],
            [
              38.3955806,
              -1.940563
            ],
            [
              38.3890639,
              -1.9335166
            ],
            [
              38.3884942,
              -1.9329006
            ],
            [
              38.3858584,
              -1.9298107
            ],
            [
              38.3868928,
              -1.9248972
            ],
            [
              38.3865366,
              -1.9245301
            ],
            [
              38.3806892,
              -1.9185054
            ],
            [
              38.3698718,
              -1.9073601
            ],
            [
              38.3653165,
              -1.9026667
            ],
            [
              38.361549,
              -1.898785
            ],
            [
              38.3575203,
              -1.8946341
            ],
            [
              38.3527237,
              -1.8896921
            ],
            [
              38.347393,
              -1.8841997
            ],
            [
              38.3338414,
              -1.8681657
            ],
            [
              38.3304574,
              -1.8730125
            ],
            [
              38.3230334,
              -1.8836456
            ],
            [
              38.3199262,
              -1.8877394
            ],
            [
              38.3158231,
              -1.8923764
            ],
            [
              38.3106028,
              -1.898276
            ],
            [
              38.3098313,
              -1.8979704
            ],
            [
              38.3057857,
              -1.8963675
            ],
            [
              38.3016001,
              -1.8943934
            ],
            [
              38.3009686,
              -1.8940956
            ],
            [
              38.2966968,
              -1.8916419
            ],
            [
              38.2932431,
              -1.8895517
            ],
            [
              38.2896075,
              -1.8871888
            ],
            [
              38.2872444,
              -1.8857348
            ],
            [
              38.2846087,
              -1.8858257
            ],
            [
              38.2823364,
              -1.8868253
            ],
            [
              38.2800642,
              -1.8886429
            ],
            [
              38.2789736,
              -1.8910966
            ],
            [
              38.2767014,
              -1.8928233
            ],
            [
              38.2739747,
              -1.8944591
            ],
            [
              38.2699756,
              -1.896822
            ],
            [
              38.2693928,
              -1.8968802
            ],
            [
              38.267249,
              -1.8970946
            ],
            [
              38.2668277,
              -1.8970946
            ],
            [
              38.2668841,
              -1.8972659
            ],
            [
              38.265209,
              -1.8962715
            ],
            [
              38.2630628,
              -1.8948582
            ],
            [
              38.2618064,
              -1.8942825
            ],
            [
              38.2604454,
              -1.8955387
            ],
            [
              38.2592414,
              -1.8982604
            ],
            [
              38.2589273,
              -1.9008775
            ],
            [
              38.2589797,
              -1.9026048
            ],
            [
              38.2567811,
              -1.9036516
            ],
            [
              38.255613,
              -1.9037035
            ],
            [
              38.2552477,
              -1.9037198
            ],
            [
              38.2544255,
              -1.9037563
            ],
            [
              38.2520699,
              -1.906007
            ],
            [
              38.2502901,
              -1.9085194
            ],
            [
              38.250004,
              -1.9120232
            ],
            [
              38.2506214,
              -1.9136762
            ],
            [
              38.2513576,
              -1.9164143
            ],
            [
              38.2517404,
              -1.9179159
            ],
            [
              38.2519465,
              -1.9205362
            ],
            [
              38.2523587,
              -1.922185
            ],
            [
              38.2530654,
              -1.9239515
            ],
            [
              38.2541254,
              -1.9253942
            ],
            [
              38.2544285,
              -1.9259623
            ],
            [
              38.2550677,
              -1.9271607
            ],
            [
              38.2562455,
              -1.9286034
            ],
            [
              38.2575117,
              -1.9297222
            ],
            [
              38.2583361,
              -1.9302816
            ],
            [
              38.2570994,
              -1.9311059
            ],
            [
              38.2559511,
              -1.932107
            ],
            [
              38.2544493,
              -1.9338146
            ],
            [
              38.2535954,
              -1.9358167
            ],
            [
              38.2527415,
              -1.9378776
            ],
            [
              38.2528299,
              -1.9392319
            ],
            [
              38.2536543,
              -1.9401741
            ],
            [
              38.2555388,
              -1.9415579
            ],
            [
              38.2573056,
              -1.9436483
            ],
            [
              38.2588073,
              -1.9457092
            ],
            [
              38.2597495,
              -1.9481823
            ],
            [
              38.2596263,
              -1.9497688
            ],
            [
              38.259514,
              -1.9512149
            ],
            [
              38.2591312,
              -1.9543946
            ],
            [
              38.2591654,
              -1.954728
            ],
            [
              38.2594845,
              -1.9578393
            ],
            [
              38.2601912,
              -1.9602536
            ],
            [
              38.2615457,
              -1.9624617
            ],
            [
              38.2621346,
              -1.9636394
            ],
            [
              38.2616046,
              -1.9651704
            ],
            [
              38.2613985,
              -1.9661714
            ],
            [
              38.2615457,
              -1.9681735
            ],
            [
              38.262753,
              -1.9694395
            ],
            [
              38.2640191,
              -1.96994
            ],
            [
              38.2645197,
              -1.9702344
            ],
            [
              38.2649614,
              -1.9708822
            ],
            [
              38.2642547,
              -1.9712355
            ],
            [
              38.2636069,
              -1.9720304
            ],
            [
              38.2636658,
              -1.9725604
            ],
            [
              38.2644019,
              -1.973267
            ],
            [
              38.2653147,
              -1.9739736
            ],
            [
              38.2660214,
              -1.9761523
            ],
            [
              38.2646964,
              -1.9773005
            ],
            [
              38.263813,
              -1.9768883
            ],
            [
              38.2634008,
              -1.9762995
            ],
            [
              38.2626941,
              -1.9769767
            ],
            [
              38.2626057,
              -1.9785077
            ],
            [
              38.2621346,
              -1.9795087
            ],
            [
              38.2604268,
              -1.9805686
            ],
            [
              38.2596612,
              -1.9801859
            ],
            [
              38.2590134,
              -1.9797442
            ],
            [
              38.2581006,
              -1.9797737
            ],
            [
              38.2576295,
              -1.9807453
            ],
            [
              38.2577473,
              -1.9814813
            ],
            [
              38.2586012,
              -1.9825118
            ],
            [
              38.2585717,
              -1.9831301
            ],
            [
              38.2579534,
              -1.9832773
            ],
            [
              38.2570111,
              -1.9829829
            ],
            [
              38.2561572,
              -1.9834834
            ],
            [
              38.2548911,
              -1.9839839
            ],
            [
              38.2532421,
              -1.9845433
            ],
            [
              38.2517404,
              -1.9853088
            ],
            [
              38.2505626,
              -1.986457
            ],
            [
              38.2496203,
              -1.9880763
            ],
            [
              38.2487075,
              -1.9898429
            ],
            [
              38.2493553,
              -1.9914327
            ],
            [
              38.2500915,
              -1.9924043
            ],
            [
              38.2493553,
              -1.9947597
            ],
            [
              38.249299,
              -1.9948191
            ],
            [
              38.2482953,
              -1.9958785
            ],
            [
              38.2475886,
              -1.9976744
            ],
            [
              38.2480303,
              -1.9985872
            ],
            [
              38.2484037,
              -1.999365
            ],
            [
              38.248737,
              -2.0000593
            ],
            [
              38.2490314,
              -2.0012664
            ],
            [
              38.2497381,
              -2.002709
            ],
            [
              38.2516226,
              -2.0044461
            ],
            [
              38.2523588,
              -2.0054177
            ],
            [
              38.2531538,
              -2.0053294
            ],
            [
              38.2537427,
              -2.0056238
            ],
            [
              38.2542138,
              -2.0065365
            ],
            [
              38.2553033,
              -2.0060065
            ],
            [
              38.2560983,
              -2.0056827
            ],
            [
              38.2572761,
              -2.0060949
            ],
            [
              38.2576295,
              -2.0071253
            ],
            [
              38.2580712,
              -2.0079792
            ],
            [
              38.259249,
              -2.0081558
            ],
            [
              38.2594845,
              -2.0081558
            ],
            [
              38.2603385,
              -2.0078614
            ],
            [
              38.260839,
              -2.0081853
            ],
            [
              38.2616929,
              -2.0095396
            ],
            [
              38.2618107,
              -2.0105406
            ],
            [
              38.2620463,
              -2.0116005
            ],
            [
              38.2626941,
              -2.0126605
            ],
            [
              38.2641664,
              -2.0139265
            ],
            [
              38.2649614,
              -2.0153102
            ],
            [
              38.2655503,
              -2.016694
            ],
            [
              38.2658153,
              -2.0179306
            ],
            [
              38.2661686,
              -2.0194027
            ],
            [
              38.2661097,
              -2.020757
            ],
            [
              38.2658447,
              -2.0216108
            ],
            [
              38.266279,
              -2.0220451
            ],
            [
              38.2663159,
              -2.0220819
            ],
            [
              38.2670226,
              -2.0227591
            ],
            [
              38.2680826,
              -2.0235246
            ],
            [
              38.2697904,
              -2.0244667
            ],
            [
              38.2709093,
              -2.025085
            ],
            [
              38.2724994,
              -2.0253794
            ],
            [
              38.2737067,
              -2.0259683
            ],
            [
              38.2747667,
              -2.0283531
            ],
            [
              38.2752967,
              -2.0302668
            ],
            [
              38.2767395,
              -2.0331521
            ],
            [
              38.2781823,
              -2.0344476
            ],
            [
              38.2792129,
              -2.0351542
            ],
            [
              38.2792424,
              -2.0360374
            ],
            [
              38.2795957,
              -2.0365674
            ],
            [
              38.280273,
              -2.0375095
            ],
            [
              38.2799491,
              -2.038275
            ],
            [
              38.2799491,
              -2.0395116
            ],
            [
              38.280803,
              -2.040071
            ],
            [
              38.2812152,
              -2.0408659
            ],
            [
              38.2820986,
              -2.0421319
            ],
            [
              38.282658,
              -2.043604
            ],
            [
              38.2824225,
              -2.0442223
            ],
            [
              38.281598,
              -2.0454589
            ],
            [
              38.2819808,
              -2.046195
            ],
            [
              38.2814508,
              -2.0476376
            ],
            [
              38.2808619,
              -2.0491392
            ],
            [
              38.2803319,
              -2.0504935
            ],
            [
              38.2805969,
              -2.05226
            ],
            [
              38.2815391,
              -2.0531138
            ],
            [
              38.281863,
              -2.0539382
            ],
            [
              38.2820691,
              -2.0557931
            ],
            [
              38.282393,
              -2.0564408
            ],
            [
              38.2831881,
              -2.0573241
            ],
            [
              38.2835709,
              -2.058384
            ],
            [
              38.2835709,
              -2.0607393
            ],
            [
              38.2836364,
              -2.0616079
            ],
            [
              38.2836886,
              -2.0622998
            ],
            [
              38.2843953,
              -2.064714
            ],
            [
              38.2858382,
              -2.0683354
            ],
            [
              38.2869865,
              -2.0701608
            ],
            [
              38.2884882,
              -2.0706907
            ],
            [
              38.2894894,
              -2.0709263
            ],
            [
              38.2900488,
              -2.0714857
            ],
            [
              38.2903138,
              -2.0727517
            ],
            [
              38.2909911,
              -2.0734583
            ],
            [
              38.2917367,
              -2.0739423
            ],
            [
              38.2926695,
              -2.0745477
            ],
            [
              38.2949957,
              -2.0751365
            ],
            [
              38.2968367,
              -2.076287
            ],
            [
              38.2973513,
              -2.0766086
            ],
            [
              38.2981169,
              -2.0784046
            ],
            [
              38.298323,
              -2.0799944
            ],
            [
              38.2983472,
              -2.0813768
            ],
            [
              38.2983524,
              -2.0816726
            ],
            [
              38.2989413,
              -2.0830564
            ],
            [
              38.2992652,
              -2.0844991
            ],
            [
              38.3000897,
              -2.0853234
            ],
            [
              38.3003547,
              -2.0865895
            ],
            [
              38.3007081,
              -2.0881793
            ],
            [
              38.3011497,
              -2.088356
            ],
            [
              38.3016798,
              -2.0889154
            ],
            [
              38.3019448,
              -2.0895631
            ],
            [
              38.3022981,
              -2.0899164
            ],
            [
              38.3026809,
              -2.0899164
            ],
            [
              38.3032993,
              -2.089887
            ],
            [
              38.3038293,
              -2.0901519
            ],
            [
              38.3047421,
              -2.0900047
            ],
            [
              38.305596,
              -2.0900636
            ],
            [
              38.3062438,
              -2.0900636
            ],
            [
              38.3068032,
              -2.090358
            ],
            [
              38.3072155,
              -2.0907113
            ],
            [
              38.3075394,
              -2.0912707
            ],
            [
              38.3079516,
              -2.0918596
            ],
            [
              38.3079285,
              -2.0920561
            ],
            [
              38.3078927,
              -2.0923601
            ],
            [
              38.3077749,
              -2.0928901
            ],
            [
              38.3077455,
              -2.0938322
            ],
            [
              38.3082166,
              -2.0945388
            ],
            [
              38.3088055,
              -2.0951865
            ],
            [
              38.3091883,
              -2.0956576
            ],
            [
              38.3098656,
              -2.096482
            ],
            [
              38.3104839,
              -2.0969825
            ],
            [
              38.3111023,
              -2.0974241
            ],
            [
              38.3113967,
              -2.0978363
            ],
            [
              38.3113673,
              -2.0982485
            ],
            [
              38.3108667,
              -2.0989257
            ],
            [
              38.3108373,
              -2.0998384
            ],
            [
              38.3111023,
              -2.1006628
            ],
            [
              38.3118384,
              -2.1012516
            ],
            [
              38.3124568,
              -2.1016932
            ],
            [
              38.3130457,
              -2.1018993
            ],
            [
              38.313399,
              -2.1024293
            ],
            [
              38.3129868,
              -2.1027531
            ],
            [
              38.3123095,
              -2.1032242
            ],
            [
              38.312339,
              -2.1039308
            ],
            [
              38.312604,
              -2.1046963
            ],
            [
              38.3131046,
              -2.1051379
            ],
            [
              38.3140174,
              -2.1062862
            ],
            [
              38.3148124,
              -2.1074933
            ],
            [
              38.3155485,
              -2.1085827
            ],
            [
              38.3167852,
              -2.1099664
            ],
            [
              38.3177275,
              -2.1107908
            ],
            [
              38.3186697,
              -2.1118802
            ],
            [
              38.3190673,
              -2.1127812
            ],
            [
              38.3191114,
              -2.1128812
            ],
            [
              38.3200831,
              -2.1144711
            ],
            [
              38.3213787,
              -2.1154427
            ],
            [
              38.3230276,
              -2.1162965
            ],
            [
              38.3244999,
              -2.1169736
            ],
            [
              38.3255599,
              -2.1179747
            ],
            [
              38.3264433,
              -2.118593
            ],
            [
              38.3281217,
              -2.1193585
            ],
            [
              38.3300356,
              -2.1195645
            ],
            [
              38.3315373,
              -2.1195645
            ],
            [
              38.3328624,
              -2.1195057
            ],
            [
              38.3340696,
              -2.1194762
            ],
            [
              38.334953,
              -2.1197118
            ],
            [
              38.3356891,
              -2.1205361
            ],
            [
              38.3366608,
              -2.1225676
            ],
            [
              38.3374264,
              -2.1242753
            ],
            [
              38.3382509,
              -2.125188
            ],
            [
              38.338722,
              -2.1262184
            ],
            [
              38.3393404,
              -2.1277789
            ],
            [
              38.3400471,
              -2.1290743
            ],
            [
              38.340636,
              -2.1296043
            ],
            [
              38.3412543,
              -2.1301637
            ],
            [
              38.3419316,
              -2.1307231
            ],
            [
              38.3426971,
              -2.1324602
            ],
            [
              38.3446405,
              -2.1346683
            ],
            [
              38.3458478,
              -2.1357282
            ],
            [
              38.3472906,
              -2.1368176
            ],
            [
              38.3524141,
              -2.1399973
            ],
            [
              38.3562845,
              -2.1418029
            ],
            [
              38.3606354,
              -2.1381937
            ],
            [
              38.3672414,
              -2.1327139
            ],
            [
              38.3671688,
              -2.132627
            ],
            [
              38.3670932,
              -2.1325367
            ],
            [
              38.4107173,
              -2.0963496
            ],
            [
              38.4160853,
              -2.0918967
            ],
            [
              38.4351039,
              -2.0761204
            ],
            [
              38.4382428,
              -2.0735719
            ],
            [
              38.4518694,
              -2.0625084
            ],
            [
              38.452249,
              -2.0625607
            ],
            [
              38.4522999,
              -2.0624526
            ],
            [
              38.4749883,
              -2.0440316
            ],
            [
              38.4758448,
              -2.0433363
            ],
            [
              38.5018677,
              -2.022208
            ]
          ]
        ]
      },
      "id": "relation/20971978"
    },
    {
      "type": "Feature",
      "properties": {
        "@id": "way/644547938",
        "amenity": "clinic",
        "building": "yes",
        "healthcare": "clinic",
        "name": "Kitendeni Dispensary"
      },
      "geometry": {
        "type": "Polygon",
        "coordinates": [
          [
            [
              37.2440772,
              -2.8459069
            ],
            [
              37.2440487,
              -2.8459835
            ],
            [
              37.2441533,
              -2.8460224
            ],
            [
              37.2441818,
              -2.8459457
            ],
            [
              37.2440772,
              -2.8459069
            ]
          ]
        ]
      },
      "id": "way/644547938"
    },
    {
      "type": "Feature",
      "properties": {
        "@id": "way/1113763860",
        "boundary": "protected_area",
        "leisure": "nature_reserve",
        "name": "Kanzi Conservancy",
        "operator": "Maasai Wilderness Conservation Trust",
        "protect_class": "6",
        "protection_title": "Community Conservancy",
        "source": "Local knowlegde, Sattelite Imagery BING",
        "website": "https://maasaiwilderness.org/"
      },
      "geometry": {
        "type": "Polygon",
        "coordinates": [
          [
            [
              37.909041,
              -2.774377
            ],
            [
              37.909888,
              -2.771638
            ],
            [
              37.908736,
              -2.764106
            ],
            [
              37.889522,
              -2.737806
            ],
            [
              37.832777,
              -2.749547
            ],
            [
              37.8846289,
              -2.80953
            ],
            [
              37.889319,
              -2.81155
            ],
            [
              37.892946,
              -2.809581
            ],
            [
              37.909041,
              -2.774377
            ]
          ]
        ]
      },
      "id": "way/1113763860"
    },
    {
      "type": "Feature",
      "properties": {
        "@id": "way/1113763861",
        "boundary": "protected_area",
        "leisure": "nature_reserve",
        "name": "Olpusare Springs Conservancy",
        "protect_class": "1",
        "protection_title": "Conservancy",
        "source": "Local knowlegde, Sattelite Imagery BING",
        "website": "https://maasaiwilderness.org/"
      },
      "geometry": {
        "type": "Polygon",
        "coordinates": [
          [
            [
              37.913779,
              -2.8499629
            ],
            [
              37.91075,
              -2.865373
            ],
            [
              37.891647,
              -2.8793479
            ],
            [
              37.856426,
              -2.8793129
            ],
            [
              37.856408,
              -2.897385
            ],
            [
              37.841586,
              -2.910875
            ],
            [
              37.855208,
              -2.927731
            ],
            [
              37.85534,
              -2.927689
            ],
            [
              37.855835,
              -2.927372
            ],
            [
              37.856165,
              -2.927225
            ],
            [
              37.85637,
              -2.927202
            ],
            [
              37.856518,
              -2.927141
            ],
            [
              37.856565,
              -2.927104
            ],
            [
              37.856622,
              -2.926803
            ],
            [
              37.8566,
              -2.926667
            ],
            [
              37.856715,
              -2.9264
            ],
            [
              37.85689,
              -2.926346
            ],
            [
              37.857292,
              -2.926375
            ],
            [
              37.857517,
              -2.926365
            ],
            [
              37.857914,
              -2.926281
            ],
            [
              37.858223,
              -2.926249
            ],
            [
              37.858432,
              -2.926234
            ],
            [
              37.858554,
              -2.926322
            ],
            [
              37.858633,
              -2.926447
            ],
            [
              37.858744,
              -2.926535
            ],
            [
              37.858909,
              -2.926579
            ],
            [
              37.859003,
              -2.926576
            ],
            [
              37.859063,
              -2.9265119
            ],
            [
              37.859221,
              -2.9264549
            ],
            [
              37.8593959,
              -2.926313
            ],
            [
              37.859618,
              -2.926066
            ],
            [
              37.859756,
              -2.9259719
            ],
            [
              37.859901,
              -2.925962
            ],
            [
              37.8600489,
              -2.925969
            ],
            [
              37.86012,
              -2.9259179
            ],
            [
              37.860177,
              -2.925823
            ],
            [
              37.860254,
              -2.925482
            ],
            [
              37.860352,
              -2.925377
            ],
            [
              37.860379,
              -2.925313
            ],
            [
              37.860352,
              -2.925239
            ],
            [
              37.860366,
              -2.925148
            ],
            [
              37.860406,
              -2.925039
            ],
            [
              37.860568,
              -2.924966
            ],
            [
              37.860863,
              -2.924971
            ],
            [
              37.861271,
              -2.925143
            ],
            [
              37.861773,
              -2.925225
            ],
            [
              37.862204,
              -2.925248
            ],
            [
              37.862423,
              -2.925252
            ],
            [
              37.862979,
              -2.925393
            ],
            [
              37.863278,
              -2.925499
            ],
            [
              37.863396,
              -2.925555
            ],
            [
              37.863467,
              -2.925614
            ],
            [
              37.863476,
              -2.925699
            ],
            [
              37.863319,
              -2.925943
            ],
            [
              37.863319,
              -2.9259879
            ],
            [
              37.863481,
              -2.926273
            ],
            [
              37.863507,
              -2.926468
            ],
            [
              37.863543,
              -2.926542
            ],
            [
              37.86365,
              -2.926633
            ],
            [
              37.8638,
              -2.926693
            ],
            [
              37.863909,
              -2.926704
            ],
            [
              37.864072,
              -2.926634
            ],
            [
              37.864195,
              -2.926568
            ],
            [
              37.864419,
              -2.92653
            ],
            [
              37.8650639,
              -2.926399
            ],
            [
              37.86529,
              -2.926251
            ],
            [
              37.86565,
              -2.926085
            ],
            [
              37.865836,
              -2.925874
            ],
            [
              37.866027,
              -2.92569
            ],
            [
              37.866285,
              -2.92564
            ],
            [
              37.866646,
              -2.925617
            ],
            [
              37.867029,
              -2.9253459
            ],
            [
              37.867389,
              -2.925301
            ],
            [
              37.867997,
              -2.925687
            ],
            [
              37.868447,
              -2.925823
            ],
            [
              37.869528,
              -2.926164
            ],
            [
              37.8703829,
              -2.926232
            ],
            [
              37.87151,
              -2.925736
            ],
            [
              37.872073,
              -2.925646
            ],
            [
              37.872568,
              -2.925488
            ],
            [
              37.873537,
              -2.925013
            ],
            [
              37.874573,
              -2.924629
            ],
            [
              37.875316,
              -2.924607
            ],
            [
              37.875731,
              -2.924732
            ],
            [
              37.8758709,
              -2.924808
            ],
            [
              37.875927,
              -2.924886
            ],
            [
              37.876085,
              -2.92522
            ],
            [
              37.876396,
              -2.925424
            ],
            [
              37.876599,
              -2.925469
            ],
            [
              37.876664,
              -2.925385
            ],
            [
              37.87677,
              -2.925332
            ],
            [
              37.876897,
              -2.925313
            ],
            [
              37.87709,
              -2.925329
            ],
            [
              37.877339,
              -2.925405
            ],
            [
              37.8774299,
              -2.925422
            ],
            [
              37.877576,
              -2.925388
            ],
            [
              37.877642,
              -2.925394
            ],
            [
              37.877757,
              -2.925434
            ],
            [
              37.87791,
              -2.925512
            ],
            [
              37.878292,
              -2.92564
            ],
            [
              37.8785809,
              -2.925695
            ],
            [
              37.878729,
              -2.9257749
            ],
            [
              37.878971,
              -2.925754
            ],
            [
              37.879135,
              -2.925764
            ],
            [
              37.879357,
              -2.925844
            ],
            [
              37.879979,
              -2.9259
            ],
            [
              37.880107,
              -2.925893
            ],
            [
              37.880235,
              -2.925853
            ],
            [
              37.880419,
              -2.925965
            ],
            [
              37.8805509,
              -2.926009
            ],
            [
              37.880678,
              -2.926066
            ],
            [
              37.881115,
              -2.926391
            ],
            [
              37.881196,
              -2.926533
            ],
            [
              37.881279,
              -2.926618
            ],
            [
              37.881484,
              -2.926861
            ],
            [
              37.881664,
              -2.927036
            ],
            [
              37.882294,
              -2.92715
            ],
            [
              37.882483,
              -2.927322
            ],
            [
              37.882861,
              -2.927782
            ],
            [
              37.883028,
              -2.927921
            ],
            [
              37.8832049,
              -2.928497
            ],
            [
              37.883321,
              -2.928711
            ],
            [
              37.883694,
              -2.929126
            ],
            [
              37.883843,
              -2.929442
            ],
            [
              37.883867,
              -2.929511
            ],
            [
              37.883899,
              -2.929534
            ],
            [
              37.884032,
              -2.929566
            ],
            [
              37.884191,
              -2.929617
            ],
            [
              37.884338,
              -2.929728
            ],
            [
              37.884483,
              -2.929985
            ],
            [
              37.884651,
              -2.930067
            ],
            [
              37.884732,
              -2.930195
            ],
            [
              37.884746,
              -2.93039
            ],
            [
              37.884799,
              -2.930557
            ],
            [
              37.88498,
              -2.930638
            ],
            [
              37.885497,
              -2.930649
            ],
            [
              37.885703,
              -2.930663
            ],
            [
              37.885841,
              -2.930723
            ],
            [
              37.885945,
              -2.93073
            ],
            [
              37.8860389,
              -2.930663
            ],
            [
              37.886184,
              -2.930609
            ],
            [
              37.886439,
              -2.930663
            ],
            [
              37.886752,
              -2.930697
            ],
            [
              37.886899,
              -2.93059
            ],
            [
              37.8871589,
              -2.930569
            ],
            [
              37.887657,
              -2.930283
            ],
            [
              37.887944,
              -2.92997
            ],
            [
              37.888261,
              -2.929814
            ],
            [
              37.888437,
              -2.929836
            ],
            [
              37.889362,
              -2.929563
            ],
            [
              37.889678,
              -2.929563
            ],
            [
              37.889856,
              -2.92951
            ],
            [
              37.890125,
              -2.929388
            ],
            [
              37.890324,
              -2.929354
            ],
            [
              37.890428,
              -2.92935
            ],
            [
              37.895534,
              -2.887692
            ],
            [
              37.918431,
              -2.8708026
            ],
            [
              37.9192745,
              -2.8674251
            ],
            [
              37.9197339,
              -2.8628644
            ],
            [
              37.9214908,
              -2.8562667
            ],
            [
              37.9220003,
              -2.8540613
            ],
            [
              37.9222358,
              -2.8530046
            ],
            [
              37.9223258,
              -2.8526219
            ],
            [
              37.922525,
              -2.8517108
            ],
            [
              37.913779,
              -2.8499629
            ]
          ]
        ]
      },
      "id": "way/1113763861"
    },
    {
      "type": "Feature",
      "properties": {
        "@id": "way/1169384630",
        "boundary": "protected_area",
        "leisure": "nature_reserve",
        "name": "Kitenden A Community Conservancy",
        "protect_class": "6",
        "protection_title": "Community Conservancy"
      },
      "geometry": {
        "type": "Polygon",
        "coordinates": [
          [
            [
              37.3137298,
              -2.7926355
            ],
            [
              37.3292706,
              -2.7819024
            ],
            [
              37.3293576,
              -2.7817284
            ],
            [
              37.3293924,
              -2.7815457
            ],
            [
              37.329462,
              -2.7812846
            ],
            [
              37.3294011,
              -2.7808843
            ],
            [
              37.3292445,
              -2.7805276
            ],
            [
              37.3292445,
              -2.7802447
            ],
            [
              37.3294707,
              -2.7795616
            ],
            [
              37.3300102,
              -2.7791266
            ],
            [
              37.3306194,
              -2.7786131
            ],
            [
              37.330863,
              -2.7782738
            ],
            [
              37.3308282,
              -2.7776124
            ],
            [
              37.3309674,
              -2.7771512
            ],
            [
              37.3313677,
              -2.776751
            ],
            [
              37.3316636,
              -2.776516
            ],
            [
              37.3317767,
              -2.7761853
            ],
            [
              37.3316897,
              -2.775846
            ],
            [
              37.3318376,
              -2.7754631
            ],
            [
              37.3317506,
              -2.774941
            ],
            [
              37.3316592,
              -2.774793
            ],
            [
              37.3315287,
              -2.7747452
            ],
            [
              37.3314504,
              -2.7745668
            ],
            [
              37.3314547,
              -2.7744102
            ],
            [
              37.3314199,
              -2.7743362
            ],
            [
              37.3314286,
              -2.77411
            ],
            [
              37.3313895,
              -2.7739664
            ],
            [
              37.3313242,
              -2.7738489
            ],
            [
              37.331346,
              -2.7735835
            ],
            [
              37.3313938,
              -2.7733137
            ],
            [
              37.3313068,
              -2.7730962
            ],
            [
              37.3314112,
              -2.7729091
            ],
            [
              37.3313199,
              -2.7726393
            ],
            [
              37.3313503,
              -2.7724305
            ],
            [
              37.3314069,
              -2.7723957
            ],
            [
              37.3314199,
              -2.7721912
            ],
            [
              37.331272,
              -2.7720824
            ],
            [
              37.3312763,
              -2.7718823
            ],
            [
              37.3312763,
              -2.7716647
            ],
            [
              37.3315069,
              -2.771469
            ],
            [
              37.3316549,
              -2.7712819
            ],
            [
              37.3318637,
              -2.7710687
            ],
            [
              37.3321944,
              -2.7705379
            ],
            [
              37.3322074,
              -2.7704247
            ],
            [
              37.3320856,
              -2.7703595
            ],
            [
              37.3320334,
              -2.770255
            ],
            [
              37.3321204,
              -2.7700375
            ],
            [
              37.3321378,
              -2.7699244
            ],
            [
              37.3320247,
              -2.769659
            ],
            [
              37.3319377,
              -2.7691717
            ],
            [
              37.3318594,
              -2.7687757
            ],
            [
              37.331842,
              -2.7685799
            ],
            [
              37.331768,
              -2.7684146
            ],
            [
              37.3317462,
              -2.7682406
            ],
            [
              37.331694,
              -2.7679839
            ],
            [
              37.3317071,
              -2.7677489
            ],
            [
              37.3315026,
              -2.7674444
            ],
            [
              37.3313634,
              -2.7673921
            ],
            [
              37.331285,
              -2.767179
            ],
            [
              37.3312415,
              -2.7669571
            ],
            [
              37.3311023,
              -2.7668309
            ],
            [
              37.3309761,
              -2.7667439
            ],
            [
              37.3308891,
              -2.7665611
            ],
            [
              37.3308804,
              -2.7664262
            ],
            [
              37.3305933,
              -2.7658258
            ],
            [
              37.3304714,
              -2.7656213
            ],
            [
              37.3304105,
              -2.7653516
            ],
            [
              37.3305367,
              -2.7652167
            ],
            [
              37.3304714,
              -2.7650992
            ],
            [
              37.3303235,
              -2.7650775
            ],
            [
              37.3302669,
              -2.7646859
            ],
            [
              37.3301364,
              -2.7643161
            ],
            [
              37.3299798,
              -2.7637983
            ],
            [
              37.3299972,
              -2.7635155
            ],
            [
              37.329945,
              -2.763398
            ],
            [
              37.329958,
              -2.7632762
            ],
            [
              37.3299363,
              -2.7630499
            ],
            [
              37.329945,
              -2.7626584
            ],
            [
              37.330045,
              -2.7624452
            ],
            [
              37.3302321,
              -2.7621014
            ],
            [
              37.3303583,
              -2.7619056
            ],
            [
              37.3305019,
              -2.7615228
            ],
            [
              37.3307716,
              -2.7612008
            ],
            [
              37.331024,
              -2.7607744
            ],
            [
              37.3312372,
              -2.7604524
            ],
            [
              37.3312894,
              -2.7600826
            ],
            [
              37.3313764,
              -2.7596388
            ],
            [
              37.3315418,
              -2.7594256
            ],
            [
              37.3318028,
              -2.7592907
            ],
            [
              37.3320508,
              -2.7591733
            ],
            [
              37.3322727,
              -2.7590297
            ],
            [
              37.3324511,
              -2.7587034
            ],
            [
              37.3325599,
              -2.7584728
            ],
            [
              37.3326512,
              -2.7581204
            ],
            [
              37.3327165,
              -2.7578375
            ],
            [
              37.3327774,
              -2.7575025
            ],
            [
              37.3328351,
              -2.7570805
            ],
            [
              37.3331744,
              -2.7568325
            ],
            [
              37.3334007,
              -2.7564757
            ],
            [
              37.3334616,
              -2.7560711
            ],
            [
              37.3334877,
              -2.7556447
            ],
            [
              37.3334061,
              -2.7554445
            ],
            [
              37.3332756,
              -2.7552096
            ],
            [
              37.333132,
              -2.7551008
            ],
            [
              37.3334583,
              -2.7550791
            ],
            [
              37.333554,
              -2.7548093
            ],
            [
              37.3337281,
              -2.7547614
            ],
            [
              37.3338021,
              -2.7545874
            ],
            [
              37.3338195,
              -2.7544177
            ],
            [
              37.3339326,
              -2.7542916
            ],
            [
              37.3341458,
              -2.7541088
            ],
            [
              37.3342632,
              -2.754
            ],
            [
              37.3343981,
              -2.7536389
            ],
            [
              37.3344199,
              -2.7535301
            ],
            [
              37.3353292,
              -2.7532386
            ],
            [
              37.3359862,
              -2.7526252
            ],
            [
              37.3360428,
              -2.7521553
            ],
            [
              37.336269,
              -2.751346
            ],
            [
              37.3361472,
              -2.7506759
            ],
            [
              37.3357469,
              -2.750119
            ],
            [
              37.3356338,
              -2.74971
            ],
            [
              37.3359296,
              -2.7491618
            ],
            [
              37.3360428,
              -2.7485005
            ],
            [
              37.3349115,
              -2.7453243
            ],
            [
              37.3347549,
              -2.7448283
            ],
            [
              37.3339282,
              -2.7427225
            ],
            [
              37.3337194,
              -2.73684
            ],
            [
              37.334868,
              -2.7349256
            ],
            [
              37.3351813,
              -2.7322107
            ],
            [
              37.3350421,
              -2.7274769
            ],
            [
              37.3331755,
              -2.7234784
            ],
            [
              37.3332451,
              -2.7184313
            ],
            [
              37.3296948,
              -2.7159252
            ],
            [
              37.2979157,
              -2.717039
            ],
            [
              37.2777797,
              -2.7177874
            ],
            [
              37.2766311,
              -2.7178396
            ],
            [
              37.2564384,
              -2.7358643
            ],
            [
              37.2460953,
              -2.7703366
            ],
            [
              37.2462082,
              -2.7727037
            ],
            [
              37.2449855,
              -2.7746276
            ],
            [
              37.3067349,
              -2.8060257
            ],
            [
              37.3137298,
              -2.7926355
            ]
          ]
        ]
      },
      "id": "way/1169384630"
    },
    {
      "type": "Feature",
      "properties": {
        "@id": "way/1169385000",
        "boundary": "protected_area",
        "leisure": "nature_reserve",
        "name": "Kitenden B Community Conservancy",
        "protect_class": "6",
        "protection_title": "Community Conservancy"
      },
      "geometry": {
        "type": "Polygon",
        "coordinates": [
          [
            [
              37.4086903,
              -2.856925
            ],
            [
              37.4088459,
              -2.8567645
            ],
            [
              37.4091421,
              -2.856579
            ],
            [
              37.4093178,
              -2.8563584
            ],
            [
              37.4094986,
              -2.8560174
            ],
            [
              37.4100558,
              -2.8557567
            ],
            [
              37.4105427,
              -2.8554308
            ],
            [
              37.4110397,
              -2.8551099
            ],
            [
              37.4111953,
              -2.8548693
            ],
            [
              37.4112104,
              -2.8541724
            ],
            [
              37.4110548,
              -2.8532999
            ],
            [
              37.4109042,
              -2.8523423
            ],
            [
              37.410854,
              -2.8515651
            ],
            [
              37.4108088,
              -2.8509635
            ],
            [
              37.4110749,
              -2.8503167
            ],
            [
              37.4114865,
              -2.8496398
            ],
            [
              37.4117225,
              -2.849339
            ],
            [
              37.4122797,
              -2.8488276
            ],
            [
              37.4126504,
              -2.8485977
            ],
            [
              37.4123356,
              -2.8482613
            ],
            [
              37.4124893,
              -2.8474934
            ],
            [
              37.4120646,
              -2.846784
            ],
            [
              37.4121159,
              -2.8463013
            ],
            [
              37.4124527,
              -2.8454822
            ],
            [
              37.4124266,
              -2.8447362
            ],
            [
              37.4128115,
              -2.8443852
            ],
            [
              37.412914,
              -2.8443194
            ],
            [
              37.4129287,
              -2.8441073
            ],
            [
              37.4129214,
              -2.8437197
            ],
            [
              37.4132289,
              -2.8433906
            ],
            [
              37.4135071,
              -2.8428714
            ],
            [
              37.4138074,
              -2.8424399
            ],
            [
              37.4140417,
              -2.8421327
            ],
            [
              37.4144444,
              -2.841533
            ],
            [
              37.4146567,
              -2.8405531
            ],
            [
              37.4148984,
              -2.8400777
            ],
            [
              37.4152718,
              -2.839734
            ],
            [
              37.4154036,
              -2.8393756
            ],
            [
              37.4153377,
              -2.8390758
            ],
            [
              37.4155208,
              -2.8387832
            ],
            [
              37.4157404,
              -2.8385419
            ],
            [
              37.4156526,
              -2.8381982
            ],
            [
              37.4154768,
              -2.8379568
            ],
            [
              37.4154036,
              -2.8376277
            ],
            [
              37.4155647,
              -2.8373206
            ],
            [
              37.4158283,
              -2.8363186
            ],
            [
              37.415616,
              -2.8349949
            ],
            [
              37.4152352,
              -2.8345561
            ],
            [
              37.4151254,
              -2.8340734
            ],
            [
              37.4151913,
              -2.8338687
            ],
            [
              37.4148032,
              -2.8331958
            ],
            [
              37.4146567,
              -2.8332324
            ],
            [
              37.4144005,
              -2.8333129
            ],
            [
              37.4140636,
              -2.8332982
            ],
            [
              37.4139904,
              -2.8331739
            ],
            [
              37.4140563,
              -2.833013
            ],
            [
              37.4141076,
              -2.8327132
            ],
            [
              37.4142467,
              -2.8324718
            ],
            [
              37.4143565,
              -2.8322085
            ],
            [
              37.4142687,
              -2.8319233
            ],
            [
              37.4142467,
              -2.8317039
            ],
            [
              37.4143419,
              -2.8313309
            ],
            [
              37.4142467,
              -2.8312432
            ],
            [
              37.414027,
              -2.831192
            ],
            [
              37.4139172,
              -2.8311774
            ],
            [
              37.4136389,
              -2.8309287
            ],
            [
              37.4134925,
              -2.8308556
            ],
            [
              37.413346,
              -2.830702
            ],
            [
              37.4131703,
              -2.8303217
            ],
            [
              37.4132655,
              -2.8300877
            ],
            [
              37.4134119,
              -2.829956
            ],
            [
              37.4135071,
              -2.8298171
            ],
            [
              37.4135071,
              -2.8296708
            ],
            [
              37.4130019,
              -2.8293783
            ],
            [
              37.4125845,
              -2.8291223
            ],
            [
              37.4122184,
              -2.8287932
            ],
            [
              37.4124234,
              -2.8286615
            ],
            [
              37.4126358,
              -2.828391
            ],
            [
              37.4124381,
              -2.828252
            ],
            [
              37.4122477,
              -2.8282008
            ],
            [
              37.4119182,
              -2.827901
            ],
            [
              37.4118962,
              -2.8277693
            ],
            [
              37.4120354,
              -2.8272939
            ],
            [
              37.4121525,
              -2.8271184
            ],
            [
              37.412028,
              -2.8268917
            ],
            [
              37.4118084,
              -2.8268113
            ],
            [
              37.4117278,
              -2.8267016
            ],
            [
              37.4116473,
              -2.8263725
            ],
            [
              37.4116326,
              -2.826175
            ],
            [
              37.4116546,
              -2.8260068
            ],
            [
              37.411801,
              -2.8254875
            ],
            [
              37.4118889,
              -2.8252681
            ],
            [
              37.4118669,
              -2.8250341
            ],
            [
              37.4116107,
              -2.824354
            ],
            [
              37.4116107,
              -2.824076
            ],
            [
              37.4117571,
              -2.8236957
            ],
            [
              37.4117571,
              -2.8235202
            ],
            [
              37.4116253,
              -2.8231911
            ],
            [
              37.4113763,
              -2.8227669
            ],
            [
              37.4111567,
              -2.8222769
            ],
            [
              37.4106807,
              -2.821648
            ],
            [
              37.4104903,
              -2.8214286
            ],
            [
              37.4102853,
              -2.8213628
            ],
            [
              37.4102194,
              -2.821275
            ],
            [
              37.40993,
              -2.8212351
            ],
            [
              37.4098253,
              -2.8211115
            ],
            [
              37.4097873,
              -2.8209214
            ],
            [
              37.4096255,
              -2.8207978
            ],
            [
              37.409397,
              -2.8207883
            ],
            [
              37.4093304,
              -2.8208168
            ],
            [
              37.4090734,
              -2.8207883
            ],
            [
              37.4089402,
              -2.8206362
            ],
            [
              37.4088355,
              -2.8204271
            ],
            [
              37.4084452,
              -2.8201419
            ],
            [
              37.4082263,
              -2.8200088
            ],
            [
              37.4080835,
              -2.8198282
            ],
            [
              37.4080264,
              -2.819543
            ],
            [
              37.4080074,
              -2.8192578
            ],
            [
              37.408074,
              -2.818868
            ],
            [
              37.4082549,
              -2.8186114
            ],
            [
              37.4082549,
              -2.8183737
            ],
            [
              37.4082263,
              -2.8181265
            ],
            [
              37.4080169,
              -2.8178984
            ],
            [
              37.4078551,
              -2.8178984
            ],
            [
              37.4072555,
              -2.8168527
            ],
            [
              37.406411,
              -2.8155965
            ],
            [
              37.4062473,
              -2.8152656
            ],
            [
              37.4032463,
              -2.8135609
            ],
            [
              37.4008793,
              -2.8127531
            ],
            [
              37.4005609,
              -2.8117784
            ],
            [
              37.3817372,
              -2.8017659
            ],
            [
              37.3811779,
              -2.8014684
            ],
            [
              37.3801585,
              -2.804738
            ],
            [
              37.3748321,
              -2.8015464
            ],
            [
              37.3732885,
              -2.8043056
            ],
            [
              37.3719655,
              -2.8035271
            ],
            [
              37.3704912,
              -2.805994
            ],
            [
              37.3686853,
              -2.8045643
            ],
            [
              37.3576603,
              -2.8016729
            ],
            [
              37.3567589,
              -2.8051857
            ],
            [
              37.3243212,
              -2.7955703
            ],
            [
              37.3137298,
              -2.7926355
            ],
            [
              37.3067349,
              -2.8060257
            ],
            [
              37.2449855,
              -2.7746276
            ],
            [
              37.1643314,
              -2.7288464
            ],
            [
              37.1597533,
              -2.7262785
            ],
            [
              37.1455278,
              -2.7513701
            ],
            [
              37.2081325,
              -2.7861
            ],
            [
              37.3103789,
              -2.8422442
            ],
            [
              37.3129534,
              -2.8373957
            ],
            [
              37.3157431,
              -2.8389723
            ],
            [
              37.3174808,
              -2.8361281
            ],
            [
              37.3218247,
              -2.8385018
            ],
            [
              37.3228565,
              -2.8390359
            ],
            [
              37.3254709,
              -2.8342832
            ],
            [
              37.3262162,
              -2.8344778
            ],
            [
              37.3274633,
              -2.8348449
            ],
            [
              37.3284218,
              -2.8351291
            ],
            [
              37.3291081,
              -2.8338004
            ],
            [
              37.3311451,
              -2.8348805
            ],
            [
              37.332338,
              -2.8352261
            ],
            [
              37.3341197,
              -2.8323458
            ],
            [
              37.3344177,
              -2.8318172
            ],
            [
              37.3350851,
              -2.8307633
            ],
            [
              37.3364202,
              -2.831552
            ],
            [
              37.3378288,
              -2.8323945
            ],
            [
              37.3389274,
              -2.8305739
            ],
            [
              37.340683,
              -2.8315344
            ],
            [
              37.3411486,
              -2.8317563
            ],
            [
              37.3416125,
              -2.8313361
            ],
            [
              37.3429003,
              -2.8312529
            ],
            [
              37.3437649,
              -2.8319559
            ],
            [
              37.3436383,
              -2.8325979
            ],
            [
              37.3439244,
              -2.8326787
            ],
            [
              37.3441637,
              -2.8327309
            ],
            [
              37.3464267,
              -2.8333697
            ],
            [
              37.3491312,
              -2.8342645
            ],
            [
              37.3492282,
              -2.8338175
            ],
            [
              37.3495328,
              -2.8330692
            ],
            [
              37.3496459,
              -2.8321294
            ],
            [
              37.3498808,
              -2.8310242
            ],
            [
              37.3558808,
              -2.8327428
            ],
            [
              37.3576581,
              -2.8332693
            ],
            [
              37.3603999,
              -2.8340255
            ],
            [
              37.3595571,
              -2.8370084
            ],
            [
              37.365543,
              -2.8401157
            ],
            [
              37.3715076,
              -2.8433506
            ],
            [
              37.3761409,
              -2.8458175
            ],
            [
              37.3774752,
              -2.8430969
            ],
            [
              37.3814887,
              -2.8451075
            ],
            [
              37.3828126,
              -2.8426053
            ],
            [
              37.3858288,
              -2.8441977
            ],
            [
              37.3887702,
              -2.8457779
            ],
            [
              37.389814,
              -2.8463125
            ],
            [
              37.3912254,
              -2.8436723
            ],
            [
              37.3914287,
              -2.8437386
            ],
            [
              37.3939323,
              -2.8450647
            ],
            [
              37.3952543,
              -2.8458217
            ],
            [
              37.3987655,
              -2.8477361
            ],
            [
              37.3999142,
              -2.8483017
            ],
            [
              37.4017415,
              -2.8492415
            ],
            [
              37.4022687,
              -2.849486
            ],
            [
              37.4022681,
              -2.8496217
            ],
            [
              37.4048074,
              -2.850442
            ],
            [
              37.4098231,
              -2.8520918
            ],
            [
              37.4081474,
              -2.8566392
            ],
            [
              37.4086903,
              -2.856925
            ]
          ]
        ]
      },
      "id": "way/1169385000"
    }
  ]
}