{
  "type": "FeatureCollection",
  "generator": "overpass-turbo",
  "copyright": "The data included in this document is from www.openstreetmap.org. The data is made available under ODbL.",
  "timestamp": "2026-08-21T23:05:03Z",
  "features": [
    {
      "type": "Feature",
      "properties": {
        "@id": "node/44910251",
        "name": "Zare",
        "place": "village"
      },
      "geometry": {
        "type": "Point",
        "coordinates": [
          38.3257741,
          -3.4988022
        ]
      },
      "id": "node/44910251"
    },
    {
      "type": "Feature",
      "properties": {
        "@id": "node/44910346",
        "name": "Wundanyi",
        "place": "town",
        "population": "4000",
        "population:source": "1999 census",
        "wikidata": "Q3056743",
        "wikipedia": "en:Wundanyi"
      },
      "geometry": {
        "type": "Point",
        "coordinates": [
          38.3673001,
          -3.4047687
        ]
      },
      "id": "node/44910346"
    },
    {
      "type": "Feature",
      "properties": {
        "@id": "node/44910355",
        "name": "Wumari",
        "place": "village"
      },
      "geometry": {
        "type": "Point",
        "coordinates": [
          38.3275962,
          -3.4783725
        ]
      },
      "id": "node/44910355"
    },
    {
      "type": "Feature",
      "properties": {
        "@id": "node/44910362",
        "GNS:id": "-2264775",
        "name": "Wongonyi",
        "place": "village",
        "source:name": "GNS"
      },
      "geometry": {
        "type": "Point",
        "coordinates": [
          38.4333,
          -3.3166
        ]
      },
      "id": "node/44910362"
    },
    {
      "type": "Feature",
      "properties": {
        "@id": "node/44910366",
        "GNS:id": "-2264771",
        "name": "Wumingo",
        "place": "village",
        "source:name": "GNS"
      },
      "geometry": {
        "type": "Point",
        "coordinates": [
          38.3333,
          -3.3666
        ]
      },
      "id": "node/44910366"
    },
    {
      "type": "Feature",
      "properties": {
        "@id": "node/44910389",
        "GNS:id": "-2264690",
        "name": "Werugha",
        "place": "village",
        "source:name": "GNS"
      },
      "geometry": {
        "type": "Point",
        "coordinates": [
          38.3358978,
          -3.3842558
        ]
      },
      "id": "node/44910389"
    },
    {
      "type": "Feature",
      "properties": {
        "@id": "node/44910875",
        "name": "Uthithi",
        "place": "village"
      },
      "geometry": {
        "type": "Point",
        "coordinates": [
          38,
          -2.5333
        ]
      },
      "id": "node/44910875"
    },
    {
      "type": "Feature",
      "properties": {
        "@id": "node/44911174",
        "name": "Twaandu",
        "place": "village"
      },
      "geometry": {
        "type": "Point",
        "coordinates": [
          37.7666,
          -2.15
        ]
      },
      "id": "node/44911174"
    },
    {
      "type": "Feature",
      "properties": {
        "@id": "node/44913307",
        "name": "Ziwani",
        "place": "village",
        "wikidata": "Q8072876",
        "wikipedia": "en:Ziwani"
      },
      "geometry": {
        "type": "Point",
        "coordinates": [
          37.7798349,
          -3.3887823
        ]
      },
      "id": "node/44913307"
    },
    {
      "type": "Feature",
      "properties": {
        "@id": "node/44913688",
        "GNS:id": "-2264721",
        "name": "Wesu",
        "place": "village",
        "source:name": "GNS"
      },
      "geometry": {
        "type": "Point",
        "coordinates": [
          38.35,
          -3.4
        ]
      },
      "id": "node/44913688"
    },
    {
      "type": "Feature",
      "properties": {
        "@id": "node/44914176",
        "is_in:county": "Taita taveta",
        "name": "Voi",
        "name:ru": "Вои",
        "place": "town",
        "wikidata": "Q1552910",
        "wikimedia_commons": "Category:Voi",
        "wikipedia": "en:Voi"
      },
      "geometry": {
        "type": "Point",
        "coordinates": [
          38.584327,
          -3.3976842
        ]
      },
      "id": "node/44914176"
    },
    {
      "type": "Feature",
      "properties": {
        "@id": "node/44914470",
        "name": "Tsavo",
        "place": "village"
      },
      "geometry": {
        "type": "Point",
        "coordinates": [
          38.4609097,
          -2.9922305
        ]
      },
      "id": "node/44914470"
    },
    {
      "type": "Feature",
      "properties": {
        "@id": "node/44914553",
        "GNS:id": "-2263652",
        "name": "Timbila",
        "place": "village",
        "source:name": "GNS"
      },
      "geometry": {
        "type": "Point",
        "coordinates": [
          37.7206924,
          -3.3802993
        ]
      },
      "id": "node/44914553"
    },
    {
      "type": "Feature",
      "properties": {
        "@id": "node/44914738",
        "name": "Thangi",
        "place": "village"
      },
      "geometry": {
        "type": "Point",
        "coordinates": [
          38.0539965,
          -2.4669215
        ]
      },
      "id": "node/44914738"
    },
    {
      "type": "Feature",
      "properties": {
        "@id": "node/44914757",
        "name": "Thange",
        "place": "village"
      },
      "geometry": {
        "type": "Point",
        "coordinates": [
          38.0140895,
          -2.5038145
        ]
      },
      "id": "node/44914757"
    },
    {
      "type": "Feature",
      "properties": {
        "@id": "node/44914874",
        "name": "Taveta",
        "place": "town",
        "population": "11500",
        "population:source": "Census 1999",
        "wikidata": "Q2096406",
        "wikipedia": "en:Taveta, Kenya"
      },
      "geometry": {
        "type": "Point",
        "coordinates": [
          37.6833,
          -3.4
        ]
      },
      "id": "node/44914874"
    },
    {
      "type": "Feature",
      "properties": {
        "@id": "node/44914991",
        "name": "Sultan Hamud",
        "place": "town",
        "wikidata": "Q7636659"
      },
      "geometry": {
        "type": "Point",
        "coordinates": [
          37.3710675,
          -2.024324
        ]
      },
      "id": "node/44914991"
    },
    {
      "type": "Feature",
      "properties": {
        "@id": "node/44915011",
        "GNS:id": "-2263115",
        "name": "Sungululu",
        "place": "village",
        "source:name": "GNS"
      },
      "geometry": {
        "type": "Point",
        "coordinates": [
          38.3653757,
          -3.3919069
        ]
      },
      "id": "node/44915011"
    },
    {
      "type": "Feature",
      "properties": {
        "@id": "node/44915150",
        "GNS:id": "-2263235",
        "name": "Talio",
        "place": "village",
        "source:name": "GNS"
      },
      "geometry": {
        "type": "Point",
        "coordinates": [
          38.5840902,
          -3.5285545
        ]
      },
      "id": "node/44915150"
    },
    {
      "type": "Feature",
      "properties": {
        "@id": "node/44915261",
        "name": "Simisi",
        "place": "village"
      },
      "geometry": {
        "type": "Point",
        "coordinates": [
          38.3333,
          -2
        ]
      },
      "id": "node/44915261"
    },
    {
      "type": "Feature",
      "properties": {
        "@id": "node/44915265",
        "name": "Simba",
        "place": "town",
        "wikidata": "Q27192181"
      },
      "geometry": {
        "type": "Point",
        "coordinates": [
          37.590108,
          -2.1549793
        ]
      },
      "id": "node/44915265"
    },
    {
      "type": "Feature",
      "properties": {
        "@id": "node/44915386",
        "GNS:id": "-2262405",
        "name": "Shelemba",
        "place": "village",
        "source:name": "GNS"
      },
      "geometry": {
        "type": "Point",
        "coordinates": [
          38.4642562,
          -3.4347147
        ]
      },
      "id": "node/44915386"
    },
    {
      "type": "Feature",
      "properties": {
        "@id": "node/44915396",
        "name": "Shigaro",
        "place": "village"
      },
      "geometry": {
        "type": "Point",
        "coordinates": [
          38.3758981,
          -3.4098942
        ]
      },
      "id": "node/44915396"
    },
    {
      "type": "Feature",
      "properties": {
        "@id": "node/44915583",
        "name": "Samuli",
        "place": "village",
        "wikidata": "Q7413050"
      },
      "geometry": {
        "type": "Point",
        "coordinates": [
          37.4333,
          -2.1166
        ]
      },
      "id": "node/44915583"
    },
    {
      "type": "Feature",
      "properties": {
        "@id": "node/44917557",
        "name": "Selengai",
        "place": "village"
      },
      "geometry": {
        "type": "Point",
        "coordinates": [
          37.1666,
          -2.1833
        ]
      },
      "id": "node/44917557"
    },
    {
      "type": "Feature",
      "properties": {
        "@id": "node/44917569",
        "name": "Secho",
        "place": "village"
      },
      "geometry": {
        "type": "Point",
        "coordinates": [
          38.3351161,
          -3.4955935
        ]
      },
      "id": "node/44917569"
    },
    {
      "type": "Feature",
      "properties": {
        "@id": "node/44917723",
        "name": "Salengai",
        "place": "village"
      },
      "geometry": {
        "type": "Point",
        "coordinates": [
          37.1666,
          -2.1833
        ]
      },
      "id": "node/44917723"
    },
    {
      "type": "Feature",
      "properties": {
        "@id": "node/44917763",
        "GNS:id": "-2261968",
        "name": "Sagala",
        "place": "village",
        "source:name": "GNS"
      },
      "geometry": {
        "type": "Point",
        "coordinates": [
          38.5932316,
          -3.4915693
        ]
      },
      "id": "node/44917763"
    },
    {
      "type": "Feature",
      "properties": {
        "@id": "node/44917811",
        "name": "Rombo",
        "place": "village"
      },
      "geometry": {
        "type": "Point",
        "coordinates": [
          37.6950647,
          -3.0470002
        ]
      },
      "id": "node/44917811"
    },
    {
      "type": "Feature",
      "properties": {
        "@id": "node/44923654",
        "name": "Poka",
        "place": "village"
      },
      "geometry": {
        "type": "Point",
        "coordinates": [
          37.4491632,
          -2.1310485
        ]
      },
      "id": "node/44923654"
    },
    {
      "type": "Feature",
      "properties": {
        "@id": "node/44924333",
        "name": "Ngutuni",
        "place": "village",
        "wikidata": "Q7022745",
        "wikipedia": "en:Ngutuni"
      },
      "geometry": {
        "type": "Point",
        "coordinates": [
          38.642125,
          -3.425687
        ]
      },
      "id": "node/44924333"
    },
    {
      "type": "Feature",
      "properties": {
        "@id": "node/44924350",
        "name": "Ngwate",
        "place": "village",
        "wikidata": "Q7023167"
      },
      "geometry": {
        "type": "Point",
        "coordinates": [
          38.25,
          -2.0666
        ]
      },
      "id": "node/44924350"
    },
    {
      "type": "Feature",
      "properties": {
        "@id": "node/44924579",
        "name": "Ngandani",
        "place": "village",
        "wikidata": "Q15045715"
      },
      "geometry": {
        "type": "Point",
        "coordinates": [
          38.0166,
          -2.3666
        ]
      },
      "id": "node/44924579"
    },
    {
      "type": "Feature",
      "properties": {
        "@id": "node/44924637",
        "name": "Ndome",
        "place": "village",
        "wikidata": "Q6983794",
        "wikipedia": "en:Ndome"
      },
      "geometry": {
        "type": "Point",
        "coordinates": [
          38.4859253,
          -3.3016849
        ]
      },
      "id": "node/44924637"
    },
    {
      "type": "Feature",
      "properties": {
        "@id": "node/44924685",
        "name": "Tausa",
        "place": "village",
        "wikidata": "Q6983752",
        "wikipedia": "en:Ndile"
      },
      "geometry": {
        "type": "Point",
        "coordinates": [
          38.4794961,
          -3.3367203
        ]
      },
      "id": "node/44924685"
    },
    {
      "type": "Feature",
      "properties": {
        "@id": "node/44924932",
        "name": "Nghonji",
        "place": "village",
        "wikidata": "Q7022333",
        "wikipedia": "en:Nghonji"
      },
      "geometry": {
        "type": "Point",
        "coordinates": [
          37.740092,
          -3.456608
        ]
      },
      "id": "node/44924932"
    },
    {
      "type": "Feature",
      "properties": {
        "@id": "node/44925183",
        "name": "Mwatate",
        "place": "town",
        "wikidata": "Q6944702",
        "wikipedia": "en:Mwatate"
      },
      "geometry": {
        "type": "Point",
        "coordinates": [
          38.3795406,
          -3.5028625
        ]
      },
      "id": "node/44925183"
    },
    {
      "type": "Feature",
      "properties": {
        "@id": "node/44925188",
        "name": "Mwarungu",
        "place": "village",
        "wikidata": "Q6944695",
        "wikipedia": "en:Mwarungu"
      },
      "geometry": {
        "type": "Point",
        "coordinates": [
          38.35,
          -3.3666
        ]
      },
      "id": "node/44925188"
    },
    {
      "type": "Feature",
      "properties": {
        "@id": "node/44925653",
        "GNS:id": "-2257637",
        "name": "Mwachawaza",
        "place": "village",
        "source:name": "GNS"
      },
      "geometry": {
        "type": "Point",
        "coordinates": [
          38.3854097,
          -3.4382463
        ]
      },
      "id": "node/44925653"
    },
    {
      "type": "Feature",
      "properties": {
        "@id": "node/44925788",
        "name": "Mtito Andei",
        "place": "town",
        "wikidata": "Q6930477",
        "wikipedia": "en:Mtito Andei"
      },
      "geometry": {
        "type": "Point",
        "coordinates": [
          38.1682147,
          -2.6893166
        ]
      },
      "id": "node/44925788"
    },
    {
      "type": "Feature",
      "properties": {
        "@id": "node/44925808",
        "name": "Mwanda",
        "place": "village",
        "wikidata": "Q6944655",
        "wikipedia": "en:Mwanda"
      },
      "geometry": {
        "type": "Point",
        "coordinates": [
          38.2666,
          -3.4166
        ]
      },
      "id": "node/44925808"
    },
    {
      "type": "Feature",
      "properties": {
        "@id": "node/44925841",
        "name": "Mwangini",
        "place": "village",
        "wikidata": "Q6944672"
      },
      "geometry": {
        "type": "Point",
        "coordinates": [
          38.1165696,
          -2.133265
        ]
      },
      "id": "node/44925841"
    },
    {
      "type": "Feature",
      "properties": {
        "@id": "node/44926020",
        "name": "Mwakinyungu",
        "place": "village",
        "wikidata": "Q6944622",
        "wikipedia": "en:Mwakinyungu"
      },
      "geometry": {
        "type": "Point",
        "coordinates": [
          38.4226787,
          -3.4330223
        ]
      },
      "id": "node/44926020"
    },
    {
      "type": "Feature",
      "properties": {
        "@id": "node/44926624",
        "name": "Mulala",
        "place": "village",
        "wikidata": "Q6933727"
      },
      "geometry": {
        "type": "Point",
        "coordinates": [
          37.4833,
          -2.0166
        ]
      },
      "id": "node/44926624"
    },
    {
      "type": "Feature",
      "properties": {
        "@id": "node/44926668",
        "name": "Mbirikani",
        "place": "village",
        "wikidata": "Q15252476"
      },
      "geometry": {
        "type": "Point",
        "coordinates": [
          37.5277087,
          -2.5419953
        ]
      },
      "id": "node/44926668"
    },
    {
      "type": "Feature",
      "properties": {
        "@id": "node/44927136",
        "name": "Msau",
        "place": "village",
        "wikidata": "Q6930124",
        "wikipedia": "en:Msau"
      },
      "geometry": {
        "type": "Point",
        "coordinates": [
          38.4100165,
          -3.4171851
        ]
      },
      "id": "node/44927136"
    },
    {
      "type": "Feature",
      "properties": {
        "@id": "node/44927153",
        "name": "Mragua",
        "place": "village",
        "wikidata": "Q6929997",
        "wikipedia": "en:Mrugua"
      },
      "geometry": {
        "type": "Point",
        "coordinates": [
          38.2950461,
          -3.4343596
        ]
      },
      "id": "node/44927153"
    },
    {
      "type": "Feature",
      "properties": {
        "@id": "node/44927157",
        "name": "Mrangi",
        "place": "village",
        "wikidata": "Q6929518",
        "wikipedia": "en:Mrangi"
      },
      "geometry": {
        "type": "Point",
        "coordinates": [
          38.4420835,
          -3.318234
        ]
      },
      "id": "node/44927157"
    },
    {
      "type": "Feature",
      "properties": {
        "@id": "node/44927417",
        "name": "Mtungi",
        "place": "village",
        "wikidata": "Q15260157",
        "wikipedia": "en:Mtungi"
      },
      "geometry": {
        "type": "Point",
        "coordinates": [
          38.3832448,
          -3.4663246
        ]
      },
      "id": "node/44927417"
    },
    {
      "type": "Feature",
      "properties": {
        "@id": "node/44928384",
        "GNS:id": "-2255701",
        "name": "Mbale",
        "place": "village",
        "source:name": "GNS"
      },
      "geometry": {
        "type": "Point",
        "coordinates": [
          38.3802196,
          -3.4002674
        ]
      },
      "id": "node/44928384"
    },
    {
      "type": "Feature",
      "properties": {
        "@id": "node/44928998",
        "name": "Mbauro",
        "place": "village",
        "wikidata": "Q6799646",
        "wikipedia": "en:Mbauro"
      },
      "geometry": {
        "type": "Point",
        "coordinates": [
          38.3525328,
          -3.4076472
        ]
      },
      "id": "node/44928998"
    },
    {
      "type": "Feature",
      "properties": {
        "@id": "node/44929208",
        "alt_name": "Mbwinzau",
        "name": "Mbuinzau",
        "place": "village",
        "wikidata": "Q6799796"
      },
      "geometry": {
        "type": "Point",
        "coordinates": [
          37.9,
          -2.3666
        ]
      },
      "id": "node/44929208"
    },
    {
      "type": "Feature",
      "properties": {
        "@id": "node/44929234",
        "name": "Merueshi",
        "place": "village"
      },
      "geometry": {
        "type": "Point",
        "coordinates": [
          37.5457514,
          -2.3738036
        ]
      },
      "id": "node/44929234"
    },
    {
      "type": "Feature",
      "properties": {
        "@id": "node/44929337",
        "GNS:id": "-2255199",
        "name": "Mariwenyi",
        "place": "village",
        "source:name": "GNS"
      },
      "geometry": {
        "type": "Point",
        "coordinates": [
          38.515623,
          -3.4342363
        ]
      },
      "id": "node/44929337"
    },
    {
      "type": "Feature",
      "properties": {
        "@id": "node/44929555",
        "name": "Maranu",
        "place": "village",
        "wikidata": "Q6754836",
        "wikipedia": "en:Maranu"
      },
      "geometry": {
        "type": "Point",
        "coordinates": [
          37.7,
          -3.3833
        ]
      },
      "id": "node/44929555"
    },
    {
      "type": "Feature",
      "properties": {
        "@id": "node/44929596",
        "alt_name": "Munani",
        "name": "Manooni",
        "place": "village"
      },
      "geometry": {
        "type": "Point",
        "coordinates": [
          38.0820451,
          -2.3792704
        ]
      },
      "id": "node/44929596"
    },
    {
      "type": "Feature",
      "properties": {
        "@id": "node/44929744",
        "name": "Mangelete",
        "place": "village",
        "wikidata": "Q6748890",
        "wikipedia": "en:Mangelete"
      },
      "geometry": {
        "type": "Point",
        "coordinates": [
          38.1333,
          -2.7
        ]
      },
      "id": "node/44929744"
    },
    {
      "type": "Feature",
      "properties": {
        "@id": "node/44929883",
        "name": "Matha",
        "place": "village"
      },
      "geometry": {
        "type": "Point",
        "coordinates": [
          37.5666,
          -2
        ]
      },
      "id": "node/44929883"
    },
    {
      "type": "Feature",
      "properties": {
        "@id": "node/44929945",
        "alt_name": "Masongoleni",
        "name": "Masongaleni",
        "place": "village",
        "wikidata": "Q6783656"
      },
      "geometry": {
        "type": "Point",
        "coordinates": [
          38.05,
          -2.4833
        ]
      },
      "id": "node/44929945"
    },
    {
      "type": "Feature",
      "properties": {
        "@id": "node/44929952",
        "name": "Masimbani",
        "place": "village",
        "wikidata": "Q15045703"
      },
      "geometry": {
        "type": "Point",
        "coordinates": [
          38.140669,
          -2.373592
        ]
      },
      "id": "node/44929952"
    },
    {
      "type": "Feature",
      "properties": {
        "@id": "node/44929960",
        "name": "Mashanda",
        "place": "village",
        "wikidata": "Q15250122",
        "wikipedia": "en:Mashanda"
      },
      "geometry": {
        "type": "Point",
        "coordinates": [
          38.575923,
          -3.4964726
        ]
      },
      "id": "node/44929960"
    },
    {
      "type": "Feature",
      "properties": {
        "@id": "node/44929965",
        "name": "Mashuru",
        "place": "village",
        "wikidata": "Q6783239"
      },
      "geometry": {
        "type": "Point",
        "coordinates": [
          37.1283613,
          -2.1014958
        ]
      },
      "id": "node/44929965"
    },
    {
      "type": "Feature",
      "properties": {
        "@id": "node/44930013",
        "name": "Mata",
        "place": "village"
      },
      "geometry": {
        "type": "Point",
        "coordinates": [
          37.75,
          -3.05
        ]
      },
      "id": "node/44930013"
    },
    {
      "type": "Feature",
      "properties": {
        "@id": "node/44930091",
        "name": "Masalani",
        "place": "village",
        "wikidata": "Q6782502"
      },
      "geometry": {
        "type": "Point",
        "coordinates": [
          38.1166,
          -2.3166
        ]
      },
      "id": "node/44930091"
    },
    {
      "type": "Feature",
      "properties": {
        "@id": "node/44930434",
        "name": "Lushangonyi",
        "place": "village",
        "wikidata": "Q6705093",
        "wikipedia": "en:Lushangonyi"
      },
      "geometry": {
        "type": "Point",
        "coordinates": [
          38.3196357,
          -3.4111904
        ]
      },
      "id": "node/44930434"
    },
    {
      "type": "Feature",
      "properties": {
        "@id": "node/44930678",
        "name": "Maktau",
        "place": "town",
        "wikidata": "Q6740415",
        "wikipedia": "en:Maktau"
      },
      "geometry": {
        "type": "Point",
        "coordinates": [
          38.1333,
          -3.4
        ]
      },
      "id": "node/44930678"
    },
    {
      "type": "Feature",
      "properties": {
        "@id": "node/44930706",
        "name": "Makinyambu",
        "place": "village",
        "wikidata": "Q6739729",
        "wikipedia": "en:Makinyambu"
      },
      "geometry": {
        "type": "Point",
        "coordinates": [
          38.3045332,
          -3.3289154
        ]
      },
      "id": "node/44930706"
    },
    {
      "type": "Feature",
      "properties": {
        "@id": "node/44930717",
        "alt_name": "Makendo",
        "name": "Makindu",
        "place": "town",
        "wikidata": "Q6739546",
        "wikipedia": "en:Makindu"
      },
      "geometry": {
        "type": "Point",
        "coordinates": [
          37.81954,
          -2.280636
        ]
      },
      "id": "node/44930717"
    },
    {
      "type": "Feature",
      "properties": {
        "@id": "node/44930823",
        "name": "Majego",
        "place": "village",
        "wikidata": "Q6737639",
        "wikipedia": "en:Majego"
      },
      "geometry": {
        "type": "Point",
        "coordinates": [
          38.4173631,
          -3.4668358
        ]
      },
      "id": "node/44930823"
    },
    {
      "type": "Feature",
      "properties": {
        "@id": "node/44930858",
        "name": "Mailua",
        "place": "hamlet",
        "wikidata": "Q6735836"
      },
      "geometry": {
        "type": "Point",
        "coordinates": [
          36.960962,
          -2.32925
        ]
      },
      "id": "node/44930858"
    },
    {
      "type": "Feature",
      "properties": {
        "@id": "node/44930881",
        "name": "Maikuu",
        "place": "village",
        "wikidata": "Q6735657"
      },
      "geometry": {
        "type": "Point",
        "coordinates": [
          37.993634,
          -2.483087
        ]
      },
      "id": "node/44930881"
    },
    {
      "type": "Feature",
      "properties": {
        "@id": "node/44930904",
        "name": "Kuku",
        "place": "village"
      },
      "geometry": {
        "type": "Point",
        "coordinates": [
          37.75,
          -2.9
        ]
      },
      "id": "node/44930904"
    },
    {
      "type": "Feature",
      "properties": {
        "@id": "node/44930932",
        "GNS:id": "-2252530",
        "name": "Kungu",
        "place": "village",
        "source:name": "GNS"
      },
      "geometry": {
        "type": "Point",
        "coordinates": [
          38.3468688,
          -3.4188634
        ]
      },
      "id": "node/44930932"
    },
    {
      "type": "Feature",
      "properties": {
        "@id": "node/44931048",
        "name": "Kwakavisi",
        "place": "village",
        "wikidata": "Q6450016"
      },
      "geometry": {
        "type": "Point",
        "coordinates": [
          37.7166,
          -2
        ]
      },
      "id": "node/44931048"
    },
    {
      "type": "Feature",
      "properties": {
        "@id": "node/44931061",
        "name": "Kwa Kitau",
        "place": "village",
        "wikidata": "Q6449908"
      },
      "geometry": {
        "type": "Point",
        "coordinates": [
          37.4833,
          -2
        ]
      },
      "id": "node/44931061"
    },
    {
      "type": "Feature",
      "properties": {
        "@id": "node/44931071",
        "name": "Kwa Makuli",
        "place": "village",
        "wikidata": "Q6449911"
      },
      "geometry": {
        "type": "Point",
        "coordinates": [
          37.7666,
          -2.0666
        ]
      },
      "id": "node/44931071"
    },
    {
      "type": "Feature",
      "properties": {
        "@id": "node/44931080",
        "name": "Kwandeke",
        "place": "village",
        "wikidata": "Q6450152"
      },
      "geometry": {
        "type": "Point",
        "coordinates": [
          37.5333,
          -2.05
        ]
      },
      "id": "node/44931080"
    },
    {
      "type": "Feature",
      "properties": {
        "@id": "node/44931208",
        "name": "Komboyoo",
        "place": "village"
      },
      "geometry": {
        "type": "Point",
        "coordinates": [
          37.9833,
          -2.6
        ]
      },
      "id": "node/44931208"
    },
    {
      "type": "Feature",
      "properties": {
        "@id": "node/44931330",
        "name": "Lengesim",
        "place": "hamlet",
        "wikidata": "Q6522456"
      },
      "geometry": {
        "type": "Point",
        "coordinates": [
          37.2166,
          -2.4
        ]
      },
      "id": "node/44931330"
    },
    {
      "type": "Feature",
      "properties": {
        "@id": "node/44931454",
        "name": "Kyanginywa",
        "place": "village"
      },
      "geometry": {
        "type": "Point",
        "coordinates": [
          38.1166,
          -2.35
        ]
      },
      "id": "node/44931454"
    },
    {
      "type": "Feature",
      "properties": {
        "@id": "node/44931634",
        "name": "Kyeni Kya Kai",
        "place": "village"
      },
      "geometry": {
        "type": "Point",
        "coordinates": [
          37.8666,
          -2.2666
        ]
      },
      "id": "node/44931634"
    },
    {
      "type": "Feature",
      "properties": {
        "@id": "node/44931868",
        "GNS:id": "-2251259",
        "name": "Kipusi",
        "place": "village",
        "source:name": "GNS"
      },
      "geometry": {
        "type": "Point",
        "coordinates": [
          38.3955575,
          -3.4558289
        ]
      },
      "id": "node/44931868"
    },
    {
      "type": "Feature",
      "properties": {
        "@id": "node/44933073",
        "name": "Kitute",
        "place": "village",
        "wikidata": "Q6418656"
      },
      "geometry": {
        "type": "Point",
        "coordinates": [
          38.1166237,
          -2.1334262
        ]
      },
      "id": "node/44933073"
    },
    {
      "type": "Feature",
      "properties": {
        "@id": "node/44933226",
        "name": "Kituti",
        "place": "village"
      },
      "geometry": {
        "type": "Point",
        "coordinates": [
          38.1163718,
          -2.1333677
        ]
      },
      "id": "node/44933226"
    },
    {
      "type": "Feature",
      "properties": {
        "@id": "node/44933429",
        "name": "Kisou",
        "place": "village"
      },
      "geometry": {
        "type": "Point",
        "coordinates": [
          38.2524247,
          -2.0955076
        ]
      },
      "id": "node/44933429"
    },
    {
      "type": "Feature",
      "properties": {
        "@id": "node/44990230",
        "name": "Mkwachunyi",
        "place": "village"
      },
      "geometry": {
        "type": "Point",
        "coordinates": [
          38.4866984,
          -3.3667166
        ]
      },
      "id": "node/44990230"
    },
    {
      "type": "Feature",
      "properties": {
        "@id": "node/44990313",
        "name": "Kighombo",
        "place": "village"
      },
      "geometry": {
        "type": "Point",
        "coordinates": [
          38.4423176,
          -3.4002262
        ]
      },
      "id": "node/44990313"
    },
    {
      "type": "Feature",
      "properties": {
        "@id": "node/44990389",
        "name": "Kibwezi",
        "name:ru": "Кибвези",
        "place": "town",
        "wikidata": "Q11228563",
        "wikipedia": "en:Kibwezi"
      },
      "geometry": {
        "type": "Point",
        "coordinates": [
          37.965529,
          -2.410343
        ]
      },
      "id": "node/44990389"
    },
    {
      "type": "Feature",
      "properties": {
        "@id": "node/44992139",
        "name": "Kimana",
        "place": "village"
      },
      "geometry": {
        "type": "Point",
        "coordinates": [
          37.5333,
          -2.8
        ]
      },
      "id": "node/44992139"
    },
    {
      "type": "Feature",
      "properties": {
        "@id": "node/44992580",
        "name": "Kikumini",
        "place": "village"
      },
      "geometry": {
        "type": "Point",
        "coordinates": [
          37.5666,
          -2.05
        ]
      },
      "id": "node/44992580"
    },
    {
      "type": "Feature",
      "properties": {
        "@id": "node/44992680",
        "name": "Kilawa",
        "place": "village",
        "wikidata": "Q6406522"
      },
      "geometry": {
        "type": "Point",
        "coordinates": [
          38.0821788,
          -2.1357659
        ]
      },
      "id": "node/44992680"
    },
    {
      "type": "Feature",
      "properties": {
        "@id": "node/44995336",
        "name": "Kavyongo",
        "place": "village",
        "wikidata": "Q6379390"
      },
      "geometry": {
        "type": "Point",
        "coordinates": [
          37.992497,
          -2.483022
        ]
      },
      "id": "node/44995336"
    },
    {
      "type": "Feature",
      "properties": {
        "@id": "node/44995439",
        "name": "Kevanda",
        "place": "village",
        "wikidata": "Q6395669"
      },
      "geometry": {
        "type": "Point",
        "coordinates": [
          38.0833,
          -2.3666
        ]
      },
      "id": "node/44995439"
    },
    {
      "type": "Feature",
      "properties": {
        "@id": "node/44997079",
        "name": "Kasala",
        "place": "village"
      },
      "geometry": {
        "type": "Point",
        "coordinates": [
          38.2666,
          -2.1333
        ]
      },
      "id": "node/44997079"
    },
    {
      "type": "Feature",
      "properties": {
        "@id": "node/44997187",
        "name": "Kathekani",
        "place": "village",
        "wikidata": "Q6376272"
      },
      "geometry": {
        "type": "Point",
        "coordinates": [
          38.15,
          -2.6166
        ]
      },
      "id": "node/44997187"
    },
    {
      "type": "Feature",
      "properties": {
        "@id": "node/44997303",
        "name": "Kambu",
        "place": "town"
      },
      "geometry": {
        "type": "Point",
        "coordinates": [
          38.0755919,
          -2.5944934
        ]
      },
      "id": "node/44997303"
    },
    {
      "type": "Feature",
      "properties": {
        "@id": "node/44997309",
        "name": "Kambi ya Munyu",
        "place": "village",
        "wikidata": "Q6356335"
      },
      "geometry": {
        "type": "Point",
        "coordinates": [
          37.917168,
          -2.316778
        ]
      },
      "id": "node/44997309"
    },
    {
      "type": "Feature",
      "properties": {
        "@id": "node/44998818",
        "GNS:dsg_code": "PPL",
        "GNS:id": "-2246636",
        "GNS:modify_date": "2013-06-10",
        "name": "Ithumba",
        "place": "hamlet",
        "source": "GNS"
      },
      "geometry": {
        "type": "Point",
        "coordinates": [
          38.3982621,
          -2.195745
        ]
      },
      "id": "node/44998818"
    },
    {
      "type": "Feature",
      "properties": {
        "@id": "node/44998940",
        "alt_name": "Ilassit",
        "name": "Laset",
        "place": "village",
        "wikidata": "Q6493141",
        "wikipedia": "en:Illasit"
      },
      "geometry": {
        "type": "Point",
        "coordinates": [
          37.5726275,
          -2.9585827
        ]
      },
      "id": "node/44998940"
    },
    {
      "type": "Feature",
      "properties": {
        "@id": "node/44998950",
        "name": "Imale",
        "place": "village",
        "wikidata": "Q15045674"
      },
      "geometry": {
        "type": "Point",
        "coordinates": [
          38.2833,
          -2.15
        ]
      },
      "id": "node/44998950"
    },
    {
      "type": "Feature",
      "properties": {
        "@id": "node/44999193",
        "GNS:id": "-2246158",
        "name": "Ikanga",
        "place": "village",
        "source:name": "GNS"
      },
      "geometry": {
        "type": "Point",
        "coordinates": [
          38.5166,
          -3.3666
        ]
      },
      "id": "node/44999193"
    },
    {
      "type": "Feature",
      "properties": {
        "@id": "node/44999222",
        "name": "Ikutha",
        "place": "village",
        "wikidata": "Q5996406"
      },
      "geometry": {
        "type": "Point",
        "coordinates": [
          38.179304,
          -2.065031
        ]
      },
      "id": "node/44999222"
    },
    {
      "type": "Feature",
      "properties": {
        "@id": "node/44999227",
        "name": "Kalivu",
        "place": "village",
        "wikidata": "Q6353272"
      },
      "geometry": {
        "type": "Point",
        "coordinates": [
          38.1,
          -2.0166
        ]
      },
      "id": "node/44999227"
    },
    {
      "type": "Feature",
      "properties": {
        "@id": "node/44999309",
        "name": "Kalii",
        "place": "village",
        "wikidata": "Q6352611"
      },
      "geometry": {
        "type": "Point",
        "coordinates": [
          37.7666,
          -2.1
        ]
      },
      "id": "node/44999309"
    },
    {
      "type": "Feature",
      "properties": {
        "@id": "node/44999431",
        "name": "Kaluluini",
        "place": "village",
        "wikidata": "Q6354588"
      },
      "geometry": {
        "type": "Point",
        "coordinates": [
          38.228002,
          -2.041244
        ]
      },
      "id": "node/44999431"
    },
    {
      "type": "Feature",
      "properties": {
        "@id": "node/44999454",
        "name": "Kalulini",
        "place": "village",
        "wikidata": "Q15045688"
      },
      "geometry": {
        "type": "Point",
        "coordinates": [
          37.9833,
          -2.35
        ]
      },
      "id": "node/44999454"
    },
    {
      "type": "Feature",
      "properties": {
        "@id": "node/44999513",
        "name": "Kailembwa",
        "place": "village",
        "wikidata": "Q6347946"
      },
      "geometry": {
        "type": "Point",
        "coordinates": [
          38.0605597,
          -2.20119
        ]
      },
      "id": "node/44999513"
    },
    {
      "type": "Feature",
      "properties": {
        "@id": "node/44999567",
        "name": "Kakangani",
        "place": "village",
        "wikidata": "Q6349218"
      },
      "geometry": {
        "type": "Point",
        "coordinates": [
          37.9833,
          -2.4166
        ]
      },
      "id": "node/44999567"
    },
    {
      "type": "Feature",
      "properties": {
        "@id": "node/44999579",
        "name": "Kajire",
        "place": "village",
        "wikidata": "Q6349004",
        "wikipedia": "en:Kajire"
      },
      "geometry": {
        "type": "Point",
        "coordinates": [
          38.612149,
          -3.5175516
        ]
      },
      "id": "node/44999579"
    },
    {
      "type": "Feature",
      "properties": {
        "@id": "node/45001695",
        "name": "Gutini",
        "place": "village"
      },
      "geometry": {
        "type": "Point",
        "coordinates": [
          38.6333,
          -3.4166
        ]
      },
      "id": "node/45001695"
    },
    {
      "type": "Feature",
      "properties": {
        "@id": "node/45002503",
        "name": "Dabida",
        "place": "village",
        "wikidata": "Q5207480",
        "wikipedia": "en:Dabida"
      },
      "geometry": {
        "type": "Point",
        "coordinates": [
          38.3110114,
          -3.4175986
        ]
      },
      "id": "node/45002503"
    },
    {
      "type": "Feature",
      "properties": {
        "@id": "node/45002545",
        "name": "Darajani",
        "place": "village",
        "wikidata": "Q5222053"
      },
      "geometry": {
        "type": "Point",
        "coordinates": [
          38.115957,
          -2.587958
        ]
      },
      "id": "node/45002545"
    },
    {
      "type": "Feature",
      "properties": {
        "@id": "node/45002580",
        "name": "Dembwa",
        "place": "village",
        "wikidata": "Q5255124"
      },
      "geometry": {
        "type": "Point",
        "coordinates": [
          38.3666,
          -3.45
        ]
      },
      "id": "node/45002580"
    },
    {
      "type": "Feature",
      "properties": {
        "@id": "node/45002757",
        "name": "Dwa",
        "place": "village"
      },
      "geometry": {
        "type": "Point",
        "coordinates": [
          38.0129154,
          -2.395642
        ]
      },
      "id": "node/45002757"
    },
    {
      "type": "Feature",
      "properties": {
        "@id": "node/45003049",
        "name": "Chawia",
        "place": "village",
        "wikidata": "Q5088560",
        "wikipedia": "en:Chawia"
      },
      "geometry": {
        "type": "Point",
        "coordinates": [
          38.349601,
          -3.478751
        ]
      },
      "id": "node/45003049"
    },
    {
      "type": "Feature",
      "properties": {
        "@id": "node/45003492",
        "GNS:id": "-2243407",
        "name": "Choke",
        "place": "village",
        "source:name": "GNS"
      },
      "geometry": {
        "type": "Point",
        "coordinates": [
          38.3952865,
          -3.3641841
        ]
      },
      "id": "node/45003492"
    },
    {
      "type": "Feature",
      "properties": {
        "@id": "node/45004354",
        "name": "Fighinyi",
        "place": "village",
        "wikidata": "Q5447953",
        "wikipedia": "en:Figini"
      },
      "geometry": {
        "type": "Point",
        "coordinates": [
          38.3969989,
          -3.3756281
        ]
      },
      "id": "node/45004354"
    },
    {
      "type": "Feature",
      "properties": {
        "@id": "node/45005771",
        "name": "Athi",
        "place": "village",
        "wikidata": "Q4813643"
      },
      "geometry": {
        "type": "Point",
        "coordinates": [
          38.05,
          -2.2
        ]
      },
      "id": "node/45005771"
    },
    {
      "type": "Feature",
      "properties": {
        "@id": "node/45005782",
        "name": "Athi",
        "place": "village",
        "wikidata": "Q4813643"
      },
      "geometry": {
        "type": "Point",
        "coordinates": [
          38.0666,
          -2.2666
        ]
      },
      "id": "node/45005782"
    },
    {
      "type": "Feature",
      "properties": {
        "@id": "node/45005793",
        "name": "Athi New Bridge",
        "place": "village"
      },
      "geometry": {
        "type": "Point",
        "coordinates": [
          38.05,
          -2.2
        ]
      },
      "id": "node/45005793"
    },
    {
      "type": "Feature",
      "properties": {
        "@id": "node/45006194",
        "name": "Chala",
        "place": "village"
      },
      "geometry": {
        "type": "Point",
        "coordinates": [
          37.7345928,
          -3.2955922
        ]
      },
      "id": "node/45006194"
    },
    {
      "type": "Feature",
      "properties": {
        "@id": "node/255603972",
        "name": "Himo",
        "place": "town",
        "wikidata": "Q5765465",
        "wikipedia": "en:Himo, Tanzania"
      },
      "geometry": {
        "type": "Point",
        "coordinates": [
          37.5467977,
          -3.3881209
        ]
      },
      "id": "node/255603972"
    },
    {
      "type": "Feature",
      "properties": {
        "@id": "node/262017801",
        "is_in": "Manyara, Tanzania",
        "name": "Mirerani",
        "place": "town"
      },
      "geometry": {
        "type": "Point",
        "coordinates": [
          36.9835742,
          -3.5589907
        ]
      },
      "id": "node/262017801"
    },
    {
      "type": "Feature",
      "properties": {
        "@id": "node/282573268",
        "name": "Makao Mapya",
        "place": "village"
      },
      "geometry": {
        "type": "Point",
        "coordinates": [
          37.0658061,
          -3.3929574
        ]
      },
      "id": "node/282573268"
    },
    {
      "type": "Feature",
      "properties": {
        "@id": "node/282573272",
        "name": "Kingori",
        "place": "village"
      },
      "geometry": {
        "type": "Point",
        "coordinates": [
          37.0213818,
          -3.3791975
        ]
      },
      "id": "node/282573272"
    },
    {
      "type": "Feature",
      "properties": {
        "@id": "node/282575390",
        "name": "Kikatiti",
        "place": "village"
      },
      "geometry": {
        "type": "Point",
        "coordinates": [
          36.9452148,
          -3.388817
        ]
      },
      "id": "node/282575390"
    },
    {
      "type": "Feature",
      "properties": {
        "@id": "node/282575938",
        "name": "Usa River",
        "place": "town",
        "wikidata": "Q1003067",
        "wikipedia": "en:Usa River, Meru District, Arusha"
      },
      "geometry": {
        "type": "Point",
        "coordinates": [
          36.8582197,
          -3.3714009
        ]
      },
      "id": "node/282575938"
    },
    {
      "type": "Feature",
      "properties": {
        "@id": "node/282576247",
        "name": "Makumira",
        "place": "village",
        "wikidata": "Q6740463",
        "wikipedia": "en:Makumira"
      },
      "geometry": {
        "type": "Point",
        "coordinates": [
          36.8271536,
          -3.3747856
        ]
      },
      "id": "node/282576247"
    },
    {
      "type": "Feature",
      "properties": {
        "@id": "node/282588126",
        "place": "village"
      },
      "geometry": {
        "type": "Point",
        "coordinates": [
          37.1144916,
          -3.3473053
        ]
      },
      "id": "node/282588126"
    },
    {
      "type": "Feature",
      "properties": {
        "@id": "node/282588257",
        "place": "village"
      },
      "geometry": {
        "type": "Point",
        "coordinates": [
          37.1296012,
          -3.3414037
        ]
      },
      "id": "node/282588257"
    },
    {
      "type": "Feature",
      "properties": {
        "@id": "node/282591075",
        "name": "Nshara",
        "place": "village"
      },
      "geometry": {
        "type": "Point",
        "coordinates": [
          37.2293331,
          -3.2737967
        ]
      },
      "id": "node/282591075"
    },
    {
      "type": "Feature",
      "properties": {
        "@id": "node/282676221",
        "name": "Mweka",
        "place": "village"
      },
      "geometry": {
        "type": "Point",
        "coordinates": [
          37.3366087,
          -3.2256324
        ]
      },
      "id": "node/282676221"
    },
    {
      "type": "Feature",
      "properties": {
        "@id": "node/282743952",
        "place": "village"
      },
      "geometry": {
        "type": "Point",
        "coordinates": [
          37.1822285,
          -3.3192694
        ]
      },
      "id": "node/282743952"
    },
    {
      "type": "Feature",
      "properties": {
        "@id": "node/297488385",
        "name": "Emali",
        "place": "town",
        "wikidata": "Q5368848",
        "wikipedia": "en:Emali"
      },
      "geometry": {
        "type": "Point",
        "coordinates": [
          37.475521,
          -2.081915
        ]
      },
      "id": "node/297488385"
    },
    {
      "type": "Feature",
      "properties": {
        "@id": "node/299077704",
        "name": "Manyani",
        "place": "town"
      },
      "geometry": {
        "type": "Point",
        "coordinates": [
          38.4946554,
          -3.0872681
        ]
      },
      "id": "node/299077704"
    },
    {
      "type": "Feature",
      "properties": {
        "@id": "node/387793210",
        "name": "Marangu",
        "place": "town",
        "wikidata": "Q745999",
        "wikimedia_commons": "Category:Marangu",
        "wikipedia": "en:Marangu"
      },
      "geometry": {
        "type": "Point",
        "coordinates": [
          37.522982,
          -3.283763
        ]
      },
      "id": "node/387793210"
    },
    {
      "type": "Feature",
      "properties": {
        "@id": "node/651928762",
        "name": "Mgange Nyika",
        "place": "village",
        "source": "GPS",
        "wikidata": "Q6826827",
        "wikipedia": "en:Mgange"
      },
      "geometry": {
        "type": "Point",
        "coordinates": [
          38.312998,
          -3.40141
        ]
      },
      "id": "node/651928762"
    },
    {
      "type": "Feature",
      "properties": {
        "@id": "node/671589456",
        "name": "Sanya Juu",
        "place": "town",
        "region": "Kilimanjaro"
      },
      "geometry": {
        "type": "Point",
        "coordinates": [
          37.0673609,
          -3.1864389
        ]
      },
      "id": "node/671589456"
    },
    {
      "type": "Feature",
      "properties": {
        "@id": "node/671589699",
        "alt_name": "Engarenairobi",
        "name": "Ngarenairobi",
        "place": "village"
      },
      "geometry": {
        "type": "Point",
        "coordinates": [
          37.0515124,
          -3.039563
        ]
      },
      "id": "node/671589699"
    },
    {
      "type": "Feature",
      "properties": {
        "@id": "node/805143411",
        "name": "Machame",
        "place": "village",
        "wikidata": "Q1882623",
        "wikipedia": "en:Machame"
      },
      "geometry": {
        "type": "Point",
        "coordinates": [
          37.223658,
          -3.2120463
        ]
      },
      "id": "node/805143411"
    },
    {
      "type": "Feature",
      "properties": {
        "@id": "node/846798195",
        "name": "Msitu Wa Mbogo",
        "place": "village"
      },
      "geometry": {
        "type": "Point",
        "coordinates": [
          36.8850383,
          -3.5267532
        ]
      },
      "id": "node/846798195"
    },
    {
      "type": "Feature",
      "properties": {
        "@id": "node/846798947",
        "name": "Makiba, Makiba",
        "place": "hamlet"
      },
      "geometry": {
        "type": "Point",
        "coordinates": [
          36.951895,
          -3.5268734
        ]
      },
      "id": "node/846798947"
    },
    {
      "type": "Feature",
      "properties": {
        "@id": "node/846799029",
        "is_in": "Arumeru, Arusha",
        "name": "Mbuguni",
        "place": "village",
        "population": "14880",
        "population:source": "2002 census",
        "wikidata": "Q6799799",
        "wikipedia": "en:Mbuguni"
      },
      "geometry": {
        "type": "Point",
        "coordinates": [
          36.916492,
          -3.55156
        ]
      },
      "id": "node/846799029"
    },
    {
      "type": "Feature",
      "properties": {
        "@id": "node/893970149",
        "name": "Kilala",
        "place": "village"
      },
      "geometry": {
        "type": "Point",
        "coordinates": [
          36.8217553,
          -3.3728441
        ]
      },
      "id": "node/893970149"
    },
    {
      "type": "Feature",
      "properties": {
        "@id": "node/989045129",
        "name": "Rundugai",
        "place": "village"
      },
      "geometry": {
        "type": "Point",
        "coordinates": [
          37.1957963,
          -3.4128388
        ]
      },
      "id": "node/989045129"
    },
    {
      "type": "Feature",
      "properties": {
        "@id": "node/990264981",
        "name": "Kyeeri",
        "place": "village"
      },
      "geometry": {
        "type": "Point",
        "coordinates": [
          37.2025481,
          -3.2068662
        ]
      },
      "id": "node/990264981"
    },
    {
      "type": "Feature",
      "properties": {
        "@id": "node/1002295015",
        "name": "Mshiri",
        "place": "village"
      },
      "geometry": {
        "type": "Point",
        "coordinates": [
          37.524108,
          -3.2623688
        ]
      },
      "id": "node/1002295015"
    },
    {
      "type": "Feature",
      "properties": {
        "@id": "node/1002296434",
        "name": "Masia Marangu",
        "place": "village"
      },
      "geometry": {
        "type": "Point",
        "coordinates": [
          37.5299256,
          -3.2615329
        ]
      },
      "id": "node/1002296434"
    },
    {
      "type": "Feature",
      "properties": {
        "@id": "node/1262606096",
        "name": "Mwokaleri",
        "place": "hamlet"
      },
      "geometry": {
        "type": "Point",
        "coordinates": [
          38.4163986,
          -3.3442068
        ]
      },
      "id": "node/1262606096"
    },
    {
      "type": "Feature",
      "properties": {
        "@id": "node/1262606441",
        "name": "Nyache",
        "place": "village"
      },
      "geometry": {
        "type": "Point",
        "coordinates": [
          38.3800155,
          -3.3369015
        ]
      },
      "id": "node/1262606441"
    },
    {
      "type": "Feature",
      "properties": {
        "@id": "node/1930495150",
        "name": "Tuvaila",
        "place": "village",
        "source": "GNS"
      },
      "geometry": {
        "type": "Point",
        "coordinates": [
          36.9083111,
          -3.3642032
        ]
      },
      "id": "node/1930495150"
    },
    {
      "type": "Feature",
      "properties": {
        "@id": "node/1998356793",
        "place": "village"
      },
      "geometry": {
        "type": "Point",
        "coordinates": [
          37.451581,
          -3.4555334
        ]
      },
      "id": "node/1998356793"
    },
    {
      "type": "Feature",
      "properties": {
        "@id": "node/1998357972",
        "place": "village"
      },
      "geometry": {
        "type": "Point",
        "coordinates": [
          37.4434593,
          -3.4316224
        ]
      },
      "id": "node/1998357972"
    },
    {
      "type": "Feature",
      "properties": {
        "@id": "node/2025981674",
        "name": "Mawala",
        "place": "village"
      },
      "geometry": {
        "type": "Point",
        "coordinates": [
          37.4316088,
          -3.54725
        ]
      },
      "id": "node/2025981674"
    },
    {
      "type": "Feature",
      "properties": {
        "@id": "node/2026002551",
        "name": "Mikocheni Ndogo",
        "place": "village",
        "ward": "Kahe"
      },
      "geometry": {
        "type": "Point",
        "coordinates": [
          37.4318084,
          -3.5862857
        ]
      },
      "id": "node/2026002551"
    },
    {
      "type": "Feature",
      "properties": {
        "@id": "node/2026004092",
        "name": "Mikocheni Kubwa",
        "place": "village"
      },
      "geometry": {
        "type": "Point",
        "coordinates": [
          37.388915,
          -3.5963831
        ]
      },
      "id": "node/2026004092"
    },
    {
      "type": "Feature",
      "properties": {
        "@id": "node/2026013695",
        "fixme": "What is the name of this village?",
        "place": "village"
      },
      "geometry": {
        "type": "Point",
        "coordinates": [
          37.3607851,
          -3.5903654
        ]
      },
      "id": "node/2026013695"
    },
    {
      "type": "Feature",
      "properties": {
        "@id": "node/2128426392",
        "name": "Nkweseko",
        "place": "village"
      },
      "geometry": {
        "type": "Point",
        "coordinates": [
          37.2385614,
          -3.1904551
        ]
      },
      "id": "node/2128426392"
    },
    {
      "type": "Feature",
      "properties": {
        "@id": "node/2129211074",
        "name": "Mkoringa",
        "place": "village"
      },
      "geometry": {
        "type": "Point",
        "coordinates": [
          37.3029644,
          -3.2451131
        ]
      },
      "id": "node/2129211074"
    },
    {
      "type": "Feature",
      "properties": {
        "@id": "node/2129211100",
        "name": "Kibosho",
        "place": "village"
      },
      "geometry": {
        "type": "Point",
        "coordinates": [
          37.3128339,
          -3.238791
        ]
      },
      "id": "node/2129211100"
    },
    {
      "type": "Feature",
      "properties": {
        "@id": "node/2134284494",
        "name": "Kiboko",
        "place": "town"
      },
      "geometry": {
        "type": "Point",
        "coordinates": [
          37.7224834,
          -2.2097918
        ]
      },
      "id": "node/2134284494"
    },
    {
      "type": "Feature",
      "properties": {
        "@id": "node/2137882227",
        "name": "Ngwata",
        "place": "village"
      },
      "geometry": {
        "type": "Point",
        "coordinates": [
          38.0511663,
          -2.5275274
        ]
      },
      "id": "node/2137882227"
    },
    {
      "type": "Feature",
      "properties": {
        "@id": "node/2138920991",
        "name": "Nalemoru",
        "place": "hamlet"
      },
      "geometry": {
        "type": "Point",
        "coordinates": [
          37.4986604,
          -2.9564398
        ]
      },
      "id": "node/2138920991"
    },
    {
      "type": "Feature",
      "properties": {
        "@id": "node/2141391678",
        "name": "Mwanyani",
        "place": "village"
      },
      "geometry": {
        "type": "Point",
        "coordinates": [
          37.5108953,
          -2.0299494
        ]
      },
      "id": "node/2141391678"
    },
    {
      "type": "Feature",
      "properties": {
        "@id": "node/2178131858",
        "alt_name": "Nkama",
        "name": "Ngama",
        "place": "village"
      },
      "geometry": {
        "type": "Point",
        "coordinates": [
          37.5500027,
          -2.9389455
        ]
      },
      "id": "node/2178131858"
    },
    {
      "type": "Feature",
      "properties": {
        "@id": "node/2178131859",
        "alt_name": "Oloitokitok",
        "name": "Loitokitok",
        "place": "town",
        "wikidata": "Q6668441",
        "wikipedia": "en:Loitokitok"
      },
      "geometry": {
        "type": "Point",
        "coordinates": [
          37.5095,
          -2.927112
        ]
      },
      "id": "node/2178131859"
    },
    {
      "type": "Feature",
      "properties": {
        "@id": "node/2196241467",
        "place": "village"
      },
      "geometry": {
        "type": "Point",
        "coordinates": [
          38.0139776,
          -2.3257565
        ]
      },
      "id": "node/2196241467"
    },
    {
      "type": "Feature",
      "properties": {
        "@id": "node/2337532740",
        "place": "village"
      },
      "geometry": {
        "type": "Point",
        "coordinates": [
          36.8483399,
          -2.4361022
        ]
      },
      "id": "node/2337532740"
    },
    {
      "type": "Feature",
      "properties": {
        "@id": "node/2645832004",
        "name": "Machinery",
        "place": "town",
        "wheelchair": "limited"
      },
      "geometry": {
        "type": "Point",
        "coordinates": [
          38.0301444,
          -2.5231939
        ]
      },
      "id": "node/2645832004"
    },
    {
      "type": "Feature",
      "properties": {
        "@id": "node/2647297058",
        "name": "Kithyululu",
        "place": "village"
      },
      "geometry": {
        "type": "Point",
        "coordinates": [
          38.1734722,
          -2.3984252
        ]
      },
      "id": "node/2647297058"
    },
    {
      "type": "Feature",
      "properties": {
        "@id": "node/2647312407",
        "name": "Kativani",
        "place": "village"
      },
      "geometry": {
        "type": "Point",
        "coordinates": [
          38.0828296,
          -2.5117048
        ]
      },
      "id": "node/2647312407"
    },
    {
      "type": "Feature",
      "properties": {
        "@id": "node/2647312408",
        "name": "Miami",
        "place": "village"
      },
      "geometry": {
        "type": "Point",
        "coordinates": [
          38.0681526,
          -2.5182913
        ]
      },
      "id": "node/2647312408"
    },
    {
      "type": "Feature",
      "properties": {
        "@id": "node/2647365510",
        "name": "Kavatini",
        "place": "village"
      },
      "geometry": {
        "type": "Point",
        "coordinates": [
          38.1188223,
          -2.4600297
        ]
      },
      "id": "node/2647365510"
    },
    {
      "type": "Feature",
      "properties": {
        "@id": "node/2647365604",
        "name": "Ulilinzi",
        "place": "village"
      },
      "geometry": {
        "type": "Point",
        "coordinates": [
          38.1532229,
          -2.4140453
        ]
      },
      "id": "node/2647365604"
    },
    {
      "type": "Feature",
      "properties": {
        "@id": "node/2647534799",
        "name": "Kalimakoi",
        "place": "village"
      },
      "geometry": {
        "type": "Point",
        "coordinates": [
          38.0953262,
          -2.4920414
        ]
      },
      "id": "node/2647534799"
    },
    {
      "type": "Feature",
      "properties": {
        "@id": "node/2986395050",
        "name": "Kikelelwa",
        "place": "village"
      },
      "geometry": {
        "type": "Point",
        "coordinates": [
          37.5242414,
          -2.9655933
        ]
      },
      "id": "node/2986395050"
    },
    {
      "type": "Feature",
      "properties": {
        "@id": "node/2986395051",
        "name": "Tarakea",
        "place": "village"
      },
      "geometry": {
        "type": "Point",
        "coordinates": [
          37.5651663,
          -3.0019726
        ]
      },
      "id": "node/2986395051"
    },
    {
      "type": "Feature",
      "properties": {
        "@id": "node/2986402805",
        "name": "Mashima River",
        "place": "village"
      },
      "geometry": {
        "type": "Point",
        "coordinates": [
          37.5959188,
          -3.0513866
        ]
      },
      "id": "node/2986402805"
    },
    {
      "type": "Feature",
      "properties": {
        "@id": "node/3140034366",
        "place": "village"
      },
      "geometry": {
        "type": "Point",
        "coordinates": [
          37.1213251,
          -2.8651317
        ]
      },
      "id": "node/3140034366"
    },
    {
      "type": "Feature",
      "properties": {
        "@id": "node/3244249570",
        "name": "Rauya",
        "place": "village"
      },
      "geometry": {
        "type": "Point",
        "coordinates": [
          37.5397468,
          -3.3240704
        ]
      },
      "id": "node/3244249570"
    },
    {
      "type": "Feature",
      "properties": {
        "@id": "node/3320906332",
        "name": "Momella, Ngarenanyuki",
        "place": "village"
      },
      "geometry": {
        "type": "Point",
        "coordinates": [
          36.8632099,
          -3.2166245
        ]
      },
      "id": "node/3320906332"
    },
    {
      "type": "Feature",
      "properties": {
        "@id": "node/3320914258",
        "name": "Olkung´wado, Ngarenanyuki",
        "place": "village",
        "population": "3000"
      },
      "geometry": {
        "type": "Point",
        "coordinates": [
          36.8604519,
          -3.1802602
        ]
      },
      "id": "node/3320914258"
    },
    {
      "type": "Feature",
      "properties": {
        "@id": "node/3414876726",
        "name": "Kyumani",
        "place": "village"
      },
      "geometry": {
        "type": "Point",
        "coordinates": [
          38.099319,
          -2.4114405
        ]
      },
      "id": "node/3414876726"
    },
    {
      "type": "Feature",
      "properties": {
        "@id": "node/3783082537",
        "name": "Pasua",
        "place": "village"
      },
      "geometry": {
        "type": "Point",
        "coordinates": [
          37.3378824,
          -3.3753474
        ]
      },
      "id": "node/3783082537"
    },
    {
      "type": "Feature",
      "properties": {
        "@id": "node/3783082538",
        "name": "Soweto",
        "place": "village"
      },
      "geometry": {
        "type": "Point",
        "coordinates": [
          37.3207288,
          -3.3529124
        ]
      },
      "id": "node/3783082538"
    },
    {
      "type": "Feature",
      "properties": {
        "@id": "node/3866849767",
        "name": "Newland",
        "place": "village"
      },
      "geometry": {
        "type": "Point",
        "coordinates": [
          37.3289179,
          -3.4538987
        ]
      },
      "id": "node/3866849767"
    },
    {
      "type": "Feature",
      "properties": {
        "@id": "node/3866849768",
        "name": "Chekereni, Mabogini",
        "place": "village"
      },
      "geometry": {
        "type": "Point",
        "coordinates": [
          37.3989506,
          -3.4591316
        ]
      },
      "id": "node/3866849768"
    },
    {
      "type": "Feature",
      "properties": {
        "@id": "node/3866849769",
        "name": "Mtakuja",
        "place": "village"
      },
      "geometry": {
        "type": "Point",
        "coordinates": [
          37.3564645,
          -3.4830344
        ]
      },
      "id": "node/3866849769"
    },
    {
      "type": "Feature",
      "properties": {
        "@id": "node/3866952459",
        "alt_name": "Msereki",
        "name": "Mserekia",
        "place": "village"
      },
      "geometry": {
        "type": "Point",
        "coordinates": [
          37.3598076,
          -3.5065083
        ]
      },
      "id": "node/3866952459"
    },
    {
      "type": "Feature",
      "properties": {
        "@id": "node/3866990376",
        "name": "Kiyungi",
        "place": "village"
      },
      "geometry": {
        "type": "Point",
        "coordinates": [
          37.2977091,
          -3.438955
        ]
      },
      "id": "node/3866990376"
    },
    {
      "type": "Feature",
      "properties": {
        "@id": "node/3867000602",
        "name": "Weru Weru",
        "place": "village"
      },
      "geometry": {
        "type": "Point",
        "coordinates": [
          37.2922588,
          -3.4300875
        ]
      },
      "id": "node/3867000602"
    },
    {
      "type": "Feature",
      "properties": {
        "@id": "node/3867010080",
        "name": "Kiwoi",
        "place": "village"
      },
      "geometry": {
        "type": "Point",
        "coordinates": [
          37.2990059,
          -3.5655116
        ]
      },
      "id": "node/3867010080"
    },
    {
      "type": "Feature",
      "properties": {
        "@id": "node/3886079725",
        "name": "Holili",
        "place": "town",
        "wikidata": "Q24236421",
        "wikipedia": "en:Holili"
      },
      "geometry": {
        "type": "Point",
        "coordinates": [
          37.6351976,
          -3.3777136
        ]
      },
      "id": "node/3886079725"
    },
    {
      "type": "Feature",
      "properties": {
        "@id": "node/3886079727",
        "name": "Kijiji cha Letto",
        "place": "village"
      },
      "geometry": {
        "type": "Point",
        "coordinates": [
          37.6411734,
          -3.0751478
        ]
      },
      "id": "node/3886079727"
    },
    {
      "type": "Feature",
      "properties": {
        "@id": "node/3886079729",
        "name": "Mashima",
        "place": "village"
      },
      "geometry": {
        "type": "Point",
        "coordinates": [
          37.5745233,
          -3.0187763
        ]
      },
      "id": "node/3886079729"
    },
    {
      "type": "Feature",
      "properties": {
        "@id": "node/4025898210",
        "name": "Arusha Chini",
        "place": "village",
        "wikidata": "Q4802311",
        "wikipedia": "en:Arusha Chini"
      },
      "geometry": {
        "type": "Point",
        "coordinates": [
          37.332043,
          -3.532506
        ]
      },
      "id": "node/4025898210"
    },
    {
      "type": "Feature",
      "properties": {
        "@id": "node/4087781688",
        "name": "Kamwanga",
        "place": "village"
      },
      "geometry": {
        "type": "Point",
        "coordinates": [
          37.3651068,
          -2.8785166
        ]
      },
      "id": "node/4087781688"
    },
    {
      "type": "Feature",
      "properties": {
        "@id": "node/4346784927",
        "place": "village"
      },
      "geometry": {
        "type": "Point",
        "coordinates": [
          37.0637128,
          -3.369639
        ]
      },
      "id": "node/4346784927"
    },
    {
      "type": "Feature",
      "properties": {
        "@id": "node/4367733382",
        "name": "Kiboriloni",
        "place": "village"
      },
      "geometry": {
        "type": "Point",
        "coordinates": [
          37.3696513,
          -3.3350726
        ]
      },
      "id": "node/4367733382"
    },
    {
      "type": "Feature",
      "properties": {
        "@id": "node/4367810136",
        "name": "Kiyungi, Arusha Chini",
        "place": "village"
      },
      "geometry": {
        "type": "Point",
        "coordinates": [
          37.3181212,
          -3.413643
        ]
      },
      "id": "node/4367810136"
    },
    {
      "type": "Feature",
      "properties": {
        "@id": "node/4580952273",
        "name": "Mwika",
        "place": "town"
      },
      "geometry": {
        "type": "Point",
        "coordinates": [
          37.5802904,
          -3.2807227
        ]
      },
      "id": "node/4580952273"
    },
    {
      "type": "Feature",
      "properties": {
        "@id": "node/4580952274",
        "name": "Mkuu",
        "place": "town"
      },
      "geometry": {
        "type": "Point",
        "coordinates": [
          37.6170834,
          -3.1905023
        ]
      },
      "id": "node/4580952274"
    },
    {
      "type": "Feature",
      "properties": {
        "@id": "node/4610005489",
        "name": "Shimbi Mashariki",
        "place": "village"
      },
      "geometry": {
        "type": "Point",
        "coordinates": [
          37.656271,
          -3.2101137
        ]
      },
      "id": "node/4610005489"
    },
    {
      "type": "Feature",
      "properties": {
        "@id": "node/4801332127",
        "address": "Athi River-Namanga Road",
        "name": "Ngatatoek",
        "place": "town"
      },
      "geometry": {
        "type": "Point",
        "coordinates": [
          36.8081563,
          -2.2784717
        ]
      },
      "id": "node/4801332127"
    },
    {
      "type": "Feature",
      "properties": {
        "@id": "node/4801332138",
        "name": "Maili Tisa",
        "place": "village"
      },
      "geometry": {
        "type": "Point",
        "coordinates": [
          36.8476096,
          -2.4358165
        ]
      },
      "id": "node/4801332138"
    },
    {
      "type": "Feature",
      "properties": {
        "@id": "node/4889543872",
        "name": "Kishushe",
        "place": "village"
      },
      "geometry": {
        "type": "Point",
        "coordinates": [
          38.3011067,
          -3.2812769
        ]
      },
      "id": "node/4889543872"
    },
    {
      "type": "Feature",
      "properties": {
        "@id": "node/4889565139",
        "GNS:id": "-2256027",
        "name": "Mgambonyi",
        "place": "village",
        "source:name": "GNS"
      },
      "geometry": {
        "type": "Point",
        "coordinates": [
          38.3627389,
          -3.3534254
        ]
      },
      "id": "node/4889565139"
    },
    {
      "type": "Feature",
      "properties": {
        "@id": "node/4889623347",
        "name": "Maungu",
        "place": "town"
      },
      "geometry": {
        "type": "Point",
        "coordinates": [
          38.7508485,
          -3.5607321
        ]
      },
      "id": "node/4889623347"
    },
    {
      "type": "Feature",
      "properties": {
        "@id": "node/4889623350",
        "name": "Mole",
        "place": "village"
      },
      "geometry": {
        "type": "Point",
        "coordinates": [
          38.4467553,
          -3.3499494
        ]
      },
      "id": "node/4889623350"
    },
    {
      "type": "Feature",
      "properties": {
        "@id": "node/4889651051",
        "GNS:id": "-2258690",
        "name": "Ndii",
        "place": "village",
        "source:name": "GNS"
      },
      "geometry": {
        "type": "Point",
        "coordinates": [
          38.5007805,
          -3.2378301
        ]
      },
      "id": "node/4889651051"
    },
    {
      "type": "Feature",
      "properties": {
        "@id": "node/4889651052",
        "name": "Mbulia",
        "place": "village"
      },
      "geometry": {
        "type": "Point",
        "coordinates": [
          38.4341073,
          -3.2488924
        ]
      },
      "id": "node/4889651052"
    },
    {
      "type": "Feature",
      "properties": {
        "@id": "node/4889658511",
        "GNS:id": "-2264790",
        "name": "Wusi",
        "place": "village",
        "source:name": "GNS"
      },
      "geometry": {
        "type": "Point",
        "coordinates": [
          38.3474987,
          -3.4552418
        ]
      },
      "id": "node/4889658511"
    },
    {
      "type": "Feature",
      "properties": {
        "@id": "node/4889685686",
        "name": "Mwashuma",
        "place": "village"
      },
      "geometry": {
        "type": "Point",
        "coordinates": [
          38.2722413,
          -3.4917999
        ]
      },
      "id": "node/4889685686"
    },
    {
      "type": "Feature",
      "properties": {
        "@id": "node/4889691876",
        "name": "Josa",
        "place": "village"
      },
      "geometry": {
        "type": "Point",
        "coordinates": [
          38.3584751,
          -3.4326607
        ]
      },
      "id": "node/4889691876"
    },
    {
      "type": "Feature",
      "properties": {
        "@id": "node/4889706434",
        "name": "Kirutai",
        "place": "village"
      },
      "geometry": {
        "type": "Point",
        "coordinates": [
          38.4864782,
          -3.3897246
        ]
      },
      "id": "node/4889706434"
    },
    {
      "type": "Feature",
      "properties": {
        "@id": "node/4889706436",
        "name": "Kighononyi",
        "place": "village"
      },
      "geometry": {
        "type": "Point",
        "coordinates": [
          38.4878395,
          -3.4432249
        ]
      },
      "id": "node/4889706436"
    },
    {
      "type": "Feature",
      "properties": {
        "@id": "node/4891238824",
        "name": "Kitobo",
        "place": "village"
      },
      "geometry": {
        "type": "Point",
        "coordinates": [
          37.6102437,
          -3.4389959
        ]
      },
      "id": "node/4891238824"
    },
    {
      "type": "Feature",
      "properties": {
        "@id": "node/4891272329",
        "name": "Eldoro",
        "place": "village"
      },
      "geometry": {
        "type": "Point",
        "coordinates": [
          37.680682,
          -3.4780623
        ]
      },
      "id": "node/4891272329"
    },
    {
      "type": "Feature",
      "properties": {
        "@id": "node/4891384586",
        "name": "Kimorigo",
        "place": "village"
      },
      "geometry": {
        "type": "Point",
        "coordinates": [
          37.6903539,
          -3.4608879
        ]
      },
      "id": "node/4891384586"
    },
    {
      "type": "Feature",
      "properties": {
        "@id": "node/4891404188",
        "name": "Mrambani",
        "place": "village"
      },
      "geometry": {
        "type": "Point",
        "coordinates": [
          37.6330258,
          -3.4367531
        ]
      },
      "id": "node/4891404188"
    },
    {
      "type": "Feature",
      "properties": {
        "@id": "node/4891489565",
        "name": "Kiwalwa",
        "place": "village"
      },
      "geometry": {
        "type": "Point",
        "coordinates": [
          37.6842582,
          -3.4251604
        ]
      },
      "id": "node/4891489565"
    },
    {
      "type": "Feature",
      "properties": {
        "@id": "node/4891845435",
        "name": "Kishamba",
        "place": "village"
      },
      "geometry": {
        "type": "Point",
        "coordinates": [
          38.3744898,
          -3.4300387
        ]
      },
      "id": "node/4891845435"
    },
    {
      "type": "Feature",
      "properties": {
        "@id": "node/4897192063",
        "name": "Chumvini",
        "place": "village"
      },
      "geometry": {
        "type": "Point",
        "coordinates": [
          37.7123959,
          -3.2091642
        ]
      },
      "id": "node/4897192063"
    },
    {
      "type": "Feature",
      "properties": {
        "@id": "node/4897237827",
        "name": "Njukini",
        "place": "village"
      },
      "geometry": {
        "type": "Point",
        "coordinates": [
          37.7244495,
          -3.1874151
        ]
      },
      "id": "node/4897237827"
    },
    {
      "type": "Feature",
      "properties": {
        "@id": "node/4899413438",
        "name": "Rekeke",
        "place": "village"
      },
      "geometry": {
        "type": "Point",
        "coordinates": [
          37.7356301,
          -3.4287801
        ]
      },
      "id": "node/4899413438"
    },
    {
      "type": "Feature",
      "properties": {
        "@id": "node/4899413648",
        "name": "Mata",
        "place": "village"
      },
      "geometry": {
        "type": "Point",
        "coordinates": [
          37.7541694,
          -3.4767115
        ]
      },
      "id": "node/4899413648"
    },
    {
      "type": "Feature",
      "properties": {
        "@id": "node/4911373056",
        "name": "Kithogoto",
        "place": "village"
      },
      "geometry": {
        "type": "Point",
        "coordinates": [
          37.680136,
          -3.5001703
        ]
      },
      "id": "node/4911373056"
    },
    {
      "type": "Feature",
      "properties": {
        "@id": "node/4911453511",
        "name": "Masengoni",
        "place": "village"
      },
      "geometry": {
        "type": "Point",
        "coordinates": [
          37.7031682,
          -3.3926408
        ]
      },
      "id": "node/4911453511"
    },
    {
      "type": "Feature",
      "properties": {
        "@id": "node/4911453680",
        "name": "Njoro",
        "place": "village"
      },
      "geometry": {
        "type": "Point",
        "coordinates": [
          37.696229,
          -3.4094938
        ]
      },
      "id": "node/4911453680"
    },
    {
      "type": "Feature",
      "properties": {
        "@id": "node/4911453765",
        "name": "Mbonghoni",
        "place": "village"
      },
      "geometry": {
        "type": "Point",
        "coordinates": [
          37.7134116,
          -3.4150028
        ]
      },
      "id": "node/4911453765"
    },
    {
      "type": "Feature",
      "properties": {
        "@id": "node/4911473267",
        "name": "Margassa",
        "place": "village"
      },
      "geometry": {
        "type": "Point",
        "coordinates": [
          37.7043831,
          -3.4425959
        ]
      },
      "id": "node/4911473267"
    },
    {
      "type": "Feature",
      "properties": {
        "@id": "node/4911498588",
        "name": "Kishota",
        "place": "village"
      },
      "geometry": {
        "type": "Point",
        "coordinates": [
          37.7170678,
          -3.4487367
        ]
      },
      "id": "node/4911498588"
    },
    {
      "type": "Feature",
      "properties": {
        "@id": "node/4911622721",
        "name": "Msorongo",
        "place": "village"
      },
      "geometry": {
        "type": "Point",
        "coordinates": [
          38.2156025,
          -3.4263914
        ]
      },
      "id": "node/4911622721"
    },
    {
      "type": "Feature",
      "properties": {
        "@id": "node/4911622723",
        "name": "Kwa Mnengwa",
        "place": "village"
      },
      "geometry": {
        "type": "Point",
        "coordinates": [
          38.2447892,
          -3.4348426
        ]
      },
      "id": "node/4911622723"
    },
    {
      "type": "Feature",
      "properties": {
        "@id": "node/4911643048",
        "name": "Mwandisha",
        "place": "village"
      },
      "geometry": {
        "type": "Point",
        "coordinates": [
          38.3833141,
          -3.5327
        ]
      },
      "id": "node/4911643048"
    },
    {
      "type": "Feature",
      "properties": {
        "@id": "node/4911643110",
        "name": "Manoa",
        "place": "village"
      },
      "geometry": {
        "type": "Point",
        "coordinates": [
          38.3354078,
          -3.5925344
        ]
      },
      "id": "node/4911643110"
    },
    {
      "type": "Feature",
      "properties": {
        "@id": "node/4911643111",
        "name": "Mwachabo",
        "place": "village"
      },
      "geometry": {
        "type": "Point",
        "coordinates": [
          38.3626525,
          -3.5707509
        ]
      },
      "id": "node/4911643111"
    },
    {
      "type": "Feature",
      "properties": {
        "@id": "node/4911643112",
        "name": "Kwakelele",
        "place": "village"
      },
      "geometry": {
        "type": "Point",
        "coordinates": [
          38.3128436,
          -3.5820285
        ]
      },
      "id": "node/4911643112"
    },
    {
      "type": "Feature",
      "properties": {
        "@id": "node/4912277793",
        "name": "Madarasani",
        "place": "village"
      },
      "geometry": {
        "type": "Point",
        "coordinates": [
          37.5944474,
          -3.4473187
        ]
      },
      "id": "node/4912277793"
    },
    {
      "type": "Feature",
      "properties": {
        "@id": "node/4912277795",
        "name": "Riata",
        "place": "village"
      },
      "geometry": {
        "type": "Point",
        "coordinates": [
          37.6597078,
          -3.4279659
        ]
      },
      "id": "node/4912277795"
    },
    {
      "type": "Feature",
      "properties": {
        "@id": "node/4912277796",
        "name": "Ngutini",
        "place": "village"
      },
      "geometry": {
        "type": "Point",
        "coordinates": [
          37.7064131,
          -3.5000253
        ]
      },
      "id": "node/4912277796"
    },
    {
      "type": "Feature",
      "properties": {
        "@id": "node/4912277814",
        "name": "Kamleza",
        "place": "village"
      },
      "geometry": {
        "type": "Point",
        "coordinates": [
          37.6648087,
          -3.4632243
        ]
      },
      "id": "node/4912277814"
    },
    {
      "type": "Feature",
      "properties": {
        "@id": "node/4912277816",
        "name": "Mboghoni",
        "place": "village"
      },
      "geometry": {
        "type": "Point",
        "coordinates": [
          37.7085942,
          -3.4042731
        ]
      },
      "id": "node/4912277816"
    },
    {
      "type": "Feature",
      "properties": {
        "@id": "node/4912277817",
        "name": "Kimala",
        "place": "village"
      },
      "geometry": {
        "type": "Point",
        "coordinates": [
          37.7330751,
          -3.398339
        ]
      },
      "id": "node/4912277817"
    },
    {
      "type": "Feature",
      "properties": {
        "@id": "node/4912278828",
        "name": "Mokine",
        "place": "village"
      },
      "geometry": {
        "type": "Point",
        "coordinates": [
          37.643078,
          -3.4841129
        ]
      },
      "id": "node/4912278828"
    },
    {
      "type": "Feature",
      "properties": {
        "@id": "node/4912278829",
        "name": "Mrabani",
        "place": "village"
      },
      "geometry": {
        "type": "Point",
        "coordinates": [
          37.6339463,
          -3.4683015
        ]
      },
      "id": "node/4912278829"
    },
    {
      "type": "Feature",
      "properties": {
        "@id": "node/4912360732",
        "name": "Lessesia",
        "place": "village"
      },
      "geometry": {
        "type": "Point",
        "coordinates": [
          37.6702076,
          -3.3666587
        ]
      },
      "id": "node/4912360732"
    },
    {
      "type": "Feature",
      "properties": {
        "@id": "node/4912360733",
        "name": "Mahoo",
        "place": "village"
      },
      "geometry": {
        "type": "Point",
        "coordinates": [
          37.6861579,
          -3.3766264
        ]
      },
      "id": "node/4912360733"
    },
    {
      "type": "Feature",
      "properties": {
        "@id": "node/4912360734",
        "name": "Malukiloriti",
        "place": "village"
      },
      "geometry": {
        "type": "Point",
        "coordinates": [
          37.7001169,
          -3.3668788
        ]
      },
      "id": "node/4912360734"
    },
    {
      "type": "Feature",
      "properties": {
        "@id": "node/4912360736",
        "name": "Kidong'u",
        "place": "village"
      },
      "geometry": {
        "type": "Point",
        "coordinates": [
          37.7266589,
          -3.3534283
        ]
      },
      "id": "node/4912360736"
    },
    {
      "type": "Feature",
      "properties": {
        "@id": "node/4912361059",
        "name": "Kitondoni",
        "place": "village"
      },
      "geometry": {
        "type": "Point",
        "coordinates": [
          37.6934267,
          -3.3426467
        ]
      },
      "id": "node/4912361059"
    },
    {
      "type": "Feature",
      "properties": {
        "@id": "node/4912361060",
        "name": "Kasokoni",
        "place": "village"
      },
      "geometry": {
        "type": "Point",
        "coordinates": [
          37.732947,
          -3.3152094
        ]
      },
      "id": "node/4912361060"
    },
    {
      "type": "Feature",
      "properties": {
        "@id": "node/4912361753",
        "name": "Majengo",
        "place": "village"
      },
      "geometry": {
        "type": "Point",
        "coordinates": [
          37.7187388,
          -3.2816333
        ]
      },
      "id": "node/4912361753"
    },
    {
      "type": "Feature",
      "properties": {
        "@id": "node/4912361754",
        "name": "Kivukoni",
        "place": "village"
      },
      "geometry": {
        "type": "Point",
        "coordinates": [
          37.7407642,
          -3.2719751
        ]
      },
      "id": "node/4912361754"
    },
    {
      "type": "Feature",
      "properties": {
        "@id": "node/4912361755",
        "GNS:id": "-2243406",
        "name": "Chokaa",
        "place": "village",
        "source:name": "GNS"
      },
      "geometry": {
        "type": "Point",
        "coordinates": [
          37.7235488,
          -3.2649331
        ]
      },
      "id": "node/4912361755"
    },
    {
      "type": "Feature",
      "properties": {
        "@id": "node/4913676959",
        "name": "Itinyi",
        "place": "village"
      },
      "geometry": {
        "type": "Point",
        "coordinates": [
          38.7326521,
          -3.5947738
        ]
      },
      "id": "node/4913676959"
    },
    {
      "type": "Feature",
      "properties": {
        "@id": "node/4914567266",
        "name": "Latika",
        "place": "village"
      },
      "geometry": {
        "type": "Point",
        "coordinates": [
          38.2005374,
          -3.4375427
        ]
      },
      "id": "node/4914567266"
    },
    {
      "type": "Feature",
      "properties": {
        "@id": "node/4914567445",
        "name": "Mukamenyi",
        "place": "village"
      },
      "geometry": {
        "type": "Point",
        "coordinates": [
          38.2826137,
          -3.5008393
        ]
      },
      "id": "node/4914567445"
    },
    {
      "type": "Feature",
      "properties": {
        "@id": "node/4914651517",
        "name": "Godoma",
        "place": "village"
      },
      "geometry": {
        "type": "Point",
        "coordinates": [
          38.2632627,
          -3.4624944
        ]
      },
      "id": "node/4914651517"
    },
    {
      "type": "Feature",
      "properties": {
        "@id": "node/4914651857",
        "name": "Bura Station",
        "place": "village"
      },
      "geometry": {
        "type": "Point",
        "coordinates": [
          38.312884,
          -3.4991646
        ]
      },
      "id": "node/4914651857"
    },
    {
      "type": "Feature",
      "properties": {
        "@id": "node/4914651858",
        "name": "Bura Mission",
        "place": "village"
      },
      "geometry": {
        "type": "Point",
        "coordinates": [
          38.3124083,
          -3.4568776
        ]
      },
      "id": "node/4914651858"
    },
    {
      "type": "Feature",
      "properties": {
        "@id": "node/4914685875",
        "name": "Vichwala",
        "place": "village"
      },
      "geometry": {
        "type": "Point",
        "coordinates": [
          38.336369,
          -3.4625834
        ]
      },
      "id": "node/4914685875"
    },
    {
      "type": "Feature",
      "properties": {
        "@id": "node/4914685899",
        "GNS:id": "-2263134",
        "name": "Susu",
        "place": "village",
        "source:name": "GNS"
      },
      "geometry": {
        "type": "Point",
        "coordinates": [
          38.3378519,
          -3.4523076
        ]
      },
      "id": "node/4914685899"
    },
    {
      "type": "Feature",
      "properties": {
        "@id": "node/4914686143",
        "GNS:id": "-2250416",
        "name": "Kidaya",
        "place": "village",
        "source:name": "GNS"
      },
      "geometry": {
        "type": "Point",
        "coordinates": [
          38.3395376,
          -3.4362873
        ]
      },
      "id": "node/4914686143"
    },
    {
      "type": "Feature",
      "properties": {
        "@id": "node/4914783719",
        "GNS:id": "-2259101",
        "name": "Ngerenyi",
        "place": "village",
        "source:name": "GNS"
      },
      "geometry": {
        "type": "Point",
        "coordinates": [
          38.3422791,
          -3.4287635
        ]
      },
      "id": "node/4914783719"
    },
    {
      "type": "Feature",
      "properties": {
        "@id": "node/4914783839",
        "name": "Mwachara",
        "place": "village"
      },
      "geometry": {
        "type": "Point",
        "coordinates": [
          38.355711,
          -3.4269557
        ]
      },
      "id": "node/4914783839"
    },
    {
      "type": "Feature",
      "properties": {
        "@id": "node/4914784864",
        "name": "Kedai",
        "place": "village"
      },
      "geometry": {
        "type": "Point",
        "coordinates": [
          38.3262011,
          -3.2757766
        ]
      },
      "id": "node/4914784864"
    },
    {
      "type": "Feature",
      "properties": {
        "@id": "node/4914784938",
        "name": "Mwatunge",
        "place": "village"
      },
      "geometry": {
        "type": "Point",
        "coordinates": [
          38.3994569,
          -3.4941234
        ]
      },
      "id": "node/4914784938"
    },
    {
      "type": "Feature",
      "properties": {
        "@id": "node/4914813305",
        "name": "Mrabenyi",
        "place": "village"
      },
      "geometry": {
        "type": "Point",
        "coordinates": [
          38.4855796,
          -3.4060819
        ]
      },
      "id": "node/4914813305"
    },
    {
      "type": "Feature",
      "properties": {
        "@id": "node/4914813489",
        "name": "Mwasere",
        "place": "village"
      },
      "geometry": {
        "type": "Point",
        "coordinates": [
          38.450519,
          -3.3834291
        ]
      },
      "id": "node/4914813489"
    },
    {
      "type": "Feature",
      "properties": {
        "@id": "node/4914813490",
        "name": "Ronge",
        "place": "village"
      },
      "geometry": {
        "type": "Point",
        "coordinates": [
          38.4270488,
          -3.3721029
        ]
      },
      "id": "node/4914813490"
    },
    {
      "type": "Feature",
      "properties": {
        "@id": "node/4914813509",
        "name": "Mwakiki",
        "place": "village"
      },
      "geometry": {
        "type": "Point",
        "coordinates": [
          38.4718082,
          -3.3527351
        ]
      },
      "id": "node/4914813509"
    },
    {
      "type": "Feature",
      "properties": {
        "@id": "node/4914813529",
        "name": "Ndile",
        "place": "village"
      },
      "geometry": {
        "type": "Point",
        "coordinates": [
          38.4809582,
          -3.3276961
        ]
      },
      "id": "node/4914813529"
    },
    {
      "type": "Feature",
      "properties": {
        "@id": "node/4916806178",
        "name": "Orukungu",
        "place": "village"
      },
      "geometry": {
        "type": "Point",
        "coordinates": [
          37.7693372,
          -3.5182659
        ]
      },
      "id": "node/4916806178"
    },
    {
      "type": "Feature",
      "properties": {
        "@id": "node/4916806205",
        "name": "Munyoni",
        "place": "village"
      },
      "geometry": {
        "type": "Point",
        "coordinates": [
          37.7742402,
          -3.5280193
        ]
      },
      "id": "node/4916806205"
    },
    {
      "type": "Feature",
      "properties": {
        "@id": "node/4916834127",
        "GNS:id": "-2245430",
        "name": "Gimba",
        "place": "village",
        "source:name": "GNS"
      },
      "geometry": {
        "type": "Point",
        "coordinates": [
          38.5565296,
          -3.4417546
        ]
      },
      "id": "node/4916834127"
    },
    {
      "type": "Feature",
      "properties": {
        "@id": "node/4916834209",
        "name": "Kalambe",
        "place": "village"
      },
      "geometry": {
        "type": "Point",
        "coordinates": [
          38.5313355,
          -3.4512092
        ]
      },
      "id": "node/4916834209"
    },
    {
      "type": "Feature",
      "properties": {
        "@id": "node/4916834214",
        "name": "Kaloleni",
        "place": "village"
      },
      "geometry": {
        "type": "Point",
        "coordinates": [
          38.5825466,
          -3.3985925
        ]
      },
      "id": "node/4916834214"
    },
    {
      "type": "Feature",
      "properties": {
        "@id": "node/4916834313",
        "name": "Birikani",
        "place": "village"
      },
      "geometry": {
        "type": "Point",
        "coordinates": [
          38.5908896,
          -3.3938441
        ]
      },
      "id": "node/4916834313"
    },
    {
      "type": "Feature",
      "properties": {
        "@id": "node/4917402597",
        "name": "Mwambiti",
        "place": "village"
      },
      "geometry": {
        "type": "Point",
        "coordinates": [
          38.6285388,
          -3.5010691
        ]
      },
      "id": "node/4917402597"
    },
    {
      "type": "Feature",
      "properties": {
        "@id": "node/4936598545",
        "name": "Ol Girra",
        "place": "village"
      },
      "geometry": {
        "type": "Point",
        "coordinates": [
          37.7739249,
          -3.1107724
        ]
      },
      "id": "node/4936598545"
    },
    {
      "type": "Feature",
      "properties": {
        "@id": "node/4936661523",
        "name": "Mruru",
        "place": "village"
      },
      "geometry": {
        "type": "Point",
        "coordinates": [
          38.3543753,
          -3.4950973
        ]
      },
      "id": "node/4936661523"
    },
    {
      "type": "Feature",
      "properties": {
        "@id": "node/4936679510",
        "name": "Mwavunyu",
        "place": "village"
      },
      "geometry": {
        "type": "Point",
        "coordinates": [
          38.3081198,
          -3.4273726
        ]
      },
      "id": "node/4936679510"
    },
    {
      "type": "Feature",
      "properties": {
        "@id": "node/4936815189",
        "name": "Vomboni",
        "place": "village"
      },
      "geometry": {
        "type": "Point",
        "coordinates": [
          38.3335629,
          -3.3352797
        ]
      },
      "id": "node/4936815189"
    },
    {
      "type": "Feature",
      "properties": {
        "@id": "node/4936815463",
        "name": "Kipusa",
        "place": "village"
      },
      "geometry": {
        "type": "Point",
        "coordinates": [
          38.3618239,
          -3.3259683
        ]
      },
      "id": "node/4936815463"
    },
    {
      "type": "Feature",
      "properties": {
        "@id": "node/4936816188",
        "name": "Iriwa",
        "place": "village"
      },
      "geometry": {
        "type": "Point",
        "coordinates": [
          38.3860945,
          -3.3816525
        ]
      },
      "id": "node/4936816188"
    },
    {
      "type": "Feature",
      "properties": {
        "@id": "node/4936942700",
        "name": "Kirumbi",
        "place": "village"
      },
      "geometry": {
        "type": "Point",
        "coordinates": [
          38.5995991,
          -3.4404921
        ]
      },
      "id": "node/4936942700"
    },
    {
      "type": "Feature",
      "properties": {
        "@id": "node/4936958863",
        "name": "Ghazi",
        "place": "village"
      },
      "geometry": {
        "type": "Point",
        "coordinates": [
          38.4472565,
          -3.2886105
        ]
      },
      "id": "node/4936958863"
    },
    {
      "type": "Feature",
      "properties": {
        "@id": "node/4950654552",
        "name": "Wanganga",
        "place": "village"
      },
      "geometry": {
        "type": "Point",
        "coordinates": [
          38.3949914,
          -3.3814849
        ]
      },
      "id": "node/4950654552"
    },
    {
      "type": "Feature",
      "properties": {
        "@id": "node/4950654573",
        "name": "Mlechi",
        "place": "village"
      },
      "geometry": {
        "type": "Point",
        "coordinates": [
          38.3872862,
          -3.3960102
        ]
      },
      "id": "node/4950654573"
    },
    {
      "type": "Feature",
      "properties": {
        "@id": "node/4950654574",
        "name": "Mwenga",
        "place": "village"
      },
      "geometry": {
        "type": "Point",
        "coordinates": [
          38.3682319,
          -3.3824393
        ]
      },
      "id": "node/4950654574"
    },
    {
      "type": "Feature",
      "properties": {
        "@id": "node/4950654579",
        "name": "Msesena",
        "place": "village"
      },
      "geometry": {
        "type": "Point",
        "coordinates": [
          38.3773085,
          -3.3920176
        ]
      },
      "id": "node/4950654579"
    },
    {
      "type": "Feature",
      "properties": {
        "@id": "node/4950654580",
        "name": "Mugondmi",
        "place": "village"
      },
      "geometry": {
        "type": "Point",
        "coordinates": [
          38.381831,
          -3.3850482
        ]
      },
      "id": "node/4950654580"
    },
    {
      "type": "Feature",
      "properties": {
        "@id": "node/4950654593",
        "name": "Mgahlu",
        "place": "village"
      },
      "geometry": {
        "type": "Point",
        "coordinates": [
          38.3721082,
          -3.3844726
        ]
      },
      "id": "node/4950654593"
    },
    {
      "type": "Feature",
      "properties": {
        "@id": "node/4950654844",
        "name": "Mwasungia",
        "place": "village"
      },
      "geometry": {
        "type": "Point",
        "coordinates": [
          38.3692924,
          -3.3947348
        ]
      },
      "id": "node/4950654844"
    },
    {
      "type": "Feature",
      "properties": {
        "@id": "node/4950654845",
        "name": "Kasungum",
        "place": "village"
      },
      "geometry": {
        "type": "Point",
        "coordinates": [
          38.4006964,
          -3.4135907
        ]
      },
      "id": "node/4950654845"
    },
    {
      "type": "Feature",
      "properties": {
        "@id": "node/4950655123",
        "name": "Mwandongo",
        "place": "village"
      },
      "geometry": {
        "type": "Point",
        "coordinates": [
          38.3889552,
          -3.4255018
        ]
      },
      "id": "node/4950655123"
    },
    {
      "type": "Feature",
      "properties": {
        "@id": "node/4950757430",
        "name": "Mwakongo",
        "place": "village"
      },
      "geometry": {
        "type": "Point",
        "coordinates": [
          38.4681385,
          -3.3410418
        ]
      },
      "id": "node/4950757430"
    },
    {
      "type": "Feature",
      "properties": {
        "@id": "node/4956504415",
        "name": "Entarara",
        "place": "village"
      },
      "geometry": {
        "type": "Point",
        "coordinates": [
          37.6279233,
          -2.9984139
        ]
      },
      "id": "node/4956504415"
    },
    {
      "type": "Feature",
      "properties": {
        "@id": "node/4956507024",
        "name": "Mahandakini",
        "place": "village"
      },
      "geometry": {
        "type": "Point",
        "coordinates": [
          37.7349213,
          -3.2502049
        ]
      },
      "id": "node/4956507024"
    },
    {
      "type": "Feature",
      "properties": {
        "@id": "node/4996319895",
        "name": "Mwawache",
        "place": "village"
      },
      "geometry": {
        "type": "Point",
        "coordinates": [
          38.3600676,
          -3.4829685
        ]
      },
      "id": "node/4996319895"
    },
    {
      "type": "Feature",
      "properties": {
        "@id": "node/4996405679",
        "name": "Mwanyambo",
        "place": "village"
      },
      "geometry": {
        "type": "Point",
        "coordinates": [
          38.43081,
          -3.3335461
        ]
      },
      "id": "node/4996405679"
    },
    {
      "type": "Feature",
      "properties": {
        "@id": "node/4996405680",
        "GNS:id": "-2247663",
        "name": "Kalanga",
        "place": "village",
        "source:name": "GNS"
      },
      "geometry": {
        "type": "Point",
        "coordinates": [
          38.4212682,
          -3.3292459
        ]
      },
      "id": "node/4996405680"
    },
    {
      "type": "Feature",
      "properties": {
        "@id": "node/5050154810",
        "name": "Konenyi",
        "place": "village"
      },
      "geometry": {
        "type": "Point",
        "coordinates": [
          38.4651708,
          -3.3668753
        ]
      },
      "id": "node/5050154810"
    },
    {
      "type": "Feature",
      "properties": {
        "@id": "node/5051066439",
        "name": "Ngeranyi",
        "place": "village"
      },
      "geometry": {
        "type": "Point",
        "coordinates": [
          38.3325989,
          -3.418596
        ]
      },
      "id": "node/5051066439"
    },
    {
      "type": "Feature",
      "properties": {
        "@id": "node/5051225084",
        "name": "Kitumbi",
        "place": "village"
      },
      "geometry": {
        "type": "Point",
        "coordinates": [
          38.3444914,
          -3.3509818
        ]
      },
      "id": "node/5051225084"
    },
    {
      "type": "Feature",
      "properties": {
        "@id": "node/5051225085",
        "name": "Mashighi",
        "place": "village"
      },
      "geometry": {
        "type": "Point",
        "coordinates": [
          38.3504747,
          -3.3479241
        ]
      },
      "id": "node/5051225085"
    },
    {
      "type": "Feature",
      "properties": {
        "@id": "node/5051225086",
        "name": "Maghimbinyi",
        "place": "village"
      },
      "geometry": {
        "type": "Point",
        "coordinates": [
          38.3405283,
          -3.3449881
        ]
      },
      "id": "node/5051225086"
    },
    {
      "type": "Feature",
      "properties": {
        "@id": "node/5051677701",
        "name": "Paranga",
        "place": "village"
      },
      "geometry": {
        "type": "Point",
        "coordinates": [
          38.3953883,
          -3.2941129
        ]
      },
      "id": "node/5051677701"
    },
    {
      "type": "Feature",
      "properties": {
        "@id": "node/5051693054",
        "name": "Ngongodinyi",
        "place": "village"
      },
      "geometry": {
        "type": "Point",
        "coordinates": [
          38.327251,
          -3.2509082
        ]
      },
      "id": "node/5051693054"
    },
    {
      "type": "Feature",
      "properties": {
        "@id": "node/5052874126",
        "name": "Shagha",
        "place": "village"
      },
      "geometry": {
        "type": "Point",
        "coordinates": [
          38.370405,
          -3.3176539
        ]
      },
      "id": "node/5052874126"
    },
    {
      "type": "Feature",
      "properties": {
        "@id": "node/5056125128",
        "name": "Landi",
        "place": "village"
      },
      "geometry": {
        "type": "Point",
        "coordinates": [
          38.4441868,
          -3.4803728
        ]
      },
      "id": "node/5056125128"
    },
    {
      "type": "Feature",
      "properties": {
        "@id": "node/5056132182",
        "name": "Kanyanga",
        "place": "village"
      },
      "geometry": {
        "type": "Point",
        "coordinates": [
          38.5841025,
          -3.4864663
        ]
      },
      "id": "node/5056132182"
    },
    {
      "type": "Feature",
      "properties": {
        "@id": "node/5056150817",
        "name": "Saghaigu",
        "place": "village"
      },
      "geometry": {
        "type": "Point",
        "coordinates": [
          38.3312642,
          -3.4328417
        ]
      },
      "id": "node/5056150817"
    },
    {
      "type": "Feature",
      "properties": {
        "@id": "node/5056171273",
        "name": "Wasinyi",
        "place": "village"
      },
      "geometry": {
        "type": "Point",
        "coordinates": [
          38.3530918,
          -3.4120136
        ]
      },
      "id": "node/5056171273"
    },
    {
      "type": "Feature",
      "properties": {
        "@id": "node/5056210814",
        "name": "Mwaghogho",
        "place": "village"
      },
      "geometry": {
        "type": "Point",
        "coordinates": [
          38.4765314,
          -3.2994295
        ]
      },
      "id": "node/5056210814"
    },
    {
      "type": "Feature",
      "properties": {
        "@id": "node/5058516288",
        "name": "Kambito",
        "place": "village"
      },
      "geometry": {
        "type": "Point",
        "coordinates": [
          38.5029951,
          -3.3472411
        ]
      },
      "id": "node/5058516288"
    },
    {
      "type": "Feature",
      "properties": {
        "@id": "node/5058534982",
        "name": "Mlundinyi",
        "place": "village"
      },
      "geometry": {
        "type": "Point",
        "coordinates": [
          38.4942685,
          -3.2734453
        ]
      },
      "id": "node/5058534982"
    },
    {
      "type": "Feature",
      "properties": {
        "@id": "node/5058635919",
        "name": "Mlilo",
        "place": "village"
      },
      "geometry": {
        "type": "Point",
        "coordinates": [
          38.380156,
          -3.2293953
        ]
      },
      "id": "node/5058635919"
    },
    {
      "type": "Feature",
      "properties": {
        "@id": "node/5058668704",
        "name": "Wumingu",
        "place": "village"
      },
      "geometry": {
        "type": "Point",
        "coordinates": [
          38.3478833,
          -3.3365881
        ]
      },
      "id": "node/5058668704"
    },
    {
      "type": "Feature",
      "properties": {
        "@id": "node/5058695176",
        "name": "Mwakishimba",
        "place": "village"
      },
      "geometry": {
        "type": "Point",
        "coordinates": [
          38.3170923,
          -3.3542855
        ]
      },
      "id": "node/5058695176"
    },
    {
      "type": "Feature",
      "properties": {
        "@id": "node/5058710615",
        "name": "Kishenyi",
        "place": "village"
      },
      "geometry": {
        "type": "Point",
        "coordinates": [
          38.3323701,
          -3.3535203
        ]
      },
      "id": "node/5058710615"
    },
    {
      "type": "Feature",
      "properties": {
        "@id": "node/5058743258",
        "name": "Mwaroko",
        "place": "village"
      },
      "geometry": {
        "type": "Point",
        "coordinates": [
          38.3082146,
          -3.3702657
        ]
      },
      "id": "node/5058743258"
    },
    {
      "type": "Feature",
      "properties": {
        "@id": "node/5058767754",
        "name": "Mwangea",
        "place": "village"
      },
      "geometry": {
        "type": "Point",
        "coordinates": [
          38.3074505,
          -3.4119911
        ]
      },
      "id": "node/5058767754"
    },
    {
      "type": "Feature",
      "properties": {
        "@id": "node/5058805219",
        "name": "Mdundonyi",
        "place": "village"
      },
      "geometry": {
        "type": "Point",
        "coordinates": [
          38.3244206,
          -3.3977441
        ]
      },
      "id": "node/5058805219"
    },
    {
      "type": "Feature",
      "properties": {
        "@id": "node/5062353198",
        "name": "Mwambota",
        "place": "village"
      },
      "geometry": {
        "type": "Point",
        "coordinates": [
          38.4368274,
          -3.4201557
        ]
      },
      "id": "node/5062353198"
    },
    {
      "type": "Feature",
      "properties": {
        "@id": "node/5062668633",
        "name": "Ngilinyi",
        "place": "village"
      },
      "geometry": {
        "type": "Point",
        "coordinates": [
          38.3830927,
          -3.3647468
        ]
      },
      "id": "node/5062668633"
    },
    {
      "type": "Feature",
      "properties": {
        "@id": "node/5062680233",
        "name": "Nyambu",
        "place": "village"
      },
      "geometry": {
        "type": "Point",
        "coordinates": [
          38.3611892,
          -3.386288
        ]
      },
      "id": "node/5062680233"
    },
    {
      "type": "Feature",
      "properties": {
        "@id": "node/5096327199",
        "name": "Mwakitutu",
        "place": "village"
      },
      "geometry": {
        "type": "Point",
        "coordinates": [
          38.3655297,
          -3.4914303
        ]
      },
      "id": "node/5096327199"
    },
    {
      "type": "Feature",
      "properties": {
        "@id": "node/5384344203",
        "name": "Uuwo",
        "place": "village"
      },
      "geometry": {
        "type": "Point",
        "coordinates": [
          37.5894337,
          -3.2699892
        ]
      },
      "id": "node/5384344203"
    },
    {
      "type": "Feature",
      "properties": {
        "@id": "node/5386837634",
        "name": "Kirimeni",
        "place": "village"
      },
      "geometry": {
        "type": "Point",
        "coordinates": [
          37.5929323,
          -3.2831461
        ]
      },
      "id": "node/5386837634"
    },
    {
      "type": "Feature",
      "properties": {
        "@id": "node/5388009979",
        "name": "Kondiki",
        "place": "village"
      },
      "geometry": {
        "type": "Point",
        "coordinates": [
          37.5805646,
          -3.2587296
        ]
      },
      "id": "node/5388009979"
    },
    {
      "type": "Feature",
      "properties": {
        "@id": "node/5489820079",
        "name": "Namalok",
        "place": "town"
      },
      "geometry": {
        "type": "Point",
        "coordinates": [
          37.4539203,
          -2.7166906
        ]
      },
      "id": "node/5489820079"
    },
    {
      "type": "Feature",
      "properties": {
        "@id": "node/5806994739",
        "name": "Maili Tatu",
        "place": "village"
      },
      "geometry": {
        "type": "Point",
        "coordinates": [
          37.7482623,
          -3.0848389
        ]
      },
      "id": "node/5806994739"
    },
    {
      "type": "Feature",
      "properties": {
        "@id": "node/5908238999",
        "name": "Olkung'wado",
        "place": "town",
        "population": "3000"
      },
      "geometry": {
        "type": "Point",
        "coordinates": [
          36.8604398,
          -3.1802595
        ]
      },
      "id": "node/5908238999"
    },
    {
      "type": "Feature",
      "properties": {
        "@id": "node/5921291864",
        "place": "hamlet"
      },
      "geometry": {
        "type": "Point",
        "coordinates": [
          37.8810074,
          -2.9243962
        ]
      },
      "id": "node/5921291864"
    },
    {
      "type": "Feature",
      "properties": {
        "@id": "node/6041792092",
        "place": "hamlet"
      },
      "geometry": {
        "type": "Point",
        "coordinates": [
          37.7454938,
          -3.1024895
        ]
      },
      "id": "node/6041792092"
    },
    {
      "type": "Feature",
      "properties": {
        "@id": "node/6041792196",
        "place": "hamlet"
      },
      "geometry": {
        "type": "Point",
        "coordinates": [
          37.7293933,
          -3.105991
        ]
      },
      "id": "node/6041792196"
    },
    {
      "type": "Feature",
      "properties": {
        "@id": "node/6041792215",
        "place": "hamlet"
      },
      "geometry": {
        "type": "Point",
        "coordinates": [
          37.7306298,
          -3.1067553
        ]
      },
      "id": "node/6041792215"
    },
    {
      "type": "Feature",
      "properties": {
        "@id": "node/6041794373",
        "place": "hamlet"
      },
      "geometry": {
        "type": "Point",
        "coordinates": [
          37.6640959,
          -3.0108278
        ]
      },
      "id": "node/6041794373"
    },
    {
      "type": "Feature",
      "properties": {
        "@id": "node/6041801519",
        "place": "hamlet"
      },
      "geometry": {
        "type": "Point",
        "coordinates": [
          37.6649995,
          -2.9506689
        ]
      },
      "id": "node/6041801519"
    },
    {
      "type": "Feature",
      "properties": {
        "@id": "node/6041801548",
        "place": "hamlet"
      },
      "geometry": {
        "type": "Point",
        "coordinates": [
          37.6632886,
          -2.9489143
        ]
      },
      "id": "node/6041801548"
    },
    {
      "type": "Feature",
      "properties": {
        "@id": "node/6041801765",
        "place": "hamlet"
      },
      "geometry": {
        "type": "Point",
        "coordinates": [
          37.670076,
          -2.9451026
        ]
      },
      "id": "node/6041801765"
    },
    {
      "type": "Feature",
      "properties": {
        "@id": "node/6041801777",
        "place": "hamlet"
      },
      "geometry": {
        "type": "Point",
        "coordinates": [
          37.6801399,
          -2.9475684
        ]
      },
      "id": "node/6041801777"
    },
    {
      "type": "Feature",
      "properties": {
        "@id": "node/6041801808",
        "place": "hamlet"
      },
      "geometry": {
        "type": "Point",
        "coordinates": [
          37.677622,
          -2.951508
        ]
      },
      "id": "node/6041801808"
    },
    {
      "type": "Feature",
      "properties": {
        "@id": "node/6041801833",
        "place": "hamlet"
      },
      "geometry": {
        "type": "Point",
        "coordinates": [
          37.6615037,
          -2.9563963
        ]
      },
      "id": "node/6041801833"
    },
    {
      "type": "Feature",
      "properties": {
        "@id": "node/6041801873",
        "place": "hamlet"
      },
      "geometry": {
        "type": "Point",
        "coordinates": [
          37.6661034,
          -2.9551322
        ]
      },
      "id": "node/6041801873"
    },
    {
      "type": "Feature",
      "properties": {
        "@id": "node/6041801892",
        "place": "hamlet"
      },
      "geometry": {
        "type": "Point",
        "coordinates": [
          37.6670255,
          -2.9529903
        ]
      },
      "id": "node/6041801892"
    },
    {
      "type": "Feature",
      "properties": {
        "@id": "node/6041863670",
        "place": "hamlet"
      },
      "geometry": {
        "type": "Point",
        "coordinates": [
          37.739622,
          -3.1172072
        ]
      },
      "id": "node/6041863670"
    },
    {
      "type": "Feature",
      "properties": {
        "@id": "node/6041863913",
        "place": "hamlet"
      },
      "geometry": {
        "type": "Point",
        "coordinates": [
          37.738801,
          -3.1107694
        ]
      },
      "id": "node/6041863913"
    },
    {
      "type": "Feature",
      "properties": {
        "@id": "node/6041915429",
        "place": "hamlet"
      },
      "geometry": {
        "type": "Point",
        "coordinates": [
          37.6888699,
          -3.1031173
        ]
      },
      "id": "node/6041915429"
    },
    {
      "type": "Feature",
      "properties": {
        "@id": "node/6041915481",
        "place": "hamlet"
      },
      "geometry": {
        "type": "Point",
        "coordinates": [
          37.6948948,
          -3.1016106
        ]
      },
      "id": "node/6041915481"
    },
    {
      "type": "Feature",
      "properties": {
        "@id": "node/6041915544",
        "place": "hamlet"
      },
      "geometry": {
        "type": "Point",
        "coordinates": [
          37.697281,
          -3.0972481
        ]
      },
      "id": "node/6041915544"
    },
    {
      "type": "Feature",
      "properties": {
        "@id": "node/6041915594",
        "place": "hamlet"
      },
      "geometry": {
        "type": "Point",
        "coordinates": [
          37.7030082,
          -3.1141058
        ]
      },
      "id": "node/6041915594"
    },
    {
      "type": "Feature",
      "properties": {
        "@id": "node/6041915604",
        "place": "hamlet"
      },
      "geometry": {
        "type": "Point",
        "coordinates": [
          37.6925254,
          -3.1166403
        ]
      },
      "id": "node/6041915604"
    },
    {
      "type": "Feature",
      "properties": {
        "@id": "node/6041915619",
        "place": "hamlet"
      },
      "geometry": {
        "type": "Point",
        "coordinates": [
          37.6902223,
          -3.1020912
        ]
      },
      "id": "node/6041915619"
    },
    {
      "type": "Feature",
      "properties": {
        "@id": "node/6041915627",
        "place": "hamlet"
      },
      "geometry": {
        "type": "Point",
        "coordinates": [
          37.6933119,
          -3.1004924
        ]
      },
      "id": "node/6041915627"
    },
    {
      "type": "Feature",
      "properties": {
        "@id": "node/6041915661",
        "place": "hamlet"
      },
      "geometry": {
        "type": "Point",
        "coordinates": [
          37.697166,
          -3.103594
        ]
      },
      "id": "node/6041915661"
    },
    {
      "type": "Feature",
      "properties": {
        "@id": "node/6041915708",
        "place": "hamlet"
      },
      "geometry": {
        "type": "Point",
        "coordinates": [
          37.694911,
          -3.1062958
        ]
      },
      "id": "node/6041915708"
    },
    {
      "type": "Feature",
      "properties": {
        "@id": "node/6041915717",
        "place": "hamlet"
      },
      "geometry": {
        "type": "Point",
        "coordinates": [
          37.7013012,
          -3.1065637
        ]
      },
      "id": "node/6041915717"
    },
    {
      "type": "Feature",
      "properties": {
        "@id": "node/6041915766",
        "place": "hamlet"
      },
      "geometry": {
        "type": "Point",
        "coordinates": [
          37.6977213,
          -3.1149094
        ]
      },
      "id": "node/6041915766"
    },
    {
      "type": "Feature",
      "properties": {
        "@id": "node/6041929417",
        "place": "hamlet"
      },
      "geometry": {
        "type": "Point",
        "coordinates": [
          37.7327787,
          -3.1108778
        ]
      },
      "id": "node/6041929417"
    },
    {
      "type": "Feature",
      "properties": {
        "@id": "node/6041930085",
        "place": "hamlet"
      },
      "geometry": {
        "type": "Point",
        "coordinates": [
          37.7323349,
          -3.1014771
        ]
      },
      "id": "node/6041930085"
    },
    {
      "type": "Feature",
      "properties": {
        "@id": "node/6041932072",
        "place": "hamlet"
      },
      "geometry": {
        "type": "Point",
        "coordinates": [
          37.6977705,
          -3.1091194
        ]
      },
      "id": "node/6041932072"
    },
    {
      "type": "Feature",
      "properties": {
        "@id": "node/6041932399",
        "place": "hamlet"
      },
      "geometry": {
        "type": "Point",
        "coordinates": [
          37.6979824,
          -3.111033
        ]
      },
      "id": "node/6041932399"
    },
    {
      "type": "Feature",
      "properties": {
        "@id": "node/6041939772",
        "place": "hamlet"
      },
      "geometry": {
        "type": "Point",
        "coordinates": [
          37.6969041,
          -3.1165242
        ]
      },
      "id": "node/6041939772"
    },
    {
      "type": "Feature",
      "properties": {
        "@id": "node/6041939780",
        "place": "hamlet"
      },
      "geometry": {
        "type": "Point",
        "coordinates": [
          37.6960774,
          -3.1155441
        ]
      },
      "id": "node/6041939780"
    },
    {
      "type": "Feature",
      "properties": {
        "@id": "node/6041944206",
        "place": "hamlet"
      },
      "geometry": {
        "type": "Point",
        "coordinates": [
          37.6906362,
          -3.1149307
        ]
      },
      "id": "node/6041944206"
    },
    {
      "type": "Feature",
      "properties": {
        "@id": "node/6041947578",
        "place": "hamlet"
      },
      "geometry": {
        "type": "Point",
        "coordinates": [
          37.7293503,
          -3.0995653
        ]
      },
      "id": "node/6041947578"
    },
    {
      "type": "Feature",
      "properties": {
        "@id": "node/6041971554",
        "place": "hamlet"
      },
      "geometry": {
        "type": "Point",
        "coordinates": [
          37.747392,
          -3.0989809
        ]
      },
      "id": "node/6041971554"
    },
    {
      "type": "Feature",
      "properties": {
        "@id": "node/6041986208",
        "place": "hamlet"
      },
      "geometry": {
        "type": "Point",
        "coordinates": [
          37.7372984,
          -3.1054461
        ]
      },
      "id": "node/6041986208"
    },
    {
      "type": "Feature",
      "properties": {
        "@id": "node/6044622546",
        "place": "hamlet"
      },
      "geometry": {
        "type": "Point",
        "coordinates": [
          37.6272713,
          -3.0040882
        ]
      },
      "id": "node/6044622546"
    },
    {
      "type": "Feature",
      "properties": {
        "@id": "node/6046007792",
        "place": "hamlet"
      },
      "geometry": {
        "type": "Point",
        "coordinates": [
          37.8865752,
          -2.9385488
        ]
      },
      "id": "node/6046007792"
    },
    {
      "type": "Feature",
      "properties": {
        "@id": "node/6046007811",
        "place": "hamlet"
      },
      "geometry": {
        "type": "Point",
        "coordinates": [
          37.8884567,
          -2.937042
        ]
      },
      "id": "node/6046007811"
    },
    {
      "type": "Feature",
      "properties": {
        "@id": "node/6046007826",
        "place": "hamlet"
      },
      "geometry": {
        "type": "Point",
        "coordinates": [
          37.8844307,
          -2.9345696
        ]
      },
      "id": "node/6046007826"
    },
    {
      "type": "Feature",
      "properties": {
        "@id": "node/6063090943",
        "place": "hamlet"
      },
      "geometry": {
        "type": "Point",
        "coordinates": [
          37.8809559,
          -2.9244642
        ]
      },
      "id": "node/6063090943"
    },
    {
      "type": "Feature",
      "properties": {
        "@id": "node/6063294704",
        "place": "hamlet"
      },
      "geometry": {
        "type": "Point",
        "coordinates": [
          37.8797865,
          -2.929385
        ]
      },
      "id": "node/6063294704"
    },
    {
      "type": "Feature",
      "properties": {
        "@id": "node/6063334163",
        "place": "hamlet"
      },
      "geometry": {
        "type": "Point",
        "coordinates": [
          37.8107598,
          -2.9825198
        ]
      },
      "id": "node/6063334163"
    },
    {
      "type": "Feature",
      "properties": {
        "@id": "node/6067232528",
        "place": "hamlet"
      },
      "geometry": {
        "type": "Point",
        "coordinates": [
          37.8204051,
          -2.962745
        ]
      },
      "id": "node/6067232528"
    },
    {
      "type": "Feature",
      "properties": {
        "@id": "node/6067239520",
        "place": "hamlet"
      },
      "geometry": {
        "type": "Point",
        "coordinates": [
          37.8226621,
          -2.9651665
        ]
      },
      "id": "node/6067239520"
    },
    {
      "type": "Feature",
      "properties": {
        "@id": "node/6129086337",
        "place": "hamlet"
      },
      "geometry": {
        "type": "Point",
        "coordinates": [
          37.6675943,
          -2.9663987
        ]
      },
      "id": "node/6129086337"
    },
    {
      "type": "Feature",
      "properties": {
        "@id": "node/6214459402",
        "place": "hamlet"
      },
      "geometry": {
        "type": "Point",
        "coordinates": [
          37.6460065,
          -2.9491791
        ]
      },
      "id": "node/6214459402"
    },
    {
      "type": "Feature",
      "properties": {
        "@id": "node/6214502979",
        "place": "hamlet"
      },
      "geometry": {
        "type": "Point",
        "coordinates": [
          37.6418316,
          -2.9624089
        ]
      },
      "id": "node/6214502979"
    },
    {
      "type": "Feature",
      "properties": {
        "@id": "node/6232806593",
        "addr:city": "Kibwezi",
        "addr:street": "Mombasa Road",
        "name": "Kiunduani Town",
        "place": "town"
      },
      "geometry": {
        "type": "Point",
        "coordinates": [
          37.8777827,
          -2.3341847
        ]
      },
      "id": "node/6232806593"
    },
    {
      "type": "Feature",
      "properties": {
        "@id": "node/6242279970",
        "place": "hamlet"
      },
      "geometry": {
        "type": "Point",
        "coordinates": [
          37.7941087,
          -3.1114762
        ]
      },
      "id": "node/6242279970"
    },
    {
      "type": "Feature",
      "properties": {
        "@id": "node/6242280299",
        "place": "hamlet"
      },
      "geometry": {
        "type": "Point",
        "coordinates": [
          37.8008518,
          -3.1172505
        ]
      },
      "id": "node/6242280299"
    },
    {
      "type": "Feature",
      "properties": {
        "@id": "node/6244008135",
        "place": "hamlet"
      },
      "geometry": {
        "type": "Point",
        "coordinates": [
          37.6947945,
          -3.0371065
        ]
      },
      "id": "node/6244008135"
    },
    {
      "type": "Feature",
      "properties": {
        "@id": "node/6244874758",
        "place": "hamlet",
        "source": "Digital globe"
      },
      "geometry": {
        "type": "Point",
        "coordinates": [
          37.7931404,
          -3.1148374
        ]
      },
      "id": "node/6244874758"
    },
    {
      "type": "Feature",
      "properties": {
        "@id": "node/6258396462",
        "place": "village"
      },
      "geometry": {
        "type": "Point",
        "coordinates": [
          37.7012157,
          -3.0606765
        ]
      },
      "id": "node/6258396462"
    },
    {
      "type": "Feature",
      "properties": {
        "@id": "node/6321413391",
        "country": "TZ",
        "district": "Hai",
        "name": "Tindigani, Kia",
        "place": "hamlet",
        "region": "Kilimanjaro",
        "ward": "Kia"
      },
      "geometry": {
        "type": "Point",
        "coordinates": [
          37.1267769,
          -3.4307097
        ]
      },
      "id": "node/6321413391"
    },
    {
      "type": "Feature",
      "properties": {
        "@id": "node/6384438237",
        "place": "hamlet"
      },
      "geometry": {
        "type": "Point",
        "coordinates": [
          36.9312524,
          -2.7468077
        ]
      },
      "id": "node/6384438237"
    },
    {
      "type": "Feature",
      "properties": {
        "@id": "node/6486104083",
        "name": "Isineti",
        "place": "village"
      },
      "geometry": {
        "type": "Point",
        "coordinates": [
          37.5074955,
          -2.7373968
        ]
      },
      "id": "node/6486104083"
    },
    {
      "type": "Feature",
      "properties": {
        "@id": "node/6535908678",
        "place": "hamlet"
      },
      "geometry": {
        "type": "Point",
        "coordinates": [
          36.9744909,
          -2.5667748
        ]
      },
      "id": "node/6535908678"
    },
    {
      "type": "Feature",
      "properties": {
        "@id": "node/6535908680",
        "place": "hamlet"
      },
      "geometry": {
        "type": "Point",
        "coordinates": [
          36.9840164,
          -2.5671252
        ]
      },
      "id": "node/6535908680"
    },
    {
      "type": "Feature",
      "properties": {
        "@id": "node/6535908681",
        "place": "hamlet"
      },
      "geometry": {
        "type": "Point",
        "coordinates": [
          36.9793481,
          -2.5642273
        ]
      },
      "id": "node/6535908681"
    },
    {
      "type": "Feature",
      "properties": {
        "@id": "node/6535908683",
        "place": "hamlet"
      },
      "geometry": {
        "type": "Point",
        "coordinates": [
          36.9884013,
          -2.5664648
        ]
      },
      "id": "node/6535908683"
    },
    {
      "type": "Feature",
      "properties": {
        "@id": "node/6535908684",
        "place": "hamlet"
      },
      "geometry": {
        "type": "Point",
        "coordinates": [
          36.9899934,
          -2.5683653
        ]
      },
      "id": "node/6535908684"
    },
    {
      "type": "Feature",
      "properties": {
        "@id": "node/6535929985",
        "place": "hamlet"
      },
      "geometry": {
        "type": "Point",
        "coordinates": [
          37.0105578,
          -2.656745
        ]
      },
      "id": "node/6535929985"
    },
    {
      "type": "Feature",
      "properties": {
        "@id": "node/6535929986",
        "place": "hamlet"
      },
      "geometry": {
        "type": "Point",
        "coordinates": [
          37.0105004,
          -2.6637051
        ]
      },
      "id": "node/6535929986"
    },
    {
      "type": "Feature",
      "properties": {
        "@id": "node/6535929987",
        "place": "hamlet"
      },
      "geometry": {
        "type": "Point",
        "coordinates": [
          36.9980509,
          -2.6688412
        ]
      },
      "id": "node/6535929987"
    },
    {
      "type": "Feature",
      "properties": {
        "@id": "node/6535929988",
        "place": "hamlet"
      },
      "geometry": {
        "type": "Point",
        "coordinates": [
          37.0007119,
          -2.6702455
        ]
      },
      "id": "node/6535929988"
    },
    {
      "type": "Feature",
      "properties": {
        "@id": "node/6535929989",
        "place": "hamlet"
      },
      "geometry": {
        "type": "Point",
        "coordinates": [
          36.995892,
          -2.6711148
        ]
      },
      "id": "node/6535929989"
    },
    {
      "type": "Feature",
      "properties": {
        "@id": "node/6535929992",
        "place": "hamlet"
      },
      "geometry": {
        "type": "Point",
        "coordinates": [
          36.9862857,
          -2.6697189
        ]
      },
      "id": "node/6535929992"
    },
    {
      "type": "Feature",
      "properties": {
        "@id": "node/6535930131",
        "place": "hamlet"
      },
      "geometry": {
        "type": "Point",
        "coordinates": [
          37.0273869,
          -2.6676169
        ]
      },
      "id": "node/6535930131"
    },
    {
      "type": "Feature",
      "properties": {
        "@id": "node/6535930140",
        "place": "hamlet"
      },
      "geometry": {
        "type": "Point",
        "coordinates": [
          37.0257993,
          -2.6605599
        ]
      },
      "id": "node/6535930140"
    },
    {
      "type": "Feature",
      "properties": {
        "@id": "node/6535930254",
        "name": "Olgulului",
        "place": "hamlet"
      },
      "geometry": {
        "type": "Point",
        "coordinates": [
          36.9886641,
          -2.5992018
        ]
      },
      "id": "node/6535930254"
    },
    {
      "type": "Feature",
      "properties": {
        "@id": "node/6535930324",
        "place": "hamlet"
      },
      "geometry": {
        "type": "Point",
        "coordinates": [
          36.9622178,
          -2.57832
        ]
      },
      "id": "node/6535930324"
    },
    {
      "type": "Feature",
      "properties": {
        "@id": "node/6535930325",
        "place": "hamlet"
      },
      "geometry": {
        "type": "Point",
        "coordinates": [
          36.9657388,
          -2.5845349
        ]
      },
      "id": "node/6535930325"
    },
    {
      "type": "Feature",
      "properties": {
        "@id": "node/6535930326",
        "place": "hamlet"
      },
      "geometry": {
        "type": "Point",
        "coordinates": [
          36.9595586,
          -2.5872734
        ]
      },
      "id": "node/6535930326"
    },
    {
      "type": "Feature",
      "properties": {
        "@id": "node/6535930327",
        "place": "hamlet"
      },
      "geometry": {
        "type": "Point",
        "coordinates": [
          36.9611673,
          -2.5872488
        ]
      },
      "id": "node/6535930327"
    },
    {
      "type": "Feature",
      "properties": {
        "@id": "node/6535930328",
        "place": "hamlet"
      },
      "geometry": {
        "type": "Point",
        "coordinates": [
          36.957515,
          -2.5856007
        ]
      },
      "id": "node/6535930328"
    },
    {
      "type": "Feature",
      "properties": {
        "@id": "node/6535930329",
        "place": "hamlet"
      },
      "geometry": {
        "type": "Point",
        "coordinates": [
          36.9549132,
          -2.5839035
        ]
      },
      "id": "node/6535930329"
    },
    {
      "type": "Feature",
      "properties": {
        "@id": "node/6535930330",
        "place": "hamlet"
      },
      "geometry": {
        "type": "Point",
        "coordinates": [
          36.9599854,
          -2.584994
        ]
      },
      "id": "node/6535930330"
    },
    {
      "type": "Feature",
      "properties": {
        "@id": "node/6535930331",
        "place": "hamlet"
      },
      "geometry": {
        "type": "Point",
        "coordinates": [
          36.9531814,
          -2.5839363
        ]
      },
      "id": "node/6535930331"
    },
    {
      "type": "Feature",
      "properties": {
        "@id": "node/6535930333",
        "place": "hamlet"
      },
      "geometry": {
        "type": "Point",
        "coordinates": [
          36.9628908,
          -2.5893313
        ]
      },
      "id": "node/6535930333"
    },
    {
      "type": "Feature",
      "properties": {
        "@id": "node/6535930334",
        "place": "hamlet"
      },
      "geometry": {
        "type": "Point",
        "coordinates": [
          36.9664282,
          -2.5910613
        ]
      },
      "id": "node/6535930334"
    },
    {
      "type": "Feature",
      "properties": {
        "@id": "node/6535930335",
        "place": "hamlet"
      },
      "geometry": {
        "type": "Point",
        "coordinates": [
          36.9488614,
          -2.5801426
        ]
      },
      "id": "node/6535930335"
    },
    {
      "type": "Feature",
      "properties": {
        "@id": "node/6535930336",
        "place": "hamlet"
      },
      "geometry": {
        "type": "Point",
        "coordinates": [
          36.9475639,
          -2.578202
        ]
      },
      "id": "node/6535930336"
    },
    {
      "type": "Feature",
      "properties": {
        "@id": "node/6535930337",
        "place": "hamlet"
      },
      "geometry": {
        "type": "Point",
        "coordinates": [
          36.951913,
          -2.5785496
        ]
      },
      "id": "node/6535930337"
    },
    {
      "type": "Feature",
      "properties": {
        "@id": "node/6535930338",
        "place": "hamlet"
      },
      "geometry": {
        "type": "Point",
        "coordinates": [
          36.9498689,
          -2.5766307
        ]
      },
      "id": "node/6535930338"
    },
    {
      "type": "Feature",
      "properties": {
        "@id": "node/6535930339",
        "place": "hamlet"
      },
      "geometry": {
        "type": "Point",
        "coordinates": [
          36.9524493,
          -2.5771593
        ]
      },
      "id": "node/6535930339"
    },
    {
      "type": "Feature",
      "properties": {
        "@id": "node/6535930340",
        "place": "hamlet"
      },
      "geometry": {
        "type": "Point",
        "coordinates": [
          36.9546311,
          -2.5775648
        ]
      },
      "id": "node/6535930340"
    },
    {
      "type": "Feature",
      "properties": {
        "@id": "node/6535930341",
        "place": "hamlet"
      },
      "geometry": {
        "type": "Point",
        "coordinates": [
          36.9593787,
          -2.5738719
        ]
      },
      "id": "node/6535930341"
    },
    {
      "type": "Feature",
      "properties": {
        "@id": "node/6535939885",
        "place": "hamlet"
      },
      "geometry": {
        "type": "Point",
        "coordinates": [
          36.9891299,
          -2.575231
        ]
      },
      "id": "node/6535939885"
    },
    {
      "type": "Feature",
      "properties": {
        "@id": "node/6535939886",
        "place": "hamlet"
      },
      "geometry": {
        "type": "Point",
        "coordinates": [
          36.989037,
          -2.5732814
        ]
      },
      "id": "node/6535939886"
    },
    {
      "type": "Feature",
      "properties": {
        "@id": "node/6535939887",
        "place": "hamlet"
      },
      "geometry": {
        "type": "Point",
        "coordinates": [
          36.9949383,
          -2.572418
        ]
      },
      "id": "node/6535939887"
    },
    {
      "type": "Feature",
      "properties": {
        "@id": "node/6535939888",
        "place": "hamlet"
      },
      "geometry": {
        "type": "Point",
        "coordinates": [
          36.9930796,
          -2.5741355
        ]
      },
      "id": "node/6535939888"
    },
    {
      "type": "Feature",
      "properties": {
        "@id": "node/6535939889",
        "place": "hamlet"
      },
      "geometry": {
        "type": "Point",
        "coordinates": [
          36.9976055,
          -2.5721673
        ]
      },
      "id": "node/6535939889"
    },
    {
      "type": "Feature",
      "properties": {
        "@id": "node/6535939890",
        "place": "hamlet"
      },
      "geometry": {
        "type": "Point",
        "coordinates": [
          37.0028656,
          -2.5730771
        ]
      },
      "id": "node/6535939890"
    },
    {
      "type": "Feature",
      "properties": {
        "@id": "node/6535939891",
        "place": "hamlet"
      },
      "geometry": {
        "type": "Point",
        "coordinates": [
          37.0039529,
          -2.5760016
        ]
      },
      "id": "node/6535939891"
    },
    {
      "type": "Feature",
      "properties": {
        "@id": "node/6535939892",
        "place": "hamlet"
      },
      "geometry": {
        "type": "Point",
        "coordinates": [
          37.003767,
          -2.5781926
        ]
      },
      "id": "node/6535939892"
    },
    {
      "type": "Feature",
      "properties": {
        "@id": "node/6535939893",
        "place": "hamlet"
      },
      "geometry": {
        "type": "Point",
        "coordinates": [
          37.0002263,
          -2.5798545
        ]
      },
      "id": "node/6535939893"
    },
    {
      "type": "Feature",
      "properties": {
        "@id": "node/6535939894",
        "place": "hamlet"
      },
      "geometry": {
        "type": "Point",
        "coordinates": [
          37.0056443,
          -2.5788704
        ]
      },
      "id": "node/6535939894"
    },
    {
      "type": "Feature",
      "properties": {
        "@id": "node/6535939922",
        "place": "hamlet"
      },
      "geometry": {
        "type": "Point",
        "coordinates": [
          36.9286504,
          -2.5297545
        ]
      },
      "id": "node/6535939922"
    },
    {
      "type": "Feature",
      "properties": {
        "@id": "node/6535939923",
        "place": "hamlet"
      },
      "geometry": {
        "type": "Point",
        "coordinates": [
          36.9358893,
          -2.5338296
        ]
      },
      "id": "node/6535939923"
    },
    {
      "type": "Feature",
      "properties": {
        "@id": "node/6535939971",
        "place": "hamlet"
      },
      "geometry": {
        "type": "Point",
        "coordinates": [
          36.9092918,
          -2.4731979
        ]
      },
      "id": "node/6535939971"
    },
    {
      "type": "Feature",
      "properties": {
        "@id": "node/6535939972",
        "place": "hamlet"
      },
      "geometry": {
        "type": "Point",
        "coordinates": [
          36.9085174,
          -2.4692836
        ]
      },
      "id": "node/6535939972"
    },
    {
      "type": "Feature",
      "properties": {
        "@id": "node/6535940026",
        "place": "hamlet"
      },
      "geometry": {
        "type": "Point",
        "coordinates": [
          36.899739,
          -2.4591224
        ]
      },
      "id": "node/6535940026"
    },
    {
      "type": "Feature",
      "properties": {
        "@id": "node/6535940027",
        "place": "hamlet"
      },
      "geometry": {
        "type": "Point",
        "coordinates": [
          36.8997472,
          -2.4607049
        ]
      },
      "id": "node/6535940027"
    },
    {
      "type": "Feature",
      "properties": {
        "@id": "node/6535940029",
        "place": "hamlet"
      },
      "geometry": {
        "type": "Point",
        "coordinates": [
          36.8913413,
          -2.4662491
        ]
      },
      "id": "node/6535940029"
    },
    {
      "type": "Feature",
      "properties": {
        "@id": "node/6535940031",
        "place": "hamlet"
      },
      "geometry": {
        "type": "Point",
        "coordinates": [
          36.8808781,
          -2.4673958
        ]
      },
      "id": "node/6535940031"
    },
    {
      "type": "Feature",
      "properties": {
        "@id": "node/6535940032",
        "place": "hamlet"
      },
      "geometry": {
        "type": "Point",
        "coordinates": [
          36.8695975,
          -2.4735703
        ]
      },
      "id": "node/6535940032"
    },
    {
      "type": "Feature",
      "properties": {
        "@id": "node/6535940034",
        "place": "hamlet"
      },
      "geometry": {
        "type": "Point",
        "coordinates": [
          36.8643714,
          -2.4819312
        ]
      },
      "id": "node/6535940034"
    },
    {
      "type": "Feature",
      "properties": {
        "@id": "node/6535945853",
        "place": "hamlet"
      },
      "geometry": {
        "type": "Point",
        "coordinates": [
          37.0164818,
          -2.7839164
        ]
      },
      "id": "node/6535945853"
    },
    {
      "type": "Feature",
      "properties": {
        "@id": "node/6573563169",
        "place": "hamlet"
      },
      "geometry": {
        "type": "Point",
        "coordinates": [
          37.0240183,
          -2.7812283
        ]
      },
      "id": "node/6573563169"
    },
    {
      "type": "Feature",
      "properties": {
        "@id": "node/7048173684",
        "country": "TZ",
        "district": "Moshi Rural",
        "name": "Kiterini",
        "place": "village",
        "population": "1777",
        "region": "Kilimanjaro",
        "source": "OpenData-NBS2012-PrimarySchools2016",
        "ward": "Kahe Mashariki"
      },
      "geometry": {
        "type": "Point",
        "coordinates": [
          37.4986839,
          -3.4644458
        ]
      },
      "id": "node/7048173684"
    },
    {
      "type": "Feature",
      "properties": {
        "@id": "node/7048768883",
        "name": "Naisinyai",
        "place": "village",
        "population": "7047",
        "source": "OpenData-NBS2012-PrimairySchools2016"
      },
      "geometry": {
        "type": "Point",
        "coordinates": [
          37.0277223,
          -3.5179425
        ]
      },
      "id": "node/7048768883"
    },
    {
      "type": "Feature",
      "properties": {
        "@id": "node/7048768884",
        "name": "Kambi ya chokaa",
        "place": "village",
        "population": "1352",
        "source": "OpenData-NBS2012-PrimairySchools2016"
      },
      "geometry": {
        "type": "Point",
        "coordinates": [
          37.1858757,
          -3.4649746
        ]
      },
      "id": "node/7048768884"
    },
    {
      "type": "Feature",
      "properties": {
        "@id": "node/7056577851",
        "name": "Mabogini",
        "place": "village",
        "population": "11855",
        "source": "OpenData-NBS2012-HealthFacilities2014"
      },
      "geometry": {
        "type": "Point",
        "coordinates": [
          37.3671184,
          -3.4124857
        ]
      },
      "id": "node/7056577851"
    },
    {
      "type": "Feature",
      "properties": {
        "@id": "node/7057214950",
        "name": "Kambi ya Simba",
        "place": "village",
        "population": "782",
        "source": "OpenData-NBS2012-HealthFacilities2014"
      },
      "geometry": {
        "type": "Point",
        "coordinates": [
          37.7010818,
          -3.5983488
        ]
      },
      "id": "node/7057214950"
    },
    {
      "type": "Feature",
      "properties": {
        "@id": "node/7057214951",
        "name": "Jipe",
        "place": "village",
        "population": "733"
      },
      "geometry": {
        "type": "Point",
        "coordinates": [
          37.7216855,
          -3.5574346
        ]
      },
      "id": "node/7057214951"
    },
    {
      "type": "Feature",
      "properties": {
        "@id": "node/7057221659",
        "country": "TZ",
        "district": "Moshi Rural",
        "name": "Kyomu",
        "place": "village",
        "population": "3334",
        "region": "Kilimanjaro",
        "source": "OpenData-NBS2012-HealthFacilities2014",
        "ward": "Kahe Mashariki"
      },
      "geometry": {
        "type": "Point",
        "coordinates": [
          37.516516,
          -3.4738713
        ]
      },
      "id": "node/7057221659"
    },
    {
      "type": "Feature",
      "properties": {
        "@id": "node/7067845791",
        "name": "Wiri, Garararua",
        "place": "hamlet",
        "population": "3732",
        "source": "OpenData-NBS2012-PrimarySchools2016"
      },
      "geometry": {
        "type": "Point",
        "coordinates": [
          37.0204175,
          -3.1493328
        ]
      },
      "id": "node/7067845791"
    },
    {
      "type": "Feature",
      "properties": {
        "@id": "node/7067845792",
        "name": "Mawasiliano",
        "place": "village",
        "population": "2567",
        "source": "OpenData-NBS2012-PrimarySchools2016"
      },
      "geometry": {
        "type": "Point",
        "coordinates": [
          36.9742328,
          -3.1500919
        ]
      },
      "id": "node/7067845792"
    },
    {
      "type": "Feature",
      "properties": {
        "@id": "node/7067845793",
        "name": "Magadini",
        "place": "village",
        "population": "3586",
        "source": "OpenData-NBS2012-PrimarySchools2016"
      },
      "geometry": {
        "type": "Point",
        "coordinates": [
          37.0036401,
          -3.1634958
        ]
      },
      "id": "node/7067845793"
    },
    {
      "type": "Feature",
      "properties": {
        "@id": "node/7067936470",
        "name": "Lerai",
        "place": "village",
        "population": "953",
        "source": "OpenData-NBS2012-PrimarySchools2016"
      },
      "geometry": {
        "type": "Point",
        "coordinates": [
          37.1792866,
          -3.382235
        ]
      },
      "id": "node/7067936470"
    },
    {
      "type": "Feature",
      "properties": {
        "@id": "node/7067978797",
        "name": "Soko",
        "place": "village",
        "population": "817",
        "source": "OpenData-NBS2012-PrimarySchools2016"
      },
      "geometry": {
        "type": "Point",
        "coordinates": [
          37.4934694,
          -3.4980781
        ]
      },
      "id": "node/7067978797"
    },
    {
      "type": "Feature",
      "properties": {
        "@id": "node/7067978800",
        "country": "TZ",
        "district": "Moshi Rural",
        "name": "Ghona",
        "place": "village",
        "population": "2208",
        "region": "Kilimanjaro",
        "source": "OpenData-NBS2012-PrimarySchools2016",
        "ward": "Kahe Mashariki"
      },
      "geometry": {
        "type": "Point",
        "coordinates": [
          37.5298383,
          -3.4498091
        ]
      },
      "id": "node/7067978800"
    },
    {
      "type": "Feature",
      "properties": {
        "@id": "node/7067981433",
        "name": "Oria",
        "place": "village",
        "population": "9323",
        "source": "OpenData-NBS2012-SecondarySchools2016",
        "ward": "Kahe"
      },
      "geometry": {
        "type": "Point",
        "coordinates": [
          37.4330664,
          -3.4852167
        ]
      },
      "id": "node/7067981433"
    },
    {
      "type": "Feature",
      "properties": {
        "@id": "node/7067981434",
        "name": "Ngasinyi",
        "place": "village",
        "population": "575",
        "source": "OpenData-NBS2012-SecondarySchools2016"
      },
      "geometry": {
        "type": "Point",
        "coordinates": [
          37.4533897,
          -3.4984535
        ]
      },
      "id": "node/7067981434"
    },
    {
      "type": "Feature",
      "properties": {
        "@id": "node/7067981435",
        "name": "Mwangaria",
        "place": "village",
        "population": "1443",
        "source": "OpenData-NBS2012-PrimarySchools2016"
      },
      "geometry": {
        "type": "Point",
        "coordinates": [
          37.4765217,
          -3.5105473
        ]
      },
      "id": "node/7067981435"
    },
    {
      "type": "Feature",
      "properties": {
        "@id": "node/7067981436",
        "name": "Kisangesangeni",
        "place": "village",
        "population": "2669",
        "source": "OpenData-NBS2012-PrimarySchools2016"
      },
      "geometry": {
        "type": "Point",
        "coordinates": [
          37.4515992,
          -3.4542953
        ]
      },
      "id": "node/7067981436"
    },
    {
      "type": "Feature",
      "properties": {
        "@id": "node/7069941251",
        "name": "Karansi",
        "place": "village",
        "population": "6019",
        "source": "OpenData-NBS2012-PrimarySchools2016"
      },
      "geometry": {
        "type": "Point",
        "coordinates": [
          36.9858244,
          -3.1914847
        ]
      },
      "id": "node/7069941251"
    },
    {
      "type": "Feature",
      "properties": {
        "@id": "node/7069941252",
        "name": "Kandashi, Karansi",
        "place": "hamlet",
        "population": "2796",
        "source": "OpenData-NBS2012-PrimarySchools2016"
      },
      "geometry": {
        "type": "Point",
        "coordinates": [
          36.9594118,
          -3.1865623
        ]
      },
      "id": "node/7069941252"
    },
    {
      "type": "Feature",
      "properties": {
        "@id": "node/7077593959",
        "name": "Mrere",
        "place": "village",
        "population": "6147",
        "source": "OpenData-NBS2012-SecondarySchools2016"
      },
      "geometry": {
        "type": "Point",
        "coordinates": [
          37.5996086,
          -3.1442226
        ]
      },
      "id": "node/7077593959"
    },
    {
      "type": "Feature",
      "properties": {
        "@id": "node/7077593960",
        "name": "Katangara",
        "place": "village",
        "population": "5495",
        "source": "OpenData-NBS2012-SecondarySchools2016"
      },
      "geometry": {
        "type": "Point",
        "coordinates": [
          37.6034152,
          -3.1370472
        ]
      },
      "id": "node/7077593960"
    },
    {
      "type": "Feature",
      "properties": {
        "@id": "node/7237321671",
        "name": "Malula",
        "place": "village"
      },
      "geometry": {
        "type": "Point",
        "coordinates": [
          37.0458552,
          -3.3908749
        ]
      },
      "id": "node/7237321671"
    },
    {
      "type": "Feature",
      "properties": {
        "@id": "node/7247388670",
        "name": "Osoit",
        "place": "village"
      },
      "geometry": {
        "type": "Point",
        "coordinates": [
          37.4525256,
          -2.694058
        ]
      },
      "id": "node/7247388670"
    },
    {
      "type": "Feature",
      "properties": {
        "@id": "node/7499297404",
        "name": "Themi ya Simba, Bwawani",
        "place": "village",
        "population": "2832",
        "source": "OpenData-NBS2012-SecondarySchools2015"
      },
      "geometry": {
        "type": "Point",
        "coordinates": [
          36.809122,
          -3.5689066
        ]
      },
      "id": "node/7499297404"
    },
    {
      "type": "Feature",
      "properties": {
        "@id": "node/7499297405",
        "name": "Mungushi, Bwawani",
        "place": "hamlet",
        "population": "2346",
        "source": "OpenData-NBS2012-PrimairySchools2016"
      },
      "geometry": {
        "type": "Point",
        "coordinates": [
          36.8341013,
          -3.52999
        ]
      },
      "id": "node/7499297405"
    },
    {
      "type": "Feature",
      "properties": {
        "@id": "node/7508513340",
        "name": "Manyire, Mlangarini",
        "place": "hamlet",
        "population": "3122",
        "source": "OpenData-NBS2012-PrimairySchools2016"
      },
      "geometry": {
        "type": "Point",
        "coordinates": [
          36.805785,
          -3.4502362
        ]
      },
      "id": "node/7508513340"
    },
    {
      "type": "Feature",
      "properties": {
        "@id": "node/7508566549",
        "name": "Mzimuni",
        "place": "hamlet",
        "population": "2002",
        "source": "OpenData-NBS2012-SecondarySchools2015"
      },
      "geometry": {
        "type": "Point",
        "coordinates": [
          36.8071987,
          -3.5048774
        ]
      },
      "id": "node/7508566549"
    },
    {
      "type": "Feature",
      "properties": {
        "@id": "node/7508566550",
        "name": "Marurani",
        "place": "hamlet",
        "population": "4716",
        "source": "OpenData-NBS2012-SecondarySchools2015",
        "ward": "Nduruma"
      },
      "geometry": {
        "type": "Point",
        "coordinates": [
          36.8280585,
          -3.4950665
        ]
      },
      "id": "node/7508566550"
    },
    {
      "type": "Feature",
      "properties": {
        "@id": "node/7508566551",
        "name": "Majimoto, Nduruma",
        "place": "hamlet",
        "population": "2142",
        "source": "OpenData-NBS2012-PrimairySchools2016"
      },
      "geometry": {
        "type": "Point",
        "coordinates": [
          36.8524747,
          -3.4970189
        ]
      },
      "id": "node/7508566551"
    },
    {
      "type": "Feature",
      "properties": {
        "@id": "node/7529173591",
        "country": "TZ",
        "district": "Mwanga",
        "name": "Vuchama Ngofi",
        "place": "village",
        "region": "Kilimanjaro",
        "ward": "Mwaniko"
      },
      "geometry": {
        "type": "Point",
        "coordinates": [
          37.6671647,
          -3.5855165
        ]
      },
      "id": "node/7529173591"
    },
    {
      "type": "Feature",
      "properties": {
        "@id": "node/7529173604",
        "country": "TZ",
        "district": "Mwanga",
        "name": "Mangio",
        "place": "village",
        "region": "Kilimanjaro",
        "ward": "Mwaniko"
      },
      "geometry": {
        "type": "Point",
        "coordinates": [
          37.6575488,
          -3.595505
        ]
      },
      "id": "node/7529173604"
    },
    {
      "type": "Feature",
      "properties": {
        "@id": "node/7529173609",
        "country": "TZ",
        "district": "Mwanga",
        "name": "Kwa Nyange",
        "place": "hamlet",
        "region": "Kilimanjaro",
        "ward": "Kivisini"
      },
      "geometry": {
        "type": "Point",
        "coordinates": [
          37.6119033,
          -3.5636822
        ]
      },
      "id": "node/7529173609"
    },
    {
      "type": "Feature",
      "properties": {
        "@id": "node/7529173610",
        "country": "TZ",
        "district": "Mwanga",
        "name": "Kivisini",
        "place": "village",
        "region": "Kilimanjaro",
        "ward": "Kivisini"
      },
      "geometry": {
        "type": "Point",
        "coordinates": [
          37.6380757,
          -3.5642217
        ]
      },
      "id": "node/7529173610"
    },
    {
      "type": "Feature",
      "properties": {
        "@id": "node/7529173612",
        "country": "TZ",
        "district": "Mwanga",
        "name": "Kivulini",
        "place": "village",
        "region": "Kilimanjaro",
        "ward": "Kileo"
      },
      "geometry": {
        "type": "Point",
        "coordinates": [
          37.5848198,
          -3.4793945
        ]
      },
      "id": "node/7529173612"
    },
    {
      "type": "Feature",
      "properties": {
        "@id": "node/7529173613",
        "country": "TZ",
        "district": "Mwanga",
        "name": "Kivuini",
        "place": "village",
        "region": "Kilimanjaro",
        "ward": "Kileo"
      },
      "geometry": {
        "type": "Point",
        "coordinates": [
          37.5814571,
          -3.476924
        ]
      },
      "id": "node/7529173613"
    },
    {
      "type": "Feature",
      "properties": {
        "@id": "node/7529173614",
        "country": "TZ",
        "district": "Mwanga",
        "name": "Kituri",
        "place": "village",
        "region": "Kilimanjaro",
        "ward": "Kileo"
      },
      "geometry": {
        "type": "Point",
        "coordinates": [
          37.5612335,
          -3.510301
        ]
      },
      "id": "node/7529173614"
    },
    {
      "type": "Feature",
      "properties": {
        "@id": "node/7529173618",
        "country": "TZ",
        "district": "Mwanga",
        "name": "Kileo",
        "place": "village",
        "region": "Kilimanjaro",
        "ward": "Kileo"
      },
      "geometry": {
        "type": "Point",
        "coordinates": [
          37.5695733,
          -3.4773466
        ]
      },
      "id": "node/7529173618"
    },
    {
      "type": "Feature",
      "properties": {
        "@id": "node/7529173619",
        "country": "TZ",
        "district": "Mwanga",
        "name": "Kifaru",
        "place": "village",
        "region": "Kilimanjaro",
        "ward": "Kileo"
      },
      "geometry": {
        "type": "Point",
        "coordinates": [
          37.5550873,
          -3.5390962
        ]
      },
      "id": "node/7529173619"
    },
    {
      "type": "Feature",
      "properties": {
        "@id": "node/7529173623",
        "country": "TZ",
        "district": "Mwanga",
        "name": "Handeni",
        "place": "village",
        "region": "Kilimanjaro",
        "ward": "Lang'ata"
      },
      "geometry": {
        "type": "Point",
        "coordinates": [
          37.4681699,
          -3.5910462
        ]
      },
      "id": "node/7529173623"
    },
    {
      "type": "Feature",
      "properties": {
        "@id": "node/7556583772",
        "country": "TZ",
        "district": "Siha",
        "name": "Samaki Maini, Livishi",
        "place": "village",
        "region": "Kilimanjaro",
        "ward": "Livishi"
      },
      "geometry": {
        "type": "Point",
        "coordinates": [
          37.1038864,
          -3.162206
        ]
      },
      "id": "node/7556583772"
    },
    {
      "type": "Feature",
      "properties": {
        "@id": "node/7556583775",
        "country": "TZ",
        "district": "Siha",
        "name": "Nsherehehe, Livishi",
        "place": "village",
        "region": "Kilimanjaro",
        "ward": "Livishi"
      },
      "geometry": {
        "type": "Point",
        "coordinates": [
          37.0968827,
          -3.1599071
        ]
      },
      "id": "node/7556583775"
    },
    {
      "type": "Feature",
      "properties": {
        "@id": "node/7556583776",
        "country": "TZ",
        "district": "Siha",
        "name": "Namwai",
        "place": "hamlet",
        "region": "Kilimanjaro",
        "ward": "Ngarenairobi"
      },
      "geometry": {
        "type": "Point",
        "coordinates": [
          37.059875,
          -3.0595193
        ]
      },
      "id": "node/7556583776"
    },
    {
      "type": "Feature",
      "properties": {
        "@id": "node/7556583782",
        "country": "TZ",
        "district": "Siha",
        "name": "Ngumbaru",
        "place": "village",
        "region": "Kilimanjaro",
        "ward": "Biriri"
      },
      "geometry": {
        "type": "Point",
        "coordinates": [
          37.0869981,
          -3.2275475
        ]
      },
      "id": "node/7556583782"
    },
    {
      "type": "Feature",
      "properties": {
        "@id": "node/7556599885",
        "country": "TZ",
        "district": "Siha",
        "name": "Mitimirefu, Ndumeti",
        "place": "hamlet",
        "region": "Kilimanjaro",
        "ward": "Ndumeti"
      },
      "geometry": {
        "type": "Point",
        "coordinates": [
          36.9951202,
          -3.0122122
        ]
      },
      "id": "node/7556599885"
    },
    {
      "type": "Feature",
      "properties": {
        "@id": "node/7556599889",
        "country": "TZ",
        "district": "Siha",
        "name": "Manio",
        "place": "hamlet",
        "region": "Kilimanjaro",
        "ward": "Kashisha"
      },
      "geometry": {
        "type": "Point",
        "coordinates": [
          37.1232459,
          -3.1911145
        ]
      },
      "id": "node/7556599889"
    },
    {
      "type": "Feature",
      "properties": {
        "@id": "node/7556599892",
        "country": "TZ",
        "district": "Siha",
        "name": "Koboko Kaskaz, Nasai",
        "place": "village",
        "region": "Kilimanjaro",
        "ward": "Nasai"
      },
      "geometry": {
        "type": "Point",
        "coordinates": [
          37.0874923,
          -3.1821028
        ]
      },
      "id": "node/7556599892"
    },
    {
      "type": "Feature",
      "properties": {
        "@id": "node/7556599895",
        "country": "TZ",
        "district": "Siha",
        "name": "Lekrimuni, Karansi",
        "place": "hamlet",
        "region": "Kilimanjaro",
        "ward": "Karansi"
      },
      "geometry": {
        "type": "Point",
        "coordinates": [
          36.9337398,
          -3.1504524
        ]
      },
      "id": "node/7556599895"
    },
    {
      "type": "Feature",
      "properties": {
        "@id": "node/7556599899",
        "country": "TZ",
        "district": "Siha",
        "name": "Embukoi, Olkolili",
        "place": "village",
        "region": "Kilimanjaro",
        "ward": "Olkolili"
      },
      "geometry": {
        "type": "Point",
        "coordinates": [
          37.106556,
          -3.286464
        ]
      },
      "id": "node/7556599899"
    },
    {
      "type": "Feature",
      "properties": {
        "@id": "node/7556599901",
        "country": "TZ",
        "district": "Siha",
        "name": "Donyomuruak, Olkolili",
        "place": "village",
        "region": "Kilimanjaro",
        "ward": "Olkolili"
      },
      "geometry": {
        "type": "Point",
        "coordinates": [
          37.0882513,
          -3.2684505
        ]
      },
      "id": "node/7556599901"
    },
    {
      "type": "Feature",
      "properties": {
        "@id": "node/7556599902",
        "country": "TZ",
        "district": "Siha",
        "name": "Donyo, Olkolili",
        "place": "village",
        "region": "Kilimanjaro",
        "ward": "Olkolili"
      },
      "geometry": {
        "type": "Point",
        "coordinates": [
          37.0933934,
          -3.2747816
        ]
      },
      "id": "node/7556599902"
    },
    {
      "type": "Feature",
      "properties": {
        "@id": "node/7579791020",
        "country": "TZ",
        "district": "Hai",
        "name": "Mashua",
        "place": "village",
        "region": "Kilimanjaro",
        "ward": "Masama Magharibi"
      },
      "geometry": {
        "type": "Point",
        "coordinates": [
          37.1293909,
          -3.2188331
        ]
      },
      "id": "node/7579791020"
    },
    {
      "type": "Feature",
      "properties": {
        "@id": "node/7579791029",
        "country": "TZ",
        "district": "Hai",
        "name": "Foo",
        "place": "village",
        "region": "Kilimanjaro",
        "ward": "Machame Kaskazini"
      },
      "geometry": {
        "type": "Point",
        "coordinates": [
          37.2356429,
          -3.1929182
        ]
      },
      "id": "node/7579791029"
    },
    {
      "type": "Feature",
      "properties": {
        "@id": "node/7579791030",
        "country": "TZ",
        "district": "Hai",
        "name": "Uduru",
        "place": "village",
        "region": "Kilimanjaro",
        "ward": "Machame Kaskazini"
      },
      "geometry": {
        "type": "Point",
        "coordinates": [
          37.2283766,
          -3.2361993
        ]
      },
      "id": "node/7579791030"
    },
    {
      "type": "Feature",
      "properties": {
        "@id": "node/7579791031",
        "country": "TZ",
        "district": "Hai",
        "name": "Wari",
        "place": "village",
        "region": "Kilimanjaro",
        "ward": "Machame Kaskazini"
      },
      "geometry": {
        "type": "Point",
        "coordinates": [
          37.2241957,
          -3.2190963
        ]
      },
      "id": "node/7579791031"
    },
    {
      "type": "Feature",
      "properties": {
        "@id": "node/7579791033",
        "country": "TZ",
        "district": "Hai",
        "name": "Lyamungo Sinde",
        "place": "village",
        "region": "Kilimanjaro",
        "ward": "Machame Mashariki"
      },
      "geometry": {
        "type": "Point",
        "coordinates": [
          37.2378254,
          -3.2324919
        ]
      },
      "id": "node/7579791033"
    },
    {
      "type": "Feature",
      "properties": {
        "@id": "node/7579791034",
        "country": "TZ",
        "district": "Hai",
        "name": "Lyamungo Kati",
        "place": "village",
        "region": "Kilimanjaro",
        "ward": "Machame Mashariki"
      },
      "geometry": {
        "type": "Point",
        "coordinates": [
          37.2545499,
          -3.2167325
        ]
      },
      "id": "node/7579791034"
    },
    {
      "type": "Feature",
      "properties": {
        "@id": "node/7579791037",
        "country": "TZ",
        "district": "Hai",
        "name": "Kilanya",
        "place": "village",
        "region": "Kilimanjaro",
        "ward": "Machame Mashariki"
      },
      "geometry": {
        "type": "Point",
        "coordinates": [
          37.2621793,
          -3.2011669
        ]
      },
      "id": "node/7579791037"
    },
    {
      "type": "Feature",
      "properties": {
        "@id": "node/7579791038",
        "country": "TZ",
        "district": "Hai",
        "name": "Nkuusinde",
        "place": "village",
        "region": "Kilimanjaro",
        "ward": "Machame Mashariki"
      },
      "geometry": {
        "type": "Point",
        "coordinates": [
          37.2372977,
          -3.2168861
        ]
      },
      "id": "node/7579791038"
    },
    {
      "type": "Feature",
      "properties": {
        "@id": "node/7579791039",
        "country": "TZ",
        "district": "Hai",
        "name": "Kyeeri",
        "place": "village",
        "region": "Kilimanjaro",
        "ward": "Machame Magharibi"
      },
      "geometry": {
        "type": "Point",
        "coordinates": [
          37.2032596,
          -3.1917332
        ]
      },
      "id": "node/7579791039"
    },
    {
      "type": "Feature",
      "properties": {
        "@id": "node/7579791040",
        "country": "TZ",
        "district": "Hai",
        "name": "Nkuundoo",
        "place": "village",
        "region": "Kilimanjaro",
        "ward": "Machame Mashariki"
      },
      "geometry": {
        "type": "Point",
        "coordinates": [
          37.2406545,
          -3.2075121
        ]
      },
      "id": "node/7579791040"
    },
    {
      "type": "Feature",
      "properties": {
        "@id": "node/7579808751",
        "country": "TZ",
        "district": "Hai",
        "name": "Mkalama",
        "place": "village",
        "region": "Kilimanjaro",
        "ward": "Masama Rundugai"
      },
      "geometry": {
        "type": "Point",
        "coordinates": [
          37.2683601,
          -3.4636486
        ]
      },
      "id": "node/7579808751"
    },
    {
      "type": "Feature",
      "properties": {
        "@id": "node/7579808752",
        "country": "TZ",
        "district": "Hai",
        "name": "Chemka",
        "place": "village",
        "region": "Kilimanjaro",
        "ward": "Masama Rundugai"
      },
      "geometry": {
        "type": "Point",
        "coordinates": [
          37.1817326,
          -3.4386073
        ]
      },
      "id": "node/7579808752"
    },
    {
      "type": "Feature",
      "properties": {
        "@id": "node/7579808753",
        "country": "TZ",
        "district": "Hai",
        "name": "Sanya Station",
        "place": "village",
        "region": "Kilimanjaro",
        "ward": "Kia"
      },
      "geometry": {
        "type": "Point",
        "coordinates": [
          37.1176772,
          -3.3809356
        ]
      },
      "id": "node/7579808753"
    },
    {
      "type": "Feature",
      "properties": {
        "@id": "node/7579808754",
        "country": "TZ",
        "district": "Hai",
        "name": "Chekimaji",
        "place": "village",
        "region": "Kilimanjaro",
        "ward": "Masama Rundugai"
      },
      "geometry": {
        "type": "Point",
        "coordinates": [
          37.2161572,
          -3.4193755
        ]
      },
      "id": "node/7579808754"
    },
    {
      "type": "Feature",
      "properties": {
        "@id": "node/7579808755",
        "country": "TZ",
        "district": "Hai",
        "name": "Semendu",
        "place": "hamlet",
        "region": "Kilimanjaro",
        "ward": "Kia"
      },
      "geometry": {
        "type": "Point",
        "coordinates": [
          37.1700707,
          -3.3958296
        ]
      },
      "id": "node/7579808755"
    },
    {
      "type": "Feature",
      "properties": {
        "@id": "node/7579808756",
        "country": "TZ",
        "district": "Hai",
        "name": "Kindigani",
        "place": "hamlet",
        "region": "Kilimanjaro",
        "ward": "Kia"
      },
      "geometry": {
        "type": "Point",
        "coordinates": [
          37.159213,
          -3.4078456
        ]
      },
      "id": "node/7579808756"
    },
    {
      "type": "Feature",
      "properties": {
        "@id": "node/7579808757",
        "country": "TZ",
        "district": "Hai",
        "name": "Kawaya",
        "place": "village",
        "region": "Kilimanjaro",
        "ward": "Masama Rundugai"
      },
      "geometry": {
        "type": "Point",
        "coordinates": [
          37.2448299,
          -3.4320474
        ]
      },
      "id": "node/7579808757"
    },
    {
      "type": "Feature",
      "properties": {
        "@id": "node/7579808758",
        "country": "TZ",
        "district": "Hai",
        "name": "Longoi",
        "place": "village",
        "region": "Kilimanjaro",
        "ward": "Machame Weruweru"
      },
      "geometry": {
        "type": "Point",
        "coordinates": [
          37.2703851,
          -3.4313616
        ]
      },
      "id": "node/7579808758"
    },
    {
      "type": "Feature",
      "properties": {
        "@id": "node/7579808759",
        "country": "TZ",
        "district": "Hai",
        "name": "Mtakuja, Kia",
        "place": "hamlet",
        "region": "Kilimanjaro",
        "ward": "Kia"
      },
      "geometry": {
        "type": "Point",
        "coordinates": [
          37.0768084,
          -3.4756001
        ]
      },
      "id": "node/7579808759"
    },
    {
      "type": "Feature",
      "properties": {
        "@id": "node/7579808761",
        "country": "TZ",
        "district": "Hai",
        "name": "Mijongweni",
        "place": "village",
        "region": "Kilimanjaro",
        "ward": "Machame Weruweru"
      },
      "geometry": {
        "type": "Point",
        "coordinates": [
          37.3021075,
          -3.4087986
        ]
      },
      "id": "node/7579808761"
    },
    {
      "type": "Feature",
      "properties": {
        "@id": "node/7579808763",
        "country": "TZ",
        "district": "Hai",
        "name": "Kwatito",
        "place": "village",
        "region": "Kilimanjaro",
        "ward": "Machame Kusini"
      },
      "geometry": {
        "type": "Point",
        "coordinates": [
          37.280054,
          -3.3850571
        ]
      },
      "id": "node/7579808763"
    },
    {
      "type": "Feature",
      "properties": {
        "@id": "node/7579808764",
        "country": "TZ",
        "district": "Hai",
        "name": "Mbatakero",
        "place": "village",
        "region": "Kilimanjaro",
        "ward": "Machame Weruweru"
      },
      "geometry": {
        "type": "Point",
        "coordinates": [
          37.2238617,
          -3.3611638
        ]
      },
      "id": "node/7579808764"
    },
    {
      "type": "Feature",
      "properties": {
        "@id": "node/7579808765",
        "country": "TZ",
        "district": "Hai",
        "name": "Mbatakero",
        "place": "village",
        "region": "Kilimanjaro",
        "ward": "Machame Kusini"
      },
      "geometry": {
        "type": "Point",
        "coordinates": [
          37.2127522,
          -3.349017
        ]
      },
      "id": "node/7579808765"
    },
    {
      "type": "Feature",
      "properties": {
        "@id": "node/7579808766",
        "country": "TZ",
        "district": "Hai",
        "name": "Kimashuku",
        "place": "village",
        "region": "Kilimanjaro",
        "ward": "Machame Kusini"
      },
      "geometry": {
        "type": "Point",
        "coordinates": [
          37.2548916,
          -3.3403319
        ]
      },
      "id": "node/7579808766"
    },
    {
      "type": "Feature",
      "properties": {
        "@id": "node/7579808767",
        "country": "TZ",
        "district": "Hai",
        "name": "Ngosero",
        "place": "village",
        "region": "Kilimanjaro",
        "ward": "Machame Weruweru"
      },
      "geometry": {
        "type": "Point",
        "coordinates": [
          37.2531385,
          -3.4046059
        ]
      },
      "id": "node/7579808767"
    },
    {
      "type": "Feature",
      "properties": {
        "@id": "node/7579808769",
        "country": "TZ",
        "district": "Hai",
        "name": "Mbatakero",
        "place": "village",
        "region": "Kilimanjaro",
        "ward": "Masama Kusini"
      },
      "geometry": {
        "type": "Point",
        "coordinates": [
          37.220763,
          -3.337179
        ]
      },
      "id": "node/7579808769"
    },
    {
      "type": "Feature",
      "properties": {
        "@id": "node/7579808770",
        "country": "TZ",
        "district": "Hai",
        "name": "Orori",
        "place": "village",
        "region": "Kilimanjaro",
        "ward": "Machame Narumu"
      },
      "geometry": {
        "type": "Point",
        "coordinates": [
          37.2446351,
          -3.2773624
        ]
      },
      "id": "node/7579808770"
    },
    {
      "type": "Feature",
      "properties": {
        "@id": "node/7579808771",
        "country": "TZ",
        "district": "Hai",
        "name": "Mlama",
        "place": "village",
        "region": "Kilimanjaro",
        "ward": "Machame Narumu"
      },
      "geometry": {
        "type": "Point",
        "coordinates": [
          37.2417625,
          -3.2586669
        ]
      },
      "id": "node/7579808771"
    },
    {
      "type": "Feature",
      "properties": {
        "@id": "node/7579808774",
        "country": "TZ",
        "district": "Hai",
        "name": "Roo",
        "place": "hamlet",
        "region": "Kilimanjaro",
        "ward": "Masama Mashariki"
      },
      "geometry": {
        "type": "Point",
        "coordinates": [
          37.1990795,
          -3.2738746
        ]
      },
      "id": "node/7579808774"
    },
    {
      "type": "Feature",
      "properties": {
        "@id": "node/7579808775",
        "country": "TZ",
        "district": "Hai",
        "name": "Tella",
        "place": "village",
        "region": "Kilimanjaro",
        "ward": "Machame Narumu"
      },
      "geometry": {
        "type": "Point",
        "coordinates": [
          37.2343953,
          -3.2577031
        ]
      },
      "id": "node/7579808775"
    },
    {
      "type": "Feature",
      "properties": {
        "@id": "node/7579808776",
        "country": "TZ",
        "district": "Hai",
        "name": "Kware",
        "place": "village",
        "region": "Kilimanjaro",
        "ward": "Masama Kusini"
      },
      "geometry": {
        "type": "Point",
        "coordinates": [
          37.148529,
          -3.2789729
        ]
      },
      "id": "node/7579808776"
    },
    {
      "type": "Feature",
      "properties": {
        "@id": "node/7579808778",
        "country": "TZ",
        "district": "Hai",
        "name": "Usari",
        "place": "village",
        "region": "Kilimanjaro",
        "ward": "Machame Narumu"
      },
      "geometry": {
        "type": "Point",
        "coordinates": [
          37.2492216,
          -3.2656988
        ]
      },
      "id": "node/7579808778"
    },
    {
      "type": "Feature",
      "properties": {
        "@id": "node/7661187863",
        "country": "TZ",
        "district": "Simanjiro",
        "name": "Shambarai, Shambarai",
        "place": "hamlet",
        "region": "Manyara",
        "ward": "Shambarai"
      },
      "geometry": {
        "type": "Point",
        "coordinates": [
          36.9348884,
          -3.5794198
        ]
      },
      "id": "node/7661187863"
    },
    {
      "type": "Feature",
      "properties": {
        "@id": "node/7661187864",
        "country": "TZ",
        "district": "Simanjiro",
        "name": "Langasiti",
        "place": "village",
        "region": "Manyara",
        "ward": "Naisinyai"
      },
      "geometry": {
        "type": "Point",
        "coordinates": [
          37.152171,
          -3.5702911
        ]
      },
      "id": "node/7661187864"
    },
    {
      "type": "Feature",
      "properties": {
        "@id": "node/7798403843",
        "country": "TZ",
        "district": "Arusha",
        "name": "Bwawani, Bwawani",
        "place": "hamlet",
        "region": "Arusha",
        "ward": "Bwawani"
      },
      "geometry": {
        "type": "Point",
        "coordinates": [
          36.8360544,
          -3.5687545
        ]
      },
      "id": "node/7798403843"
    },
    {
      "type": "Feature",
      "properties": {
        "@id": "node/7815546537",
        "country": "TZ",
        "district": "Longido",
        "name": "Olmolog",
        "place": "village",
        "region": "Arusha",
        "ward": "Olmolog"
      },
      "geometry": {
        "type": "Point",
        "coordinates": [
          37.1223851,
          -2.8643866
        ]
      },
      "id": "node/7815546537"
    },
    {
      "type": "Feature",
      "properties": {
        "@id": "node/7815546538",
        "country": "TZ",
        "district": "Longido",
        "name": "Kitendeni",
        "place": "hamlet",
        "region": "Arusha",
        "ward": "Engikaret"
      },
      "geometry": {
        "type": "Point",
        "coordinates": [
          37.2390965,
          -2.8490764
        ]
      },
      "id": "node/7815546538"
    },
    {
      "type": "Feature",
      "properties": {
        "@id": "node/7815546539",
        "country": "TZ",
        "district": "Longido",
        "name": "Lerang'Wa",
        "place": "village",
        "region": "Arusha",
        "ward": "Engikaret"
      },
      "geometry": {
        "type": "Point",
        "coordinates": [
          37.2069497,
          -2.8488063
        ]
      },
      "id": "node/7815546539"
    },
    {
      "type": "Feature",
      "properties": {
        "@id": "node/7815546540",
        "country": "TZ",
        "district": "Longido",
        "name": "Irkaswa",
        "place": "village",
        "region": "Arusha",
        "ward": "Kamwanga"
      },
      "geometry": {
        "type": "Point",
        "coordinates": [
          37.3264687,
          -2.8676227
        ]
      },
      "id": "node/7815546540"
    },
    {
      "type": "Feature",
      "properties": {
        "@id": "node/7815546541",
        "country": "TZ",
        "district": "Longido",
        "name": "Tingatinga",
        "place": "village",
        "region": "Arusha",
        "ward": "Tingatinga"
      },
      "geometry": {
        "type": "Point",
        "coordinates": [
          36.9528699,
          -2.9699928
        ]
      },
      "id": "node/7815546541"
    },
    {
      "type": "Feature",
      "properties": {
        "@id": "node/7815546542",
        "country": "TZ",
        "district": "Longido",
        "name": "Ngerayani, Tingatinga",
        "place": "hamlet",
        "region": "Arusha",
        "ward": "Tingatinga"
      },
      "geometry": {
        "type": "Point",
        "coordinates": [
          36.8550231,
          -2.9811357
        ]
      },
      "id": "node/7815546542"
    },
    {
      "type": "Feature",
      "properties": {
        "@id": "node/7815949025",
        "country": "TZ",
        "district": "Meru",
        "name": "Urisho",
        "place": "village",
        "region": "Arusha",
        "ward": "Songoro"
      },
      "geometry": {
        "type": "Point",
        "coordinates": [
          36.8101015,
          -3.3234878
        ]
      },
      "id": "node/7815949025"
    },
    {
      "type": "Feature",
      "properties": {
        "@id": "node/7815949027",
        "country": "TZ",
        "district": "Meru",
        "name": "Mulala",
        "place": "village",
        "region": "Arusha",
        "ward": "Songoro"
      },
      "geometry": {
        "type": "Point",
        "coordinates": [
          36.8280187,
          -3.3153583
        ]
      },
      "id": "node/7815949027"
    },
    {
      "type": "Feature",
      "properties": {
        "@id": "node/7815949028",
        "country": "TZ",
        "district": "Meru",
        "name": "Kilinga",
        "place": "village",
        "region": "Arusha",
        "ward": "Songoro"
      },
      "geometry": {
        "type": "Point",
        "coordinates": [
          36.8361511,
          -3.3149085
        ]
      },
      "id": "node/7815949028"
    },
    {
      "type": "Feature",
      "properties": {
        "@id": "node/7815949031",
        "country": "TZ",
        "district": "Meru",
        "name": "Singisi, Seela Sing Isi",
        "place": "village",
        "region": "Arusha",
        "ward": "Seela Sing'isi"
      },
      "geometry": {
        "type": "Point",
        "coordinates": [
          36.8153388,
          -3.3814377
        ]
      },
      "id": "node/7815949031"
    },
    {
      "type": "Feature",
      "properties": {
        "@id": "node/7815949033",
        "country": "TZ",
        "district": "Meru",
        "name": "Nambala",
        "place": "village",
        "region": "Arusha",
        "ward": "Kikwe"
      },
      "geometry": {
        "type": "Point",
        "coordinates": [
          36.8073442,
          -3.3983104
        ]
      },
      "id": "node/7815949033"
    },
    {
      "type": "Feature",
      "properties": {
        "@id": "node/7815949040",
        "country": "TZ",
        "district": "Meru",
        "name": "Shambarai Burka, Mbuguni",
        "place": "hamlet",
        "region": "Arusha",
        "ward": "Mbuguni"
      },
      "geometry": {
        "type": "Point",
        "coordinates": [
          36.8992687,
          -3.5666559
        ]
      },
      "id": "node/7815949040"
    },
    {
      "type": "Feature",
      "properties": {
        "@id": "node/7815949041",
        "country": "TZ",
        "district": "Meru",
        "name": "Mikungani, Mbugani",
        "place": "hamlet",
        "region": "Arusha",
        "ward": "Mbuguni"
      },
      "geometry": {
        "type": "Point",
        "coordinates": [
          36.953299,
          -3.5664739
        ]
      },
      "id": "node/7815949041"
    },
    {
      "type": "Feature",
      "properties": {
        "@id": "node/7815949043",
        "country": "TZ",
        "district": "Meru",
        "name": "Patanumbe, Makiba",
        "place": "hamlet",
        "region": "Arusha",
        "ward": "Makiba"
      },
      "geometry": {
        "type": "Point",
        "coordinates": [
          36.9413686,
          -3.509516
        ]
      },
      "id": "node/7815949043"
    },
    {
      "type": "Feature",
      "properties": {
        "@id": "node/7815949050",
        "country": "TZ",
        "district": "Meru",
        "name": "Nsengonyi",
        "place": "village",
        "region": "Arusha",
        "ward": "King'ori"
      },
      "geometry": {
        "type": "Point",
        "coordinates": [
          37.0061921,
          -3.2810294
        ]
      },
      "id": "node/7815949050"
    },
    {
      "type": "Feature",
      "properties": {
        "@id": "node/7815949052",
        "country": "TZ",
        "district": "Meru",
        "name": "Muungano",
        "place": "village",
        "region": "Arusha",
        "ward": "King'ori"
      },
      "geometry": {
        "type": "Point",
        "coordinates": [
          36.9733619,
          -3.267169
        ]
      },
      "id": "node/7815949052"
    },
    {
      "type": "Feature",
      "properties": {
        "@id": "node/7815949055",
        "country": "TZ",
        "district": "Meru",
        "name": "Mbaaseny, Leguruki",
        "place": "hamlet",
        "region": "Arusha",
        "ward": "Leguruki"
      },
      "geometry": {
        "type": "Point",
        "coordinates": [
          36.9434071,
          -3.2461638
        ]
      },
      "id": "node/7815949055"
    },
    {
      "type": "Feature",
      "properties": {
        "@id": "node/7815949057",
        "country": "TZ",
        "district": "Meru",
        "name": "Leguruki",
        "place": "village",
        "region": "Arusha",
        "ward": "Leguruki"
      },
      "geometry": {
        "type": "Point",
        "coordinates": [
          36.9354463,
          -3.254101
        ]
      },
      "id": "node/7815949057"
    },
    {
      "type": "Feature",
      "properties": {
        "@id": "node/7815949058",
        "country": "TZ",
        "district": "Meru",
        "name": "Nkoasenga, Leguruki",
        "place": "village",
        "region": "Arusha",
        "ward": "Leguruki"
      },
      "geometry": {
        "type": "Point",
        "coordinates": [
          36.9127012,
          -3.2512303
        ]
      },
      "id": "node/7815949058"
    },
    {
      "type": "Feature",
      "properties": {
        "@id": "node/7815949061",
        "country": "TZ",
        "district": "Meru",
        "name": "Kisimiri",
        "place": "village",
        "region": "Arusha",
        "ward": "Ngarenanyuki"
      },
      "geometry": {
        "type": "Point",
        "coordinates": [
          36.8177834,
          -3.1697122
        ]
      },
      "id": "node/7815949061"
    },
    {
      "type": "Feature",
      "properties": {
        "@id": "node/7815949062",
        "country": "TZ",
        "district": "Meru",
        "name": "Uwirio, Ngarenanyuku",
        "place": "village",
        "region": "Arusha",
        "ward": "Ngarenanyuki"
      },
      "geometry": {
        "type": "Point",
        "coordinates": [
          36.8585636,
          -3.1476873
        ]
      },
      "id": "node/7815949062"
    },
    {
      "type": "Feature",
      "properties": {
        "@id": "node/7815949063",
        "country": "TZ",
        "district": "Meru",
        "name": "Ngabobo",
        "place": "village",
        "region": "Arusha",
        "ward": "Ngarenanyuki"
      },
      "geometry": {
        "type": "Point",
        "coordinates": [
          36.9010014,
          -3.1101884
        ]
      },
      "id": "node/7815949063"
    },
    {
      "type": "Feature",
      "properties": {
        "@id": "node/7835236753",
        "country": "TZ",
        "district": "Rombo",
        "name": "Kibaoni",
        "place": "village",
        "region": "Kilimanjaro",
        "ward": "Nanjara Reha"
      },
      "geometry": {
        "type": "Point",
        "coordinates": [
          37.564747,
          -3.0174275
        ]
      },
      "id": "node/7835236753"
    },
    {
      "type": "Feature",
      "properties": {
        "@id": "node/7835236754",
        "country": "TZ",
        "district": "Rombo",
        "name": "Manda Juu",
        "place": "village",
        "region": "Kilimanjaro",
        "ward": "Manda"
      },
      "geometry": {
        "type": "Point",
        "coordinates": [
          37.6003337,
          -3.2462697
        ]
      },
      "id": "node/7835236754"
    },
    {
      "type": "Feature",
      "properties": {
        "@id": "node/7835236755",
        "country": "TZ",
        "district": "Rombo",
        "name": "Lesoroma",
        "place": "village",
        "region": "Kilimanjaro",
        "ward": "Kitirima Kingachi"
      },
      "geometry": {
        "type": "Point",
        "coordinates": [
          37.5868532,
          -3.0729809
        ]
      },
      "id": "node/7835236755"
    },
    {
      "type": "Feature",
      "properties": {
        "@id": "node/7835236756",
        "country": "TZ",
        "district": "Rombo",
        "name": "Ngoyoni",
        "place": "village",
        "region": "Kilimanjaro",
        "ward": "Ngoyoni"
      },
      "geometry": {
        "type": "Point",
        "coordinates": [
          37.6420763,
          -3.2663301
        ]
      },
      "id": "node/7835236756"
    },
    {
      "type": "Feature",
      "properties": {
        "@id": "node/7835236757",
        "country": "TZ",
        "district": "Rombo",
        "name": "Makiidi",
        "place": "village",
        "region": "Kilimanjaro",
        "ward": "Makiidi"
      },
      "geometry": {
        "type": "Point",
        "coordinates": [
          37.6176168,
          -3.1996885
        ]
      },
      "id": "node/7835236757"
    },
    {
      "type": "Feature",
      "properties": {
        "@id": "node/7835236758",
        "country": "TZ",
        "district": "Rombo",
        "name": "Aleni Chini",
        "place": "village",
        "region": "Kilimanjaro",
        "ward": "Aleni"
      },
      "geometry": {
        "type": "Point",
        "coordinates": [
          37.6523526,
          -3.2255875
        ]
      },
      "id": "node/7835236758"
    },
    {
      "type": "Feature",
      "properties": {
        "@id": "node/7835236759",
        "country": "TZ",
        "district": "Rombo",
        "name": "Kiwanda",
        "place": "village",
        "region": "Kilimanjaro",
        "ward": "Kirongo Samanga"
      },
      "geometry": {
        "type": "Point",
        "coordinates": [
          37.6649226,
          -3.1053
        ]
      },
      "id": "node/7835236759"
    },
    {
      "type": "Feature",
      "properties": {
        "@id": "node/7835236760",
        "country": "TZ",
        "district": "Rombo",
        "name": "Marangu",
        "place": "village",
        "region": "Kilimanjaro",
        "ward": "Marangu Kitowo"
      },
      "geometry": {
        "type": "Point",
        "coordinates": [
          37.6342096,
          -3.1147251
        ]
      },
      "id": "node/7835236760"
    },
    {
      "type": "Feature",
      "properties": {
        "@id": "node/7835236761",
        "country": "TZ",
        "district": "Rombo",
        "name": "Kisale",
        "place": "village",
        "region": "Kilimanjaro",
        "ward": "Kisale Msaranga"
      },
      "geometry": {
        "type": "Point",
        "coordinates": [
          37.6138596,
          -3.1340246
        ]
      },
      "id": "node/7835236761"
    },
    {
      "type": "Feature",
      "properties": {
        "@id": "node/7835236762",
        "country": "TZ",
        "district": "Rombo",
        "name": "Ubaa",
        "place": "village",
        "region": "Kilimanjaro",
        "ward": "Ushiri Ikuini"
      },
      "geometry": {
        "type": "Point",
        "coordinates": [
          37.5949656,
          -3.1822311
        ]
      },
      "id": "node/7835236762"
    },
    {
      "type": "Feature",
      "properties": {
        "@id": "node/7835236763",
        "country": "TZ",
        "district": "Rombo",
        "name": "Mfuruwasheni",
        "place": "village",
        "region": "Kilimanjaro",
        "ward": "Keni Mengeni"
      },
      "geometry": {
        "type": "Point",
        "coordinates": [
          37.684797,
          -3.2543304
        ]
      },
      "id": "node/7835236763"
    },
    {
      "type": "Feature",
      "properties": {
        "@id": "node/7835236764",
        "country": "TZ",
        "district": "Rombo",
        "name": "Shimbi Mashami",
        "place": "village",
        "region": "Kilimanjaro",
        "ward": "Shimbi"
      },
      "geometry": {
        "type": "Point",
        "coordinates": [
          37.5954858,
          -3.220211
        ]
      },
      "id": "node/7835236764"
    },
    {
      "type": "Feature",
      "properties": {
        "@id": "node/7835236765",
        "country": "TZ",
        "district": "Rombo",
        "name": "Kahe",
        "place": "village",
        "region": "Kilimanjaro",
        "ward": "Ubetu Kahe"
      },
      "geometry": {
        "type": "Point",
        "coordinates": [
          37.6136574,
          -3.0552508
        ]
      },
      "id": "node/7835236765"
    },
    {
      "type": "Feature",
      "properties": {
        "@id": "node/7835236766",
        "country": "TZ",
        "district": "Rombo",
        "name": "Manda Juu",
        "place": "village",
        "region": "Kilimanjaro",
        "ward": "Mamsera"
      },
      "geometry": {
        "type": "Point",
        "coordinates": [
          37.5952117,
          -3.2498257
        ]
      },
      "id": "node/7835236766"
    },
    {
      "type": "Feature",
      "properties": {
        "@id": "node/7835236767",
        "country": "TZ",
        "district": "Rombo",
        "name": "Machame Aleni",
        "place": "village",
        "region": "Kilimanjaro",
        "ward": "Aleni"
      },
      "geometry": {
        "type": "Point",
        "coordinates": [
          37.6062614,
          -3.2270499
        ]
      },
      "id": "node/7835236767"
    },
    {
      "type": "Feature",
      "properties": {
        "@id": "node/7835236768",
        "country": "TZ",
        "district": "Rombo",
        "name": "Holili Vijijini",
        "place": "village",
        "region": "Kilimanjaro",
        "ward": "Holili"
      },
      "geometry": {
        "type": "Point",
        "coordinates": [
          37.6375416,
          -3.3542101
        ]
      },
      "id": "node/7835236768"
    },
    {
      "type": "Feature",
      "properties": {
        "@id": "node/7835236769",
        "country": "TZ",
        "district": "Rombo",
        "name": "Msangai",
        "place": "village",
        "region": "Kilimanjaro",
        "ward": "Nanjara Reha"
      },
      "geometry": {
        "type": "Point",
        "coordinates": [
          37.5709381,
          -3.0369828
        ]
      },
      "id": "node/7835236769"
    },
    {
      "type": "Feature",
      "properties": {
        "@id": "node/7835236770",
        "country": "TZ",
        "district": "Rombo",
        "name": "Mamsera Kati",
        "place": "village",
        "region": "Kilimanjaro",
        "ward": "Mamsera"
      },
      "geometry": {
        "type": "Point",
        "coordinates": [
          37.6026923,
          -3.2651966
        ]
      },
      "id": "node/7835236770"
    },
    {
      "type": "Feature",
      "properties": {
        "@id": "node/7835236771",
        "country": "TZ",
        "district": "Rombo",
        "name": "Mrere",
        "place": "village",
        "region": "Kilimanjaro",
        "ward": "Katangara Mrere"
      },
      "geometry": {
        "type": "Point",
        "coordinates": [
          37.5822319,
          -3.1421748
        ]
      },
      "id": "node/7835236771"
    },
    {
      "type": "Feature",
      "properties": {
        "@id": "node/7835236772",
        "country": "TZ",
        "district": "Rombo",
        "name": "Maharo",
        "place": "village",
        "region": "Kilimanjaro",
        "ward": "Makiidi"
      },
      "geometry": {
        "type": "Point",
        "coordinates": [
          37.5894985,
          -3.2069918
        ]
      },
      "id": "node/7835236772"
    },
    {
      "type": "Feature",
      "properties": {
        "@id": "node/7835236773",
        "country": "TZ",
        "district": "Rombo",
        "name": "Ubetu",
        "place": "village",
        "region": "Kilimanjaro",
        "ward": "Ubetu Kahe"
      },
      "geometry": {
        "type": "Point",
        "coordinates": [
          37.5734487,
          -3.0557872
        ]
      },
      "id": "node/7835236773"
    },
    {
      "type": "Feature",
      "properties": {
        "@id": "node/7835236774",
        "country": "TZ",
        "district": "Rombo",
        "name": "Keryo",
        "place": "village",
        "region": "Kilimanjaro",
        "ward": "Mrao Keryo"
      },
      "geometry": {
        "type": "Point",
        "coordinates": [
          37.5846526,
          -3.162423
        ]
      },
      "id": "node/7835236774"
    },
    {
      "type": "Feature",
      "properties": {
        "@id": "node/7835236775",
        "country": "TZ",
        "district": "Rombo",
        "name": "Mfuruwashe",
        "place": "village",
        "region": "Kilimanjaro",
        "ward": "Keni Mengeni"
      },
      "geometry": {
        "type": "Point",
        "coordinates": [
          37.6642113,
          -3.2471805
        ]
      },
      "id": "node/7835236775"
    },
    {
      "type": "Feature",
      "properties": {
        "@id": "node/7835236776",
        "country": "TZ",
        "district": "Rombo",
        "name": "Manda Chini",
        "place": "village",
        "region": "Kilimanjaro",
        "ward": "Manda"
      },
      "geometry": {
        "type": "Point",
        "coordinates": [
          37.6178591,
          -3.2437675
        ]
      },
      "id": "node/7835236776"
    },
    {
      "type": "Feature",
      "properties": {
        "@id": "node/7835236777",
        "country": "TZ",
        "district": "Rombo",
        "name": "Ikuini",
        "place": "village",
        "region": "Kilimanjaro",
        "ward": "Ushiri Ikuini"
      },
      "geometry": {
        "type": "Point",
        "coordinates": [
          37.6486258,
          -3.1771025
        ]
      },
      "id": "node/7835236777"
    },
    {
      "type": "Feature",
      "properties": {
        "@id": "node/7835236778",
        "country": "TZ",
        "district": "Rombo",
        "name": "Ngareni",
        "place": "village",
        "region": "Kilimanjaro",
        "ward": "Ngoyoni"
      },
      "geometry": {
        "type": "Point",
        "coordinates": [
          37.6504434,
          -3.2560317
        ]
      },
      "id": "node/7835236778"
    },
    {
      "type": "Feature",
      "properties": {
        "@id": "node/7835236779",
        "country": "TZ",
        "district": "Rombo",
        "name": "Mengeni Kitasha",
        "place": "village",
        "region": "Kilimanjaro",
        "ward": "Keni Mengeni"
      },
      "geometry": {
        "type": "Point",
        "coordinates": [
          37.5912604,
          -3.2374373
        ]
      },
      "id": "node/7835236779"
    },
    {
      "type": "Feature",
      "properties": {
        "@id": "node/7835236780",
        "country": "TZ",
        "district": "Rombo",
        "name": "Kikelelwa",
        "place": "village",
        "region": "Kilimanjaro",
        "ward": "Tarakea Motamburu"
      },
      "geometry": {
        "type": "Point",
        "coordinates": [
          37.537627,
          -2.9760334
        ]
      },
      "id": "node/7835236780"
    },
    {
      "type": "Feature",
      "properties": {
        "@id": "node/7835236781",
        "country": "TZ",
        "district": "Rombo",
        "name": "Ibukoni",
        "place": "village",
        "region": "Kilimanjaro",
        "ward": "Kelamfua Mokala"
      },
      "geometry": {
        "type": "Point",
        "coordinates": [
          37.6469536,
          -3.1881097
        ]
      },
      "id": "node/7835236781"
    },
    {
      "type": "Feature",
      "properties": {
        "@id": "node/7835236782",
        "country": "TZ",
        "district": "Rombo",
        "name": "Mrao",
        "place": "village",
        "region": "Kilimanjaro",
        "ward": "Mrao Keryo"
      },
      "geometry": {
        "type": "Point",
        "coordinates": [
          37.6266053,
          -3.1659674
        ]
      },
      "id": "node/7835236782"
    },
    {
      "type": "Feature",
      "properties": {
        "@id": "node/7835236783",
        "country": "TZ",
        "district": "Rombo",
        "name": "Kirwa",
        "place": "village",
        "region": "Kilimanjaro",
        "ward": "Kirwa Keni"
      },
      "geometry": {
        "type": "Point",
        "coordinates": [
          37.5901989,
          -3.1543133
        ]
      },
      "id": "node/7835236783"
    },
    {
      "type": "Feature",
      "properties": {
        "@id": "node/7835236784",
        "country": "TZ",
        "district": "Rombo",
        "name": "Mamsera Juu",
        "place": "village",
        "region": "Kilimanjaro",
        "ward": "Mamsera"
      },
      "geometry": {
        "type": "Point",
        "coordinates": [
          37.5935271,
          -3.2549688
        ]
      },
      "id": "node/7835236784"
    },
    {
      "type": "Feature",
      "properties": {
        "@id": "node/7835333085",
        "country": "TZ",
        "district": "Rombo",
        "name": "Holili Mjini",
        "place": "village",
        "region": "Kilimanjaro",
        "ward": "Holili"
      },
      "geometry": {
        "type": "Point",
        "coordinates": [
          37.6240418,
          -3.3736898
        ]
      },
      "id": "node/7835333085"
    },
    {
      "type": "Feature",
      "properties": {
        "@id": "node/7835333086",
        "country": "TZ",
        "district": "Rombo",
        "name": "Mbomai",
        "place": "village",
        "region": "Kilimanjaro",
        "ward": "Tarakea Motamburu"
      },
      "geometry": {
        "type": "Point",
        "coordinates": [
          37.557209,
          -3.0001547
        ]
      },
      "id": "node/7835333086"
    },
    {
      "type": "Feature",
      "properties": {
        "@id": "node/7835333087",
        "country": "TZ",
        "district": "Rombo",
        "name": "Mahango",
        "place": "village",
        "region": "Kilimanjaro",
        "ward": "Mahida"
      },
      "geometry": {
        "type": "Point",
        "coordinates": [
          37.6189171,
          -3.3218255
        ]
      },
      "id": "node/7835333087"
    },
    {
      "type": "Feature",
      "properties": {
        "@id": "node/7835333088",
        "country": "TZ",
        "district": "Rombo",
        "name": "Keni Mashati",
        "place": "village",
        "region": "Kilimanjaro",
        "ward": "Kirwa Keni"
      },
      "geometry": {
        "type": "Point",
        "coordinates": [
          37.6078197,
          -3.1502852
        ]
      },
      "id": "node/7835333088"
    },
    {
      "type": "Feature",
      "properties": {
        "@id": "node/7835333089",
        "country": "TZ",
        "district": "Rombo",
        "name": "Shimbi Kati",
        "place": "village",
        "region": "Kilimanjaro",
        "ward": "Shimbi"
      },
      "geometry": {
        "type": "Point",
        "coordinates": [
          37.6141275,
          -3.2158452
        ]
      },
      "id": "node/7835333089"
    },
    {
      "type": "Feature",
      "properties": {
        "@id": "node/7835333090",
        "country": "TZ",
        "district": "Rombo",
        "name": "Mengwe Juu",
        "place": "village",
        "region": "Kilimanjaro",
        "ward": "Mengwe"
      },
      "geometry": {
        "type": "Point",
        "coordinates": [
          37.6059544,
          -3.2576642
        ]
      },
      "id": "node/7835333090"
    },
    {
      "type": "Feature",
      "properties": {
        "@id": "node/7835333091",
        "country": "TZ",
        "district": "Rombo",
        "name": "Kooti",
        "place": "village",
        "region": "Kilimanjaro",
        "ward": "Olele"
      },
      "geometry": {
        "type": "Point",
        "coordinates": [
          37.5985937,
          -3.1110771
        ]
      },
      "id": "node/7835333091"
    },
    {
      "type": "Feature",
      "properties": {
        "@id": "node/7835333092",
        "country": "TZ",
        "district": "Rombo",
        "name": "Kelamfua",
        "place": "village",
        "region": "Kilimanjaro",
        "ward": "Kelamfua Mokala"
      },
      "geometry": {
        "type": "Point",
        "coordinates": [
          37.6050085,
          -3.1909619
        ]
      },
      "id": "node/7835333092"
    },
    {
      "type": "Feature",
      "properties": {
        "@id": "node/7835333093",
        "country": "TZ",
        "district": "Rombo",
        "name": "Nayeme",
        "place": "village",
        "region": "Kilimanjaro",
        "ward": "Nanjara Reha"
      },
      "geometry": {
        "type": "Point",
        "coordinates": [
          37.5859949,
          -3.0087061
        ]
      },
      "id": "node/7835333093"
    },
    {
      "type": "Feature",
      "properties": {
        "@id": "node/7835333094",
        "country": "TZ",
        "district": "Rombo",
        "name": "Mengeni Chini",
        "place": "village",
        "region": "Kilimanjaro",
        "ward": "Keni Mengeni"
      },
      "geometry": {
        "type": "Point",
        "coordinates": [
          37.6171514,
          -3.2377416
        ]
      },
      "id": "node/7835333094"
    },
    {
      "type": "Feature",
      "properties": {
        "@id": "node/7835333095",
        "country": "TZ",
        "district": "Rombo",
        "name": "Kilema",
        "place": "village",
        "region": "Kilimanjaro",
        "ward": "Olele"
      },
      "geometry": {
        "type": "Point",
        "coordinates": [
          37.5946037,
          -3.1172418
        ]
      },
      "id": "node/7835333095"
    },
    {
      "type": "Feature",
      "properties": {
        "@id": "node/7835333096",
        "country": "TZ",
        "district": "Rombo",
        "name": "mengwe",
        "place": "village",
        "region": "Kilimanjaro",
        "ward": "Kelamfua Mokala"
      },
      "geometry": {
        "type": "Point",
        "coordinates": [
          37.605,
          -3.248
        ]
      },
      "id": "node/7835333096"
    },
    {
      "type": "Feature",
      "properties": {
        "@id": "node/7835333097",
        "country": "TZ",
        "district": "Rombo",
        "name": "Nguduni",
        "place": "village",
        "region": "Kilimanjaro",
        "ward": "Mahida"
      },
      "geometry": {
        "type": "Point",
        "coordinates": [
          37.6050996,
          -3.2863322
        ]
      },
      "id": "node/7835333097"
    },
    {
      "type": "Feature",
      "properties": {
        "@id": "node/7835333098",
        "country": "TZ",
        "district": "Rombo",
        "name": "Kiraeni",
        "place": "village",
        "region": "Kilimanjaro",
        "ward": "Kirwa Keni"
      },
      "geometry": {
        "type": "Point",
        "coordinates": [
          37.6513983,
          -3.1633608
        ]
      },
      "id": "node/7835333098"
    },
    {
      "type": "Feature",
      "properties": {
        "@id": "node/7835333099",
        "country": "TZ",
        "district": "Rombo",
        "name": "Urauri",
        "place": "village",
        "region": "Kilimanjaro",
        "ward": "Nanjara Reha"
      },
      "geometry": {
        "type": "Point",
        "coordinates": [
          37.6046135,
          -3.035214
        ]
      },
      "id": "node/7835333099"
    },
    {
      "type": "Feature",
      "properties": {
        "@id": "node/7835333100",
        "country": "TZ",
        "district": "Rombo",
        "name": "Chala",
        "place": "village",
        "region": "Kilimanjaro",
        "ward": "Mamsera"
      },
      "geometry": {
        "type": "Point",
        "coordinates": [
          37.642119,
          -3.3015228
        ]
      },
      "id": "node/7835333100"
    },
    {
      "type": "Feature",
      "properties": {
        "@id": "node/7835333101",
        "country": "TZ",
        "district": "Rombo",
        "name": "Msinga",
        "place": "village",
        "region": "Kilimanjaro",
        "ward": "Kitirima Kingachi"
      },
      "geometry": {
        "type": "Point",
        "coordinates": [
          37.5864191,
          -3.0817224
        ]
      },
      "id": "node/7835333101"
    },
    {
      "type": "Feature",
      "properties": {
        "@id": "node/7835333102",
        "country": "TZ",
        "district": "Rombo",
        "name": "Manda Chini",
        "place": "village",
        "region": "Kilimanjaro",
        "ward": "Keni Mengeni"
      },
      "geometry": {
        "type": "Point",
        "coordinates": [
          37.6086166,
          -3.2421832
        ]
      },
      "id": "node/7835333102"
    },
    {
      "type": "Feature",
      "properties": {
        "@id": "node/7835333103",
        "country": "TZ",
        "district": "Rombo",
        "name": "Kirongo Chini",
        "place": "village",
        "region": "Kilimanjaro",
        "ward": "Kirongo Samanga"
      },
      "geometry": {
        "type": "Point",
        "coordinates": [
          37.6365111,
          -3.0928163
        ]
      },
      "id": "node/7835333103"
    },
    {
      "type": "Feature",
      "properties": {
        "@id": "node/7835333104",
        "country": "TZ",
        "district": "Rombo",
        "name": "Samanga",
        "place": "village",
        "region": "Kilimanjaro",
        "ward": "Kirongo Samanga"
      },
      "geometry": {
        "type": "Point",
        "coordinates": [
          37.5856969,
          -3.0994588
        ]
      },
      "id": "node/7835333104"
    },
    {
      "type": "Feature",
      "properties": {
        "@id": "node/7835333105",
        "country": "TZ",
        "district": "Rombo",
        "name": "Mengwe Chini",
        "place": "village",
        "region": "Kilimanjaro",
        "ward": "Mengwe"
      },
      "geometry": {
        "type": "Point",
        "coordinates": [
          37.6209114,
          -3.258405
        ]
      },
      "id": "node/7835333105"
    },
    {
      "type": "Feature",
      "properties": {
        "@id": "node/7835333106",
        "country": "TZ",
        "district": "Rombo",
        "name": "Kitowo",
        "place": "village",
        "region": "Kilimanjaro",
        "ward": "Marangu Kitowo"
      },
      "geometry": {
        "type": "Point",
        "coordinates": [
          37.6346397,
          -3.1249066
        ]
      },
      "id": "node/7835333106"
    },
    {
      "type": "Feature",
      "properties": {
        "@id": "node/7835333107",
        "country": "TZ",
        "district": "Rombo",
        "name": "Katangara",
        "place": "village",
        "region": "Kilimanjaro",
        "ward": "Katangara Mrere"
      },
      "geometry": {
        "type": "Point",
        "coordinates": [
          37.5809727,
          -3.130326
        ]
      },
      "id": "node/7835333107"
    },
    {
      "type": "Feature",
      "properties": {
        "@id": "node/7835333108",
        "country": "TZ",
        "district": "Rombo",
        "name": "Ngaseni",
        "place": "village",
        "region": "Kilimanjaro",
        "ward": "Ubetu Kahe"
      },
      "geometry": {
        "type": "Point",
        "coordinates": [
          37.5957037,
          -3.0609657
        ]
      },
      "id": "node/7835333108"
    },
    {
      "type": "Feature",
      "properties": {
        "@id": "node/7835333109",
        "country": "TZ",
        "district": "Rombo",
        "name": "Mamsera Chini",
        "place": "village",
        "region": "Kilimanjaro",
        "ward": "Mamsera"
      },
      "geometry": {
        "type": "Point",
        "coordinates": [
          37.6167659,
          -3.2830582
        ]
      },
      "id": "node/7835333109"
    },
    {
      "type": "Feature",
      "properties": {
        "@id": "node/7835333110",
        "country": "TZ",
        "district": "Rombo",
        "name": "Kwalakamu",
        "place": "village",
        "region": "Kilimanjaro",
        "ward": "Kitirima Kingachi"
      },
      "geometry": {
        "type": "Point",
        "coordinates": [
          37.609336,
          -3.0744328
        ]
      },
      "id": "node/7835333110"
    },
    {
      "type": "Feature",
      "properties": {
        "@id": "node/7835333111",
        "country": "TZ",
        "district": "Rombo",
        "name": "Ushiri",
        "place": "village",
        "region": "Kilimanjaro",
        "ward": "Ushiri Ikuini"
      },
      "geometry": {
        "type": "Point",
        "coordinates": [
          37.5891188,
          -3.1743255
        ]
      },
      "id": "node/7835333111"
    },
    {
      "type": "Feature",
      "properties": {
        "@id": "node/7835333112",
        "country": "TZ",
        "district": "Rombo",
        "name": "Mahorosha",
        "place": "village",
        "region": "Kilimanjaro",
        "ward": "Kisale Msaranga"
      },
      "geometry": {
        "type": "Point",
        "coordinates": [
          37.6469234,
          -3.1334508
        ]
      },
      "id": "node/7835333112"
    },
    {
      "type": "Feature",
      "properties": {
        "@id": "node/7835333113",
        "country": "TZ",
        "district": "Rombo",
        "name": "Mokala",
        "place": "village",
        "region": "Kilimanjaro",
        "ward": "Kelamfua Mokala"
      },
      "geometry": {
        "type": "Point",
        "coordinates": [
          37.5929749,
          -3.1879792
        ]
      },
      "id": "node/7835333113"
    },
    {
      "type": "Feature",
      "properties": {
        "@id": "node/7835333114",
        "country": "TZ",
        "district": "Rombo",
        "name": "Kingachi",
        "place": "village",
        "region": "Kilimanjaro",
        "ward": "Kitirima Kingachi"
      },
      "geometry": {
        "type": "Point",
        "coordinates": [
          37.6147783,
          -3.0829551
        ]
      },
      "id": "node/7835333114"
    },
    {
      "type": "Feature",
      "properties": {
        "@id": "node/7835333115",
        "country": "TZ",
        "district": "Rombo",
        "name": "Shimbi Masho",
        "place": "village",
        "region": "Kilimanjaro",
        "ward": "Shimbi"
      },
      "geometry": {
        "type": "Point",
        "coordinates": [
          37.5939529,
          -3.2137627
        ]
      },
      "id": "node/7835333115"
    },
    {
      "type": "Feature",
      "properties": {
        "@id": "node/7835333116",
        "country": "TZ",
        "district": "Rombo",
        "name": "Msaranga",
        "place": "village",
        "region": "Kilimanjaro",
        "ward": "Kisale Msaranga"
      },
      "geometry": {
        "type": "Point",
        "coordinates": [
          37.6531559,
          -3.1466993
        ]
      },
      "id": "node/7835333116"
    },
    {
      "type": "Feature",
      "properties": {
        "@id": "node/8019654057",
        "country": "TZ",
        "district": "Moshi Urban",
        "name": "Msaranga Street",
        "place": "village",
        "region": "Kilimanjaro",
        "ward": "Ng'ambo"
      },
      "geometry": {
        "type": "Point",
        "coordinates": [
          37.3748128,
          -3.3411739
        ]
      },
      "id": "node/8019654057"
    },
    {
      "type": "Feature",
      "properties": {
        "@id": "node/8019654058",
        "country": "TZ",
        "district": "Moshi Urban",
        "name": "Hindu Street",
        "place": "village",
        "region": "Kilimanjaro",
        "ward": "Mawenzi"
      },
      "geometry": {
        "type": "Point",
        "coordinates": [
          37.3428034,
          -3.3480477
        ]
      },
      "id": "node/8019654058"
    },
    {
      "type": "Feature",
      "properties": {
        "@id": "node/8019654077",
        "country": "TZ",
        "district": "Moshi Urban",
        "name": "Kalimani",
        "place": "village",
        "region": "Kilimanjaro",
        "ward": "Njoro"
      },
      "geometry": {
        "type": "Point",
        "coordinates": [
          37.3418664,
          -3.3654146
        ]
      },
      "id": "node/8019654077"
    },
    {
      "type": "Feature",
      "properties": {
        "@id": "node/8019666371",
        "country": "TZ",
        "district": "Moshi Rural",
        "name": "Sisamaro",
        "place": "village",
        "region": "Kilimanjaro",
        "ward": "Okaoni"
      },
      "geometry": {
        "type": "Point",
        "coordinates": [
          37.2934392,
          -3.2064306
        ]
      },
      "id": "node/8019666371"
    },
    {
      "type": "Feature",
      "properties": {
        "@id": "node/8019666372",
        "country": "TZ",
        "district": "Moshi Rural",
        "name": "Mero",
        "place": "village",
        "region": "Kilimanjaro",
        "ward": "KiruaVunjo Mashariki"
      },
      "geometry": {
        "type": "Point",
        "coordinates": [
          37.4794819,
          -3.3143155
        ]
      },
      "id": "node/8019666372"
    },
    {
      "type": "Feature",
      "properties": {
        "@id": "node/8019666373",
        "country": "TZ",
        "district": "Moshi Rural",
        "name": "Kanango",
        "place": "village",
        "region": "Kilimanjaro",
        "ward": "KiruaVunjo Magharibi"
      },
      "geometry": {
        "type": "Point",
        "coordinates": [
          37.4500708,
          -3.2981718
        ]
      },
      "id": "node/8019666373"
    },
    {
      "type": "Feature",
      "properties": {
        "@id": "node/8019666374",
        "country": "TZ",
        "district": "Moshi Rural",
        "name": "Uchau Kaskazini",
        "place": "village",
        "region": "Kilimanjaro",
        "ward": "Kibosho Kati"
      },
      "geometry": {
        "type": "Point",
        "coordinates": [
          37.3003312,
          -3.2286225
        ]
      },
      "id": "node/8019666374"
    },
    {
      "type": "Feature",
      "properties": {
        "@id": "node/8019666375",
        "country": "TZ",
        "district": "Moshi Rural",
        "name": "Marua",
        "place": "village",
        "region": "Kilimanjaro",
        "ward": "KiruaVunjo Magharibi"
      },
      "geometry": {
        "type": "Point",
        "coordinates": [
          37.4567277,
          -3.2829118
        ]
      },
      "id": "node/8019666375"
    },
    {
      "type": "Feature",
      "properties": {
        "@id": "node/8019666376",
        "country": "TZ",
        "district": "Moshi Rural",
        "name": "Kisangesangeni",
        "place": "village",
        "region": "Kilimanjaro",
        "ward": "Kahe"
      },
      "geometry": {
        "type": "Point",
        "coordinates": [
          37.446623,
          -3.4397439
        ]
      },
      "id": "node/8019666376"
    },
    {
      "type": "Feature",
      "properties": {
        "@id": "node/8019666377",
        "country": "TZ",
        "district": "Moshi Rural",
        "name": "Uchau Kusini",
        "place": "village",
        "region": "Kilimanjaro",
        "ward": "Kibosho Kati"
      },
      "geometry": {
        "type": "Point",
        "coordinates": [
          37.2997699,
          -3.2461808
        ]
      },
      "id": "node/8019666377"
    },
    {
      "type": "Feature",
      "properties": {
        "@id": "node/8019666378",
        "country": "TZ",
        "district": "Moshi Rural",
        "name": "Lyamrakana",
        "place": "village",
        "region": "Kilimanjaro",
        "ward": "Marangu Mashariki"
      },
      "geometry": {
        "type": "Point",
        "coordinates": [
          37.5136009,
          -3.2897142
        ]
      },
      "id": "node/8019666378"
    },
    {
      "type": "Feature",
      "properties": {
        "@id": "node/8019666380",
        "country": "TZ",
        "district": "Moshi Rural",
        "name": "Shia",
        "place": "village",
        "region": "Kilimanjaro",
        "ward": "Kimochi"
      },
      "geometry": {
        "type": "Point",
        "coordinates": [
          37.4133122,
          -3.3254893
        ]
      },
      "id": "node/8019666380"
    },
    {
      "type": "Feature",
      "properties": {
        "@id": "node/8019666381",
        "country": "TZ",
        "district": "Moshi Rural",
        "name": "Lyasongoro",
        "place": "village",
        "region": "Kilimanjaro",
        "ward": "Marangu Mashariki"
      },
      "geometry": {
        "type": "Point",
        "coordinates": [
          37.511866,
          -3.2642907
        ]
      },
      "id": "node/8019666381"
    },
    {
      "type": "Feature",
      "properties": {
        "@id": "node/8019666382",
        "country": "TZ",
        "district": "Moshi Rural",
        "name": "Kondeni",
        "place": "village",
        "region": "Kilimanjaro",
        "ward": "Mwika Kusini"
      },
      "geometry": {
        "type": "Point",
        "coordinates": [
          37.5607625,
          -3.3008987
        ]
      },
      "id": "node/8019666382"
    },
    {
      "type": "Feature",
      "properties": {
        "@id": "node/8019666384",
        "country": "TZ",
        "district": "Moshi Rural",
        "name": "Kitandu",
        "place": "village",
        "region": "Kilimanjaro",
        "ward": "Okaoni"
      },
      "geometry": {
        "type": "Point",
        "coordinates": [
          37.2949457,
          -3.2413905
        ]
      },
      "id": "node/8019666384"
    },
    {
      "type": "Feature",
      "properties": {
        "@id": "node/8019687285",
        "country": "TZ",
        "district": "Moshi Rural",
        "name": "Ngangu",
        "place": "village",
        "region": "Kilimanjaro",
        "ward": "Kilema Kati"
      },
      "geometry": {
        "type": "Point",
        "coordinates": [
          37.5021608,
          -3.2947529
        ]
      },
      "id": "node/8019687285"
    },
    {
      "type": "Feature",
      "properties": {
        "@id": "node/8019687286",
        "country": "TZ",
        "district": "Moshi Rural",
        "name": "Komakundi",
        "place": "village",
        "region": "Kilimanjaro",
        "ward": "Mamba Kaskazini"
      },
      "geometry": {
        "type": "Point",
        "coordinates": [
          37.5468088,
          -3.2741524
        ]
      },
      "id": "node/8019687286"
    },
    {
      "type": "Feature",
      "properties": {
        "@id": "node/8019687287",
        "country": "TZ",
        "district": "Moshi Rural",
        "name": "Njari",
        "place": "village",
        "region": "Kilimanjaro",
        "ward": "Uru Kaskazini"
      },
      "geometry": {
        "type": "Point",
        "coordinates": [
          37.3565099,
          -3.2443359
        ]
      },
      "id": "node/8019687287"
    },
    {
      "type": "Feature",
      "properties": {
        "@id": "node/8019687288",
        "country": "TZ",
        "district": "Moshi Rural",
        "name": "Kyou",
        "place": "village",
        "region": "Kilimanjaro",
        "ward": "Kilema Kaskazini"
      },
      "geometry": {
        "type": "Point",
        "coordinates": [
          37.4757137,
          -3.2836913
        ]
      },
      "id": "node/8019687288"
    },
    {
      "type": "Feature",
      "properties": {
        "@id": "node/8019687289",
        "country": "TZ",
        "district": "Moshi Rural",
        "name": "Ashira",
        "place": "village",
        "region": "Kilimanjaro",
        "ward": "Marangu Mashariki"
      },
      "geometry": {
        "type": "Point",
        "coordinates": [
          37.5288733,
          -3.2759066
        ]
      },
      "id": "node/8019687289"
    },
    {
      "type": "Feature",
      "properties": {
        "@id": "node/8019687290",
        "country": "TZ",
        "district": "Moshi Rural",
        "name": "Mrimbo Uuwo",
        "place": "village",
        "region": "Kilimanjaro",
        "ward": "MwikaKaskazini"
      },
      "geometry": {
        "type": "Point",
        "coordinates": [
          37.5866648,
          -3.272789
        ]
      },
      "id": "node/8019687290"
    },
    {
      "type": "Feature",
      "properties": {
        "@id": "node/8019687292",
        "country": "TZ",
        "district": "Moshi Rural",
        "name": "Mnini",
        "place": "village",
        "region": "Kilimanjaro",
        "ward": "Uru Mashariki"
      },
      "geometry": {
        "type": "Point",
        "coordinates": [
          37.3540536,
          -3.2889602
        ]
      },
      "id": "node/8019687292"
    },
    {
      "type": "Feature",
      "properties": {
        "@id": "node/8019687293",
        "country": "TZ",
        "district": "Moshi Rural",
        "name": "Kimangaro",
        "place": "village",
        "region": "Kilimanjaro",
        "ward": "Mwika Kusini"
      },
      "geometry": {
        "type": "Point",
        "coordinates": [
          37.5719035,
          -3.294732
        ]
      },
      "id": "node/8019687293"
    },
    {
      "type": "Feature",
      "properties": {
        "@id": "node/8019687294",
        "country": "TZ",
        "district": "Moshi Rural",
        "name": "Kimanganuni",
        "place": "village",
        "region": "Kilimanjaro",
        "ward": "Uru Kusini"
      },
      "geometry": {
        "type": "Point",
        "coordinates": [
          37.3443001,
          -3.2931931
        ]
      },
      "id": "node/8019687294"
    },
    {
      "type": "Feature",
      "properties": {
        "@id": "node/8019687295",
        "country": "TZ",
        "district": "Moshi Rural",
        "name": "Kirima Kati",
        "place": "village",
        "region": "Kilimanjaro",
        "ward": "Kirima"
      },
      "geometry": {
        "type": "Point",
        "coordinates": [
          37.3048288,
          -3.2830993
        ]
      },
      "id": "node/8019687295"
    },
    {
      "type": "Feature",
      "properties": {
        "@id": "node/8019687296",
        "country": "TZ",
        "district": "Moshi Rural",
        "name": "Yamu Makaa",
        "place": "village",
        "region": "Kilimanjaro",
        "ward": "KiruaVunjo Kusini"
      },
      "geometry": {
        "type": "Point",
        "coordinates": [
          37.4311782,
          -3.379205
        ]
      },
      "id": "node/8019687296"
    },
    {
      "type": "Feature",
      "properties": {
        "@id": "node/8019687297",
        "country": "TZ",
        "district": "Moshi Rural",
        "name": "Mkyashi",
        "place": "village",
        "region": "Kilimanjaro",
        "ward": "Kilema Kati"
      },
      "geometry": {
        "type": "Point",
        "coordinates": [
          37.4866588,
          -3.2980175
        ]
      },
      "id": "node/8019687297"
    },
    {
      "type": "Feature",
      "properties": {
        "@id": "node/8019687298",
        "country": "TZ",
        "district": "Moshi Rural",
        "name": "Kimbogho",
        "place": "village",
        "region": "Kilimanjaro",
        "ward": "Mamba Kusini"
      },
      "geometry": {
        "type": "Point",
        "coordinates": [
          37.5372048,
          -3.3084407
        ]
      },
      "id": "node/8019687298"
    },
    {
      "type": "Feature",
      "properties": {
        "@id": "node/8019687299",
        "country": "TZ",
        "district": "Moshi Rural",
        "name": "Yamu",
        "place": "village",
        "region": "Kilimanjaro",
        "ward": "KiruaVunjo Kusini"
      },
      "geometry": {
        "type": "Point",
        "coordinates": [
          37.4495139,
          -3.3373982
        ]
      },
      "id": "node/8019687299"
    },
    {
      "type": "Feature",
      "properties": {
        "@id": "node/8019687300",
        "country": "TZ",
        "district": "Moshi Rural",
        "name": "Maua",
        "place": "village",
        "region": "Kilimanjaro",
        "ward": "Kibosho Kati"
      },
      "geometry": {
        "type": "Point",
        "coordinates": [
          37.3131152,
          -3.2269627
        ]
      },
      "id": "node/8019687300"
    },
    {
      "type": "Feature",
      "properties": {
        "@id": "node/8019687301",
        "country": "TZ",
        "district": "Moshi Rural",
        "name": "Kindi",
        "place": "village",
        "region": "Kilimanjaro",
        "ward": "Kindi"
      },
      "geometry": {
        "type": "Point",
        "coordinates": [
          37.2783842,
          -3.2830093
        ]
      },
      "id": "node/8019687301"
    },
    {
      "type": "Feature",
      "properties": {
        "@id": "node/8019687302",
        "country": "TZ",
        "district": "Moshi Rural",
        "name": "Sungu",
        "place": "village",
        "region": "Kilimanjaro",
        "ward": "Kibosho Mashariki"
      },
      "geometry": {
        "type": "Point",
        "coordinates": [
          37.3209586,
          -3.2392522
        ]
      },
      "id": "node/8019687302"
    },
    {
      "type": "Feature",
      "properties": {
        "@id": "node/8019687303",
        "country": "TZ",
        "district": "Moshi Rural",
        "name": "Mdawi",
        "place": "village",
        "region": "Kilimanjaro",
        "ward": "Kimochi"
      },
      "geometry": {
        "type": "Point",
        "coordinates": [
          37.4077979,
          -3.3211335
        ]
      },
      "id": "node/8019687303"
    },
    {
      "type": "Feature",
      "properties": {
        "@id": "node/8019687304",
        "country": "TZ",
        "district": "Moshi Rural",
        "name": "Kariwa",
        "place": "village",
        "region": "Kilimanjaro",
        "ward": "Uru Kusini"
      },
      "geometry": {
        "type": "Point",
        "coordinates": [
          37.3331427,
          -3.3039514
        ]
      },
      "id": "node/8019687304"
    },
    {
      "type": "Feature",
      "properties": {
        "@id": "node/8019687305",
        "country": "TZ",
        "district": "Moshi Rural",
        "name": "Soko",
        "place": "village",
        "region": "Kilimanjaro",
        "ward": "Kahe Mashariki"
      },
      "geometry": {
        "type": "Point",
        "coordinates": [
          37.4998462,
          -3.4803343
        ]
      },
      "id": "node/8019687305"
    },
    {
      "type": "Feature",
      "properties": {
        "@id": "node/8019687306",
        "country": "TZ",
        "district": "Moshi Rural",
        "name": "Manushi Sinde",
        "place": "village",
        "region": "Kilimanjaro",
        "ward": "Kibosho Magharibi"
      },
      "geometry": {
        "type": "Point",
        "coordinates": [
          37.2629285,
          -3.2769375
        ]
      },
      "id": "node/8019687306"
    },
    {
      "type": "Feature",
      "properties": {
        "@id": "node/8019687308",
        "country": "TZ",
        "district": "Moshi Rural",
        "name": "Umbwe Sinde",
        "place": "village",
        "region": "Kilimanjaro",
        "ward": "Kibosho Magharibi"
      },
      "geometry": {
        "type": "Point",
        "coordinates": [
          37.2752806,
          -3.23755
        ]
      },
      "id": "node/8019687308"
    },
    {
      "type": "Feature",
      "properties": {
        "@id": "node/8019687309",
        "country": "TZ",
        "district": "Moshi Rural",
        "name": "Lotima",
        "place": "village",
        "region": "Kilimanjaro",
        "ward": "Makuyuni"
      },
      "geometry": {
        "type": "Point",
        "coordinates": [
          37.5641266,
          -3.4215794
        ]
      },
      "id": "node/8019687309"
    },
    {
      "type": "Feature",
      "properties": {
        "@id": "node/8019687311",
        "country": "TZ",
        "district": "Moshi Rural",
        "name": "Sangu",
        "place": "village",
        "region": "Kilimanjaro",
        "ward": "Kimochi"
      },
      "geometry": {
        "type": "Point",
        "coordinates": [
          37.4110056,
          -3.3521813
        ]
      },
      "id": "node/8019687311"
    },
    {
      "type": "Feature",
      "properties": {
        "@id": "node/8019687312",
        "country": "TZ",
        "district": "Moshi Rural",
        "name": "Korini Kusini",
        "place": "village",
        "region": "Kilimanjaro",
        "ward": "Mbokomu"
      },
      "geometry": {
        "type": "Point",
        "coordinates": [
          37.3701488,
          -3.3103034
        ]
      },
      "id": "node/8019687312"
    },
    {
      "type": "Feature",
      "properties": {
        "@id": "node/8019687313",
        "country": "TZ",
        "district": "Moshi Rural",
        "name": "Sembeti",
        "place": "village",
        "region": "Kilimanjaro",
        "ward": "Marangu Mashariki"
      },
      "geometry": {
        "type": "Point",
        "coordinates": [
          37.5150433,
          -3.3017426
        ]
      },
      "id": "node/8019687313"
    },
    {
      "type": "Feature",
      "properties": {
        "@id": "node/8019687314",
        "country": "TZ",
        "district": "Moshi Rural",
        "name": "Okaseni",
        "place": "village",
        "region": "Kilimanjaro",
        "ward": "Uru Kusini"
      },
      "geometry": {
        "type": "Point",
        "coordinates": [
          37.3390953,
          -3.2866307
        ]
      },
      "id": "node/8019687314"
    },
    {
      "type": "Feature",
      "properties": {
        "@id": "node/8019687315",
        "country": "TZ",
        "district": "Moshi Rural",
        "name": "Kyaseni",
        "place": "village",
        "region": "Kilimanjaro",
        "ward": "Uru Mashariki"
      },
      "geometry": {
        "type": "Point",
        "coordinates": [
          37.3691961,
          -3.2747359
        ]
      },
      "id": "node/8019687315"
    },
    {
      "type": "Feature",
      "properties": {
        "@id": "node/8019687316",
        "country": "TZ",
        "district": "Moshi Rural",
        "name": "Rosho",
        "place": "village",
        "region": "Kilimanjaro",
        "ward": "Kilema Kati"
      },
      "geometry": {
        "type": "Point",
        "coordinates": [
          37.4868052,
          -3.2900007
        ]
      },
      "id": "node/8019687316"
    },
    {
      "type": "Feature",
      "properties": {
        "@id": "node/8019687317",
        "country": "TZ",
        "district": "Moshi Rural",
        "name": "Kokirie",
        "place": "village",
        "region": "Kilimanjaro",
        "ward": "Mamba Kaskazini"
      },
      "geometry": {
        "type": "Point",
        "coordinates": [
          37.5346957,
          -3.264127
        ]
      },
      "id": "node/8019687317"
    },
    {
      "type": "Feature",
      "properties": {
        "@id": "node/8019687318",
        "country": "TZ",
        "district": "Moshi Rural",
        "name": "Nduweni",
        "place": "village",
        "region": "Kilimanjaro",
        "ward": "Marangu Magharibi"
      },
      "geometry": {
        "type": "Point",
        "coordinates": [
          37.500946,
          -3.2762354
        ]
      },
      "id": "node/8019687318"
    },
    {
      "type": "Feature",
      "properties": {
        "@id": "node/8019687319",
        "country": "TZ",
        "district": "Moshi Rural",
        "name": "Komalyangoe",
        "place": "village",
        "region": "Kilimanjaro",
        "ward": "Marangu Magharibi"
      },
      "geometry": {
        "type": "Point",
        "coordinates": [
          37.4936637,
          -3.2580267
        ]
      },
      "id": "node/8019687319"
    },
    {
      "type": "Feature",
      "properties": {
        "@id": "node/8019687320",
        "country": "TZ",
        "district": "Moshi Rural",
        "name": "Arisi",
        "place": "village",
        "region": "Kilimanjaro",
        "ward": "Marangu Mashariki"
      },
      "geometry": {
        "type": "Point",
        "coordinates": [
          37.5123012,
          -3.2771332
        ]
      },
      "id": "node/8019687320"
    },
    {
      "type": "Feature",
      "properties": {
        "@id": "node/8019687321",
        "country": "TZ",
        "district": "Moshi Rural",
        "name": "Mrawi",
        "place": "village",
        "region": "Kilimanjaro",
        "ward": "Uru Kaskazini"
      },
      "geometry": {
        "type": "Point",
        "coordinates": [
          37.3322736,
          -3.2532699
        ]
      },
      "id": "node/8019687321"
    },
    {
      "type": "Feature",
      "properties": {
        "@id": "node/8019687322",
        "country": "TZ",
        "district": "Moshi Rural",
        "name": "Kwamare",
        "place": "village",
        "region": "Kilimanjaro",
        "ward": "KiruaVunjo Magharibi"
      },
      "geometry": {
        "type": "Point",
        "coordinates": [
          37.4597714,
          -3.313574
        ]
      },
      "id": "node/8019687322"
    },
    {
      "type": "Feature",
      "properties": {
        "@id": "node/8019687323",
        "country": "TZ",
        "district": "Moshi Rural",
        "name": "Msuni",
        "place": "village",
        "region": "Kilimanjaro",
        "ward": "Uru Kaskazini"
      },
      "geometry": {
        "type": "Point",
        "coordinates": [
          37.3500882,
          -3.243033
        ]
      },
      "id": "node/8019687323"
    },
    {
      "type": "Feature",
      "properties": {
        "@id": "node/8019687324",
        "country": "TZ",
        "district": "Moshi Rural",
        "name": "Kidia",
        "place": "village",
        "region": "Kilimanjaro",
        "ward": "Old Moshi Mashariki"
      },
      "geometry": {
        "type": "Point",
        "coordinates": [
          37.4198429,
          -3.2940837
        ]
      },
      "id": "node/8019687324"
    },
    {
      "type": "Feature",
      "properties": {
        "@id": "node/8019687325",
        "country": "TZ",
        "district": "Moshi Rural",
        "name": "Mkolowony",
        "place": "village",
        "region": "Kilimanjaro",
        "ward": "Mamba Kusini"
      },
      "geometry": {
        "type": "Point",
        "coordinates": [
          37.5472894,
          -3.305289
        ]
      },
      "id": "node/8019687325"
    },
    {
      "type": "Feature",
      "properties": {
        "@id": "node/8019687326",
        "country": "TZ",
        "district": "Moshi Rural",
        "name": "Kikarara",
        "place": "village",
        "region": "Kilimanjaro",
        "ward": "Old Moshi Mashariki"
      },
      "geometry": {
        "type": "Point",
        "coordinates": [
          37.3888464,
          -3.3287003
        ]
      },
      "id": "node/8019687326"
    },
    {
      "type": "Feature",
      "properties": {
        "@id": "node/8019687327",
        "country": "TZ",
        "district": "Moshi Rural",
        "name": "Uru Shimbwe Juu",
        "place": "village",
        "region": "Kilimanjaro",
        "ward": "Uru Shimbwe"
      },
      "geometry": {
        "type": "Point",
        "coordinates": [
          37.3870193,
          -3.2496436
        ]
      },
      "id": "node/8019687327"
    },
    {
      "type": "Feature",
      "properties": {
        "@id": "node/8019687328",
        "country": "TZ",
        "district": "Moshi Rural",
        "name": "Materuni",
        "place": "village",
        "region": "Kilimanjaro",
        "ward": "Uru Mashariki",
        "wikidata": "Q107555575",
        "wikipedia": "en:Materuni"
      },
      "geometry": {
        "type": "Point",
        "coordinates": [
          37.4030302,
          -3.255104
        ]
      },
      "id": "node/8019687328"
    },
    {
      "type": "Feature",
      "properties": {
        "@id": "node/8019687329",
        "country": "TZ",
        "district": "Moshi Rural",
        "name": "Kimangara",
        "place": "village",
        "region": "Kilimanjaro",
        "ward": "Mamba Kusini"
      },
      "geometry": {
        "type": "Point",
        "coordinates": [
          37.5337933,
          -3.2923248
        ]
      },
      "id": "node/8019687329"
    },
    {
      "type": "Feature",
      "properties": {
        "@id": "node/8019687330",
        "country": "TZ",
        "district": "Moshi Rural",
        "name": "Kilema Chini",
        "place": "village",
        "region": "Kilimanjaro",
        "ward": "Kilema Kusini"
      },
      "geometry": {
        "type": "Point",
        "coordinates": [
          37.513662,
          -3.3272666
        ]
      },
      "id": "node/8019687330"
    },
    {
      "type": "Feature",
      "properties": {
        "@id": "node/8019687331",
        "country": "TZ",
        "district": "Moshi Rural",
        "name": "Singa",
        "place": "village",
        "region": "Kilimanjaro",
        "ward": "Kibosho Mashariki"
      },
      "geometry": {
        "type": "Point",
        "coordinates": [
          37.3163639,
          -3.2384911
        ]
      },
      "id": "node/8019687331"
    },
    {
      "type": "Feature",
      "properties": {
        "@id": "node/8019687332",
        "country": "TZ",
        "district": "Moshi Rural",
        "name": "Matala",
        "place": "village",
        "region": "Kilimanjaro",
        "ward": "Mwika Kusini"
      },
      "geometry": {
        "type": "Point",
        "coordinates": [
          37.5597896,
          -3.3348283
        ]
      },
      "id": "node/8019687332"
    },
    {
      "type": "Feature",
      "properties": {
        "@id": "node/8019687334",
        "country": "TZ",
        "district": "Moshi Rural",
        "name": "Uparo",
        "place": "village",
        "region": "Kilimanjaro",
        "ward": "KiruaVunjo Kusini"
      },
      "geometry": {
        "type": "Point",
        "coordinates": [
          37.4629883,
          -3.350553
        ]
      },
      "id": "node/8019687334"
    },
    {
      "type": "Feature",
      "properties": {
        "@id": "node/8019687335",
        "country": "TZ",
        "district": "Moshi Rural",
        "name": "Manushi Ndoo",
        "place": "village",
        "region": "Kilimanjaro",
        "ward": "Kibosho Magharibi"
      },
      "geometry": {
        "type": "Point",
        "coordinates": [
          37.266773,
          -3.2552567
        ]
      },
      "id": "node/8019687335"
    },
    {
      "type": "Feature",
      "properties": {
        "@id": "node/8019687336",
        "country": "TZ",
        "district": "Moshi Rural",
        "name": "Kifuni",
        "place": "village",
        "region": "Kilimanjaro",
        "ward": "Kibosho Magharibi"
      },
      "geometry": {
        "type": "Point",
        "coordinates": [
          37.2740578,
          -3.1974873
        ]
      },
      "id": "node/8019687336"
    },
    {
      "type": "Feature",
      "properties": {
        "@id": "node/8019687337",
        "country": "TZ",
        "district": "Moshi Rural",
        "name": "Umbwe Onana",
        "place": "village",
        "region": "Kilimanjaro",
        "ward": "Kibosho Magharibi"
      },
      "geometry": {
        "type": "Point",
        "coordinates": [
          37.2796408,
          -3.2122694
        ]
      },
      "id": "node/8019687337"
    },
    {
      "type": "Feature",
      "properties": {
        "@id": "node/8019687338",
        "country": "TZ",
        "district": "Moshi Rural",
        "name": "Manu",
        "place": "village",
        "region": "Kilimanjaro",
        "ward": "KiruaVunjo Magharibi"
      },
      "geometry": {
        "type": "Point",
        "coordinates": [
          37.442884,
          -3.3143106
        ]
      },
      "id": "node/8019687338"
    },
    {
      "type": "Feature",
      "properties": {
        "@id": "node/8019687340",
        "country": "TZ",
        "district": "Moshi Rural",
        "name": "Rauya",
        "place": "village",
        "region": "Kilimanjaro",
        "ward": "Marangu Mashariki"
      },
      "geometry": {
        "type": "Point",
        "coordinates": [
          37.5332486,
          -3.3182792
        ]
      },
      "id": "node/8019687340"
    },
    {
      "type": "Feature",
      "properties": {
        "@id": "node/8019687341",
        "country": "TZ",
        "district": "Moshi Rural",
        "name": "Longuo 'A'",
        "place": "village",
        "region": "Kilimanjaro",
        "ward": "Uru Kusini"
      },
      "geometry": {
        "type": "Point",
        "coordinates": [
          37.3264716,
          -3.3020718
        ]
      },
      "id": "node/8019687341"
    },
    {
      "type": "Feature",
      "properties": {
        "@id": "node/8019687342",
        "country": "TZ",
        "district": "Moshi Rural",
        "name": "Iwa",
        "place": "village",
        "region": "Kilimanjaro",
        "ward": "KiruaVunjo Magharibi"
      },
      "geometry": {
        "type": "Point",
        "coordinates": [
          37.4678392,
          -3.3284198
        ]
      },
      "id": "node/8019687342"
    },
    {
      "type": "Feature",
      "properties": {
        "@id": "node/8019687343",
        "country": "TZ",
        "district": "Moshi Rural",
        "name": "Samanga",
        "place": "village",
        "region": "Kilimanjaro",
        "ward": "Marangu Mashariki"
      },
      "geometry": {
        "type": "Point",
        "coordinates": [
          37.5270046,
          -3.300235
        ]
      },
      "id": "node/8019687343"
    },
    {
      "type": "Feature",
      "properties": {
        "@id": "node/8019687344",
        "country": "TZ",
        "district": "Moshi Rural",
        "name": "Otaruni",
        "place": "village",
        "region": "Kilimanjaro",
        "ward": "Kibosho Kati"
      },
      "geometry": {
        "type": "Point",
        "coordinates": [
          37.3075131,
          -3.2275798
        ]
      },
      "id": "node/8019687344"
    },
    {
      "type": "Feature",
      "properties": {
        "@id": "node/8019687345",
        "country": "TZ",
        "district": "Moshi Rural",
        "name": "Kishumundu",
        "place": "village",
        "region": "Kilimanjaro",
        "ward": "Uru Mashariki"
      },
      "geometry": {
        "type": "Point",
        "coordinates": [
          37.3728578,
          -3.2789767
        ]
      },
      "id": "node/8019687345"
    },
    {
      "type": "Feature",
      "properties": {
        "@id": "node/8019687346",
        "country": "TZ",
        "district": "Moshi Rural",
        "name": "Ruwa",
        "place": "village",
        "region": "Kilimanjaro",
        "ward": "Kilema Kaskazini"
      },
      "geometry": {
        "type": "Point",
        "coordinates": [
          37.469208,
          -3.2650004
        ]
      },
      "id": "node/8019687346"
    },
    {
      "type": "Feature",
      "properties": {
        "@id": "node/8019687347",
        "country": "TZ",
        "district": "Moshi Rural",
        "name": "Lekura",
        "place": "village",
        "region": "Kilimanjaro",
        "ward": "Mamba Kusini"
      },
      "geometry": {
        "type": "Point",
        "coordinates": [
          37.5529944,
          -3.294199
        ]
      },
      "id": "node/8019687347"
    },
    {
      "type": "Feature",
      "properties": {
        "@id": "node/8019687348",
        "country": "TZ",
        "district": "Moshi Rural",
        "name": "Ngasinyi",
        "place": "village",
        "region": "Kilimanjaro",
        "ward": "Kahe"
      },
      "geometry": {
        "type": "Point",
        "coordinates": [
          37.4547464,
          -3.4854336
        ]
      },
      "id": "node/8019687348"
    },
    {
      "type": "Feature",
      "properties": {
        "@id": "node/8019687349",
        "country": "TZ",
        "district": "Moshi Rural",
        "name": "Kitowo",
        "place": "village",
        "region": "Kilimanjaro",
        "ward": "Marangu Magharibi"
      },
      "geometry": {
        "type": "Point",
        "coordinates": [
          37.4866727,
          -3.2591767
        ]
      },
      "id": "node/8019687349"
    },
    {
      "type": "Feature",
      "properties": {
        "@id": "node/8019687350",
        "country": "TZ",
        "district": "Moshi Rural",
        "name": "Msae Nganyeni",
        "place": "village",
        "region": "Kilimanjaro",
        "ward": "MwikaKaskazini"
      },
      "geometry": {
        "type": "Point",
        "coordinates": [
          37.5552216,
          -3.2770051
        ]
      },
      "id": "node/8019687350"
    },
    {
      "type": "Feature",
      "properties": {
        "@id": "node/8019687351",
        "country": "TZ",
        "district": "Moshi Rural",
        "name": "Kombo",
        "place": "village",
        "region": "Kilimanjaro",
        "ward": "Kibosho Magharibi"
      },
      "geometry": {
        "type": "Point",
        "coordinates": [
          37.2630802,
          -3.2309398
        ]
      },
      "id": "node/8019687351"
    },
    {
      "type": "Feature",
      "properties": {
        "@id": "node/8019687352",
        "country": "TZ",
        "district": "Moshi Rural",
        "name": "Mwangaria",
        "place": "village",
        "region": "Kilimanjaro",
        "ward": "Kahe"
      },
      "geometry": {
        "type": "Point",
        "coordinates": [
          37.4805372,
          -3.5221518
        ]
      },
      "id": "node/8019687352"
    },
    {
      "type": "Feature",
      "properties": {
        "@id": "node/8019687353",
        "country": "TZ",
        "district": "Moshi Rural",
        "name": "Kinyamvuo",
        "place": "village",
        "region": "Kilimanjaro",
        "ward": "MwikaKaskazini"
      },
      "geometry": {
        "type": "Point",
        "coordinates": [
          37.5567101,
          -3.2560367
        ]
      },
      "id": "node/8019687353"
    },
    {
      "type": "Feature",
      "properties": {
        "@id": "node/8019687355",
        "country": "TZ",
        "district": "Moshi Rural",
        "name": "Kochakindo",
        "place": "village",
        "region": "Kilimanjaro",
        "ward": "Kahe Mashariki"
      },
      "geometry": {
        "type": "Point",
        "coordinates": [
          37.5096182,
          -3.5244645
        ]
      },
      "id": "node/8019687355"
    },
    {
      "type": "Feature",
      "properties": {
        "@id": "node/8019687356",
        "country": "TZ",
        "district": "Moshi Rural",
        "name": "Kileuwo",
        "place": "village",
        "region": "Kilimanjaro",
        "ward": "KiruaVunjo Mashariki"
      },
      "geometry": {
        "type": "Point",
        "coordinates": [
          37.4837815,
          -3.3407091
        ]
      },
      "id": "node/8019687356"
    },
    {
      "type": "Feature",
      "properties": {
        "@id": "node/8019687357",
        "country": "TZ",
        "district": "Moshi Rural",
        "name": "Mrumeni",
        "place": "village",
        "region": "Kilimanjaro",
        "ward": "KiruaVunjo Mashariki"
      },
      "geometry": {
        "type": "Point",
        "coordinates": [
          37.4908871,
          -3.3349838
        ]
      },
      "id": "node/8019687357"
    },
    {
      "type": "Feature",
      "properties": {
        "@id": "node/8019687358",
        "country": "TZ",
        "district": "Moshi Rural",
        "name": "Mawanjeni",
        "place": "village",
        "region": "Kilimanjaro",
        "ward": "Mwika Kusini"
      },
      "geometry": {
        "type": "Point",
        "coordinates": [
          37.5814634,
          -3.3354347
        ]
      },
      "id": "node/8019687358"
    },
    {
      "type": "Feature",
      "properties": {
        "@id": "node/8019687359",
        "country": "TZ",
        "district": "Moshi Rural",
        "name": "Kiraracha",
        "place": "village",
        "region": "Kilimanjaro",
        "ward": "Marangu Magharibi"
      },
      "geometry": {
        "type": "Point",
        "coordinates": [
          37.4881662,
          -3.2723224
        ]
      },
      "id": "node/8019687359"
    },
    {
      "type": "Feature",
      "properties": {
        "@id": "node/8019687360",
        "country": "TZ",
        "district": "Moshi Rural",
        "name": "Mkomongo",
        "place": "village",
        "region": "Kilimanjaro",
        "ward": "Kibosho Magharibi",
        "wikidata": "Q22906984",
        "wikipedia": "en:Mkomongo"
      },
      "geometry": {
        "type": "Point",
        "coordinates": [
          37.2670712,
          -3.2166542
        ]
      },
      "id": "node/8019687360"
    },
    {
      "type": "Feature",
      "properties": {
        "@id": "node/8019687361",
        "country": "TZ",
        "district": "Moshi Rural",
        "name": "Kimaroroni",
        "place": "village",
        "region": "Kilimanjaro",
        "ward": "Kilema Kati"
      },
      "geometry": {
        "type": "Point",
        "coordinates": [
          37.4965371,
          -3.2917431
        ]
      },
      "id": "node/8019687361"
    },
    {
      "type": "Feature",
      "properties": {
        "@id": "node/8019687362",
        "country": "TZ",
        "district": "Moshi Rural",
        "name": "Uchira",
        "place": "village",
        "region": "Kilimanjaro",
        "ward": "KiruaVunjo Kusini"
      },
      "geometry": {
        "type": "Point",
        "coordinates": [
          37.4678521,
          -3.3877684
        ]
      },
      "id": "node/8019687362"
    },
    {
      "type": "Feature",
      "properties": {
        "@id": "node/8019687363",
        "country": "TZ",
        "district": "Moshi Rural",
        "name": "Mboni",
        "place": "village",
        "region": "Kilimanjaro",
        "ward": "Mamba Kaskazini"
      },
      "geometry": {
        "type": "Point",
        "coordinates": [
          37.5452441,
          -3.2602236
        ]
      },
      "id": "node/8019687363"
    },
    {
      "type": "Feature",
      "properties": {
        "@id": "node/8019687364",
        "country": "TZ",
        "district": "Moshi Rural",
        "name": "Kilototoni",
        "place": "village",
        "region": "Kilimanjaro",
        "ward": "Kilema Kusini"
      },
      "geometry": {
        "type": "Point",
        "coordinates": [
          37.5195102,
          -3.4141861
        ]
      },
      "id": "node/8019687364"
    },
    {
      "type": "Feature",
      "properties": {
        "@id": "node/8019687365",
        "country": "TZ",
        "district": "Moshi Rural",
        "name": "Uchiro",
        "place": "village",
        "region": "Kilimanjaro",
        "ward": "KiruaVunjo Kusini"
      },
      "geometry": {
        "type": "Point",
        "coordinates": [
          37.4602868,
          -3.4185301
        ]
      },
      "id": "node/8019687365"
    },
    {
      "type": "Feature",
      "properties": {
        "@id": "node/8019687366",
        "country": "TZ",
        "district": "Moshi Rural",
        "name": "Makami Juu",
        "place": "village",
        "region": "Kilimanjaro",
        "ward": "Kilema Kaskazini"
      },
      "geometry": {
        "type": "Point",
        "coordinates": [
          37.4744592,
          -3.2629998
        ]
      },
      "id": "node/8019687366"
    },
    {
      "type": "Feature",
      "properties": {
        "@id": "node/8019687367",
        "country": "TZ",
        "district": "Moshi Rural",
        "name": "Kirima Chini",
        "place": "village",
        "region": "Kilimanjaro",
        "ward": "Kirima"
      },
      "geometry": {
        "type": "Point",
        "coordinates": [
          37.303745,
          -3.246645
        ]
      },
      "id": "node/8019687367"
    },
    {
      "type": "Feature",
      "properties": {
        "@id": "node/8019687368",
        "country": "TZ",
        "district": "Moshi Rural",
        "name": "Rau",
        "place": "village",
        "region": "Kilimanjaro",
        "ward": "Uru Kusini",
        "wikidata": "Q13124742",
        "wikipedia": "en:Rau (Tanzanian ward)"
      },
      "geometry": {
        "type": "Point",
        "coordinates": [
          37.3454417,
          -3.3090581
        ]
      },
      "id": "node/8019687368"
    },
    {
      "type": "Feature",
      "properties": {
        "@id": "node/8019687369",
        "country": "TZ",
        "district": "Moshi Rural",
        "name": "Marawe Kyura",
        "place": "village",
        "region": "Kilimanjaro",
        "ward": "Kilema Kusini"
      },
      "geometry": {
        "type": "Point",
        "coordinates": [
          37.5093261,
          -3.3083837
        ]
      },
      "id": "node/8019687369"
    },
    {
      "type": "Feature",
      "properties": {
        "@id": "node/8019687370",
        "country": "TZ",
        "district": "Moshi Rural",
        "name": "Dakau",
        "place": "village",
        "region": "Kilimanjaro",
        "ward": "Okaoni"
      },
      "geometry": {
        "type": "Point",
        "coordinates": [
          37.2866927,
          -3.2322572
        ]
      },
      "id": "node/8019687370"
    },
    {
      "type": "Feature",
      "properties": {
        "@id": "node/8019687371",
        "country": "TZ",
        "district": "Moshi Rural",
        "name": "Riata",
        "place": "village",
        "region": "Kilimanjaro",
        "ward": "Makuyuni"
      },
      "geometry": {
        "type": "Point",
        "coordinates": [
          37.5814145,
          -3.3832929
        ]
      },
      "id": "node/8019687371"
    },
    {
      "type": "Feature",
      "properties": {
        "@id": "node/8019687373",
        "country": "TZ",
        "district": "Moshi Rural",
        "name": "Sango",
        "place": "village",
        "region": "Kilimanjaro",
        "ward": "Old Moshi Magharibi"
      },
      "geometry": {
        "type": "Point",
        "coordinates": [
          37.4061812,
          -3.3952014
        ]
      },
      "id": "node/8019687373"
    },
    {
      "type": "Feature",
      "properties": {
        "@id": "node/8019687374",
        "country": "TZ",
        "district": "Moshi Rural",
        "name": "Rau River, Kahe",
        "place": "village",
        "region": "Kilimanjaro",
        "ward": "Kahe"
      },
      "geometry": {
        "type": "Point",
        "coordinates": [
          37.3917069,
          -3.4274753
        ]
      },
      "id": "node/8019687374"
    },
    {
      "type": "Feature",
      "properties": {
        "@id": "node/8019687375",
        "country": "TZ",
        "district": "Moshi Rural",
        "name": "Korini Kati",
        "place": "village",
        "region": "Kilimanjaro",
        "ward": "Mbokomu"
      },
      "geometry": {
        "type": "Point",
        "coordinates": [
          37.392018,
          -3.2873
        ]
      },
      "id": "node/8019687375"
    },
    {
      "type": "Feature",
      "properties": {
        "@id": "node/8019687376",
        "country": "TZ",
        "district": "Moshi Rural",
        "name": "Sango",
        "place": "village",
        "region": "Kilimanjaro",
        "ward": "Kimochi"
      },
      "geometry": {
        "type": "Point",
        "coordinates": [
          37.4222096,
          -3.3308087
        ]
      },
      "id": "node/8019687376"
    },
    {
      "type": "Feature",
      "properties": {
        "@id": "node/8019687377",
        "country": "TZ",
        "district": "Moshi Rural",
        "name": "Kotela",
        "place": "village",
        "region": "Kilimanjaro",
        "ward": "Mamba Kaskazini"
      },
      "geometry": {
        "type": "Point",
        "coordinates": [
          37.5366905,
          -3.2797813
        ]
      },
      "id": "node/8019687377"
    },
    {
      "type": "Feature",
      "properties": {
        "@id": "node/8019687378",
        "country": "TZ",
        "district": "Moshi Rural",
        "name": "Korini Chini",
        "place": "village",
        "region": "Kilimanjaro",
        "ward": "Mbokomu"
      },
      "geometry": {
        "type": "Point",
        "coordinates": [
          37.3663873,
          -3.316887
        ]
      },
      "id": "node/8019687378"
    },
    {
      "type": "Feature",
      "properties": {
        "@id": "node/8019687379",
        "country": "TZ",
        "district": "Moshi Rural",
        "name": "Nganjoni",
        "place": "village",
        "region": "Kilimanjaro",
        "ward": "KiruaVunjo Mashariki"
      },
      "geometry": {
        "type": "Point",
        "coordinates": [
          37.5043771,
          -3.3549163
        ]
      },
      "id": "node/8019687379"
    },
    {
      "type": "Feature",
      "properties": {
        "@id": "node/8019687381",
        "country": "TZ",
        "district": "Moshi Rural",
        "name": "Boro",
        "place": "village",
        "region": "Kilimanjaro",
        "ward": "Kirima"
      },
      "geometry": {
        "type": "Point",
        "coordinates": [
          37.2999375,
          -3.2947588
        ]
      },
      "id": "node/8019687381"
    },
    {
      "type": "Feature",
      "properties": {
        "@id": "node/8019687382",
        "country": "TZ",
        "district": "Moshi Rural",
        "name": "Mruwia",
        "place": "village",
        "region": "Kilimanjaro",
        "ward": "Uru Mashariki"
      },
      "geometry": {
        "type": "Point",
        "coordinates": [
          37.3891607,
          -3.2643121
        ]
      },
      "id": "node/8019687382"
    },
    {
      "type": "Feature",
      "properties": {
        "@id": "node/8019687383",
        "country": "TZ",
        "district": "Moshi Rural",
        "name": "Kncu",
        "place": "village",
        "region": "Kilimanjaro",
        "ward": "Kirima"
      },
      "geometry": {
        "type": "Point",
        "coordinates": [
          37.306113,
          -3.28989
        ]
      },
      "id": "node/8019687383"
    },
    {
      "type": "Feature",
      "properties": {
        "@id": "node/8019687384",
        "country": "TZ",
        "district": "Moshi Rural",
        "name": "Mloe",
        "place": "village",
        "region": "Kilimanjaro",
        "ward": "Okaoni"
      },
      "geometry": {
        "type": "Point",
        "coordinates": [
          37.2912264,
          -3.2336674
        ]
      },
      "id": "node/8019687384"
    },
    {
      "type": "Feature",
      "properties": {
        "@id": "node/8019687386",
        "country": "TZ",
        "district": "Moshi Rural",
        "name": "Mowo",
        "place": "village",
        "region": "Kilimanjaro",
        "ward": "Kimochi"
      },
      "geometry": {
        "type": "Point",
        "coordinates": [
          37.4312338,
          -3.2967482
        ]
      },
      "id": "node/8019687386"
    },
    {
      "type": "Feature",
      "properties": {
        "@id": "node/8019687387",
        "country": "TZ",
        "district": "Moshi Rural",
        "name": "Kiria",
        "place": "village",
        "region": "Kilimanjaro",
        "ward": "Mamba Kusini"
      },
      "geometry": {
        "type": "Point",
        "coordinates": [
          37.5442921,
          -3.3108161
        ]
      },
      "id": "node/8019687387"
    },
    {
      "type": "Feature",
      "properties": {
        "@id": "node/8019687388",
        "country": "TZ",
        "district": "Moshi Rural",
        "name": "Uru Shimbwe Chini",
        "place": "village",
        "region": "Kilimanjaro",
        "ward": "Uru Shimbwe"
      },
      "geometry": {
        "type": "Point",
        "coordinates": [
          37.3677097,
          -3.2603076
        ]
      },
      "id": "node/8019687388"
    },
    {
      "type": "Feature",
      "properties": {
        "@id": "node/8019687389",
        "country": "TZ",
        "district": "Moshi Rural",
        "name": "Miono",
        "place": "village",
        "region": "Kilimanjaro",
        "ward": "Kibosho Magharibi"
      },
      "geometry": {
        "type": "Point",
        "coordinates": [
          37.2594371,
          -3.2718617
        ]
      },
      "id": "node/8019687389"
    },
    {
      "type": "Feature",
      "properties": {
        "@id": "node/8019687390",
        "country": "TZ",
        "district": "Moshi Rural",
        "name": "Kilemahini",
        "place": "village",
        "region": "Kilimanjaro",
        "ward": "Kilema Kusini"
      },
      "geometry": {
        "type": "Point",
        "coordinates": [
          37.5080614,
          -3.3211124
        ]
      },
      "id": "node/8019687390"
    },
    {
      "type": "Feature",
      "properties": {
        "@id": "node/8019687391",
        "country": "TZ",
        "district": "Moshi Rural",
        "name": "Smbarai",
        "place": "village",
        "region": "Kilimanjaro",
        "ward": "Kindi"
      },
      "geometry": {
        "type": "Point",
        "coordinates": [
          37.2965274,
          -3.310191
        ]
      },
      "id": "node/8019687391"
    },
    {
      "type": "Feature",
      "properties": {
        "@id": "node/8019687392",
        "country": "TZ",
        "district": "Moshi Rural",
        "name": "Mahoma",
        "place": "village",
        "region": "Kilimanjaro",
        "ward": "Old Moshi Mashariki"
      },
      "geometry": {
        "type": "Point",
        "coordinates": [
          37.398383,
          -3.3094144
        ]
      },
      "id": "node/8019687392"
    },
    {
      "type": "Feature",
      "properties": {
        "@id": "node/8019687393",
        "country": "TZ",
        "district": "Moshi Rural",
        "name": "Kilemapofo",
        "place": "village",
        "region": "Kilimanjaro",
        "ward": "Kilema Kusini"
      },
      "geometry": {
        "type": "Point",
        "coordinates": [
          37.5348391,
          -3.3815876
        ]
      },
      "id": "node/8019687393"
    },
    {
      "type": "Feature",
      "properties": {
        "@id": "node/8019687394",
        "country": "TZ",
        "district": "Moshi Rural",
        "name": "Tella",
        "place": "village",
        "region": "Kilimanjaro",
        "ward": "Old Moshi Magharibi"
      },
      "geometry": {
        "type": "Point",
        "coordinates": [
          37.4011791,
          -3.2959796
        ]
      },
      "id": "node/8019687394"
    },
    {
      "type": "Feature",
      "properties": {
        "@id": "node/8019687395",
        "country": "TZ",
        "district": "Moshi Rural",
        "name": "Makami Chini",
        "place": "village",
        "region": "Kilimanjaro",
        "ward": "Kilema Kaskazini"
      },
      "geometry": {
        "type": "Point",
        "coordinates": [
          37.4842808,
          -3.2772708
        ]
      },
      "id": "node/8019687395"
    },
    {
      "type": "Feature",
      "properties": {
        "@id": "node/8019687396",
        "country": "TZ",
        "district": "Moshi Rural",
        "name": "Kanji",
        "place": "village",
        "region": "Kilimanjaro",
        "ward": "KiruaVunjo Magharibi"
      },
      "geometry": {
        "type": "Point",
        "coordinates": [
          37.4692674,
          -3.2978596
        ]
      },
      "id": "node/8019687396"
    },
    {
      "type": "Feature",
      "properties": {
        "@id": "node/8019687397",
        "country": "TZ",
        "district": "Moshi Rural",
        "name": "Ongoma",
        "place": "village",
        "region": "Kilimanjaro",
        "ward": "Uru Kaskazini"
      },
      "geometry": {
        "type": "Point",
        "coordinates": [
          37.3483222,
          -3.2599727
        ]
      },
      "id": "node/8019687397"
    },
    {
      "type": "Feature",
      "properties": {
        "@id": "node/8019687398",
        "country": "TZ",
        "district": "Moshi Rural",
        "name": "Maring'A",
        "place": "village",
        "region": "Kilimanjaro",
        "ward": "MwikaKaskazini"
      },
      "geometry": {
        "type": "Point",
        "coordinates": [
          37.5797607,
          -3.265069
        ]
      },
      "id": "node/8019687398"
    },
    {
      "type": "Feature",
      "properties": {
        "@id": "node/8019687399",
        "country": "TZ",
        "district": "Moshi Rural",
        "name": "Chekereni",
        "place": "village",
        "region": "Kilimanjaro",
        "ward": "Mabogini"
      },
      "geometry": {
        "type": "Point",
        "coordinates": [
          37.4006495,
          -3.4481399
        ]
      },
      "id": "node/8019687399"
    },
    {
      "type": "Feature",
      "properties": {
        "@id": "node/8019687400",
        "country": "TZ",
        "district": "Moshi Rural",
        "name": "Uri",
        "place": "village",
        "region": "Kilimanjaro",
        "ward": "Kibosho Kati"
      },
      "geometry": {
        "type": "Point",
        "coordinates": [
          37.3063604,
          -3.210145
        ]
      },
      "id": "node/8019687400"
    },
    {
      "type": "Feature",
      "properties": {
        "@id": "node/8019687401",
        "country": "TZ",
        "district": "Moshi Rural",
        "name": "Mabungo",
        "place": "village",
        "region": "Kilimanjaro",
        "ward": "KiruaVunjo Kusini"
      },
      "geometry": {
        "type": "Point",
        "coordinates": [
          37.5041017,
          -3.3955719
        ]
      },
      "id": "node/8019687401"
    },
    {
      "type": "Feature",
      "properties": {
        "@id": "node/8019687403",
        "country": "TZ",
        "district": "Moshi Rural",
        "name": "Omarini",
        "place": "village",
        "region": "Kilimanjaro",
        "ward": "Okaoni"
      },
      "geometry": {
        "type": "Point",
        "coordinates": [
          37.2977285,
          -3.2158549
        ]
      },
      "id": "node/8019687403"
    },
    {
      "type": "Feature",
      "properties": {
        "@id": "node/8019687404",
        "country": "TZ",
        "district": "Moshi Rural",
        "name": "Lole",
        "place": "village",
        "region": "Kilimanjaro",
        "ward": "MwikaKaskazini"
      },
      "geometry": {
        "type": "Point",
        "coordinates": [
          37.569456,
          -3.2618916
        ]
      },
      "id": "node/8019687404"
    },
    {
      "type": "Feature",
      "properties": {
        "@id": "node/8019687405",
        "country": "TZ",
        "district": "Moshi Rural",
        "name": "Korini Juu",
        "place": "village",
        "region": "Kilimanjaro",
        "ward": "Mbokomu"
      },
      "geometry": {
        "type": "Point",
        "coordinates": [
          37.3904419,
          -3.2851096
        ]
      },
      "id": "node/8019687405"
    },
    {
      "type": "Feature",
      "properties": {
        "@id": "node/8019687407",
        "country": "TZ",
        "district": "Moshi Rural",
        "name": "Kitandu",
        "place": "village",
        "region": "Kilimanjaro",
        "ward": "Uru Kusini"
      },
      "geometry": {
        "type": "Point",
        "coordinates": [
          37.3353115,
          -3.2754956
        ]
      },
      "id": "node/8019687407"
    },
    {
      "type": "Feature",
      "properties": {
        "@id": "node/8019687408",
        "country": "TZ",
        "district": "Moshi Rural",
        "name": "Ngirini",
        "place": "village",
        "region": "Kilimanjaro",
        "ward": "Kirima"
      },
      "geometry": {
        "type": "Point",
        "coordinates": [
          37.300585,
          -3.277566
        ]
      },
      "id": "node/8019687408"
    },
    {
      "type": "Feature",
      "properties": {
        "@id": "node/8019687409",
        "country": "TZ",
        "district": "Moshi Rural",
        "name": "Kyala",
        "place": "village",
        "region": "Kilimanjaro",
        "ward": "Marangu Magharibi"
      },
      "geometry": {
        "type": "Point",
        "coordinates": [
          37.498869,
          -3.2843397
        ]
      },
      "id": "node/8019687409"
    },
    {
      "type": "Feature",
      "properties": {
        "@id": "node/8019687410",
        "country": "TZ",
        "district": "Moshi Rural",
        "name": "Nduoni",
        "place": "village",
        "region": "Kilimanjaro",
        "ward": "KiruaVunjo Magharibi"
      },
      "geometry": {
        "type": "Point",
        "coordinates": [
          37.4583204,
          -3.3019995
        ]
      },
      "id": "node/8019687410"
    },
    {
      "type": "Feature",
      "properties": {
        "@id": "node/8019687411",
        "country": "TZ",
        "district": "Moshi Rural",
        "name": "Leghomulo",
        "place": "village",
        "region": "Kilimanjaro",
        "ward": "Kilema Kusini"
      },
      "geometry": {
        "type": "Point",
        "coordinates": [
          37.4962595,
          -3.3226354
        ]
      },
      "id": "node/8019687411"
    },
    {
      "type": "Feature",
      "properties": {
        "@id": "node/8019687413",
        "country": "TZ",
        "district": "Moshi Rural",
        "name": "Mkomilo",
        "place": "village",
        "region": "Kilimanjaro",
        "ward": "Okaoni"
      },
      "geometry": {
        "type": "Point",
        "coordinates": [
          37.2878243,
          -3.1987618
        ]
      },
      "id": "node/8019687413"
    },
    {
      "type": "Feature",
      "properties": {
        "@id": "node/8019687414",
        "country": "TZ",
        "district": "Moshi Rural",
        "name": "Kirueni",
        "place": "village",
        "region": "Kilimanjaro",
        "ward": "Mwika Kusini"
      },
      "geometry": {
        "type": "Point",
        "coordinates": [
          37.591472,
          -3.3077308
        ]
      },
      "id": "node/8019687414"
    },
    {
      "type": "Feature",
      "properties": {
        "@id": "node/8019687415",
        "country": "TZ",
        "district": "Moshi Rural",
        "name": "Kirima",
        "place": "village",
        "region": "Kilimanjaro",
        "ward": "Kirima"
      },
      "geometry": {
        "type": "Point",
        "coordinates": [
          37.308317,
          -3.2577425
        ]
      },
      "id": "node/8019687415"
    },
    {
      "type": "Feature",
      "properties": {
        "@id": "node/8019687416",
        "country": "TZ",
        "district": "Moshi Rural",
        "name": "Tsuduni",
        "place": "village",
        "region": "Kilimanjaro",
        "ward": "Old Moshi Mashariki"
      },
      "geometry": {
        "type": "Point",
        "coordinates": [
          37.403962,
          -3.3102886
        ]
      },
      "id": "node/8019687416"
    },
    {
      "type": "Feature",
      "properties": {
        "@id": "node/8019687418",
        "country": "TZ",
        "district": "Moshi Rural",
        "name": "Kilemachini",
        "place": "village",
        "region": "Kilimanjaro",
        "ward": "Kilema Kusini"
      },
      "geometry": {
        "type": "Point",
        "coordinates": [
          37.5228738,
          -3.3429354
        ]
      },
      "id": "node/8019687418"
    },
    {
      "type": "Feature",
      "properties": {
        "@id": "node/8019687419",
        "country": "TZ",
        "district": "Moshi Rural",
        "name": "Mande",
        "place": "village",
        "region": "Kilimanjaro",
        "ward": "Old Moshi Magharibi"
      },
      "geometry": {
        "type": "Point",
        "coordinates": [
          37.3873118,
          -3.3080855
        ]
      },
      "id": "node/8019687419"
    },
    {
      "type": "Feature",
      "properties": {
        "@id": "node/8019687420",
        "country": "TZ",
        "district": "Moshi Rural",
        "name": "Kirima Juu",
        "place": "village",
        "region": "Kilimanjaro",
        "ward": "Kirima"
      },
      "geometry": {
        "type": "Point",
        "coordinates": [
          37.3073064,
          -3.2507981
        ]
      },
      "id": "node/8019687420"
    },
    {
      "type": "Feature",
      "properties": {
        "@id": "node/8371217413",
        "name": "Ol Oibor Soit",
        "place": "village"
      },
      "geometry": {
        "type": "Point",
        "coordinates": [
          37.7765643,
          -3.1697721
        ]
      },
      "id": "node/8371217413"
    },
    {
      "type": "Feature",
      "properties": {
        "@id": "node/8371217414",
        "name": "Matepes",
        "place": "village"
      },
      "geometry": {
        "type": "Point",
        "coordinates": [
          37.7245293,
          -3.0961924
        ]
      },
      "id": "node/8371217414"
    },
    {
      "type": "Feature",
      "properties": {
        "@id": "node/8988367511",
        "name": "Kwa Kiyai",
        "place": "village"
      },
      "geometry": {
        "type": "Point",
        "coordinates": [
          38.0005597,
          -2.3866472
        ]
      },
      "id": "node/8988367511"
    },
    {
      "type": "Feature",
      "properties": {
        "@id": "node/9107682566",
        "name": "Mwakeny, Ngarenanyuki",
        "place": "village"
      },
      "geometry": {
        "type": "Point",
        "coordinates": [
          36.8457915,
          -3.1890359
        ]
      },
      "id": "node/9107682566"
    },
    {
      "type": "Feature",
      "properties": {
        "@id": "node/9260157185",
        "name": "Shirimatunda",
        "place": "village"
      },
      "geometry": {
        "type": "Point",
        "coordinates": [
          37.31006,
          -3.37001
        ]
      },
      "id": "node/9260157185"
    },
    {
      "type": "Feature",
      "properties": {
        "@id": "node/9260157186",
        "name": "Kaloleni",
        "place": "village"
      },
      "geometry": {
        "type": "Point",
        "coordinates": [
          37.3481438,
          -3.3717082
        ]
      },
      "id": "node/9260157186"
    },
    {
      "type": "Feature",
      "properties": {
        "@id": "node/9260157187",
        "name": "Boma Mbuzi",
        "place": "village"
      },
      "geometry": {
        "type": "Point",
        "coordinates": [
          37.3405765,
          -3.3722417
        ]
      },
      "id": "node/9260157187"
    },
    {
      "type": "Feature",
      "properties": {
        "@id": "node/9260157188",
        "name": "Njoro",
        "place": "village"
      },
      "geometry": {
        "type": "Point",
        "coordinates": [
          37.3472089,
          -3.3563447
        ]
      },
      "id": "node/9260157188"
    },
    {
      "type": "Feature",
      "properties": {
        "@id": "node/9260293156",
        "name": "Miembeni",
        "place": "village"
      },
      "geometry": {
        "type": "Point",
        "coordinates": [
          37.3543818,
          -3.3502844
        ]
      },
      "id": "node/9260293156"
    },
    {
      "type": "Feature",
      "properties": {
        "@id": "node/9260293168",
        "name": "Bondeni",
        "place": "village"
      },
      "geometry": {
        "type": "Point",
        "coordinates": [
          37.3396578,
          -3.3574011
        ]
      },
      "id": "node/9260293168"
    },
    {
      "type": "Feature",
      "properties": {
        "@id": "node/9260293169",
        "name": "Kiusa",
        "place": "village"
      },
      "geometry": {
        "type": "Point",
        "coordinates": [
          37.3338473,
          -3.3514832
        ]
      },
      "id": "node/9260293169"
    },
    {
      "type": "Feature",
      "properties": {
        "@id": "node/9260293170",
        "name": "Korongoni",
        "place": "village"
      },
      "geometry": {
        "type": "Point",
        "coordinates": [
          37.3253917,
          -3.3689011
        ]
      },
      "id": "node/9260293170"
    },
    {
      "type": "Feature",
      "properties": {
        "@id": "node/9260293171",
        "name": "Karanga",
        "place": "village",
        "wikidata": "Q28458155",
        "wikipedia": "en:Karanga (Moshi Urban Ward)"
      },
      "geometry": {
        "type": "Point",
        "coordinates": [
          37.3032857,
          -3.3436995
        ]
      },
      "id": "node/9260293171"
    },
    {
      "type": "Feature",
      "properties": {
        "@id": "node/9260293172",
        "name": "Kilimanjaro",
        "place": "village"
      },
      "geometry": {
        "type": "Point",
        "coordinates": [
          37.3267921,
          -3.3376921
        ]
      },
      "id": "node/9260293172"
    },
    {
      "type": "Feature",
      "properties": {
        "@id": "node/9260293173",
        "place": "village"
      },
      "geometry": {
        "type": "Point",
        "coordinates": [
          37.3218048,
          -3.3203149
        ]
      },
      "id": "node/9260293173"
    },
    {
      "type": "Feature",
      "properties": {
        "@id": "node/9260293176",
        "name": "Mawenzi",
        "place": "village"
      },
      "geometry": {
        "type": "Point",
        "coordinates": [
          37.3427344,
          -3.3489229
        ]
      },
      "id": "node/9260293176"
    },
    {
      "type": "Feature",
      "properties": {
        "@id": "node/9260293177",
        "name": "Majengo",
        "place": "village"
      },
      "geometry": {
        "type": "Point",
        "coordinates": [
          37.3535062,
          -3.3429806
        ]
      },
      "id": "node/9260293177"
    },
    {
      "type": "Feature",
      "properties": {
        "@id": "node/9260293178",
        "name": "Mji Mpya",
        "place": "village"
      },
      "geometry": {
        "type": "Point",
        "coordinates": [
          37.3614808,
          -3.3499321
        ]
      },
      "id": "node/9260293178"
    },
    {
      "type": "Feature",
      "properties": {
        "@id": "node/9394141731",
        "name": "Karangai",
        "place": "hamlet"
      },
      "geometry": {
        "type": "Point",
        "coordinates": [
          36.8835846,
          -3.5229404
        ]
      },
      "id": "node/9394141731"
    },
    {
      "type": "Feature",
      "properties": {
        "@id": "node/10735895602",
        "name": "Makuyuni",
        "place": "hamlet"
      },
      "geometry": {
        "type": "Point",
        "coordinates": [
          37.7329648,
          -3.5800908
        ]
      },
      "id": "node/10735895602"
    },
    {
      "type": "Feature",
      "properties": {
        "@id": "node/10735930774",
        "name": "Ubungu",
        "place": "hamlet"
      },
      "geometry": {
        "type": "Point",
        "coordinates": [
          37.7321683,
          -3.5674263
        ]
      },
      "id": "node/10735930774"
    },
    {
      "type": "Feature",
      "properties": {
        "@id": "node/11768551490",
        "name": "Olanti",
        "place": "hamlet"
      },
      "geometry": {
        "type": "Point",
        "coordinates": [
          37.4951845,
          -2.3975168
        ]
      },
      "id": "node/11768551490"
    },
    {
      "type": "Feature",
      "properties": {
        "@id": "node/12119837026",
        "name": "Matadi",
        "place": "hamlet"
      },
      "geometry": {
        "type": "Point",
        "coordinates": [
          37.0625098,
          -3.0179289
        ]
      },
      "id": "node/12119837026"
    },
    {
      "type": "Feature",
      "properties": {
        "@id": "node/12632660555",
        "name": "Sinya",
        "place": "hamlet"
      },
      "geometry": {
        "type": "Point",
        "coordinates": [
          36.9545595,
          -2.7800195
        ]
      },
      "id": "node/12632660555"
    },
    {
      "type": "Feature",
      "properties": {
        "@id": "node/12870829376",
        "name": "Loolaker",
        "place": "hamlet"
      },
      "geometry": {
        "type": "Point",
        "coordinates": [
          37.0940849,
          -2.3828738
        ]
      },
      "id": "node/12870829376"
    },
    {
      "type": "Feature",
      "properties": {
        "@id": "node/12870829377",
        "name": "Oloilalei",
        "place": "hamlet"
      },
      "geometry": {
        "type": "Point",
        "coordinates": [
          37.1270557,
          -2.372579
        ]
      },
      "id": "node/12870829377"
    },
    {
      "type": "Feature",
      "properties": {
        "@id": "node/12901989033",
        "name": "Kalesirua",
        "place": "hamlet"
      },
      "geometry": {
        "type": "Point",
        "coordinates": [
          37.5172113,
          -2.6940704
        ]
      },
      "id": "node/12901989033"
    },
    {
      "type": "Feature",
      "properties": {
        "@id": "node/12989449513",
        "name": "Risa",
        "place": "hamlet"
      },
      "geometry": {
        "type": "Point",
        "coordinates": [
          37.3747975,
          -2.5877854
        ]
      },
      "id": "node/12989449513"
    },
    {
      "type": "Feature",
      "properties": {
        "@id": "node/12989449657",
        "name": "Nchakita",
        "place": "hamlet"
      },
      "geometry": {
        "type": "Point",
        "coordinates": [
          37.3531693,
          -2.5763266
        ]
      },
      "id": "node/12989449657"
    },
    {
      "type": "Feature",
      "properties": {
        "@id": "node/12989449682",
        "name": "Enkaji Naibor",
        "place": "hamlet"
      },
      "geometry": {
        "type": "Point",
        "coordinates": [
          37.5688858,
          -2.6988245
        ]
      },
      "id": "node/12989449682"
    },
    {
      "type": "Feature",
      "properties": {
        "@id": "node/12989449694",
        "name": "Shilishili",
        "place": "hamlet"
      },
      "geometry": {
        "type": "Point",
        "coordinates": [
          37.5512532,
          -2.6284422
        ]
      },
      "id": "node/12989449694"
    },
    {
      "type": "Feature",
      "properties": {
        "@id": "node/12989449695",
        "name": "Inkoisuk",
        "place": "hamlet"
      },
      "geometry": {
        "type": "Point",
        "coordinates": [
          37.5146346,
          -2.4730012
        ]
      },
      "id": "node/12989449695"
    },
    {
      "type": "Feature",
      "properties": {
        "@id": "node/12989449999",
        "name": "Shokut",
        "place": "hamlet"
      },
      "geometry": {
        "type": "Point",
        "coordinates": [
          37.6369881,
          -2.8905894
        ]
      },
      "id": "node/12989449999"
    },
    {
      "type": "Feature",
      "properties": {
        "@id": "node/12989460342",
        "name": "Marlal",
        "place": "hamlet"
      },
      "geometry": {
        "type": "Point",
        "coordinates": [
          37.6693478,
          -2.9035837
        ]
      },
      "id": "node/12989460342"
    }
  ]
}